ISO-10303-21;
HEADER;
/* Generated by software containing ST-Developer
 * from STEP Tools, Inc. (www.steptools.com) 
 */

FILE_DESCRIPTION(
/* description */ (''),
/* implementation_level */ '2;1');

FILE_NAME(
/* name */ 'ModA_Top v37.step',
/* time_stamp */ '2025-09-21T20:52:41+08:00',
/* author */ (''),
/* organization */ (''),
/* preprocessor_version */ 'ST-DEVELOPER v20.1',
/* originating_system */ 'Autodesk Translation Framework v14.17.0.0',
/* authorisation */ '');

FILE_SCHEMA (('AUTOMOTIVE_DESIGN { 1 0 10303 214 3 1 1 }'));
ENDSEC;

DATA;
#10=MECHANICAL_DESIGN_GEOMETRIC_PRESENTATION_REPRESENTATION('',(#13),#2725);
#11=SHAPE_REPRESENTATION_RELATIONSHIP('SRR','None',#2732,#12);
#12=ADVANCED_BREP_SHAPE_REPRESENTATION('',(#14),#2724);
#13=STYLED_ITEM('',(#2742),#14);
#14=MANIFOLD_SOLID_BREP('\X2\5B9E4F53\X0\1',#1604);
#15=CONICAL_SURFACE('',#1658,8.5,0.785398163397449);
#16=CONICAL_SURFACE('',#1662,8.5,0.785398163397448);
#17=CONICAL_SURFACE('',#1666,8.50000011920929,0.785398163397449);
#18=CONICAL_SURFACE('',#1671,4.99999999999999,0.785398163397449);
#19=CONICAL_SURFACE('',#1674,4.99999999999999,0.785398163397449);
#20=CONICAL_SURFACE('',#1677,4.99999999999999,0.785398163397449);
#21=CONICAL_SURFACE('',#1680,4.99999999999999,0.785398163397449);
#22=FACE_BOUND('',#199,.T.);
#23=FACE_BOUND('',#202,.T.);
#24=FACE_BOUND('',#205,.T.);
#25=FACE_BOUND('',#208,.T.);
#26=FACE_BOUND('',#216,.T.);
#27=FACE_BOUND('',#217,.T.);
#28=FACE_BOUND('',#218,.T.);
#29=FACE_BOUND('',#219,.T.);
#30=FACE_BOUND('',#220,.T.);
#31=FACE_BOUND('',#221,.T.);
#32=FACE_BOUND('',#222,.T.);
#33=FACE_BOUND('',#223,.T.);
#34=FACE_BOUND('',#224,.T.);
#35=FACE_BOUND('',#249,.T.);
#36=FACE_BOUND('',#252,.T.);
#37=FACE_BOUND('',#255,.T.);
#38=FACE_BOUND('',#258,.T.);
#39=FACE_BOUND('',#261,.T.);
#40=FACE_BOUND('',#265,.T.);
#41=FACE_BOUND('',#267,.T.);
#42=FACE_BOUND('',#268,.T.);
#43=FACE_BOUND('',#269,.T.);
#44=FACE_BOUND('',#270,.T.);
#45=FACE_BOUND('',#271,.T.);
#46=FACE_BOUND('',#275,.T.);
#47=FACE_BOUND('',#280,.T.);
#48=FACE_BOUND('',#285,.T.);
#49=FACE_BOUND('',#308,.T.);
#50=FACE_BOUND('',#313,.T.);
#51=FACE_BOUND('',#315,.T.);
#52=FACE_BOUND('',#320,.T.);
#53=PLANE('',#1621);
#54=PLANE('',#1626);
#55=PLANE('',#1631);
#56=PLANE('',#1636);
#57=PLANE('',#1638);
#58=PLANE('',#1639);
#59=PLANE('',#1640);
#60=PLANE('',#1641);
#61=PLANE('',#1642);
#62=PLANE('',#1643);
#63=PLANE('',#1644);
#64=PLANE('',#1652);
#65=PLANE('',#1653);
#66=PLANE('',#1654);
#67=PLANE('',#1655);
#68=PLANE('',#1656);
#69=PLANE('',#1657);
#70=PLANE('',#1670);
#71=PLANE('',#1673);
#72=PLANE('',#1676);
#73=PLANE('',#1679);
#74=PLANE('',#1684);
#75=PLANE('',#1687);
#76=PLANE('',#1694);
#77=PLANE('',#1698);
#78=PLANE('',#1702);
#79=PLANE('',#1706);
#80=PLANE('',#1713);
#81=PLANE('',#1715);
#82=PLANE('',#1723);
#83=PLANE('',#1731);
#84=PLANE('',#1739);
#85=PLANE('',#1741);
#86=PLANE('',#1742);
#87=PLANE('',#1743);
#88=PLANE('',#1744);
#89=PLANE('',#1745);
#90=PLANE('',#1746);
#91=PLANE('',#1755);
#92=PLANE('',#1756);
#93=PLANE('',#1757);
#94=PLANE('',#1766);
#95=PLANE('',#1767);
#96=PLANE('',#1770);
#97=PLANE('',#1773);
#98=PLANE('',#1774);
#99=PLANE('',#1777);
#100=PLANE('',#1780);
#101=PLANE('',#1781);
#102=PLANE('',#1784);
#103=PLANE('',#1787);
#104=FACE_OUTER_BOUND('',#197,.T.);
#105=FACE_OUTER_BOUND('',#198,.T.);
#106=FACE_OUTER_BOUND('',#200,.T.);
#107=FACE_OUTER_BOUND('',#201,.T.);
#108=FACE_OUTER_BOUND('',#203,.T.);
#109=FACE_OUTER_BOUND('',#204,.T.);
#110=FACE_OUTER_BOUND('',#206,.T.);
#111=FACE_OUTER_BOUND('',#207,.T.);
#112=FACE_OUTER_BOUND('',#209,.T.);
#113=FACE_OUTER_BOUND('',#210,.T.);
#114=FACE_OUTER_BOUND('',#211,.T.);
#115=FACE_OUTER_BOUND('',#212,.T.);
#116=FACE_OUTER_BOUND('',#213,.T.);
#117=FACE_OUTER_BOUND('',#214,.T.);
#118=FACE_OUTER_BOUND('',#215,.T.);
#119=FACE_OUTER_BOUND('',#225,.T.);
#120=FACE_OUTER_BOUND('',#226,.T.);
#121=FACE_OUTER_BOUND('',#227,.T.);
#122=FACE_OUTER_BOUND('',#228,.T.);
#123=FACE_OUTER_BOUND('',#229,.T.);
#124=FACE_OUTER_BOUND('',#230,.T.);
#125=FACE_OUTER_BOUND('',#231,.T.);
#126=FACE_OUTER_BOUND('',#232,.T.);
#127=FACE_OUTER_BOUND('',#233,.T.);
#128=FACE_OUTER_BOUND('',#234,.T.);
#129=FACE_OUTER_BOUND('',#235,.T.);
#130=FACE_OUTER_BOUND('',#236,.T.);
#131=FACE_OUTER_BOUND('',#237,.T.);
#132=FACE_OUTER_BOUND('',#238,.T.);
#133=FACE_OUTER_BOUND('',#239,.T.);
#134=FACE_OUTER_BOUND('',#240,.T.);
#135=FACE_OUTER_BOUND('',#241,.T.);
#136=FACE_OUTER_BOUND('',#242,.T.);
#137=FACE_OUTER_BOUND('',#243,.T.);
#138=FACE_OUTER_BOUND('',#244,.T.);
#139=FACE_OUTER_BOUND('',#245,.T.);
#140=FACE_OUTER_BOUND('',#246,.T.);
#141=FACE_OUTER_BOUND('',#247,.T.);
#142=FACE_OUTER_BOUND('',#248,.T.);
#143=FACE_OUTER_BOUND('',#250,.T.);
#144=FACE_OUTER_BOUND('',#251,.T.);
#145=FACE_OUTER_BOUND('',#253,.T.);
#146=FACE_OUTER_BOUND('',#254,.T.);
#147=FACE_OUTER_BOUND('',#256,.T.);
#148=FACE_OUTER_BOUND('',#257,.T.);
#149=FACE_OUTER_BOUND('',#259,.T.);
#150=FACE_OUTER_BOUND('',#260,.T.);
#151=FACE_OUTER_BOUND('',#262,.T.);
#152=FACE_OUTER_BOUND('',#263,.T.);
#153=FACE_OUTER_BOUND('',#264,.T.);
#154=FACE_OUTER_BOUND('',#266,.T.);
#155=FACE_OUTER_BOUND('',#272,.T.);
#156=FACE_OUTER_BOUND('',#273,.T.);
#157=FACE_OUTER_BOUND('',#274,.T.);
#158=FACE_OUTER_BOUND('',#276,.T.);
#159=FACE_OUTER_BOUND('',#277,.T.);
#160=FACE_OUTER_BOUND('',#278,.T.);
#161=FACE_OUTER_BOUND('',#279,.T.);
#162=FACE_OUTER_BOUND('',#281,.T.);
#163=FACE_OUTER_BOUND('',#282,.T.);
#164=FACE_OUTER_BOUND('',#283,.T.);
#165=FACE_OUTER_BOUND('',#284,.T.);
#166=FACE_OUTER_BOUND('',#286,.T.);
#167=FACE_OUTER_BOUND('',#287,.T.);
#168=FACE_OUTER_BOUND('',#288,.T.);
#169=FACE_OUTER_BOUND('',#289,.T.);
#170=FACE_OUTER_BOUND('',#290,.T.);
#171=FACE_OUTER_BOUND('',#291,.T.);
#172=FACE_OUTER_BOUND('',#292,.T.);
#173=FACE_OUTER_BOUND('',#293,.T.);
#174=FACE_OUTER_BOUND('',#294,.T.);
#175=FACE_OUTER_BOUND('',#295,.T.);
#176=FACE_OUTER_BOUND('',#296,.T.);
#177=FACE_OUTER_BOUND('',#297,.T.);
#178=FACE_OUTER_BOUND('',#298,.T.);
#179=FACE_OUTER_BOUND('',#299,.T.);
#180=FACE_OUTER_BOUND('',#300,.T.);
#181=FACE_OUTER_BOUND('',#301,.T.);
#182=FACE_OUTER_BOUND('',#302,.T.);
#183=FACE_OUTER_BOUND('',#303,.T.);
#184=FACE_OUTER_BOUND('',#304,.T.);
#185=FACE_OUTER_BOUND('',#305,.T.);
#186=FACE_OUTER_BOUND('',#306,.T.);
#187=FACE_OUTER_BOUND('',#307,.T.);
#188=FACE_OUTER_BOUND('',#309,.T.);
#189=FACE_OUTER_BOUND('',#310,.T.);
#190=FACE_OUTER_BOUND('',#311,.T.);
#191=FACE_OUTER_BOUND('',#312,.T.);
#192=FACE_OUTER_BOUND('',#314,.T.);
#193=FACE_OUTER_BOUND('',#316,.T.);
#194=FACE_OUTER_BOUND('',#317,.T.);
#195=FACE_OUTER_BOUND('',#318,.T.);
#196=FACE_OUTER_BOUND('',#319,.T.);
#197=EDGE_LOOP('',(#1038,#1039,#1040,#1041));
#198=EDGE_LOOP('',(#1042));
#199=EDGE_LOOP('',(#1043));
#200=EDGE_LOOP('',(#1044,#1045,#1046,#1047));
#201=EDGE_LOOP('',(#1048));
#202=EDGE_LOOP('',(#1049));
#203=EDGE_LOOP('',(#1050,#1051,#1052,#1053));
#204=EDGE_LOOP('',(#1054));
#205=EDGE_LOOP('',(#1055));
#206=EDGE_LOOP('',(#1056,#1057,#1058,#1059));
#207=EDGE_LOOP('',(#1060));
#208=EDGE_LOOP('',(#1061));
#209=EDGE_LOOP('',(#1062,#1063,#1064,#1065));
#210=EDGE_LOOP('',(#1066,#1067,#1068,#1069));
#211=EDGE_LOOP('',(#1070,#1071,#1072,#1073));
#212=EDGE_LOOP('',(#1074,#1075,#1076,#1077));
#213=EDGE_LOOP('',(#1078,#1079,#1080,#1081));
#214=EDGE_LOOP('',(#1082,#1083,#1084,#1085));
#215=EDGE_LOOP('',(#1086,#1087,#1088,#1089,#1090,#1091,#1092,#1093));
#216=EDGE_LOOP('',(#1094));
#217=EDGE_LOOP('',(#1095));
#218=EDGE_LOOP('',(#1096));
#219=EDGE_LOOP('',(#1097));
#220=EDGE_LOOP('',(#1098,#1099,#1100,#1101));
#221=EDGE_LOOP('',(#1102));
#222=EDGE_LOOP('',(#1103));
#223=EDGE_LOOP('',(#1104));
#224=EDGE_LOOP('',(#1105,#1106,#1107,#1108));
#225=EDGE_LOOP('',(#1109,#1110,#1111,#1112));
#226=EDGE_LOOP('',(#1113,#1114,#1115,#1116));
#227=EDGE_LOOP('',(#1117,#1118,#1119,#1120));
#228=EDGE_LOOP('',(#1121,#1122,#1123,#1124));
#229=EDGE_LOOP('',(#1125,#1126,#1127,#1128));
#230=EDGE_LOOP('',(#1129,#1130,#1131,#1132));
#231=EDGE_LOOP('',(#1133,#1134,#1135,#1136));
#232=EDGE_LOOP('',(#1137,#1138,#1139,#1140));
#233=EDGE_LOOP('',(#1141,#1142,#1143,#1144));
#234=EDGE_LOOP('',(#1145,#1146,#1147,#1148));
#235=EDGE_LOOP('',(#1149,#1150,#1151,#1152));
#236=EDGE_LOOP('',(#1153,#1154,#1155,#1156));
#237=EDGE_LOOP('',(#1157,#1158,#1159,#1160));
#238=EDGE_LOOP('',(#1161,#1162,#1163,#1164));
#239=EDGE_LOOP('',(#1165,#1166,#1167,#1168));
#240=EDGE_LOOP('',(#1169,#1170,#1171,#1172));
#241=EDGE_LOOP('',(#1173,#1174,#1175,#1176));
#242=EDGE_LOOP('',(#1177,#1178,#1179,#1180));
#243=EDGE_LOOP('',(#1181,#1182,#1183,#1184));
#244=EDGE_LOOP('',(#1185,#1186,#1187,#1188));
#245=EDGE_LOOP('',(#1189,#1190,#1191,#1192));
#246=EDGE_LOOP('',(#1193,#1194,#1195,#1196));
#247=EDGE_LOOP('',(#1197,#1198,#1199,#1200));
#248=EDGE_LOOP('',(#1201,#1202,#1203,#1204));
#249=EDGE_LOOP('',(#1205,#1206,#1207,#1208,#1209,#1210,#1211,#1212));
#250=EDGE_LOOP('',(#1213,#1214,#1215,#1216));
#251=EDGE_LOOP('',(#1217));
#252=EDGE_LOOP('',(#1218));
#253=EDGE_LOOP('',(#1219,#1220,#1221,#1222));
#254=EDGE_LOOP('',(#1223));
#255=EDGE_LOOP('',(#1224));
#256=EDGE_LOOP('',(#1225,#1226,#1227,#1228));
#257=EDGE_LOOP('',(#1229));
#258=EDGE_LOOP('',(#1230));
#259=EDGE_LOOP('',(#1231,#1232,#1233,#1234));
#260=EDGE_LOOP('',(#1235));
#261=EDGE_LOOP('',(#1236));
#262=EDGE_LOOP('',(#1237,#1238,#1239,#1240));
#263=EDGE_LOOP('',(#1241,#1242,#1243,#1244));
#264=EDGE_LOOP('',(#1245,#1246));
#265=EDGE_LOOP('',(#1247));
#266=EDGE_LOOP('',(#1248,#1249,#1250,#1251,#1252,#1253,#1254,#1255));
#267=EDGE_LOOP('',(#1256,#1257,#1258,#1259));
#268=EDGE_LOOP('',(#1260));
#269=EDGE_LOOP('',(#1261,#1262,#1263,#1264));
#270=EDGE_LOOP('',(#1265));
#271=EDGE_LOOP('',(#1266));
#272=EDGE_LOOP('',(#1267,#1268,#1269,#1270));
#273=EDGE_LOOP('',(#1271,#1272,#1273,#1274));
#274=EDGE_LOOP('',(#1275,#1276));
#275=EDGE_LOOP('',(#1277));
#276=EDGE_LOOP('',(#1278,#1279,#1280,#1281));
#277=EDGE_LOOP('',(#1282,#1283,#1284,#1285));
#278=EDGE_LOOP('',(#1286,#1287,#1288,#1289));
#279=EDGE_LOOP('',(#1290,#1291));
#280=EDGE_LOOP('',(#1292));
#281=EDGE_LOOP('',(#1293,#1294,#1295,#1296));
#282=EDGE_LOOP('',(#1297,#1298,#1299,#1300));
#283=EDGE_LOOP('',(#1301,#1302,#1303,#1304));
#284=EDGE_LOOP('',(#1305,#1306));
#285=EDGE_LOOP('',(#1307));
#286=EDGE_LOOP('',(#1308,#1309,#1310,#1311));
#287=EDGE_LOOP('',(#1312,#1313,#1314,#1315));
#288=EDGE_LOOP('',(#1316,#1317,#1318,#1319));
#289=EDGE_LOOP('',(#1320,#1321,#1322,#1323));
#290=EDGE_LOOP('',(#1324,#1325,#1326,#1327));
#291=EDGE_LOOP('',(#1328,#1329,#1330,#1331));
#292=EDGE_LOOP('',(#1332,#1333,#1334,#1335));
#293=EDGE_LOOP('',(#1336,#1337,#1338,#1339));
#294=EDGE_LOOP('',(#1340,#1341,#1342,#1343));
#295=EDGE_LOOP('',(#1344,#1345,#1346,#1347));
#296=EDGE_LOOP('',(#1348,#1349,#1350,#1351));
#297=EDGE_LOOP('',(#1352,#1353,#1354,#1355));
#298=EDGE_LOOP('',(#1356,#1357,#1358,#1359));
#299=EDGE_LOOP('',(#1360,#1361,#1362,#1363));
#300=EDGE_LOOP('',(#1364,#1365,#1366,#1367));
#301=EDGE_LOOP('',(#1368,#1369,#1370,#1371));
#302=EDGE_LOOP('',(#1372,#1373,#1374,#1375));
#303=EDGE_LOOP('',(#1376,#1377,#1378,#1379));
#304=EDGE_LOOP('',(#1380,#1381,#1382,#1383));
#305=EDGE_LOOP('',(#1384,#1385,#1386,#1387));
#306=EDGE_LOOP('',(#1388,#1389,#1390,#1391,#1392,#1393));
#307=EDGE_LOOP('',(#1394,#1395,#1396,#1397,#1398,#1399));
#308=EDGE_LOOP('',(#1400,#1401,#1402,#1403,#1404,#1405,#1406,#1407));
#309=EDGE_LOOP('',(#1408,#1409,#1410,#1411));
#310=EDGE_LOOP('',(#1412,#1413,#1414,#1415,#1416,#1417));
#311=EDGE_LOOP('',(#1418,#1419,#1420,#1421));
#312=EDGE_LOOP('',(#1422,#1423,#1424,#1425,#1426,#1427));
#313=EDGE_LOOP('',(#1428,#1429,#1430,#1431,#1432,#1433,#1434,#1435));
#314=EDGE_LOOP('',(#1436,#1437,#1438,#1439));
#315=EDGE_LOOP('',(#1440,#1441,#1442,#1443,#1444,#1445,#1446,#1447));
#316=EDGE_LOOP('',(#1448,#1449,#1450,#1451));
#317=EDGE_LOOP('',(#1452,#1453,#1454,#1455));
#318=EDGE_LOOP('',(#1456,#1457,#1458,#1459));
#319=EDGE_LOOP('',(#1460,#1461,#1462,#1463,#1464,#1465,#1466,#1467));
#320=EDGE_LOOP('',(#1468,#1469,#1470,#1471,#1472,#1473,#1474,#1475));
#321=LINE('',#2277,#463);
#322=LINE('',#2286,#464);
#323=LINE('',#2295,#465);
#324=LINE('',#2304,#466);
#325=LINE('',#2312,#467);
#326=LINE('',#2314,#468);
#327=LINE('',#2316,#469);
#328=LINE('',#2317,#470);
#329=LINE('',#2320,#471);
#330=LINE('',#2322,#472);
#331=LINE('',#2323,#473);
#332=LINE('',#2326,#474);
#333=LINE('',#2328,#475);
#334=LINE('',#2329,#476);
#335=LINE('',#2331,#477);
#336=LINE('',#2332,#478);
#337=LINE('',#2335,#479);
#338=LINE('',#2337,#480);
#339=LINE('',#2338,#481);
#340=LINE('',#2341,#482);
#341=LINE('',#2342,#483);
#342=LINE('',#2346,#484);
#343=LINE('',#2350,#485);
#344=LINE('',#2354,#486);
#345=LINE('',#2358,#487);
#346=LINE('',#2362,#488);
#347=LINE('',#2364,#489);
#348=LINE('',#2366,#490);
#349=LINE('',#2367,#491);
#350=LINE('',#2376,#492);
#351=LINE('',#2378,#493);
#352=LINE('',#2379,#494);
#353=LINE('',#2382,#495);
#354=LINE('',#2383,#496);
#355=LINE('',#2386,#497);
#356=LINE('',#2387,#498);
#357=LINE('',#2389,#499);
#358=LINE('',#2392,#500);
#359=LINE('',#2394,#501);
#360=LINE('',#2395,#502);
#361=LINE('',#2398,#503);
#362=LINE('',#2399,#504);
#363=LINE('',#2402,#505);
#364=LINE('',#2406,#506);
#365=LINE('',#2410,#507);
#366=LINE('',#2414,#508);
#367=LINE('',#2418,#509);
#368=LINE('',#2422,#510);
#369=LINE('',#2426,#511);
#370=LINE('',#2428,#512);
#371=LINE('',#2429,#513);
#372=LINE('',#2432,#514);
#373=LINE('',#2436,#515);
#374=LINE('',#2437,#516);
#375=LINE('',#2440,#517);
#376=LINE('',#2444,#518);
#377=LINE('',#2445,#519);
#378=LINE('',#2448,#520);
#379=LINE('',#2452,#521);
#380=LINE('',#2453,#522);
#381=LINE('',#2458,#523);
#382=LINE('',#2461,#524);
#383=LINE('',#2464,#525);
#384=LINE('',#2465,#526);
#385=LINE('',#2468,#527);
#386=LINE('',#2472,#528);
#387=LINE('',#2473,#529);
#388=LINE('',#2476,#530);
#389=LINE('',#2480,#531);
#390=LINE('',#2484,#532);
#391=LINE('',#2488,#533);
#392=LINE('',#2492,#534);
#393=LINE('',#2499,#535);
#394=LINE('',#2506,#536);
#395=LINE('',#2513,#537);
#396=LINE('',#2521,#538);
#397=LINE('',#2525,#539);
#398=LINE('',#2530,#540);
#399=LINE('',#2535,#541);
#400=LINE('',#2539,#542);
#401=LINE('',#2543,#543);
#402=LINE('',#2546,#544);
#403=LINE('',#2548,#545);
#404=LINE('',#2549,#546);
#405=LINE('',#2551,#547);
#406=LINE('',#2552,#548);
#407=LINE('',#2555,#549);
#408=LINE('',#2557,#550);
#409=LINE('',#2562,#551);
#410=LINE('',#2567,#552);
#411=LINE('',#2570,#553);
#412=LINE('',#2573,#554);
#413=LINE('',#2575,#555);
#414=LINE('',#2580,#556);
#415=LINE('',#2585,#557);
#416=LINE('',#2588,#558);
#417=LINE('',#2591,#559);
#418=LINE('',#2594,#560);
#419=LINE('',#2598,#561);
#420=LINE('',#2602,#562);
#421=LINE('',#2605,#563);
#422=LINE('',#2610,#564);
#423=LINE('',#2612,#565);
#424=LINE('',#2614,#566);
#425=LINE('',#2615,#567);
#426=LINE('',#2619,#568);
#427=LINE('',#2620,#569);
#428=LINE('',#2621,#570);
#429=LINE('',#2626,#571);
#430=LINE('',#2631,#572);
#431=LINE('',#2637,#573);
#432=LINE('',#2640,#574);
#433=LINE('',#2642,#575);
#434=LINE('',#2643,#576);
#435=LINE('',#2646,#577);
#436=LINE('',#2647,#578);
#437=LINE('',#2650,#579);
#438=LINE('',#2652,#580);
#439=LINE('',#2653,#581);
#440=LINE('',#2658,#582);
#441=LINE('',#2663,#583);
#442=LINE('',#2669,#584);
#443=LINE('',#2671,#585);
#444=LINE('',#2672,#586);
#445=LINE('',#2675,#587);
#446=LINE('',#2676,#588);
#447=LINE('',#2680,#589);
#448=LINE('',#2683,#590);
#449=LINE('',#2684,#591);
#450=LINE('',#2688,#592);
#451=LINE('',#2691,#593);
#452=LINE('',#2692,#594);
#453=LINE('',#2695,#595);
#454=LINE('',#2699,#596);
#455=LINE('',#2700,#597);
#456=LINE('',#2703,#598);
#457=LINE('',#2706,#599);
#458=LINE('',#2709,#600);
#459=LINE('',#2710,#601);
#460=LINE('',#2714,#602);
#461=LINE('',#2717,#603);
#462=LINE('',#2718,#604);
#463=VECTOR('',#1794,2.3);
#464=VECTOR('',#1805,2.3);
#465=VECTOR('',#1816,2.3);
#466=VECTOR('',#1827,2.3);
#467=VECTOR('',#1836,10.);
#468=VECTOR('',#1837,10.);
#469=VECTOR('',#1838,10.);
#470=VECTOR('',#1839,10.);
#471=VECTOR('',#1842,10.);
#472=VECTOR('',#1843,10.);
#473=VECTOR('',#1844,10.);
#474=VECTOR('',#1847,10.);
#475=VECTOR('',#1848,10.);
#476=VECTOR('',#1849,10.);
#477=VECTOR('',#1852,10.);
#478=VECTOR('',#1853,10.);
#479=VECTOR('',#1856,10.);
#480=VECTOR('',#1857,10.);
#481=VECTOR('',#1858,10.);
#482=VECTOR('',#1861,10.);
#483=VECTOR('',#1862,10.);
#484=VECTOR('',#1865,10.);
#485=VECTOR('',#1868,10.);
#486=VECTOR('',#1871,10.);
#487=VECTOR('',#1874,10.);
#488=VECTOR('',#1877,10.);
#489=VECTOR('',#1878,10.);
#490=VECTOR('',#1879,10.);
#491=VECTOR('',#1880,10.);
#492=VECTOR('',#1889,10.);
#493=VECTOR('',#1890,10.);
#494=VECTOR('',#1891,10.);
#495=VECTOR('',#1894,10.);
#496=VECTOR('',#1895,10.);
#497=VECTOR('',#1898,10.);
#498=VECTOR('',#1899,10.);
#499=VECTOR('',#1902,10.);
#500=VECTOR('',#1905,10.);
#501=VECTOR('',#1906,10.);
#502=VECTOR('',#1907,10.);
#503=VECTOR('',#1910,10.);
#504=VECTOR('',#1911,10.);
#505=VECTOR('',#1914,8.5);
#506=VECTOR('',#1919,8.);
#507=VECTOR('',#1924,8.5);
#508=VECTOR('',#1929,8.);
#509=VECTOR('',#1934,8.50000011920929);
#510=VECTOR('',#1939,8.00000011920929);
#511=VECTOR('',#1944,10.);
#512=VECTOR('',#1945,10.);
#513=VECTOR('',#1946,10.);
#514=VECTOR('',#1949,10.);
#515=VECTOR('',#1954,10.);
#516=VECTOR('',#1955,10.);
#517=VECTOR('',#1958,10.);
#518=VECTOR('',#1963,10.);
#519=VECTOR('',#1964,10.);
#520=VECTOR('',#1967,10.);
#521=VECTOR('',#1972,10.);
#522=VECTOR('',#1973,10.);
#523=VECTOR('',#1980,10.);
#524=VECTOR('',#1983,10.);
#525=VECTOR('',#1986,10.);
#526=VECTOR('',#1987,10.);
#527=VECTOR('',#1990,10.);
#528=VECTOR('',#1995,10.);
#529=VECTOR('',#1996,10.);
#530=VECTOR('',#1997,10.);
#531=VECTOR('',#2000,10.);
#532=VECTOR('',#2003,10.);
#533=VECTOR('',#2006,10.);
#534=VECTOR('',#2011,1.65);
#535=VECTOR('',#2020,1.65);
#536=VECTOR('',#2029,1.65);
#537=VECTOR('',#2038,1.65);
#538=VECTOR('',#2047,10.);
#539=VECTOR('',#2050,10.);
#540=VECTOR('',#2057,1.25);
#541=VECTOR('',#2064,10.);
#542=VECTOR('',#2067,10.);
#543=VECTOR('',#2070,10.);
#544=VECTOR('',#2073,10.);
#545=VECTOR('',#2074,10.);
#546=VECTOR('',#2075,10.);
#547=VECTOR('',#2076,10.);
#548=VECTOR('',#2077,10.);
#549=VECTOR('',#2080,10.);
#550=VECTOR('',#2081,10.);
#551=VECTOR('',#2088,1.25);
#552=VECTOR('',#2095,10.);
#553=VECTOR('',#2098,10.);
#554=VECTOR('',#2101,10.);
#555=VECTOR('',#2102,10.);
#556=VECTOR('',#2109,1.25);
#557=VECTOR('',#2116,10.);
#558=VECTOR('',#2119,10.);
#559=VECTOR('',#2122,10.);
#560=VECTOR('',#2125,10.);
#561=VECTOR('',#2130,1.25);
#562=VECTOR('',#2137,10.);
#563=VECTOR('',#2142,10.);
#564=VECTOR('',#2147,10.);
#565=VECTOR('',#2148,10.);
#566=VECTOR('',#2149,10.);
#567=VECTOR('',#2150,10.);
#568=VECTOR('',#2153,10.);
#569=VECTOR('',#2154,10.);
#570=VECTOR('',#2155,10.);
#571=VECTOR('',#2160,10.);
#572=VECTOR('',#2167,10.);
#573=VECTOR('',#2174,10.);
#574=VECTOR('',#2177,10.);
#575=VECTOR('',#2178,10.);
#576=VECTOR('',#2179,10.);
#577=VECTOR('',#2182,10.);
#578=VECTOR('',#2183,10.);
#579=VECTOR('',#2186,10.);
#580=VECTOR('',#2187,10.);
#581=VECTOR('',#2188,10.);
#582=VECTOR('',#2193,10.);
#583=VECTOR('',#2200,10.);
#584=VECTOR('',#2207,10.);
#585=VECTOR('',#2210,10.);
#586=VECTOR('',#2211,10.);
#587=VECTOR('',#2214,10.);
#588=VECTOR('',#2215,10.);
#589=VECTOR('',#2220,10.);
#590=VECTOR('',#2223,10.);
#591=VECTOR('',#2224,10.);
#592=VECTOR('',#2231,10.);
#593=VECTOR('',#2234,10.);
#594=VECTOR('',#2235,10.);
#595=VECTOR('',#2238,10.);
#596=VECTOR('',#2243,10.);
#597=VECTOR('',#2244,10.);
#598=VECTOR('',#2247,10.);
#599=VECTOR('',#2252,10.);
#600=VECTOR('',#2255,10.);
#601=VECTOR('',#2256,10.);
#602=VECTOR('',#2261,10.);
#603=VECTOR('',#2264,10.);
#604=VECTOR('',#2265,10.);
#605=CIRCLE('',#1619,2.3);
#606=CIRCLE('',#1620,2.3);
#607=CIRCLE('',#1622,1.65);
#608=CIRCLE('',#1624,2.3);
#609=CIRCLE('',#1625,2.3);
#610=CIRCLE('',#1627,1.65);
#611=CIRCLE('',#1629,2.3);
#612=CIRCLE('',#1630,2.3);
#613=CIRCLE('',#1632,1.65);
#614=CIRCLE('',#1634,2.3);
#615=CIRCLE('',#1635,2.3);
#616=CIRCLE('',#1637,1.65);
#617=CIRCLE('',#1645,3.99999999999999);
#618=CIRCLE('',#1646,3.99999999999999);
#619=CIRCLE('',#1647,3.99999999999999);
#620=CIRCLE('',#1648,3.99999999999999);
#621=CIRCLE('',#1649,9.);
#622=CIRCLE('',#1650,9.00000011920929);
#623=CIRCLE('',#1651,9.);
#624=CIRCLE('',#1659,8.);
#625=CIRCLE('',#1661,8.);
#626=CIRCLE('',#1663,8.);
#627=CIRCLE('',#1665,8.);
#628=CIRCLE('',#1667,8.00000011920929);
#629=CIRCLE('',#1669,8.00000011920929);
#630=CIRCLE('',#1672,5.99999999999999);
#631=CIRCLE('',#1675,5.99999999999999);
#632=CIRCLE('',#1678,6.);
#633=CIRCLE('',#1681,5.99999999999999);
#634=CIRCLE('',#1683,6.);
#635=CIRCLE('',#1686,5.99999999999999);
#636=CIRCLE('',#1688,2.00000000000001);
#637=CIRCLE('',#1689,2.00000000000001);
#638=CIRCLE('',#1690,2.00000000000001);
#639=CIRCLE('',#1691,2.);
#640=CIRCLE('',#1693,1.65);
#641=CIRCLE('',#1695,1.25);
#642=CIRCLE('',#1697,1.65);
#643=CIRCLE('',#1699,1.25);
#644=CIRCLE('',#1701,1.65);
#645=CIRCLE('',#1703,1.25);
#646=CIRCLE('',#1705,1.65);
#647=CIRCLE('',#1707,1.25);
#648=CIRCLE('',#1709,4.);
#649=CIRCLE('',#1710,4.);
#650=CIRCLE('',#1712,1.25);
#651=CIRCLE('',#1714,4.);
#652=CIRCLE('',#1716,4.);
#653=CIRCLE('',#1717,4.);
#654=CIRCLE('',#1718,4.);
#655=CIRCLE('',#1720,4.);
#656=CIRCLE('',#1722,1.25);
#657=CIRCLE('',#1724,4.);
#658=CIRCLE('',#1726,4.);
#659=CIRCLE('',#1728,4.);
#660=CIRCLE('',#1730,1.25);
#661=CIRCLE('',#1732,4.);
#662=CIRCLE('',#1734,4.);
#663=CIRCLE('',#1736,4.);
#664=CIRCLE('',#1738,1.25);
#665=CIRCLE('',#1740,4.);
#666=CIRCLE('',#1748,2.00000000000001);
#667=CIRCLE('',#1749,2.00000000000001);
#668=CIRCLE('',#1751,2.00000000000001);
#669=CIRCLE('',#1753,2.00000000000001);
#670=CIRCLE('',#1754,2.00000000000001);
#671=CIRCLE('',#1759,2.00000000000001);
#672=CIRCLE('',#1760,2.00000000000001);
#673=CIRCLE('',#1762,2.00000000000001);
#674=CIRCLE('',#1764,2.);
#675=CIRCLE('',#1765,2.);
#676=CIRCLE('',#1769,2.00000000000001);
#677=CIRCLE('',#1772,2.);
#678=CIRCLE('',#1776,4.);
#679=CIRCLE('',#1779,4.);
#680=CIRCLE('',#1783,5.99999999999999);
#681=CIRCLE('',#1786,5.99999999999999);
#682=VERTEX_POINT('',#2274);
#683=VERTEX_POINT('',#2276);
#684=VERTEX_POINT('',#2280);
#685=VERTEX_POINT('',#2283);
#686=VERTEX_POINT('',#2285);
#687=VERTEX_POINT('',#2289);
#688=VERTEX_POINT('',#2292);
#689=VERTEX_POINT('',#2294);
#690=VERTEX_POINT('',#2298);
#691=VERTEX_POINT('',#2301);
#692=VERTEX_POINT('',#2303);
#693=VERTEX_POINT('',#2307);
#694=VERTEX_POINT('',#2310);
#695=VERTEX_POINT('',#2311);
#696=VERTEX_POINT('',#2313);
#697=VERTEX_POINT('',#2315);
#698=VERTEX_POINT('',#2319);
#699=VERTEX_POINT('',#2321);
#700=VERTEX_POINT('',#2325);
#701=VERTEX_POINT('',#2327);
#702=VERTEX_POINT('',#2334);
#703=VERTEX_POINT('',#2336);
#704=VERTEX_POINT('',#2340);
#705=VERTEX_POINT('',#2344);
#706=VERTEX_POINT('',#2345);
#707=VERTEX_POINT('',#2347);
#708=VERTEX_POINT('',#2349);
#709=VERTEX_POINT('',#2351);
#710=VERTEX_POINT('',#2353);
#711=VERTEX_POINT('',#2355);
#712=VERTEX_POINT('',#2357);
#713=VERTEX_POINT('',#2360);
#714=VERTEX_POINT('',#2361);
#715=VERTEX_POINT('',#2363);
#716=VERTEX_POINT('',#2365);
#717=VERTEX_POINT('',#2368);
#718=VERTEX_POINT('',#2370);
#719=VERTEX_POINT('',#2372);
#720=VERTEX_POINT('',#2375);
#721=VERTEX_POINT('',#2377);
#722=VERTEX_POINT('',#2381);
#723=VERTEX_POINT('',#2385);
#724=VERTEX_POINT('',#2391);
#725=VERTEX_POINT('',#2393);
#726=VERTEX_POINT('',#2397);
#727=VERTEX_POINT('',#2401);
#728=VERTEX_POINT('',#2405);
#729=VERTEX_POINT('',#2409);
#730=VERTEX_POINT('',#2413);
#731=VERTEX_POINT('',#2417);
#732=VERTEX_POINT('',#2421);
#733=VERTEX_POINT('',#2425);
#734=VERTEX_POINT('',#2427);
#735=VERTEX_POINT('',#2431);
#736=VERTEX_POINT('',#2435);
#737=VERTEX_POINT('',#2439);
#738=VERTEX_POINT('',#2443);
#739=VERTEX_POINT('',#2447);
#740=VERTEX_POINT('',#2451);
#741=VERTEX_POINT('',#2457);
#742=VERTEX_POINT('',#2459);
#743=VERTEX_POINT('',#2463);
#744=VERTEX_POINT('',#2467);
#745=VERTEX_POINT('',#2471);
#746=VERTEX_POINT('',#2474);
#747=VERTEX_POINT('',#2475);
#748=VERTEX_POINT('',#2477);
#749=VERTEX_POINT('',#2479);
#750=VERTEX_POINT('',#2481);
#751=VERTEX_POINT('',#2483);
#752=VERTEX_POINT('',#2485);
#753=VERTEX_POINT('',#2487);
#754=VERTEX_POINT('',#2491);
#755=VERTEX_POINT('',#2495);
#756=VERTEX_POINT('',#2498);
#757=VERTEX_POINT('',#2502);
#758=VERTEX_POINT('',#2505);
#759=VERTEX_POINT('',#2509);
#760=VERTEX_POINT('',#2512);
#761=VERTEX_POINT('',#2516);
#762=VERTEX_POINT('',#2519);
#763=VERTEX_POINT('',#2520);
#764=VERTEX_POINT('',#2522);
#765=VERTEX_POINT('',#2524);
#766=VERTEX_POINT('',#2528);
#767=VERTEX_POINT('',#2534);
#768=VERTEX_POINT('',#2536);
#769=VERTEX_POINT('',#2538);
#770=VERTEX_POINT('',#2540);
#771=VERTEX_POINT('',#2542);
#772=VERTEX_POINT('',#2544);
#773=VERTEX_POINT('',#2547);
#774=VERTEX_POINT('',#2550);
#775=VERTEX_POINT('',#2554);
#776=VERTEX_POINT('',#2556);
#777=VERTEX_POINT('',#2560);
#778=VERTEX_POINT('',#2566);
#779=VERTEX_POINT('',#2568);
#780=VERTEX_POINT('',#2572);
#781=VERTEX_POINT('',#2574);
#782=VERTEX_POINT('',#2578);
#783=VERTEX_POINT('',#2584);
#784=VERTEX_POINT('',#2586);
#785=VERTEX_POINT('',#2590);
#786=VERTEX_POINT('',#2592);
#787=VERTEX_POINT('',#2596);
#788=VERTEX_POINT('',#2608);
#789=VERTEX_POINT('',#2609);
#790=VERTEX_POINT('',#2611);
#791=VERTEX_POINT('',#2613);
#792=VERTEX_POINT('',#2617);
#793=VERTEX_POINT('',#2618);
#794=VERTEX_POINT('',#2623);
#795=VERTEX_POINT('',#2625);
#796=VERTEX_POINT('',#2629);
#797=VERTEX_POINT('',#2633);
#798=VERTEX_POINT('',#2635);
#799=VERTEX_POINT('',#2639);
#800=VERTEX_POINT('',#2641);
#801=VERTEX_POINT('',#2645);
#802=VERTEX_POINT('',#2649);
#803=VERTEX_POINT('',#2651);
#804=VERTEX_POINT('',#2655);
#805=VERTEX_POINT('',#2657);
#806=VERTEX_POINT('',#2661);
#807=VERTEX_POINT('',#2665);
#808=VERTEX_POINT('',#2667);
#809=VERTEX_POINT('',#2674);
#810=VERTEX_POINT('',#2678);
#811=VERTEX_POINT('',#2682);
#812=VERTEX_POINT('',#2690);
#813=VERTEX_POINT('',#2694);
#814=VERTEX_POINT('',#2698);
#815=VERTEX_POINT('',#2702);
#816=VERTEX_POINT('',#2708);
#817=VERTEX_POINT('',#2712);
#818=VERTEX_POINT('',#2716);
#819=EDGE_CURVE('',#682,#682,#605,.T.);
#820=EDGE_CURVE('',#682,#683,#321,.T.);
#821=EDGE_CURVE('',#683,#683,#606,.T.);
#822=EDGE_CURVE('',#684,#684,#607,.T.);
#823=EDGE_CURVE('',#685,#685,#608,.T.);
#824=EDGE_CURVE('',#685,#686,#322,.T.);
#825=EDGE_CURVE('',#686,#686,#609,.T.);
#826=EDGE_CURVE('',#687,#687,#610,.T.);
#827=EDGE_CURVE('',#688,#688,#611,.T.);
#828=EDGE_CURVE('',#688,#689,#323,.T.);
#829=EDGE_CURVE('',#689,#689,#612,.T.);
#830=EDGE_CURVE('',#690,#690,#613,.T.);
#831=EDGE_CURVE('',#691,#691,#614,.T.);
#832=EDGE_CURVE('',#691,#692,#324,.T.);
#833=EDGE_CURVE('',#692,#692,#615,.T.);
#834=EDGE_CURVE('',#693,#693,#616,.T.);
#835=EDGE_CURVE('',#694,#695,#325,.T.);
#836=EDGE_CURVE('',#695,#696,#326,.T.);
#837=EDGE_CURVE('',#696,#697,#327,.T.);
#838=EDGE_CURVE('',#697,#694,#328,.T.);
#839=EDGE_CURVE('',#695,#698,#329,.T.);
#840=EDGE_CURVE('',#698,#699,#330,.T.);
#841=EDGE_CURVE('',#699,#696,#331,.T.);
#842=EDGE_CURVE('',#698,#700,#332,.T.);
#843=EDGE_CURVE('',#700,#701,#333,.T.);
#844=EDGE_CURVE('',#701,#699,#334,.T.);
#845=EDGE_CURVE('',#697,#701,#335,.T.);
#846=EDGE_CURVE('',#700,#694,#336,.T.);
#847=EDGE_CURVE('',#697,#702,#337,.T.);
#848=EDGE_CURVE('',#703,#702,#338,.T.);
#849=EDGE_CURVE('',#701,#703,#339,.T.);
#850=EDGE_CURVE('',#696,#704,#340,.T.);
#851=EDGE_CURVE('',#702,#704,#341,.T.);
#852=EDGE_CURVE('',#705,#706,#342,.T.);
#853=EDGE_CURVE('',#707,#705,#617,.T.);
#854=EDGE_CURVE('',#708,#707,#343,.T.);
#855=EDGE_CURVE('',#709,#708,#618,.T.);
#856=EDGE_CURVE('',#710,#709,#344,.T.);
#857=EDGE_CURVE('',#711,#710,#619,.T.);
#858=EDGE_CURVE('',#712,#711,#345,.T.);
#859=EDGE_CURVE('',#706,#712,#620,.T.);
#860=EDGE_CURVE('',#713,#714,#346,.T.);
#861=EDGE_CURVE('',#715,#713,#347,.T.);
#862=EDGE_CURVE('',#716,#715,#348,.T.);
#863=EDGE_CURVE('',#714,#716,#349,.T.);
#864=EDGE_CURVE('',#717,#717,#621,.T.);
#865=EDGE_CURVE('',#718,#718,#622,.T.);
#866=EDGE_CURVE('',#719,#719,#623,.T.);
#867=EDGE_CURVE('',#714,#720,#350,.T.);
#868=EDGE_CURVE('',#720,#721,#351,.T.);
#869=EDGE_CURVE('',#721,#713,#352,.T.);
#870=EDGE_CURVE('',#716,#722,#353,.T.);
#871=EDGE_CURVE('',#722,#720,#354,.T.);
#872=EDGE_CURVE('',#715,#723,#355,.T.);
#873=EDGE_CURVE('',#723,#722,#356,.T.);
#874=EDGE_CURVE('',#721,#723,#357,.T.);
#875=EDGE_CURVE('',#721,#724,#358,.T.);
#876=EDGE_CURVE('',#725,#724,#359,.T.);
#877=EDGE_CURVE('',#723,#725,#360,.T.);
#878=EDGE_CURVE('',#720,#726,#361,.T.);
#879=EDGE_CURVE('',#724,#726,#362,.T.);
#880=EDGE_CURVE('',#719,#727,#363,.T.);
#881=EDGE_CURVE('',#727,#727,#624,.T.);
#882=EDGE_CURVE('',#727,#728,#364,.T.);
#883=EDGE_CURVE('',#728,#728,#625,.T.);
#884=EDGE_CURVE('',#717,#729,#365,.T.);
#885=EDGE_CURVE('',#729,#729,#626,.T.);
#886=EDGE_CURVE('',#729,#730,#366,.T.);
#887=EDGE_CURVE('',#730,#730,#627,.T.);
#888=EDGE_CURVE('',#718,#731,#367,.T.);
#889=EDGE_CURVE('',#731,#731,#628,.T.);
#890=EDGE_CURVE('',#731,#732,#368,.T.);
#891=EDGE_CURVE('',#732,#732,#629,.T.);
#892=EDGE_CURVE('',#706,#733,#369,.T.);
#893=EDGE_CURVE('',#733,#734,#370,.T.);
#894=EDGE_CURVE('',#734,#705,#371,.T.);
#895=EDGE_CURVE('',#712,#735,#372,.T.);
#896=EDGE_CURVE('',#735,#733,#630,.T.);
#897=EDGE_CURVE('',#711,#736,#373,.T.);
#898=EDGE_CURVE('',#736,#735,#374,.T.);
#899=EDGE_CURVE('',#710,#737,#375,.T.);
#900=EDGE_CURVE('',#737,#736,#631,.T.);
#901=EDGE_CURVE('',#709,#738,#376,.T.);
#902=EDGE_CURVE('',#738,#737,#377,.T.);
#903=EDGE_CURVE('',#708,#739,#378,.T.);
#904=EDGE_CURVE('',#739,#738,#632,.T.);
#905=EDGE_CURVE('',#707,#740,#379,.T.);
#906=EDGE_CURVE('',#740,#739,#380,.T.);
#907=EDGE_CURVE('',#734,#740,#633,.T.);
#908=EDGE_CURVE('',#739,#741,#381,.T.);
#909=EDGE_CURVE('',#742,#741,#634,.T.);
#910=EDGE_CURVE('',#738,#742,#382,.T.);
#911=EDGE_CURVE('',#740,#743,#383,.T.);
#912=EDGE_CURVE('',#741,#743,#384,.T.);
#913=EDGE_CURVE('',#734,#744,#385,.T.);
#914=EDGE_CURVE('',#743,#744,#635,.T.);
#915=EDGE_CURVE('',#733,#745,#386,.T.);
#916=EDGE_CURVE('',#744,#745,#387,.T.);
#917=EDGE_CURVE('',#746,#747,#388,.T.);
#918=EDGE_CURVE('',#747,#748,#636,.T.);
#919=EDGE_CURVE('',#748,#749,#389,.T.);
#920=EDGE_CURVE('',#749,#750,#637,.T.);
#921=EDGE_CURVE('',#750,#751,#390,.T.);
#922=EDGE_CURVE('',#751,#752,#638,.T.);
#923=EDGE_CURVE('',#752,#753,#391,.T.);
#924=EDGE_CURVE('',#753,#746,#639,.T.);
#925=EDGE_CURVE('',#693,#754,#392,.T.);
#926=EDGE_CURVE('',#754,#754,#640,.T.);
#927=EDGE_CURVE('',#755,#755,#641,.T.);
#928=EDGE_CURVE('',#687,#756,#393,.T.);
#929=EDGE_CURVE('',#756,#756,#642,.T.);
#930=EDGE_CURVE('',#757,#757,#643,.T.);
#931=EDGE_CURVE('',#690,#758,#394,.T.);
#932=EDGE_CURVE('',#758,#758,#644,.T.);
#933=EDGE_CURVE('',#759,#759,#645,.T.);
#934=EDGE_CURVE('',#684,#760,#395,.T.);
#935=EDGE_CURVE('',#760,#760,#646,.T.);
#936=EDGE_CURVE('',#761,#761,#647,.T.);
#937=EDGE_CURVE('',#762,#763,#396,.T.);
#938=EDGE_CURVE('',#764,#763,#648,.T.);
#939=EDGE_CURVE('',#765,#764,#397,.T.);
#940=EDGE_CURVE('',#762,#765,#649,.T.);
#941=EDGE_CURVE('',#766,#766,#650,.T.);
#942=EDGE_CURVE('',#766,#759,#398,.T.);
#943=EDGE_CURVE('',#764,#763,#651,.T.);
#944=EDGE_CURVE('',#765,#767,#399,.T.);
#945=EDGE_CURVE('',#767,#768,#652,.T.);
#946=EDGE_CURVE('',#768,#769,#400,.T.);
#947=EDGE_CURVE('',#769,#770,#653,.T.);
#948=EDGE_CURVE('',#770,#771,#401,.T.);
#949=EDGE_CURVE('',#771,#772,#654,.T.);
#950=EDGE_CURVE('',#772,#762,#402,.T.);
#951=EDGE_CURVE('',#704,#773,#403,.T.);
#952=EDGE_CURVE('',#773,#703,#404,.T.);
#953=EDGE_CURVE('',#726,#774,#405,.T.);
#954=EDGE_CURVE('',#774,#725,#406,.T.);
#955=EDGE_CURVE('',#770,#775,#407,.T.);
#956=EDGE_CURVE('',#769,#776,#408,.T.);
#957=EDGE_CURVE('',#775,#776,#655,.T.);
#958=EDGE_CURVE('',#777,#777,#656,.T.);
#959=EDGE_CURVE('',#777,#757,#409,.T.);
#960=EDGE_CURVE('',#775,#776,#657,.T.);
#961=EDGE_CURVE('',#776,#778,#410,.T.);
#962=EDGE_CURVE('',#779,#778,#658,.T.);
#963=EDGE_CURVE('',#775,#779,#411,.T.);
#964=EDGE_CURVE('',#768,#780,#412,.T.);
#965=EDGE_CURVE('',#767,#781,#413,.T.);
#966=EDGE_CURVE('',#780,#781,#659,.T.);
#967=EDGE_CURVE('',#782,#782,#660,.T.);
#968=EDGE_CURVE('',#782,#755,#414,.T.);
#969=EDGE_CURVE('',#780,#781,#661,.T.);
#970=EDGE_CURVE('',#781,#783,#415,.T.);
#971=EDGE_CURVE('',#784,#783,#662,.T.);
#972=EDGE_CURVE('',#780,#784,#416,.T.);
#973=EDGE_CURVE('',#771,#785,#417,.T.);
#974=EDGE_CURVE('',#786,#785,#663,.T.);
#975=EDGE_CURVE('',#772,#786,#418,.T.);
#976=EDGE_CURVE('',#787,#787,#664,.T.);
#977=EDGE_CURVE('',#787,#761,#419,.T.);
#978=EDGE_CURVE('',#786,#785,#665,.T.);
#979=EDGE_CURVE('',#722,#774,#420,.T.);
#980=EDGE_CURVE('',#699,#773,#421,.T.);
#981=EDGE_CURVE('',#788,#789,#422,.T.);
#982=EDGE_CURVE('',#790,#788,#423,.T.);
#983=EDGE_CURVE('',#791,#790,#424,.T.);
#984=EDGE_CURVE('',#791,#789,#425,.T.);
#985=EDGE_CURVE('',#792,#793,#426,.T.);
#986=EDGE_CURVE('',#792,#751,#427,.T.);
#987=EDGE_CURVE('',#793,#750,#428,.T.);
#988=EDGE_CURVE('',#794,#788,#666,.T.);
#989=EDGE_CURVE('',#795,#794,#429,.T.);
#990=EDGE_CURVE('',#790,#795,#667,.T.);
#991=EDGE_CURVE('',#793,#796,#668,.T.);
#992=EDGE_CURVE('',#796,#749,#430,.T.);
#993=EDGE_CURVE('',#789,#797,#669,.T.);
#994=EDGE_CURVE('',#798,#791,#670,.T.);
#995=EDGE_CURVE('',#798,#797,#431,.T.);
#996=EDGE_CURVE('',#799,#794,#432,.T.);
#997=EDGE_CURVE('',#800,#799,#433,.T.);
#998=EDGE_CURVE('',#795,#800,#434,.T.);
#999=EDGE_CURVE('',#796,#801,#435,.T.);
#1000=EDGE_CURVE('',#801,#748,#436,.T.);
#1001=EDGE_CURVE('',#797,#802,#437,.T.);
#1002=EDGE_CURVE('',#803,#798,#438,.T.);
#1003=EDGE_CURVE('',#803,#802,#439,.T.);
#1004=EDGE_CURVE('',#804,#799,#671,.T.);
#1005=EDGE_CURVE('',#805,#804,#440,.T.);
#1006=EDGE_CURVE('',#800,#805,#672,.T.);
#1007=EDGE_CURVE('',#801,#806,#673,.T.);
#1008=EDGE_CURVE('',#806,#747,#441,.T.);
#1009=EDGE_CURVE('',#802,#807,#674,.T.);
#1010=EDGE_CURVE('',#808,#803,#675,.T.);
#1011=EDGE_CURVE('',#808,#807,#442,.T.);
#1012=EDGE_CURVE('',#807,#804,#443,.T.);
#1013=EDGE_CURVE('',#805,#808,#444,.T.);
#1014=EDGE_CURVE('',#806,#809,#445,.T.);
#1015=EDGE_CURVE('',#809,#746,#446,.T.);
#1016=EDGE_CURVE('',#810,#792,#676,.T.);
#1017=EDGE_CURVE('',#810,#752,#447,.T.);
#1018=EDGE_CURVE('',#811,#810,#448,.T.);
#1019=EDGE_CURVE('',#811,#753,#449,.T.);
#1020=EDGE_CURVE('',#809,#811,#677,.T.);
#1021=EDGE_CURVE('',#778,#784,#450,.T.);
#1022=EDGE_CURVE('',#783,#812,#451,.T.);
#1023=EDGE_CURVE('',#764,#812,#452,.T.);
#1024=EDGE_CURVE('',#763,#813,#453,.T.);
#1025=EDGE_CURVE('',#812,#813,#678,.T.);
#1026=EDGE_CURVE('',#813,#814,#454,.T.);
#1027=EDGE_CURVE('',#786,#814,#455,.T.);
#1028=EDGE_CURVE('',#785,#815,#456,.T.);
#1029=EDGE_CURVE('',#814,#815,#679,.T.);
#1030=EDGE_CURVE('',#815,#779,#457,.T.);
#1031=EDGE_CURVE('',#816,#742,#458,.T.);
#1032=EDGE_CURVE('',#737,#816,#459,.T.);
#1033=EDGE_CURVE('',#817,#816,#680,.T.);
#1034=EDGE_CURVE('',#736,#817,#460,.T.);
#1035=EDGE_CURVE('',#818,#817,#461,.T.);
#1036=EDGE_CURVE('',#735,#818,#462,.T.);
#1037=EDGE_CURVE('',#745,#818,#681,.T.);
#1038=ORIENTED_EDGE('',*,*,#819,.F.);
#1039=ORIENTED_EDGE('',*,*,#820,.T.);
#1040=ORIENTED_EDGE('',*,*,#821,.T.);
#1041=ORIENTED_EDGE('',*,*,#820,.F.);
#1042=ORIENTED_EDGE('',*,*,#821,.F.);
#1043=ORIENTED_EDGE('',*,*,#822,.F.);
#1044=ORIENTED_EDGE('',*,*,#823,.F.);
#1045=ORIENTED_EDGE('',*,*,#824,.T.);
#1046=ORIENTED_EDGE('',*,*,#825,.T.);
#1047=ORIENTED_EDGE('',*,*,#824,.F.);
#1048=ORIENTED_EDGE('',*,*,#825,.F.);
#1049=ORIENTED_EDGE('',*,*,#826,.F.);
#1050=ORIENTED_EDGE('',*,*,#827,.F.);
#1051=ORIENTED_EDGE('',*,*,#828,.T.);
#1052=ORIENTED_EDGE('',*,*,#829,.T.);
#1053=ORIENTED_EDGE('',*,*,#828,.F.);
#1054=ORIENTED_EDGE('',*,*,#829,.F.);
#1055=ORIENTED_EDGE('',*,*,#830,.F.);
#1056=ORIENTED_EDGE('',*,*,#831,.F.);
#1057=ORIENTED_EDGE('',*,*,#832,.T.);
#1058=ORIENTED_EDGE('',*,*,#833,.T.);
#1059=ORIENTED_EDGE('',*,*,#832,.F.);
#1060=ORIENTED_EDGE('',*,*,#833,.F.);
#1061=ORIENTED_EDGE('',*,*,#834,.F.);
#1062=ORIENTED_EDGE('',*,*,#835,.T.);
#1063=ORIENTED_EDGE('',*,*,#836,.T.);
#1064=ORIENTED_EDGE('',*,*,#837,.T.);
#1065=ORIENTED_EDGE('',*,*,#838,.T.);
#1066=ORIENTED_EDGE('',*,*,#839,.T.);
#1067=ORIENTED_EDGE('',*,*,#840,.T.);
#1068=ORIENTED_EDGE('',*,*,#841,.T.);
#1069=ORIENTED_EDGE('',*,*,#836,.F.);
#1070=ORIENTED_EDGE('',*,*,#842,.T.);
#1071=ORIENTED_EDGE('',*,*,#843,.T.);
#1072=ORIENTED_EDGE('',*,*,#844,.T.);
#1073=ORIENTED_EDGE('',*,*,#840,.F.);
#1074=ORIENTED_EDGE('',*,*,#845,.T.);
#1075=ORIENTED_EDGE('',*,*,#843,.F.);
#1076=ORIENTED_EDGE('',*,*,#846,.T.);
#1077=ORIENTED_EDGE('',*,*,#838,.F.);
#1078=ORIENTED_EDGE('',*,*,#845,.F.);
#1079=ORIENTED_EDGE('',*,*,#847,.T.);
#1080=ORIENTED_EDGE('',*,*,#848,.F.);
#1081=ORIENTED_EDGE('',*,*,#849,.F.);
#1082=ORIENTED_EDGE('',*,*,#837,.F.);
#1083=ORIENTED_EDGE('',*,*,#850,.T.);
#1084=ORIENTED_EDGE('',*,*,#851,.F.);
#1085=ORIENTED_EDGE('',*,*,#847,.F.);
#1086=ORIENTED_EDGE('',*,*,#852,.F.);
#1087=ORIENTED_EDGE('',*,*,#853,.F.);
#1088=ORIENTED_EDGE('',*,*,#854,.F.);
#1089=ORIENTED_EDGE('',*,*,#855,.F.);
#1090=ORIENTED_EDGE('',*,*,#856,.F.);
#1091=ORIENTED_EDGE('',*,*,#857,.F.);
#1092=ORIENTED_EDGE('',*,*,#858,.F.);
#1093=ORIENTED_EDGE('',*,*,#859,.F.);
#1094=ORIENTED_EDGE('',*,*,#819,.T.);
#1095=ORIENTED_EDGE('',*,*,#823,.T.);
#1096=ORIENTED_EDGE('',*,*,#827,.T.);
#1097=ORIENTED_EDGE('',*,*,#831,.T.);
#1098=ORIENTED_EDGE('',*,*,#860,.F.);
#1099=ORIENTED_EDGE('',*,*,#861,.F.);
#1100=ORIENTED_EDGE('',*,*,#862,.F.);
#1101=ORIENTED_EDGE('',*,*,#863,.F.);
#1102=ORIENTED_EDGE('',*,*,#864,.F.);
#1103=ORIENTED_EDGE('',*,*,#865,.F.);
#1104=ORIENTED_EDGE('',*,*,#866,.F.);
#1105=ORIENTED_EDGE('',*,*,#835,.F.);
#1106=ORIENTED_EDGE('',*,*,#846,.F.);
#1107=ORIENTED_EDGE('',*,*,#842,.F.);
#1108=ORIENTED_EDGE('',*,*,#839,.F.);
#1109=ORIENTED_EDGE('',*,*,#860,.T.);
#1110=ORIENTED_EDGE('',*,*,#867,.T.);
#1111=ORIENTED_EDGE('',*,*,#868,.T.);
#1112=ORIENTED_EDGE('',*,*,#869,.T.);
#1113=ORIENTED_EDGE('',*,*,#863,.T.);
#1114=ORIENTED_EDGE('',*,*,#870,.T.);
#1115=ORIENTED_EDGE('',*,*,#871,.T.);
#1116=ORIENTED_EDGE('',*,*,#867,.F.);
#1117=ORIENTED_EDGE('',*,*,#862,.T.);
#1118=ORIENTED_EDGE('',*,*,#872,.T.);
#1119=ORIENTED_EDGE('',*,*,#873,.T.);
#1120=ORIENTED_EDGE('',*,*,#870,.F.);
#1121=ORIENTED_EDGE('',*,*,#874,.T.);
#1122=ORIENTED_EDGE('',*,*,#872,.F.);
#1123=ORIENTED_EDGE('',*,*,#861,.T.);
#1124=ORIENTED_EDGE('',*,*,#869,.F.);
#1125=ORIENTED_EDGE('',*,*,#874,.F.);
#1126=ORIENTED_EDGE('',*,*,#875,.T.);
#1127=ORIENTED_EDGE('',*,*,#876,.F.);
#1128=ORIENTED_EDGE('',*,*,#877,.F.);
#1129=ORIENTED_EDGE('',*,*,#868,.F.);
#1130=ORIENTED_EDGE('',*,*,#878,.T.);
#1131=ORIENTED_EDGE('',*,*,#879,.F.);
#1132=ORIENTED_EDGE('',*,*,#875,.F.);
#1133=ORIENTED_EDGE('',*,*,#866,.T.);
#1134=ORIENTED_EDGE('',*,*,#880,.T.);
#1135=ORIENTED_EDGE('',*,*,#881,.T.);
#1136=ORIENTED_EDGE('',*,*,#880,.F.);
#1137=ORIENTED_EDGE('',*,*,#881,.F.);
#1138=ORIENTED_EDGE('',*,*,#882,.T.);
#1139=ORIENTED_EDGE('',*,*,#883,.F.);
#1140=ORIENTED_EDGE('',*,*,#882,.F.);
#1141=ORIENTED_EDGE('',*,*,#864,.T.);
#1142=ORIENTED_EDGE('',*,*,#884,.T.);
#1143=ORIENTED_EDGE('',*,*,#885,.T.);
#1144=ORIENTED_EDGE('',*,*,#884,.F.);
#1145=ORIENTED_EDGE('',*,*,#885,.F.);
#1146=ORIENTED_EDGE('',*,*,#886,.T.);
#1147=ORIENTED_EDGE('',*,*,#887,.F.);
#1148=ORIENTED_EDGE('',*,*,#886,.F.);
#1149=ORIENTED_EDGE('',*,*,#865,.T.);
#1150=ORIENTED_EDGE('',*,*,#888,.T.);
#1151=ORIENTED_EDGE('',*,*,#889,.T.);
#1152=ORIENTED_EDGE('',*,*,#888,.F.);
#1153=ORIENTED_EDGE('',*,*,#889,.F.);
#1154=ORIENTED_EDGE('',*,*,#890,.T.);
#1155=ORIENTED_EDGE('',*,*,#891,.F.);
#1156=ORIENTED_EDGE('',*,*,#890,.F.);
#1157=ORIENTED_EDGE('',*,*,#892,.T.);
#1158=ORIENTED_EDGE('',*,*,#893,.T.);
#1159=ORIENTED_EDGE('',*,*,#894,.T.);
#1160=ORIENTED_EDGE('',*,*,#852,.T.);
#1161=ORIENTED_EDGE('',*,*,#895,.T.);
#1162=ORIENTED_EDGE('',*,*,#896,.T.);
#1163=ORIENTED_EDGE('',*,*,#892,.F.);
#1164=ORIENTED_EDGE('',*,*,#859,.T.);
#1165=ORIENTED_EDGE('',*,*,#897,.T.);
#1166=ORIENTED_EDGE('',*,*,#898,.T.);
#1167=ORIENTED_EDGE('',*,*,#895,.F.);
#1168=ORIENTED_EDGE('',*,*,#858,.T.);
#1169=ORIENTED_EDGE('',*,*,#899,.T.);
#1170=ORIENTED_EDGE('',*,*,#900,.T.);
#1171=ORIENTED_EDGE('',*,*,#897,.F.);
#1172=ORIENTED_EDGE('',*,*,#857,.T.);
#1173=ORIENTED_EDGE('',*,*,#901,.T.);
#1174=ORIENTED_EDGE('',*,*,#902,.T.);
#1175=ORIENTED_EDGE('',*,*,#899,.F.);
#1176=ORIENTED_EDGE('',*,*,#856,.T.);
#1177=ORIENTED_EDGE('',*,*,#903,.T.);
#1178=ORIENTED_EDGE('',*,*,#904,.T.);
#1179=ORIENTED_EDGE('',*,*,#901,.F.);
#1180=ORIENTED_EDGE('',*,*,#855,.T.);
#1181=ORIENTED_EDGE('',*,*,#905,.T.);
#1182=ORIENTED_EDGE('',*,*,#906,.T.);
#1183=ORIENTED_EDGE('',*,*,#903,.F.);
#1184=ORIENTED_EDGE('',*,*,#854,.T.);
#1185=ORIENTED_EDGE('',*,*,#894,.F.);
#1186=ORIENTED_EDGE('',*,*,#907,.T.);
#1187=ORIENTED_EDGE('',*,*,#905,.F.);
#1188=ORIENTED_EDGE('',*,*,#853,.T.);
#1189=ORIENTED_EDGE('',*,*,#904,.F.);
#1190=ORIENTED_EDGE('',*,*,#908,.T.);
#1191=ORIENTED_EDGE('',*,*,#909,.F.);
#1192=ORIENTED_EDGE('',*,*,#910,.F.);
#1193=ORIENTED_EDGE('',*,*,#906,.F.);
#1194=ORIENTED_EDGE('',*,*,#911,.T.);
#1195=ORIENTED_EDGE('',*,*,#912,.F.);
#1196=ORIENTED_EDGE('',*,*,#908,.F.);
#1197=ORIENTED_EDGE('',*,*,#907,.F.);
#1198=ORIENTED_EDGE('',*,*,#913,.T.);
#1199=ORIENTED_EDGE('',*,*,#914,.F.);
#1200=ORIENTED_EDGE('',*,*,#911,.F.);
#1201=ORIENTED_EDGE('',*,*,#893,.F.);
#1202=ORIENTED_EDGE('',*,*,#915,.T.);
#1203=ORIENTED_EDGE('',*,*,#916,.F.);
#1204=ORIENTED_EDGE('',*,*,#913,.F.);
#1205=ORIENTED_EDGE('',*,*,#917,.T.);
#1206=ORIENTED_EDGE('',*,*,#918,.T.);
#1207=ORIENTED_EDGE('',*,*,#919,.T.);
#1208=ORIENTED_EDGE('',*,*,#920,.T.);
#1209=ORIENTED_EDGE('',*,*,#921,.T.);
#1210=ORIENTED_EDGE('',*,*,#922,.T.);
#1211=ORIENTED_EDGE('',*,*,#923,.T.);
#1212=ORIENTED_EDGE('',*,*,#924,.T.);
#1213=ORIENTED_EDGE('',*,*,#834,.T.);
#1214=ORIENTED_EDGE('',*,*,#925,.T.);
#1215=ORIENTED_EDGE('',*,*,#926,.T.);
#1216=ORIENTED_EDGE('',*,*,#925,.F.);
#1217=ORIENTED_EDGE('',*,*,#926,.F.);
#1218=ORIENTED_EDGE('',*,*,#927,.F.);
#1219=ORIENTED_EDGE('',*,*,#826,.T.);
#1220=ORIENTED_EDGE('',*,*,#928,.T.);
#1221=ORIENTED_EDGE('',*,*,#929,.T.);
#1222=ORIENTED_EDGE('',*,*,#928,.F.);
#1223=ORIENTED_EDGE('',*,*,#929,.F.);
#1224=ORIENTED_EDGE('',*,*,#930,.F.);
#1225=ORIENTED_EDGE('',*,*,#830,.T.);
#1226=ORIENTED_EDGE('',*,*,#931,.T.);
#1227=ORIENTED_EDGE('',*,*,#932,.T.);
#1228=ORIENTED_EDGE('',*,*,#931,.F.);
#1229=ORIENTED_EDGE('',*,*,#932,.F.);
#1230=ORIENTED_EDGE('',*,*,#933,.F.);
#1231=ORIENTED_EDGE('',*,*,#822,.T.);
#1232=ORIENTED_EDGE('',*,*,#934,.T.);
#1233=ORIENTED_EDGE('',*,*,#935,.T.);
#1234=ORIENTED_EDGE('',*,*,#934,.F.);
#1235=ORIENTED_EDGE('',*,*,#935,.F.);
#1236=ORIENTED_EDGE('',*,*,#936,.F.);
#1237=ORIENTED_EDGE('',*,*,#937,.T.);
#1238=ORIENTED_EDGE('',*,*,#938,.F.);
#1239=ORIENTED_EDGE('',*,*,#939,.F.);
#1240=ORIENTED_EDGE('',*,*,#940,.F.);
#1241=ORIENTED_EDGE('',*,*,#941,.F.);
#1242=ORIENTED_EDGE('',*,*,#942,.T.);
#1243=ORIENTED_EDGE('',*,*,#933,.T.);
#1244=ORIENTED_EDGE('',*,*,#942,.F.);
#1245=ORIENTED_EDGE('',*,*,#943,.F.);
#1246=ORIENTED_EDGE('',*,*,#938,.T.);
#1247=ORIENTED_EDGE('',*,*,#941,.T.);
#1248=ORIENTED_EDGE('',*,*,#940,.T.);
#1249=ORIENTED_EDGE('',*,*,#944,.T.);
#1250=ORIENTED_EDGE('',*,*,#945,.T.);
#1251=ORIENTED_EDGE('',*,*,#946,.T.);
#1252=ORIENTED_EDGE('',*,*,#947,.T.);
#1253=ORIENTED_EDGE('',*,*,#948,.T.);
#1254=ORIENTED_EDGE('',*,*,#949,.T.);
#1255=ORIENTED_EDGE('',*,*,#950,.T.);
#1256=ORIENTED_EDGE('',*,*,#851,.T.);
#1257=ORIENTED_EDGE('',*,*,#951,.T.);
#1258=ORIENTED_EDGE('',*,*,#952,.T.);
#1259=ORIENTED_EDGE('',*,*,#848,.T.);
#1260=ORIENTED_EDGE('',*,*,#883,.T.);
#1261=ORIENTED_EDGE('',*,*,#879,.T.);
#1262=ORIENTED_EDGE('',*,*,#953,.T.);
#1263=ORIENTED_EDGE('',*,*,#954,.T.);
#1264=ORIENTED_EDGE('',*,*,#876,.T.);
#1265=ORIENTED_EDGE('',*,*,#887,.T.);
#1266=ORIENTED_EDGE('',*,*,#891,.T.);
#1267=ORIENTED_EDGE('',*,*,#955,.F.);
#1268=ORIENTED_EDGE('',*,*,#947,.F.);
#1269=ORIENTED_EDGE('',*,*,#956,.T.);
#1270=ORIENTED_EDGE('',*,*,#957,.F.);
#1271=ORIENTED_EDGE('',*,*,#958,.F.);
#1272=ORIENTED_EDGE('',*,*,#959,.T.);
#1273=ORIENTED_EDGE('',*,*,#930,.T.);
#1274=ORIENTED_EDGE('',*,*,#959,.F.);
#1275=ORIENTED_EDGE('',*,*,#960,.F.);
#1276=ORIENTED_EDGE('',*,*,#957,.T.);
#1277=ORIENTED_EDGE('',*,*,#958,.T.);
#1278=ORIENTED_EDGE('',*,*,#960,.T.);
#1279=ORIENTED_EDGE('',*,*,#961,.T.);
#1280=ORIENTED_EDGE('',*,*,#962,.F.);
#1281=ORIENTED_EDGE('',*,*,#963,.F.);
#1282=ORIENTED_EDGE('',*,*,#964,.F.);
#1283=ORIENTED_EDGE('',*,*,#945,.F.);
#1284=ORIENTED_EDGE('',*,*,#965,.T.);
#1285=ORIENTED_EDGE('',*,*,#966,.F.);
#1286=ORIENTED_EDGE('',*,*,#967,.F.);
#1287=ORIENTED_EDGE('',*,*,#968,.T.);
#1288=ORIENTED_EDGE('',*,*,#927,.T.);
#1289=ORIENTED_EDGE('',*,*,#968,.F.);
#1290=ORIENTED_EDGE('',*,*,#966,.T.);
#1291=ORIENTED_EDGE('',*,*,#969,.F.);
#1292=ORIENTED_EDGE('',*,*,#967,.T.);
#1293=ORIENTED_EDGE('',*,*,#969,.T.);
#1294=ORIENTED_EDGE('',*,*,#970,.T.);
#1295=ORIENTED_EDGE('',*,*,#971,.F.);
#1296=ORIENTED_EDGE('',*,*,#972,.F.);
#1297=ORIENTED_EDGE('',*,*,#973,.T.);
#1298=ORIENTED_EDGE('',*,*,#974,.F.);
#1299=ORIENTED_EDGE('',*,*,#975,.F.);
#1300=ORIENTED_EDGE('',*,*,#949,.F.);
#1301=ORIENTED_EDGE('',*,*,#976,.F.);
#1302=ORIENTED_EDGE('',*,*,#977,.T.);
#1303=ORIENTED_EDGE('',*,*,#936,.T.);
#1304=ORIENTED_EDGE('',*,*,#977,.F.);
#1305=ORIENTED_EDGE('',*,*,#978,.F.);
#1306=ORIENTED_EDGE('',*,*,#974,.T.);
#1307=ORIENTED_EDGE('',*,*,#976,.T.);
#1308=ORIENTED_EDGE('',*,*,#871,.F.);
#1309=ORIENTED_EDGE('',*,*,#979,.T.);
#1310=ORIENTED_EDGE('',*,*,#953,.F.);
#1311=ORIENTED_EDGE('',*,*,#878,.F.);
#1312=ORIENTED_EDGE('',*,*,#873,.F.);
#1313=ORIENTED_EDGE('',*,*,#877,.T.);
#1314=ORIENTED_EDGE('',*,*,#954,.F.);
#1315=ORIENTED_EDGE('',*,*,#979,.F.);
#1316=ORIENTED_EDGE('',*,*,#841,.F.);
#1317=ORIENTED_EDGE('',*,*,#980,.T.);
#1318=ORIENTED_EDGE('',*,*,#951,.F.);
#1319=ORIENTED_EDGE('',*,*,#850,.F.);
#1320=ORIENTED_EDGE('',*,*,#844,.F.);
#1321=ORIENTED_EDGE('',*,*,#849,.T.);
#1322=ORIENTED_EDGE('',*,*,#952,.F.);
#1323=ORIENTED_EDGE('',*,*,#980,.F.);
#1324=ORIENTED_EDGE('',*,*,#981,.F.);
#1325=ORIENTED_EDGE('',*,*,#982,.F.);
#1326=ORIENTED_EDGE('',*,*,#983,.F.);
#1327=ORIENTED_EDGE('',*,*,#984,.T.);
#1328=ORIENTED_EDGE('',*,*,#985,.F.);
#1329=ORIENTED_EDGE('',*,*,#986,.T.);
#1330=ORIENTED_EDGE('',*,*,#921,.F.);
#1331=ORIENTED_EDGE('',*,*,#987,.F.);
#1332=ORIENTED_EDGE('',*,*,#988,.F.);
#1333=ORIENTED_EDGE('',*,*,#989,.F.);
#1334=ORIENTED_EDGE('',*,*,#990,.F.);
#1335=ORIENTED_EDGE('',*,*,#982,.T.);
#1336=ORIENTED_EDGE('',*,*,#991,.F.);
#1337=ORIENTED_EDGE('',*,*,#987,.T.);
#1338=ORIENTED_EDGE('',*,*,#920,.F.);
#1339=ORIENTED_EDGE('',*,*,#992,.F.);
#1340=ORIENTED_EDGE('',*,*,#993,.F.);
#1341=ORIENTED_EDGE('',*,*,#984,.F.);
#1342=ORIENTED_EDGE('',*,*,#994,.F.);
#1343=ORIENTED_EDGE('',*,*,#995,.T.);
#1344=ORIENTED_EDGE('',*,*,#996,.F.);
#1345=ORIENTED_EDGE('',*,*,#997,.F.);
#1346=ORIENTED_EDGE('',*,*,#998,.F.);
#1347=ORIENTED_EDGE('',*,*,#989,.T.);
#1348=ORIENTED_EDGE('',*,*,#999,.F.);
#1349=ORIENTED_EDGE('',*,*,#992,.T.);
#1350=ORIENTED_EDGE('',*,*,#919,.F.);
#1351=ORIENTED_EDGE('',*,*,#1000,.F.);
#1352=ORIENTED_EDGE('',*,*,#1001,.F.);
#1353=ORIENTED_EDGE('',*,*,#995,.F.);
#1354=ORIENTED_EDGE('',*,*,#1002,.F.);
#1355=ORIENTED_EDGE('',*,*,#1003,.T.);
#1356=ORIENTED_EDGE('',*,*,#1004,.F.);
#1357=ORIENTED_EDGE('',*,*,#1005,.F.);
#1358=ORIENTED_EDGE('',*,*,#1006,.F.);
#1359=ORIENTED_EDGE('',*,*,#997,.T.);
#1360=ORIENTED_EDGE('',*,*,#1007,.F.);
#1361=ORIENTED_EDGE('',*,*,#1000,.T.);
#1362=ORIENTED_EDGE('',*,*,#918,.F.);
#1363=ORIENTED_EDGE('',*,*,#1008,.F.);
#1364=ORIENTED_EDGE('',*,*,#1009,.F.);
#1365=ORIENTED_EDGE('',*,*,#1003,.F.);
#1366=ORIENTED_EDGE('',*,*,#1010,.F.);
#1367=ORIENTED_EDGE('',*,*,#1011,.T.);
#1368=ORIENTED_EDGE('',*,*,#1012,.F.);
#1369=ORIENTED_EDGE('',*,*,#1011,.F.);
#1370=ORIENTED_EDGE('',*,*,#1013,.F.);
#1371=ORIENTED_EDGE('',*,*,#1005,.T.);
#1372=ORIENTED_EDGE('',*,*,#1014,.F.);
#1373=ORIENTED_EDGE('',*,*,#1008,.T.);
#1374=ORIENTED_EDGE('',*,*,#917,.F.);
#1375=ORIENTED_EDGE('',*,*,#1015,.F.);
#1376=ORIENTED_EDGE('',*,*,#1016,.F.);
#1377=ORIENTED_EDGE('',*,*,#1017,.T.);
#1378=ORIENTED_EDGE('',*,*,#922,.F.);
#1379=ORIENTED_EDGE('',*,*,#986,.F.);
#1380=ORIENTED_EDGE('',*,*,#1018,.F.);
#1381=ORIENTED_EDGE('',*,*,#1019,.T.);
#1382=ORIENTED_EDGE('',*,*,#923,.F.);
#1383=ORIENTED_EDGE('',*,*,#1017,.F.);
#1384=ORIENTED_EDGE('',*,*,#1020,.F.);
#1385=ORIENTED_EDGE('',*,*,#1015,.T.);
#1386=ORIENTED_EDGE('',*,*,#924,.F.);
#1387=ORIENTED_EDGE('',*,*,#1019,.F.);
#1388=ORIENTED_EDGE('',*,*,#1021,.F.);
#1389=ORIENTED_EDGE('',*,*,#961,.F.);
#1390=ORIENTED_EDGE('',*,*,#956,.F.);
#1391=ORIENTED_EDGE('',*,*,#946,.F.);
#1392=ORIENTED_EDGE('',*,*,#964,.T.);
#1393=ORIENTED_EDGE('',*,*,#972,.T.);
#1394=ORIENTED_EDGE('',*,*,#1022,.F.);
#1395=ORIENTED_EDGE('',*,*,#970,.F.);
#1396=ORIENTED_EDGE('',*,*,#965,.F.);
#1397=ORIENTED_EDGE('',*,*,#944,.F.);
#1398=ORIENTED_EDGE('',*,*,#939,.T.);
#1399=ORIENTED_EDGE('',*,*,#1023,.T.);
#1400=ORIENTED_EDGE('',*,*,#1014,.T.);
#1401=ORIENTED_EDGE('',*,*,#1020,.T.);
#1402=ORIENTED_EDGE('',*,*,#1018,.T.);
#1403=ORIENTED_EDGE('',*,*,#1016,.T.);
#1404=ORIENTED_EDGE('',*,*,#985,.T.);
#1405=ORIENTED_EDGE('',*,*,#991,.T.);
#1406=ORIENTED_EDGE('',*,*,#999,.T.);
#1407=ORIENTED_EDGE('',*,*,#1007,.T.);
#1408=ORIENTED_EDGE('',*,*,#943,.T.);
#1409=ORIENTED_EDGE('',*,*,#1024,.T.);
#1410=ORIENTED_EDGE('',*,*,#1025,.F.);
#1411=ORIENTED_EDGE('',*,*,#1023,.F.);
#1412=ORIENTED_EDGE('',*,*,#1026,.F.);
#1413=ORIENTED_EDGE('',*,*,#1024,.F.);
#1414=ORIENTED_EDGE('',*,*,#937,.F.);
#1415=ORIENTED_EDGE('',*,*,#950,.F.);
#1416=ORIENTED_EDGE('',*,*,#975,.T.);
#1417=ORIENTED_EDGE('',*,*,#1027,.T.);
#1418=ORIENTED_EDGE('',*,*,#978,.T.);
#1419=ORIENTED_EDGE('',*,*,#1028,.T.);
#1420=ORIENTED_EDGE('',*,*,#1029,.F.);
#1421=ORIENTED_EDGE('',*,*,#1027,.F.);
#1422=ORIENTED_EDGE('',*,*,#1030,.F.);
#1423=ORIENTED_EDGE('',*,*,#1028,.F.);
#1424=ORIENTED_EDGE('',*,*,#973,.F.);
#1425=ORIENTED_EDGE('',*,*,#948,.F.);
#1426=ORIENTED_EDGE('',*,*,#955,.T.);
#1427=ORIENTED_EDGE('',*,*,#963,.T.);
#1428=ORIENTED_EDGE('',*,*,#1012,.T.);
#1429=ORIENTED_EDGE('',*,*,#1004,.T.);
#1430=ORIENTED_EDGE('',*,*,#996,.T.);
#1431=ORIENTED_EDGE('',*,*,#988,.T.);
#1432=ORIENTED_EDGE('',*,*,#981,.T.);
#1433=ORIENTED_EDGE('',*,*,#993,.T.);
#1434=ORIENTED_EDGE('',*,*,#1001,.T.);
#1435=ORIENTED_EDGE('',*,*,#1009,.T.);
#1436=ORIENTED_EDGE('',*,*,#902,.F.);
#1437=ORIENTED_EDGE('',*,*,#910,.T.);
#1438=ORIENTED_EDGE('',*,*,#1031,.F.);
#1439=ORIENTED_EDGE('',*,*,#1032,.F.);
#1440=ORIENTED_EDGE('',*,*,#1013,.T.);
#1441=ORIENTED_EDGE('',*,*,#1010,.T.);
#1442=ORIENTED_EDGE('',*,*,#1002,.T.);
#1443=ORIENTED_EDGE('',*,*,#994,.T.);
#1444=ORIENTED_EDGE('',*,*,#983,.T.);
#1445=ORIENTED_EDGE('',*,*,#990,.T.);
#1446=ORIENTED_EDGE('',*,*,#998,.T.);
#1447=ORIENTED_EDGE('',*,*,#1006,.T.);
#1448=ORIENTED_EDGE('',*,*,#900,.F.);
#1449=ORIENTED_EDGE('',*,*,#1032,.T.);
#1450=ORIENTED_EDGE('',*,*,#1033,.F.);
#1451=ORIENTED_EDGE('',*,*,#1034,.F.);
#1452=ORIENTED_EDGE('',*,*,#898,.F.);
#1453=ORIENTED_EDGE('',*,*,#1034,.T.);
#1454=ORIENTED_EDGE('',*,*,#1035,.F.);
#1455=ORIENTED_EDGE('',*,*,#1036,.F.);
#1456=ORIENTED_EDGE('',*,*,#896,.F.);
#1457=ORIENTED_EDGE('',*,*,#1036,.T.);
#1458=ORIENTED_EDGE('',*,*,#1037,.F.);
#1459=ORIENTED_EDGE('',*,*,#915,.F.);
#1460=ORIENTED_EDGE('',*,*,#1037,.T.);
#1461=ORIENTED_EDGE('',*,*,#1035,.T.);
#1462=ORIENTED_EDGE('',*,*,#1033,.T.);
#1463=ORIENTED_EDGE('',*,*,#1031,.T.);
#1464=ORIENTED_EDGE('',*,*,#909,.T.);
#1465=ORIENTED_EDGE('',*,*,#912,.T.);
#1466=ORIENTED_EDGE('',*,*,#914,.T.);
#1467=ORIENTED_EDGE('',*,*,#916,.T.);
#1468=ORIENTED_EDGE('',*,*,#1026,.T.);
#1469=ORIENTED_EDGE('',*,*,#1029,.T.);
#1470=ORIENTED_EDGE('',*,*,#1030,.T.);
#1471=ORIENTED_EDGE('',*,*,#962,.T.);
#1472=ORIENTED_EDGE('',*,*,#1021,.T.);
#1473=ORIENTED_EDGE('',*,*,#971,.T.);
#1474=ORIENTED_EDGE('',*,*,#1022,.T.);
#1475=ORIENTED_EDGE('',*,*,#1025,.T.);
#1476=CYLINDRICAL_SURFACE('',#1618,2.3);
#1477=CYLINDRICAL_SURFACE('',#1623,2.3);
#1478=CYLINDRICAL_SURFACE('',#1628,2.3);
#1479=CYLINDRICAL_SURFACE('',#1633,2.3);
#1480=CYLINDRICAL_SURFACE('',#1660,8.);
#1481=CYLINDRICAL_SURFACE('',#1664,8.);
#1482=CYLINDRICAL_SURFACE('',#1668,8.00000011920929);
#1483=CYLINDRICAL_SURFACE('',#1682,6.);
#1484=CYLINDRICAL_SURFACE('',#1685,5.99999999999999);
#1485=CYLINDRICAL_SURFACE('',#1692,1.65);
#1486=CYLINDRICAL_SURFACE('',#1696,1.65);
#1487=CYLINDRICAL_SURFACE('',#1700,1.65);
#1488=CYLINDRICAL_SURFACE('',#1704,1.65);
#1489=CYLINDRICAL_SURFACE('',#1708,4.);
#1490=CYLINDRICAL_SURFACE('',#1711,1.25);
#1491=CYLINDRICAL_SURFACE('',#1719,4.);
#1492=CYLINDRICAL_SURFACE('',#1721,1.25);
#1493=CYLINDRICAL_SURFACE('',#1725,4.);
#1494=CYLINDRICAL_SURFACE('',#1727,4.);
#1495=CYLINDRICAL_SURFACE('',#1729,1.25);
#1496=CYLINDRICAL_SURFACE('',#1733,4.);
#1497=CYLINDRICAL_SURFACE('',#1735,4.);
#1498=CYLINDRICAL_SURFACE('',#1737,1.25);
#1499=CYLINDRICAL_SURFACE('',#1747,2.00000000000001);
#1500=CYLINDRICAL_SURFACE('',#1750,2.00000000000001);
#1501=CYLINDRICAL_SURFACE('',#1752,2.00000000000001);
#1502=CYLINDRICAL_SURFACE('',#1758,2.00000000000001);
#1503=CYLINDRICAL_SURFACE('',#1761,2.00000000000001);
#1504=CYLINDRICAL_SURFACE('',#1763,2.);
#1505=CYLINDRICAL_SURFACE('',#1768,2.00000000000001);
#1506=CYLINDRICAL_SURFACE('',#1771,2.);
#1507=CYLINDRICAL_SURFACE('',#1775,4.);
#1508=CYLINDRICAL_SURFACE('',#1778,4.);
#1509=CYLINDRICAL_SURFACE('',#1782,5.99999999999999);
#1510=CYLINDRICAL_SURFACE('',#1785,5.99999999999999);
#1511=ADVANCED_FACE('',(#104),#1476,.F.);
#1512=ADVANCED_FACE('',(#105,#22),#53,.F.);
#1513=ADVANCED_FACE('',(#106),#1477,.F.);
#1514=ADVANCED_FACE('',(#107,#23),#54,.F.);
#1515=ADVANCED_FACE('',(#108),#1478,.F.);
#1516=ADVANCED_FACE('',(#109,#24),#55,.F.);
#1517=ADVANCED_FACE('',(#110),#1479,.F.);
#1518=ADVANCED_FACE('',(#111,#25),#56,.F.);
#1519=ADVANCED_FACE('',(#112),#57,.T.);
#1520=ADVANCED_FACE('',(#113),#58,.T.);
#1521=ADVANCED_FACE('',(#114),#59,.T.);
#1522=ADVANCED_FACE('',(#115),#60,.T.);
#1523=ADVANCED_FACE('',(#116),#61,.F.);
#1524=ADVANCED_FACE('',(#117),#62,.F.);
#1525=ADVANCED_FACE('',(#118,#26,#27,#28,#29,#30,#31,#32,#33,#34),#63,.F.);
#1526=ADVANCED_FACE('',(#119),#64,.T.);
#1527=ADVANCED_FACE('',(#120),#65,.T.);
#1528=ADVANCED_FACE('',(#121),#66,.T.);
#1529=ADVANCED_FACE('',(#122),#67,.T.);
#1530=ADVANCED_FACE('',(#123),#68,.F.);
#1531=ADVANCED_FACE('',(#124),#69,.F.);
#1532=ADVANCED_FACE('',(#125),#15,.F.);
#1533=ADVANCED_FACE('',(#126),#1480,.F.);
#1534=ADVANCED_FACE('',(#127),#16,.F.);
#1535=ADVANCED_FACE('',(#128),#1481,.F.);
#1536=ADVANCED_FACE('',(#129),#17,.F.);
#1537=ADVANCED_FACE('',(#130),#1482,.F.);
#1538=ADVANCED_FACE('',(#131),#70,.T.);
#1539=ADVANCED_FACE('',(#132),#18,.T.);
#1540=ADVANCED_FACE('',(#133),#71,.T.);
#1541=ADVANCED_FACE('',(#134),#19,.T.);
#1542=ADVANCED_FACE('',(#135),#72,.T.);
#1543=ADVANCED_FACE('',(#136),#20,.T.);
#1544=ADVANCED_FACE('',(#137),#73,.T.);
#1545=ADVANCED_FACE('',(#138),#21,.T.);
#1546=ADVANCED_FACE('',(#139),#1483,.T.);
#1547=ADVANCED_FACE('',(#140),#74,.T.);
#1548=ADVANCED_FACE('',(#141),#1484,.T.);
#1549=ADVANCED_FACE('',(#142,#35),#75,.T.);
#1550=ADVANCED_FACE('',(#143),#1485,.F.);
#1551=ADVANCED_FACE('',(#144,#36),#76,.F.);
#1552=ADVANCED_FACE('',(#145),#1486,.F.);
#1553=ADVANCED_FACE('',(#146,#37),#77,.F.);
#1554=ADVANCED_FACE('',(#147),#1487,.F.);
#1555=ADVANCED_FACE('',(#148,#38),#78,.F.);
#1556=ADVANCED_FACE('',(#149),#1488,.F.);
#1557=ADVANCED_FACE('',(#150,#39),#79,.F.);
#1558=ADVANCED_FACE('',(#151),#1489,.T.);
#1559=ADVANCED_FACE('',(#152),#1490,.F.);
#1560=ADVANCED_FACE('',(#153,#40),#80,.T.);
#1561=ADVANCED_FACE('',(#154,#41,#42,#43,#44,#45),#81,.T.);
#1562=ADVANCED_FACE('',(#155),#1491,.T.);
#1563=ADVANCED_FACE('',(#156),#1492,.F.);
#1564=ADVANCED_FACE('',(#157,#46),#82,.T.);
#1565=ADVANCED_FACE('',(#158),#1493,.F.);
#1566=ADVANCED_FACE('',(#159),#1494,.T.);
#1567=ADVANCED_FACE('',(#160),#1495,.F.);
#1568=ADVANCED_FACE('',(#161,#47),#83,.T.);
#1569=ADVANCED_FACE('',(#162),#1496,.F.);
#1570=ADVANCED_FACE('',(#163),#1497,.T.);
#1571=ADVANCED_FACE('',(#164),#1498,.F.);
#1572=ADVANCED_FACE('',(#165,#48),#84,.T.);
#1573=ADVANCED_FACE('',(#166),#85,.F.);
#1574=ADVANCED_FACE('',(#167),#86,.F.);
#1575=ADVANCED_FACE('',(#168),#87,.F.);
#1576=ADVANCED_FACE('',(#169),#88,.F.);
#1577=ADVANCED_FACE('',(#170),#89,.F.);
#1578=ADVANCED_FACE('',(#171),#90,.F.);
#1579=ADVANCED_FACE('',(#172),#1499,.F.);
#1580=ADVANCED_FACE('',(#173),#1500,.F.);
#1581=ADVANCED_FACE('',(#174),#1501,.F.);
#1582=ADVANCED_FACE('',(#175),#91,.F.);
#1583=ADVANCED_FACE('',(#176),#92,.F.);
#1584=ADVANCED_FACE('',(#177),#93,.F.);
#1585=ADVANCED_FACE('',(#178),#1502,.F.);
#1586=ADVANCED_FACE('',(#179),#1503,.F.);
#1587=ADVANCED_FACE('',(#180),#1504,.F.);
#1588=ADVANCED_FACE('',(#181),#94,.F.);
#1589=ADVANCED_FACE('',(#182),#95,.F.);
#1590=ADVANCED_FACE('',(#183),#1505,.F.);
#1591=ADVANCED_FACE('',(#184),#96,.F.);
#1592=ADVANCED_FACE('',(#185),#1506,.F.);
#1593=ADVANCED_FACE('',(#186),#97,.F.);
#1594=ADVANCED_FACE('',(#187,#49),#98,.F.);
#1595=ADVANCED_FACE('',(#188),#1507,.F.);
#1596=ADVANCED_FACE('',(#189),#99,.F.);
#1597=ADVANCED_FACE('',(#190),#1508,.F.);
#1598=ADVANCED_FACE('',(#191,#50),#100,.F.);
#1599=ADVANCED_FACE('',(#192,#51),#101,.T.);
#1600=ADVANCED_FACE('',(#193),#1509,.T.);
#1601=ADVANCED_FACE('',(#194),#102,.T.);
#1602=ADVANCED_FACE('',(#195),#1510,.T.);
#1603=ADVANCED_FACE('',(#196,#52),#103,.T.);
#1604=CLOSED_SHELL('',(#1511,#1512,#1513,#1514,#1515,#1516,#1517,#1518,
#1519,#1520,#1521,#1522,#1523,#1524,#1525,#1526,#1527,#1528,#1529,#1530,
#1531,#1532,#1533,#1534,#1535,#1536,#1537,#1538,#1539,#1540,#1541,#1542,
#1543,#1544,#1545,#1546,#1547,#1548,#1549,#1550,#1551,#1552,#1553,#1554,
#1555,#1556,#1557,#1558,#1559,#1560,#1561,#1562,#1563,#1564,#1565,#1566,
#1567,#1568,#1569,#1570,#1571,#1572,#1573,#1574,#1575,#1576,#1577,#1578,
#1579,#1580,#1581,#1582,#1583,#1584,#1585,#1586,#1587,#1588,#1589,#1590,
#1591,#1592,#1593,#1594,#1595,#1596,#1597,#1598,#1599,#1600,#1601,#1602,
#1603));
#1605=DERIVED_UNIT_ELEMENT(#1607,1.);
#1606=DERIVED_UNIT_ELEMENT(#2727,-3.);
#1607=(
MASS_UNIT()
NAMED_UNIT(*)
SI_UNIT(.KILO.,.GRAM.)
);
#1608=DERIVED_UNIT((#1605,#1606));
#1609=MEASURE_REPRESENTATION_ITEM('density measure',
POSITIVE_RATIO_MEASURE(7850.),#1608);
#1610=PROPERTY_DEFINITION_REPRESENTATION(#1615,#1612);
#1611=PROPERTY_DEFINITION_REPRESENTATION(#1616,#1613);
#1612=REPRESENTATION('material name',(#1614),#2724);
#1613=REPRESENTATION('density',(#1609),#2724);
#1614=DESCRIPTIVE_REPRESENTATION_ITEM('\X2\94A2\X0\','\X2\94A2\X0\');
#1615=PROPERTY_DEFINITION('material property','material name',#2734);
#1616=PROPERTY_DEFINITION('material property','density of part',#2734);
#1617=AXIS2_PLACEMENT_3D('',#2272,#1788,#1789);
#1618=AXIS2_PLACEMENT_3D('',#2273,#1790,#1791);
#1619=AXIS2_PLACEMENT_3D('',#2275,#1792,#1793);
#1620=AXIS2_PLACEMENT_3D('',#2278,#1795,#1796);
#1621=AXIS2_PLACEMENT_3D('',#2279,#1797,#1798);
#1622=AXIS2_PLACEMENT_3D('',#2281,#1799,#1800);
#1623=AXIS2_PLACEMENT_3D('',#2282,#1801,#1802);
#1624=AXIS2_PLACEMENT_3D('',#2284,#1803,#1804);
#1625=AXIS2_PLACEMENT_3D('',#2287,#1806,#1807);
#1626=AXIS2_PLACEMENT_3D('',#2288,#1808,#1809);
#1627=AXIS2_PLACEMENT_3D('',#2290,#1810,#1811);
#1628=AXIS2_PLACEMENT_3D('',#2291,#1812,#1813);
#1629=AXIS2_PLACEMENT_3D('',#2293,#1814,#1815);
#1630=AXIS2_PLACEMENT_3D('',#2296,#1817,#1818);
#1631=AXIS2_PLACEMENT_3D('',#2297,#1819,#1820);
#1632=AXIS2_PLACEMENT_3D('',#2299,#1821,#1822);
#1633=AXIS2_PLACEMENT_3D('',#2300,#1823,#1824);
#1634=AXIS2_PLACEMENT_3D('',#2302,#1825,#1826);
#1635=AXIS2_PLACEMENT_3D('',#2305,#1828,#1829);
#1636=AXIS2_PLACEMENT_3D('',#2306,#1830,#1831);
#1637=AXIS2_PLACEMENT_3D('',#2308,#1832,#1833);
#1638=AXIS2_PLACEMENT_3D('',#2309,#1834,#1835);
#1639=AXIS2_PLACEMENT_3D('',#2318,#1840,#1841);
#1640=AXIS2_PLACEMENT_3D('',#2324,#1845,#1846);
#1641=AXIS2_PLACEMENT_3D('',#2330,#1850,#1851);
#1642=AXIS2_PLACEMENT_3D('',#2333,#1854,#1855);
#1643=AXIS2_PLACEMENT_3D('',#2339,#1859,#1860);
#1644=AXIS2_PLACEMENT_3D('',#2343,#1863,#1864);
#1645=AXIS2_PLACEMENT_3D('',#2348,#1866,#1867);
#1646=AXIS2_PLACEMENT_3D('',#2352,#1869,#1870);
#1647=AXIS2_PLACEMENT_3D('',#2356,#1872,#1873);
#1648=AXIS2_PLACEMENT_3D('',#2359,#1875,#1876);
#1649=AXIS2_PLACEMENT_3D('',#2369,#1881,#1882);
#1650=AXIS2_PLACEMENT_3D('',#2371,#1883,#1884);
#1651=AXIS2_PLACEMENT_3D('',#2373,#1885,#1886);
#1652=AXIS2_PLACEMENT_3D('',#2374,#1887,#1888);
#1653=AXIS2_PLACEMENT_3D('',#2380,#1892,#1893);
#1654=AXIS2_PLACEMENT_3D('',#2384,#1896,#1897);
#1655=AXIS2_PLACEMENT_3D('',#2388,#1900,#1901);
#1656=AXIS2_PLACEMENT_3D('',#2390,#1903,#1904);
#1657=AXIS2_PLACEMENT_3D('',#2396,#1908,#1909);
#1658=AXIS2_PLACEMENT_3D('',#2400,#1912,#1913);
#1659=AXIS2_PLACEMENT_3D('',#2403,#1915,#1916);
#1660=AXIS2_PLACEMENT_3D('',#2404,#1917,#1918);
#1661=AXIS2_PLACEMENT_3D('',#2407,#1920,#1921);
#1662=AXIS2_PLACEMENT_3D('',#2408,#1922,#1923);
#1663=AXIS2_PLACEMENT_3D('',#2411,#1925,#1926);
#1664=AXIS2_PLACEMENT_3D('',#2412,#1927,#1928);
#1665=AXIS2_PLACEMENT_3D('',#2415,#1930,#1931);
#1666=AXIS2_PLACEMENT_3D('',#2416,#1932,#1933);
#1667=AXIS2_PLACEMENT_3D('',#2419,#1935,#1936);
#1668=AXIS2_PLACEMENT_3D('',#2420,#1937,#1938);
#1669=AXIS2_PLACEMENT_3D('',#2423,#1940,#1941);
#1670=AXIS2_PLACEMENT_3D('',#2424,#1942,#1943);
#1671=AXIS2_PLACEMENT_3D('',#2430,#1947,#1948);
#1672=AXIS2_PLACEMENT_3D('',#2433,#1950,#1951);
#1673=AXIS2_PLACEMENT_3D('',#2434,#1952,#1953);
#1674=AXIS2_PLACEMENT_3D('',#2438,#1956,#1957);
#1675=AXIS2_PLACEMENT_3D('',#2441,#1959,#1960);
#1676=AXIS2_PLACEMENT_3D('',#2442,#1961,#1962);
#1677=AXIS2_PLACEMENT_3D('',#2446,#1965,#1966);
#1678=AXIS2_PLACEMENT_3D('',#2449,#1968,#1969);
#1679=AXIS2_PLACEMENT_3D('',#2450,#1970,#1971);
#1680=AXIS2_PLACEMENT_3D('',#2454,#1974,#1975);
#1681=AXIS2_PLACEMENT_3D('',#2455,#1976,#1977);
#1682=AXIS2_PLACEMENT_3D('',#2456,#1978,#1979);
#1683=AXIS2_PLACEMENT_3D('',#2460,#1981,#1982);
#1684=AXIS2_PLACEMENT_3D('',#2462,#1984,#1985);
#1685=AXIS2_PLACEMENT_3D('',#2466,#1988,#1989);
#1686=AXIS2_PLACEMENT_3D('',#2469,#1991,#1992);
#1687=AXIS2_PLACEMENT_3D('',#2470,#1993,#1994);
#1688=AXIS2_PLACEMENT_3D('',#2478,#1998,#1999);
#1689=AXIS2_PLACEMENT_3D('',#2482,#2001,#2002);
#1690=AXIS2_PLACEMENT_3D('',#2486,#2004,#2005);
#1691=AXIS2_PLACEMENT_3D('',#2489,#2007,#2008);
#1692=AXIS2_PLACEMENT_3D('',#2490,#2009,#2010);
#1693=AXIS2_PLACEMENT_3D('',#2493,#2012,#2013);
#1694=AXIS2_PLACEMENT_3D('',#2494,#2014,#2015);
#1695=AXIS2_PLACEMENT_3D('',#2496,#2016,#2017);
#1696=AXIS2_PLACEMENT_3D('',#2497,#2018,#2019);
#1697=AXIS2_PLACEMENT_3D('',#2500,#2021,#2022);
#1698=AXIS2_PLACEMENT_3D('',#2501,#2023,#2024);
#1699=AXIS2_PLACEMENT_3D('',#2503,#2025,#2026);
#1700=AXIS2_PLACEMENT_3D('',#2504,#2027,#2028);
#1701=AXIS2_PLACEMENT_3D('',#2507,#2030,#2031);
#1702=AXIS2_PLACEMENT_3D('',#2508,#2032,#2033);
#1703=AXIS2_PLACEMENT_3D('',#2510,#2034,#2035);
#1704=AXIS2_PLACEMENT_3D('',#2511,#2036,#2037);
#1705=AXIS2_PLACEMENT_3D('',#2514,#2039,#2040);
#1706=AXIS2_PLACEMENT_3D('',#2515,#2041,#2042);
#1707=AXIS2_PLACEMENT_3D('',#2517,#2043,#2044);
#1708=AXIS2_PLACEMENT_3D('',#2518,#2045,#2046);
#1709=AXIS2_PLACEMENT_3D('',#2523,#2048,#2049);
#1710=AXIS2_PLACEMENT_3D('',#2526,#2051,#2052);
#1711=AXIS2_PLACEMENT_3D('',#2527,#2053,#2054);
#1712=AXIS2_PLACEMENT_3D('',#2529,#2055,#2056);
#1713=AXIS2_PLACEMENT_3D('',#2531,#2058,#2059);
#1714=AXIS2_PLACEMENT_3D('',#2532,#2060,#2061);
#1715=AXIS2_PLACEMENT_3D('',#2533,#2062,#2063);
#1716=AXIS2_PLACEMENT_3D('',#2537,#2065,#2066);
#1717=AXIS2_PLACEMENT_3D('',#2541,#2068,#2069);
#1718=AXIS2_PLACEMENT_3D('',#2545,#2071,#2072);
#1719=AXIS2_PLACEMENT_3D('',#2553,#2078,#2079);
#1720=AXIS2_PLACEMENT_3D('',#2558,#2082,#2083);
#1721=AXIS2_PLACEMENT_3D('',#2559,#2084,#2085);
#1722=AXIS2_PLACEMENT_3D('',#2561,#2086,#2087);
#1723=AXIS2_PLACEMENT_3D('',#2563,#2089,#2090);
#1724=AXIS2_PLACEMENT_3D('',#2564,#2091,#2092);
#1725=AXIS2_PLACEMENT_3D('',#2565,#2093,#2094);
#1726=AXIS2_PLACEMENT_3D('',#2569,#2096,#2097);
#1727=AXIS2_PLACEMENT_3D('',#2571,#2099,#2100);
#1728=AXIS2_PLACEMENT_3D('',#2576,#2103,#2104);
#1729=AXIS2_PLACEMENT_3D('',#2577,#2105,#2106);
#1730=AXIS2_PLACEMENT_3D('',#2579,#2107,#2108);
#1731=AXIS2_PLACEMENT_3D('',#2581,#2110,#2111);
#1732=AXIS2_PLACEMENT_3D('',#2582,#2112,#2113);
#1733=AXIS2_PLACEMENT_3D('',#2583,#2114,#2115);
#1734=AXIS2_PLACEMENT_3D('',#2587,#2117,#2118);
#1735=AXIS2_PLACEMENT_3D('',#2589,#2120,#2121);
#1736=AXIS2_PLACEMENT_3D('',#2593,#2123,#2124);
#1737=AXIS2_PLACEMENT_3D('',#2595,#2126,#2127);
#1738=AXIS2_PLACEMENT_3D('',#2597,#2128,#2129);
#1739=AXIS2_PLACEMENT_3D('',#2599,#2131,#2132);
#1740=AXIS2_PLACEMENT_3D('',#2600,#2133,#2134);
#1741=AXIS2_PLACEMENT_3D('',#2601,#2135,#2136);
#1742=AXIS2_PLACEMENT_3D('',#2603,#2138,#2139);
#1743=AXIS2_PLACEMENT_3D('',#2604,#2140,#2141);
#1744=AXIS2_PLACEMENT_3D('',#2606,#2143,#2144);
#1745=AXIS2_PLACEMENT_3D('',#2607,#2145,#2146);
#1746=AXIS2_PLACEMENT_3D('',#2616,#2151,#2152);
#1747=AXIS2_PLACEMENT_3D('',#2622,#2156,#2157);
#1748=AXIS2_PLACEMENT_3D('',#2624,#2158,#2159);
#1749=AXIS2_PLACEMENT_3D('',#2627,#2161,#2162);
#1750=AXIS2_PLACEMENT_3D('',#2628,#2163,#2164);
#1751=AXIS2_PLACEMENT_3D('',#2630,#2165,#2166);
#1752=AXIS2_PLACEMENT_3D('',#2632,#2168,#2169);
#1753=AXIS2_PLACEMENT_3D('',#2634,#2170,#2171);
#1754=AXIS2_PLACEMENT_3D('',#2636,#2172,#2173);
#1755=AXIS2_PLACEMENT_3D('',#2638,#2175,#2176);
#1756=AXIS2_PLACEMENT_3D('',#2644,#2180,#2181);
#1757=AXIS2_PLACEMENT_3D('',#2648,#2184,#2185);
#1758=AXIS2_PLACEMENT_3D('',#2654,#2189,#2190);
#1759=AXIS2_PLACEMENT_3D('',#2656,#2191,#2192);
#1760=AXIS2_PLACEMENT_3D('',#2659,#2194,#2195);
#1761=AXIS2_PLACEMENT_3D('',#2660,#2196,#2197);
#1762=AXIS2_PLACEMENT_3D('',#2662,#2198,#2199);
#1763=AXIS2_PLACEMENT_3D('',#2664,#2201,#2202);
#1764=AXIS2_PLACEMENT_3D('',#2666,#2203,#2204);
#1765=AXIS2_PLACEMENT_3D('',#2668,#2205,#2206);
#1766=AXIS2_PLACEMENT_3D('',#2670,#2208,#2209);
#1767=AXIS2_PLACEMENT_3D('',#2673,#2212,#2213);
#1768=AXIS2_PLACEMENT_3D('',#2677,#2216,#2217);
#1769=AXIS2_PLACEMENT_3D('',#2679,#2218,#2219);
#1770=AXIS2_PLACEMENT_3D('',#2681,#2221,#2222);
#1771=AXIS2_PLACEMENT_3D('',#2685,#2225,#2226);
#1772=AXIS2_PLACEMENT_3D('',#2686,#2227,#2228);
#1773=AXIS2_PLACEMENT_3D('',#2687,#2229,#2230);
#1774=AXIS2_PLACEMENT_3D('',#2689,#2232,#2233);
#1775=AXIS2_PLACEMENT_3D('',#2693,#2236,#2237);
#1776=AXIS2_PLACEMENT_3D('',#2696,#2239,#2240);
#1777=AXIS2_PLACEMENT_3D('',#2697,#2241,#2242);
#1778=AXIS2_PLACEMENT_3D('',#2701,#2245,#2246);
#1779=AXIS2_PLACEMENT_3D('',#2704,#2248,#2249);
#1780=AXIS2_PLACEMENT_3D('',#2705,#2250,#2251);
#1781=AXIS2_PLACEMENT_3D('',#2707,#2253,#2254);
#1782=AXIS2_PLACEMENT_3D('',#2711,#2257,#2258);
#1783=AXIS2_PLACEMENT_3D('',#2713,#2259,#2260);
#1784=AXIS2_PLACEMENT_3D('',#2715,#2262,#2263);
#1785=AXIS2_PLACEMENT_3D('',#2719,#2266,#2267);
#1786=AXIS2_PLACEMENT_3D('',#2720,#2268,#2269);
#1787=AXIS2_PLACEMENT_3D('',#2721,#2270,#2271);
#1788=DIRECTION('axis',(0.,0.,1.));
#1789=DIRECTION('refdir',(1.,0.,0.));
#1790=DIRECTION('center_axis',(0.,1.,0.));
#1791=DIRECTION('ref_axis',(1.,0.,0.));
#1792=DIRECTION('center_axis',(0.,1.,0.));
#1793=DIRECTION('ref_axis',(1.,0.,0.));
#1794=DIRECTION('',(0.,1.,0.));
#1795=DIRECTION('center_axis',(0.,1.,0.));
#1796=DIRECTION('ref_axis',(1.,0.,0.));
#1797=DIRECTION('center_axis',(0.,1.,0.));
#1798=DIRECTION('ref_axis',(1.,0.,0.));
#1799=DIRECTION('center_axis',(0.,-1.,0.));
#1800=DIRECTION('ref_axis',(1.,0.,0.));
#1801=DIRECTION('center_axis',(0.,1.,0.));
#1802=DIRECTION('ref_axis',(1.,0.,0.));
#1803=DIRECTION('center_axis',(0.,1.,0.));
#1804=DIRECTION('ref_axis',(1.,0.,0.));
#1805=DIRECTION('',(0.,1.,0.));
#1806=DIRECTION('center_axis',(0.,1.,0.));
#1807=DIRECTION('ref_axis',(1.,0.,0.));
#1808=DIRECTION('center_axis',(0.,1.,0.));
#1809=DIRECTION('ref_axis',(1.,0.,0.));
#1810=DIRECTION('center_axis',(0.,-1.,0.));
#1811=DIRECTION('ref_axis',(1.,0.,0.));
#1812=DIRECTION('center_axis',(0.,1.,0.));
#1813=DIRECTION('ref_axis',(1.,0.,0.));
#1814=DIRECTION('center_axis',(0.,1.,0.));
#1815=DIRECTION('ref_axis',(1.,0.,0.));
#1816=DIRECTION('',(0.,1.,0.));
#1817=DIRECTION('center_axis',(0.,1.,0.));
#1818=DIRECTION('ref_axis',(1.,0.,0.));
#1819=DIRECTION('center_axis',(0.,1.,0.));
#1820=DIRECTION('ref_axis',(1.,0.,0.));
#1821=DIRECTION('center_axis',(0.,-1.,0.));
#1822=DIRECTION('ref_axis',(1.,0.,0.));
#1823=DIRECTION('center_axis',(0.,1.,0.));
#1824=DIRECTION('ref_axis',(1.,0.,0.));
#1825=DIRECTION('center_axis',(0.,1.,0.));
#1826=DIRECTION('ref_axis',(1.,0.,0.));
#1827=DIRECTION('',(0.,1.,0.));
#1828=DIRECTION('center_axis',(0.,1.,0.));
#1829=DIRECTION('ref_axis',(1.,0.,0.));
#1830=DIRECTION('center_axis',(0.,1.,0.));
#1831=DIRECTION('ref_axis',(1.,0.,0.));
#1832=DIRECTION('center_axis',(0.,-1.,0.));
#1833=DIRECTION('ref_axis',(1.,0.,0.));
#1834=DIRECTION('center_axis',(0.,-0.707106781186547,0.707106781186548));
#1835=DIRECTION('ref_axis',(1.,0.,0.));
#1836=DIRECTION('',(1.,0.,0.));
#1837=DIRECTION('',(-0.577350269189626,0.577350269189626,0.577350269189626));
#1838=DIRECTION('',(-1.,0.,0.));
#1839=DIRECTION('',(-0.577350269189626,-0.577350269189626,-0.577350269189626));
#1840=DIRECTION('center_axis',(-0.707106781186547,-0.707106781186548,0.));
#1841=DIRECTION('ref_axis',(0.,0.,1.));
#1842=DIRECTION('',(0.,0.,1.));
#1843=DIRECTION('',(-0.577350269189624,0.577350269189626,-0.577350269189627));
#1844=DIRECTION('',(0.,0.,-1.));
#1845=DIRECTION('center_axis',(0.,-0.707106781186548,-0.707106781186547));
#1846=DIRECTION('ref_axis',(-1.,0.,0.));
#1847=DIRECTION('',(-1.,0.,0.));
#1848=DIRECTION('',(0.577350269189626,0.577350269189626,-0.577350269189626));
#1849=DIRECTION('',(1.,0.,0.));
#1850=DIRECTION('center_axis',(0.707106781186547,-0.707106781186548,0.));
#1851=DIRECTION('ref_axis',(0.,0.,-1.));
#1852=DIRECTION('',(0.,0.,1.));
#1853=DIRECTION('',(0.,0.,-1.));
#1854=DIRECTION('center_axis',(-1.,0.,0.));
#1855=DIRECTION('ref_axis',(0.,0.,1.));
#1856=DIRECTION('',(0.,1.,0.));
#1857=DIRECTION('',(0.,0.,-1.));
#1858=DIRECTION('',(0.,1.,0.));
#1859=DIRECTION('center_axis',(0.,0.,-1.));
#1860=DIRECTION('ref_axis',(-1.,0.,0.));
#1861=DIRECTION('',(0.,1.,0.));
#1862=DIRECTION('',(1.,0.,0.));
#1863=DIRECTION('center_axis',(0.,1.,0.));
#1864=DIRECTION('ref_axis',(1.,0.,0.));
#1865=DIRECTION('',(0.,0.,-1.));
#1866=DIRECTION('center_axis',(0.,1.,0.));
#1867=DIRECTION('ref_axis',(0.,0.,1.));
#1868=DIRECTION('',(1.,0.,0.));
#1869=DIRECTION('center_axis',(0.,1.,0.));
#1870=DIRECTION('ref_axis',(-1.,0.,0.));
#1871=DIRECTION('',(0.,0.,1.));
#1872=DIRECTION('center_axis',(0.,1.,0.));
#1873=DIRECTION('ref_axis',(0.,0.,-1.));
#1874=DIRECTION('',(-1.,0.,0.));
#1875=DIRECTION('center_axis',(0.,1.,0.));
#1876=DIRECTION('ref_axis',(1.,0.,0.));
#1877=DIRECTION('',(1.,0.,0.));
#1878=DIRECTION('',(0.,0.,-1.));
#1879=DIRECTION('',(-1.,0.,0.));
#1880=DIRECTION('',(0.,0.,1.));
#1881=DIRECTION('center_axis',(0.,-1.,0.));
#1882=DIRECTION('ref_axis',(1.,0.,0.));
#1883=DIRECTION('center_axis',(0.,-1.,0.));
#1884=DIRECTION('ref_axis',(1.,0.,0.));
#1885=DIRECTION('center_axis',(0.,-1.,0.));
#1886=DIRECTION('ref_axis',(1.,0.,0.));
#1887=DIRECTION('center_axis',(0.,-0.707106781186548,0.707106781186547));
#1888=DIRECTION('ref_axis',(1.,0.,0.));
#1889=DIRECTION('',(-0.577350269189626,0.577350269189626,0.577350269189626));
#1890=DIRECTION('',(-1.,0.,0.));
#1891=DIRECTION('',(-0.577350269189626,-0.577350269189626,-0.577350269189626));
#1892=DIRECTION('center_axis',(-0.707106781186547,-0.707106781186548,0.));
#1893=DIRECTION('ref_axis',(0.,0.,1.));
#1894=DIRECTION('',(-0.577350269189624,0.577350269189626,-0.577350269189627));
#1895=DIRECTION('',(0.,0.,-1.));
#1896=DIRECTION('center_axis',(0.,-0.707106781186548,-0.707106781186547));
#1897=DIRECTION('ref_axis',(-1.,0.,0.));
#1898=DIRECTION('',(0.577350269189626,0.577350269189626,-0.577350269189626));
#1899=DIRECTION('',(1.,0.,0.));
#1900=DIRECTION('center_axis',(0.707106781186547,-0.707106781186548,0.));
#1901=DIRECTION('ref_axis',(0.,0.,-1.));
#1902=DIRECTION('',(0.,0.,1.));
#1903=DIRECTION('center_axis',(-1.,0.,0.));
#1904=DIRECTION('ref_axis',(0.,0.,1.));
#1905=DIRECTION('',(0.,1.,0.));
#1906=DIRECTION('',(0.,0.,-1.));
#1907=DIRECTION('',(0.,1.,0.));
#1908=DIRECTION('center_axis',(0.,0.,-1.));
#1909=DIRECTION('ref_axis',(-1.,0.,0.));
#1910=DIRECTION('',(0.,1.,0.));
#1911=DIRECTION('',(1.,0.,0.));
#1912=DIRECTION('center_axis',(0.,-1.,0.));
#1913=DIRECTION('ref_axis',(1.,0.,0.));
#1914=DIRECTION('',(0.707106781186548,0.707106781186547,8.65956056235494E-17));
#1915=DIRECTION('center_axis',(0.,1.,0.));
#1916=DIRECTION('ref_axis',(1.,0.,0.));
#1917=DIRECTION('center_axis',(0.,1.,0.));
#1918=DIRECTION('ref_axis',(1.,0.,0.));
#1919=DIRECTION('',(0.,1.,0.));
#1920=DIRECTION('center_axis',(0.,-1.,0.));
#1921=DIRECTION('ref_axis',(1.,0.,0.));
#1922=DIRECTION('center_axis',(0.,-1.,0.));
#1923=DIRECTION('ref_axis',(1.,0.,0.));
#1924=DIRECTION('',(0.707106781186547,0.707106781186548,8.65956056235493E-17));
#1925=DIRECTION('center_axis',(0.,1.,0.));
#1926=DIRECTION('ref_axis',(1.,0.,0.));
#1927=DIRECTION('center_axis',(0.,1.,0.));
#1928=DIRECTION('ref_axis',(1.,0.,0.));
#1929=DIRECTION('',(0.,1.,0.));
#1930=DIRECTION('center_axis',(0.,-1.,0.));
#1931=DIRECTION('ref_axis',(1.,0.,0.));
#1932=DIRECTION('center_axis',(0.,-1.,0.));
#1933=DIRECTION('ref_axis',(1.,0.,0.));
#1934=DIRECTION('',(0.707106781186548,0.707106781186547,8.65956056235494E-17));
#1935=DIRECTION('center_axis',(0.,1.,0.));
#1936=DIRECTION('ref_axis',(1.,0.,0.));
#1937=DIRECTION('center_axis',(0.,1.,0.));
#1938=DIRECTION('ref_axis',(1.,0.,0.));
#1939=DIRECTION('',(0.,1.,0.));
#1940=DIRECTION('center_axis',(0.,-1.,0.));
#1941=DIRECTION('ref_axis',(1.,0.,0.));
#1942=DIRECTION('center_axis',(0.707106781186547,-0.707106781186548,0.));
#1943=DIRECTION('ref_axis',(0.,0.,-1.));
#1944=DIRECTION('',(0.707106781186548,0.707106781186547,-1.57009245868377E-15));
#1945=DIRECTION('',(0.,0.,1.));
#1946=DIRECTION('',(-0.707106781186548,-0.707106781186547,0.));
#1947=DIRECTION('center_axis',(0.,1.,0.));
#1948=DIRECTION('ref_axis',(1.,0.,0.));
#1949=DIRECTION('',(0.,0.707106781186547,-0.707106781186548));
#1950=DIRECTION('center_axis',(0.,-1.,0.));
#1951=DIRECTION('ref_axis',(1.,0.,0.));
#1952=DIRECTION('center_axis',(0.,-0.707106781186548,-0.707106781186547));
#1953=DIRECTION('ref_axis',(-1.,0.,0.));
#1954=DIRECTION('',(-1.57009245868377E-15,0.707106781186547,-0.707106781186548));
#1955=DIRECTION('',(1.,0.,0.));
#1956=DIRECTION('center_axis',(0.,1.,0.));
#1957=DIRECTION('ref_axis',(0.,0.,-1.));
#1958=DIRECTION('',(-0.707106781186548,0.707106781186547,0.));
#1959=DIRECTION('center_axis',(0.,-1.,0.));
#1960=DIRECTION('ref_axis',(0.,0.,-1.));
#1961=DIRECTION('center_axis',(-0.707106781186547,-0.707106781186548,0.));
#1962=DIRECTION('ref_axis',(0.,0.,1.));
#1963=DIRECTION('',(-0.707106781186548,0.707106781186547,0.));
#1964=DIRECTION('',(0.,0.,-1.));
#1965=DIRECTION('center_axis',(0.,1.,0.));
#1966=DIRECTION('ref_axis',(-1.,0.,0.));
#1967=DIRECTION('',(0.,0.707106781186547,0.707106781186548));
#1968=DIRECTION('center_axis',(0.,-1.,0.));
#1969=DIRECTION('ref_axis',(-1.,0.,0.));
#1970=DIRECTION('center_axis',(0.,-0.707106781186548,0.707106781186547));
#1971=DIRECTION('ref_axis',(1.,0.,0.));
#1972=DIRECTION('',(0.,0.707106781186547,0.707106781186548));
#1973=DIRECTION('',(-1.,0.,0.));
#1974=DIRECTION('center_axis',(0.,1.,0.));
#1975=DIRECTION('ref_axis',(0.,0.,1.));
#1976=DIRECTION('center_axis',(0.,-1.,0.));
#1977=DIRECTION('ref_axis',(0.,0.,1.));
#1978=DIRECTION('center_axis',(0.,1.,0.));
#1979=DIRECTION('ref_axis',(-1.,0.,0.));
#1980=DIRECTION('',(0.,1.,0.));
#1981=DIRECTION('center_axis',(0.,1.,0.));
#1982=DIRECTION('ref_axis',(-1.,0.,0.));
#1983=DIRECTION('',(0.,1.,0.));
#1984=DIRECTION('center_axis',(0.,0.,1.));
#1985=DIRECTION('ref_axis',(1.,0.,0.));
#1986=DIRECTION('',(0.,1.,0.));
#1987=DIRECTION('',(1.,0.,0.));
#1988=DIRECTION('center_axis',(0.,1.,0.));
#1989=DIRECTION('ref_axis',(0.,0.,1.));
#1990=DIRECTION('',(0.,1.,0.));
#1991=DIRECTION('center_axis',(0.,1.,0.));
#1992=DIRECTION('ref_axis',(0.,0.,1.));
#1993=DIRECTION('center_axis',(1.,0.,0.));
#1994=DIRECTION('ref_axis',(0.,0.,-1.));
#1995=DIRECTION('',(0.,1.,0.));
#1996=DIRECTION('',(0.,0.,-1.));
#1997=DIRECTION('',(0.,-1.,0.));
#1998=DIRECTION('center_axis',(-1.,0.,0.));
#1999=DIRECTION('ref_axis',(0.,0.,-1.));
#2000=DIRECTION('',(0.,-1.33761810195802E-16,1.));
#2001=DIRECTION('center_axis',(-1.,0.,0.));
#2002=DIRECTION('ref_axis',(0.,-1.,0.));
#2003=DIRECTION('',(0.,1.,0.));
#2004=DIRECTION('center_axis',(-1.,0.,0.));
#2005=DIRECTION('ref_axis',(0.,0.,1.));
#2006=DIRECTION('',(0.,2.67523620391604E-16,-1.));
#2007=DIRECTION('center_axis',(-1.,0.,0.));
#2008=DIRECTION('ref_axis',(0.,1.,0.));
#2009=DIRECTION('center_axis',(0.,1.,0.));
#2010=DIRECTION('ref_axis',(1.,0.,0.));
#2011=DIRECTION('',(0.,1.,0.));
#2012=DIRECTION('center_axis',(0.,1.,0.));
#2013=DIRECTION('ref_axis',(1.,0.,0.));
#2014=DIRECTION('center_axis',(0.,1.,0.));
#2015=DIRECTION('ref_axis',(1.,0.,0.));
#2016=DIRECTION('center_axis',(0.,-1.,0.));
#2017=DIRECTION('ref_axis',(1.,0.,0.));
#2018=DIRECTION('center_axis',(0.,1.,0.));
#2019=DIRECTION('ref_axis',(1.,0.,0.));
#2020=DIRECTION('',(0.,1.,0.));
#2021=DIRECTION('center_axis',(0.,1.,0.));
#2022=DIRECTION('ref_axis',(1.,0.,0.));
#2023=DIRECTION('center_axis',(0.,1.,0.));
#2024=DIRECTION('ref_axis',(1.,0.,0.));
#2025=DIRECTION('center_axis',(0.,-1.,0.));
#2026=DIRECTION('ref_axis',(1.,0.,0.));
#2027=DIRECTION('center_axis',(0.,1.,0.));
#2028=DIRECTION('ref_axis',(1.,0.,0.));
#2029=DIRECTION('',(0.,1.,0.));
#2030=DIRECTION('center_axis',(0.,1.,0.));
#2031=DIRECTION('ref_axis',(1.,0.,0.));
#2032=DIRECTION('center_axis',(0.,1.,0.));
#2033=DIRECTION('ref_axis',(1.,0.,0.));
#2034=DIRECTION('center_axis',(0.,-1.,0.));
#2035=DIRECTION('ref_axis',(1.,0.,0.));
#2036=DIRECTION('center_axis',(0.,1.,0.));
#2037=DIRECTION('ref_axis',(1.,0.,0.));
#2038=DIRECTION('',(0.,1.,0.));
#2039=DIRECTION('center_axis',(0.,1.,0.));
#2040=DIRECTION('ref_axis',(1.,0.,0.));
#2041=DIRECTION('center_axis',(0.,1.,0.));
#2042=DIRECTION('ref_axis',(1.,0.,0.));
#2043=DIRECTION('center_axis',(0.,-1.,0.));
#2044=DIRECTION('ref_axis',(1.,0.,0.));
#2045=DIRECTION('center_axis',(0.,1.,0.));
#2046=DIRECTION('ref_axis',(-0.707106781186548,0.,-0.707106781186547));
#2047=DIRECTION('',(0.,1.,0.));
#2048=DIRECTION('center_axis',(0.,1.,0.));
#2049=DIRECTION('ref_axis',(1.,0.,0.));
#2050=DIRECTION('',(0.,1.,0.));
#2051=DIRECTION('center_axis',(0.,-1.,0.));
#2052=DIRECTION('ref_axis',(1.,0.,0.));
#2053=DIRECTION('center_axis',(0.,1.,0.));
#2054=DIRECTION('ref_axis',(1.,0.,0.));
#2055=DIRECTION('center_axis',(0.,-1.,0.));
#2056=DIRECTION('ref_axis',(1.,0.,0.));
#2057=DIRECTION('',(0.,-1.,0.));
#2058=DIRECTION('center_axis',(0.,1.,0.));
#2059=DIRECTION('ref_axis',(1.,0.,0.));
#2060=DIRECTION('center_axis',(0.,-1.,0.));
#2061=DIRECTION('ref_axis',(0.,0.,1.));
#2062=DIRECTION('center_axis',(0.,1.,0.));
#2063=DIRECTION('ref_axis',(1.,0.,0.));
#2064=DIRECTION('',(0.,0.,-1.));
#2065=DIRECTION('center_axis',(0.,-1.,0.));
#2066=DIRECTION('ref_axis',(1.,0.,0.));
#2067=DIRECTION('',(-1.,0.,0.));
#2068=DIRECTION('center_axis',(0.,-1.,0.));
#2069=DIRECTION('ref_axis',(1.,0.,0.));
#2070=DIRECTION('',(0.,0.,1.));
#2071=DIRECTION('center_axis',(0.,-1.,0.));
#2072=DIRECTION('ref_axis',(1.,0.,0.));
#2073=DIRECTION('',(1.,0.,0.));
#2074=DIRECTION('',(0.,0.,1.));
#2075=DIRECTION('',(-1.,0.,0.));
#2076=DIRECTION('',(0.,0.,1.));
#2077=DIRECTION('',(-1.,0.,0.));
#2078=DIRECTION('center_axis',(0.,1.,0.));
#2079=DIRECTION('ref_axis',(1.,0.,0.));
#2080=DIRECTION('',(0.,1.,0.));
#2081=DIRECTION('',(0.,1.,0.));
#2082=DIRECTION('center_axis',(0.,1.,0.));
#2083=DIRECTION('ref_axis',(1.,0.,0.));
#2084=DIRECTION('center_axis',(0.,1.,0.));
#2085=DIRECTION('ref_axis',(1.,0.,0.));
#2086=DIRECTION('center_axis',(0.,-1.,0.));
#2087=DIRECTION('ref_axis',(1.,0.,0.));
#2088=DIRECTION('',(0.,-1.,0.));
#2089=DIRECTION('center_axis',(0.,1.,0.));
#2090=DIRECTION('ref_axis',(1.,0.,0.));
#2091=DIRECTION('center_axis',(0.,-1.,0.));
#2092=DIRECTION('ref_axis',(0.,0.,-1.));
#2093=DIRECTION('center_axis',(0.,1.,0.));
#2094=DIRECTION('ref_axis',(0.,0.,-1.));
#2095=DIRECTION('',(0.,1.,0.));
#2096=DIRECTION('center_axis',(0.,-1.,0.));
#2097=DIRECTION('ref_axis',(0.,0.,-1.));
#2098=DIRECTION('',(0.,1.,0.));
#2099=DIRECTION('center_axis',(0.,1.,0.));
#2100=DIRECTION('ref_axis',(-0.707106781186548,0.,0.707106781186547));
#2101=DIRECTION('',(0.,1.,0.));
#2102=DIRECTION('',(0.,1.,0.));
#2103=DIRECTION('center_axis',(0.,1.,0.));
#2104=DIRECTION('ref_axis',(1.,0.,0.));
#2105=DIRECTION('center_axis',(0.,1.,0.));
#2106=DIRECTION('ref_axis',(1.,0.,0.));
#2107=DIRECTION('center_axis',(0.,-1.,0.));
#2108=DIRECTION('ref_axis',(1.,0.,0.));
#2109=DIRECTION('',(0.,-1.,0.));
#2110=DIRECTION('center_axis',(0.,1.,0.));
#2111=DIRECTION('ref_axis',(1.,0.,0.));
#2112=DIRECTION('center_axis',(0.,-1.,0.));
#2113=DIRECTION('ref_axis',(1.,0.,0.));
#2114=DIRECTION('center_axis',(0.,1.,0.));
#2115=DIRECTION('ref_axis',(1.,0.,0.));
#2116=DIRECTION('',(0.,1.,0.));
#2117=DIRECTION('center_axis',(0.,-1.,0.));
#2118=DIRECTION('ref_axis',(1.,0.,0.));
#2119=DIRECTION('',(0.,1.,0.));
#2120=DIRECTION('center_axis',(0.,1.,0.));
#2121=DIRECTION('ref_axis',(1.,0.,0.));
#2122=DIRECTION('',(0.,1.,0.));
#2123=DIRECTION('center_axis',(0.,1.,0.));
#2124=DIRECTION('ref_axis',(1.,0.,0.));
#2125=DIRECTION('',(0.,1.,0.));
#2126=DIRECTION('center_axis',(0.,1.,0.));
#2127=DIRECTION('ref_axis',(1.,0.,0.));
#2128=DIRECTION('center_axis',(0.,-1.,0.));
#2129=DIRECTION('ref_axis',(1.,0.,0.));
#2130=DIRECTION('',(0.,-1.,0.));
#2131=DIRECTION('center_axis',(0.,1.,0.));
#2132=DIRECTION('ref_axis',(1.,0.,0.));
#2133=DIRECTION('center_axis',(0.,-1.,0.));
#2134=DIRECTION('ref_axis',(-1.,0.,0.));
#2135=DIRECTION('center_axis',(1.,0.,0.));
#2136=DIRECTION('ref_axis',(0.,0.,-1.));
#2137=DIRECTION('',(0.,1.,0.));
#2138=DIRECTION('center_axis',(0.,0.,1.));
#2139=DIRECTION('ref_axis',(1.,0.,0.));
#2140=DIRECTION('center_axis',(1.,0.,0.));
#2141=DIRECTION('ref_axis',(0.,0.,-1.));
#2142=DIRECTION('',(0.,1.,0.));
#2143=DIRECTION('center_axis',(0.,0.,1.));
#2144=DIRECTION('ref_axis',(1.,0.,0.));
#2145=DIRECTION('center_axis',(0.,0.,1.));
#2146=DIRECTION('ref_axis',(0.,-1.,0.));
#2147=DIRECTION('',(0.,1.,0.));
#2148=DIRECTION('',(1.,0.,0.));
#2149=DIRECTION('',(0.,-1.,0.));
#2150=DIRECTION('',(1.,0.,0.));
#2151=DIRECTION('center_axis',(0.,0.,1.));
#2152=DIRECTION('ref_axis',(0.,-1.,0.));
#2153=DIRECTION('',(0.,-1.,0.));
#2154=DIRECTION('',(1.,0.,0.));
#2155=DIRECTION('',(1.,0.,0.));
#2156=DIRECTION('center_axis',(1.,0.,0.));
#2157=DIRECTION('ref_axis',(0.,-1.,0.));
#2158=DIRECTION('center_axis',(-1.,0.,0.));
#2159=DIRECTION('ref_axis',(0.,-1.,0.));
#2160=DIRECTION('',(1.,0.,0.));
#2161=DIRECTION('center_axis',(1.,0.,0.));
#2162=DIRECTION('ref_axis',(0.,-1.,0.));
#2163=DIRECTION('center_axis',(1.,0.,0.));
#2164=DIRECTION('ref_axis',(0.,-1.,0.));
#2165=DIRECTION('center_axis',(1.,0.,0.));
#2166=DIRECTION('ref_axis',(0.,-1.,0.));
#2167=DIRECTION('',(1.,0.,0.));
#2168=DIRECTION('center_axis',(1.,0.,0.));
#2169=DIRECTION('ref_axis',(0.,0.,1.));
#2170=DIRECTION('center_axis',(-1.,0.,0.));
#2171=DIRECTION('ref_axis',(0.,0.,1.));
#2172=DIRECTION('center_axis',(1.,0.,0.));
#2173=DIRECTION('ref_axis',(0.,0.,1.));
#2174=DIRECTION('',(1.,0.,0.));
#2175=DIRECTION('center_axis',(0.,-1.,-1.33761810195802E-16));
#2176=DIRECTION('ref_axis',(0.,1.33761810195802E-16,-1.));
#2177=DIRECTION('',(0.,-1.33761810195802E-16,1.));
#2178=DIRECTION('',(1.,0.,0.));
#2179=DIRECTION('',(0.,1.33761810195802E-16,-1.));
#2180=DIRECTION('center_axis',(0.,-1.,-1.33761810195802E-16));
#2181=DIRECTION('ref_axis',(0.,1.33761810195802E-16,-1.));
#2182=DIRECTION('',(0.,1.33761810195802E-16,-1.));
#2183=DIRECTION('',(1.,0.,0.));
#2184=DIRECTION('center_axis',(0.,1.,2.67523620391604E-16));
#2185=DIRECTION('ref_axis',(0.,-2.67523620391604E-16,1.));
#2186=DIRECTION('',(0.,2.67523620391604E-16,-1.));
#2187=DIRECTION('',(0.,-2.67523620391604E-16,1.));
#2188=DIRECTION('',(1.,0.,0.));
#2189=DIRECTION('center_axis',(1.,0.,0.));
#2190=DIRECTION('ref_axis',(0.,0.,-1.));
#2191=DIRECTION('center_axis',(-1.,0.,0.));
#2192=DIRECTION('ref_axis',(0.,0.,-1.));
#2193=DIRECTION('',(1.,0.,0.));
#2194=DIRECTION('center_axis',(1.,0.,0.));
#2195=DIRECTION('ref_axis',(0.,0.,-1.));
#2196=DIRECTION('center_axis',(1.,0.,0.));
#2197=DIRECTION('ref_axis',(0.,0.,-1.));
#2198=DIRECTION('center_axis',(1.,0.,0.));
#2199=DIRECTION('ref_axis',(0.,0.,-1.));
#2200=DIRECTION('',(1.,0.,0.));
#2201=DIRECTION('center_axis',(1.,0.,0.));
#2202=DIRECTION('ref_axis',(0.,1.,0.));
#2203=DIRECTION('center_axis',(-1.,0.,0.));
#2204=DIRECTION('ref_axis',(0.,1.,0.));
#2205=DIRECTION('center_axis',(1.,0.,0.));
#2206=DIRECTION('ref_axis',(0.,1.,0.));
#2207=DIRECTION('',(1.,0.,0.));
#2208=DIRECTION('center_axis',(0.,0.,-1.));
#2209=DIRECTION('ref_axis',(0.,1.,0.));
#2210=DIRECTION('',(0.,-1.,0.));
#2211=DIRECTION('',(0.,1.,0.));
#2212=DIRECTION('center_axis',(0.,0.,-1.));
#2213=DIRECTION('ref_axis',(0.,1.,0.));
#2214=DIRECTION('',(0.,1.,0.));
#2215=DIRECTION('',(1.,0.,0.));
#2216=DIRECTION('center_axis',(1.,0.,0.));
#2217=DIRECTION('ref_axis',(0.,0.,1.));
#2218=DIRECTION('center_axis',(1.,0.,0.));
#2219=DIRECTION('ref_axis',(0.,0.,1.));
#2220=DIRECTION('',(1.,0.,0.));
#2221=DIRECTION('center_axis',(0.,1.,2.67523620391604E-16));
#2222=DIRECTION('ref_axis',(0.,-2.67523620391604E-16,1.));
#2223=DIRECTION('',(0.,-2.67523620391604E-16,1.));
#2224=DIRECTION('',(1.,0.,0.));
#2225=DIRECTION('center_axis',(1.,0.,0.));
#2226=DIRECTION('ref_axis',(0.,1.,0.));
#2227=DIRECTION('center_axis',(1.,0.,0.));
#2228=DIRECTION('ref_axis',(0.,1.,0.));
#2229=DIRECTION('center_axis',(0.,0.,-1.));
#2230=DIRECTION('ref_axis',(-1.,0.,0.));
#2231=DIRECTION('',(1.,0.,0.));
#2232=DIRECTION('center_axis',(1.,0.,0.));
#2233=DIRECTION('ref_axis',(0.,0.,-1.));
#2234=DIRECTION('',(0.,0.,1.));
#2235=DIRECTION('',(0.,1.,0.));
#2236=DIRECTION('center_axis',(0.,1.,0.));
#2237=DIRECTION('ref_axis',(0.,0.,1.));
#2238=DIRECTION('',(0.,1.,0.));
#2239=DIRECTION('center_axis',(0.,-1.,0.));
#2240=DIRECTION('ref_axis',(0.,0.,1.));
#2241=DIRECTION('center_axis',(0.,0.,1.));
#2242=DIRECTION('ref_axis',(1.,0.,0.));
#2243=DIRECTION('',(-1.,0.,0.));
#2244=DIRECTION('',(0.,1.,0.));
#2245=DIRECTION('center_axis',(0.,1.,0.));
#2246=DIRECTION('ref_axis',(-1.,0.,0.));
#2247=DIRECTION('',(0.,1.,0.));
#2248=DIRECTION('center_axis',(0.,-1.,0.));
#2249=DIRECTION('ref_axis',(-1.,0.,0.));
#2250=DIRECTION('center_axis',(-1.,0.,0.));
#2251=DIRECTION('ref_axis',(0.,0.,1.));
#2252=DIRECTION('',(0.,0.,-1.));
#2253=DIRECTION('center_axis',(-1.,0.,0.));
#2254=DIRECTION('ref_axis',(0.,0.,1.));
#2255=DIRECTION('',(0.,0.,1.));
#2256=DIRECTION('',(0.,1.,0.));
#2257=DIRECTION('center_axis',(0.,1.,0.));
#2258=DIRECTION('ref_axis',(0.,0.,-1.));
#2259=DIRECTION('center_axis',(0.,1.,0.));
#2260=DIRECTION('ref_axis',(0.,0.,-1.));
#2261=DIRECTION('',(0.,1.,0.));
#2262=DIRECTION('center_axis',(0.,0.,-1.));
#2263=DIRECTION('ref_axis',(-1.,0.,0.));
#2264=DIRECTION('',(-1.,0.,0.));
#2265=DIRECTION('',(0.,1.,0.));
#2266=DIRECTION('center_axis',(0.,1.,0.));
#2267=DIRECTION('ref_axis',(1.,0.,0.));
#2268=DIRECTION('center_axis',(0.,1.,0.));
#2269=DIRECTION('ref_axis',(1.,0.,0.));
#2270=DIRECTION('center_axis',(0.,1.,0.));
#2271=DIRECTION('ref_axis',(1.,0.,0.));
#2272=CARTESIAN_POINT('',(0.,0.,0.));
#2273=CARTESIAN_POINT('Origin',(-37.,0.,28.5));
#2274=CARTESIAN_POINT('',(-39.3,0.,28.5));
#2275=CARTESIAN_POINT('Origin',(-37.,0.,28.5));
#2276=CARTESIAN_POINT('',(-39.3,2.6,28.5));
#2277=CARTESIAN_POINT('',(-39.3,0.,28.5));
#2278=CARTESIAN_POINT('Origin',(-37.,2.6,28.5));
#2279=CARTESIAN_POINT('Origin',(-37.,2.6,28.5));
#2280=CARTESIAN_POINT('',(-38.65,2.6,28.5));
#2281=CARTESIAN_POINT('Origin',(-37.,2.6,28.5));
#2282=CARTESIAN_POINT('Origin',(-37.,0.,-28.5));
#2283=CARTESIAN_POINT('',(-39.3,0.,-28.5));
#2284=CARTESIAN_POINT('Origin',(-37.,0.,-28.5));
#2285=CARTESIAN_POINT('',(-39.3,2.6,-28.5));
#2286=CARTESIAN_POINT('',(-39.3,0.,-28.5));
#2287=CARTESIAN_POINT('Origin',(-37.,2.6,-28.5));
#2288=CARTESIAN_POINT('Origin',(-37.,2.6,-28.5));
#2289=CARTESIAN_POINT('',(-38.65,2.6,-28.5));
#2290=CARTESIAN_POINT('Origin',(-37.,2.6,-28.5));
#2291=CARTESIAN_POINT('Origin',(37.,0.,28.5));
#2292=CARTESIAN_POINT('',(34.7,0.,28.5));
#2293=CARTESIAN_POINT('Origin',(37.,0.,28.5));
#2294=CARTESIAN_POINT('',(34.7,2.6,28.5));
#2295=CARTESIAN_POINT('',(34.7,0.,28.5));
#2296=CARTESIAN_POINT('Origin',(37.,2.6,28.5));
#2297=CARTESIAN_POINT('Origin',(37.,2.6,28.5));
#2298=CARTESIAN_POINT('',(35.35,2.6,28.5));
#2299=CARTESIAN_POINT('Origin',(37.,2.6,28.5));
#2300=CARTESIAN_POINT('Origin',(37.,0.,-28.5));
#2301=CARTESIAN_POINT('',(34.7,0.,-28.5));
#2302=CARTESIAN_POINT('Origin',(37.,0.,-28.5));
#2303=CARTESIAN_POINT('',(34.7,2.6,-28.5));
#2304=CARTESIAN_POINT('',(34.7,0.,-28.5));
#2305=CARTESIAN_POINT('Origin',(37.,2.6,-28.5));
#2306=CARTESIAN_POINT('Origin',(37.,2.6,-28.5));
#2307=CARTESIAN_POINT('',(35.35,2.6,-28.5));
#2308=CARTESIAN_POINT('Origin',(37.,2.6,-28.5));
#2309=CARTESIAN_POINT('Origin',(16.5,0.5,7.6));
#2310=CARTESIAN_POINT('',(-34.,0.,7.1));
#2311=CARTESIAN_POINT('',(34.,0.,7.1));
#2312=CARTESIAN_POINT('',(16.5,0.,7.1));
#2313=CARTESIAN_POINT('',(33.,1.,8.1));
#2314=CARTESIAN_POINT('',(34.,0.,7.1));
#2315=CARTESIAN_POINT('',(-33.,1.,8.1));
#2316=CARTESIAN_POINT('',(16.5,1.,8.1));
#2317=CARTESIAN_POINT('',(-33.,1.,8.1));
#2318=CARTESIAN_POINT('Origin',(33.5,0.5,5.55));
#2319=CARTESIAN_POINT('',(34.,0.,12.1));
#2320=CARTESIAN_POINT('',(34.,0.,5.55));
#2321=CARTESIAN_POINT('',(33.,1.,11.1));
#2322=CARTESIAN_POINT('',(34.,0.,12.1));
#2323=CARTESIAN_POINT('',(33.,1.,5.55));
#2324=CARTESIAN_POINT('Origin',(-16.5,0.5,11.6));
#2325=CARTESIAN_POINT('',(-34.,0.,12.1));
#2326=CARTESIAN_POINT('',(-16.5,0.,12.1));
#2327=CARTESIAN_POINT('',(-33.,1.,11.1));
#2328=CARTESIAN_POINT('',(-34.,0.,12.1));
#2329=CARTESIAN_POINT('',(-16.5,1.,11.1));
#2330=CARTESIAN_POINT('Origin',(-33.5,0.5,4.05));
#2331=CARTESIAN_POINT('',(-33.,1.,4.05));
#2332=CARTESIAN_POINT('',(-34.,0.,4.05));
#2333=CARTESIAN_POINT('Origin',(-33.,0.,8.1));
#2334=CARTESIAN_POINT('',(-33.,2.5,8.1));
#2335=CARTESIAN_POINT('',(-33.,0.,8.1));
#2336=CARTESIAN_POINT('',(-33.,2.5,11.1));
#2337=CARTESIAN_POINT('',(-33.,2.5,4.05));
#2338=CARTESIAN_POINT('',(-33.,0.,11.1));
#2339=CARTESIAN_POINT('Origin',(33.,0.,8.1));
#2340=CARTESIAN_POINT('',(33.,2.5,8.1));
#2341=CARTESIAN_POINT('',(33.,0.,8.1));
#2342=CARTESIAN_POINT('',(16.5,2.5,8.1));
#2343=CARTESIAN_POINT('Origin',(0.,0.,0.));
#2344=CARTESIAN_POINT('',(41.,0.,28.5));
#2345=CARTESIAN_POINT('',(41.,0.,-28.5));
#2346=CARTESIAN_POINT('',(41.,0.,14.25));
#2347=CARTESIAN_POINT('',(37.,0.,32.5));
#2348=CARTESIAN_POINT('Origin',(37.,0.,28.5));
#2349=CARTESIAN_POINT('',(-37.,0.,32.5));
#2350=CARTESIAN_POINT('',(-18.5,0.,32.5));
#2351=CARTESIAN_POINT('',(-41.,0.,28.5));
#2352=CARTESIAN_POINT('Origin',(-37.,0.,28.5));
#2353=CARTESIAN_POINT('',(-41.,0.,-28.5));
#2354=CARTESIAN_POINT('',(-41.,0.,-14.25));
#2355=CARTESIAN_POINT('',(-37.,0.,-32.5));
#2356=CARTESIAN_POINT('Origin',(-37.,0.,-28.5));
#2357=CARTESIAN_POINT('',(37.,0.,-32.5));
#2358=CARTESIAN_POINT('',(18.5,0.,-32.5));
#2359=CARTESIAN_POINT('Origin',(37.,0.,-28.5));
#2360=CARTESIAN_POINT('',(-34.,0.,17.));
#2361=CARTESIAN_POINT('',(34.,0.,17.));
#2362=CARTESIAN_POINT('',(16.5,0.,17.));
#2363=CARTESIAN_POINT('',(-34.,0.,22.));
#2364=CARTESIAN_POINT('',(-34.,0.,9.));
#2365=CARTESIAN_POINT('',(34.,0.,22.));
#2366=CARTESIAN_POINT('',(-16.5,0.,22.));
#2367=CARTESIAN_POINT('',(34.,0.,10.5));
#2368=CARTESIAN_POINT('',(-8.99999999999999,0.,-14.05));
#2369=CARTESIAN_POINT('Origin',(1.346145417358E-14,0.,-14.05));
#2370=CARTESIAN_POINT('',(15.9999998807907,0.,-14.05));
#2371=CARTESIAN_POINT('Origin',(25.,0.,-14.05));
#2372=CARTESIAN_POINT('',(-34.,0.,-14.05));
#2373=CARTESIAN_POINT('Origin',(-25.,0.,-14.05));
#2374=CARTESIAN_POINT('Origin',(16.5,0.5,17.5));
#2375=CARTESIAN_POINT('',(33.,1.,18.));
#2376=CARTESIAN_POINT('',(34.,0.,17.));
#2377=CARTESIAN_POINT('',(-33.,1.,18.));
#2378=CARTESIAN_POINT('',(16.5,1.,18.));
#2379=CARTESIAN_POINT('',(-33.,1.,18.));
#2380=CARTESIAN_POINT('Origin',(33.5,0.5,10.5));
#2381=CARTESIAN_POINT('',(33.,1.,21.));
#2382=CARTESIAN_POINT('',(34.,0.,22.));
#2383=CARTESIAN_POINT('',(33.,1.,10.5));
#2384=CARTESIAN_POINT('Origin',(-16.5,0.5,21.5));
#2385=CARTESIAN_POINT('',(-33.,1.,21.));
#2386=CARTESIAN_POINT('',(-34.,0.,22.));
#2387=CARTESIAN_POINT('',(-16.5,1.,21.));
#2388=CARTESIAN_POINT('Origin',(-33.5,0.5,9.));
#2389=CARTESIAN_POINT('',(-33.,1.,9.));
#2390=CARTESIAN_POINT('Origin',(-33.,0.,18.));
#2391=CARTESIAN_POINT('',(-33.,2.5,18.));
#2392=CARTESIAN_POINT('',(-33.,0.,18.));
#2393=CARTESIAN_POINT('',(-33.,2.5,21.));
#2394=CARTESIAN_POINT('',(-33.,2.5,9.));
#2395=CARTESIAN_POINT('',(-33.,0.,21.));
#2396=CARTESIAN_POINT('Origin',(33.,0.,18.));
#2397=CARTESIAN_POINT('',(33.,2.5,18.));
#2398=CARTESIAN_POINT('',(33.,0.,18.));
#2399=CARTESIAN_POINT('',(16.5,2.5,18.));
#2400=CARTESIAN_POINT('Origin',(-25.,0.5,-14.05));
#2401=CARTESIAN_POINT('',(-33.,1.,-14.05));
#2402=CARTESIAN_POINT('',(-33.5,0.5,-14.05));
#2403=CARTESIAN_POINT('Origin',(-25.,1.,-14.05));
#2404=CARTESIAN_POINT('Origin',(-25.,0.,-14.05));
#2405=CARTESIAN_POINT('',(-33.,2.5,-14.05));
#2406=CARTESIAN_POINT('',(-33.,0.,-14.05));
#2407=CARTESIAN_POINT('Origin',(-25.,2.5,-14.05));
#2408=CARTESIAN_POINT('Origin',(1.346145417358E-14,0.5,-14.05));
#2409=CARTESIAN_POINT('',(-7.99999999999999,1.,-14.05));
#2410=CARTESIAN_POINT('',(-8.49999999999999,0.5,-14.05));
#2411=CARTESIAN_POINT('Origin',(1.346145417358E-14,1.,-14.05));
#2412=CARTESIAN_POINT('Origin',(1.346145417358E-14,0.,-14.05));
#2413=CARTESIAN_POINT('',(-7.99999999999999,2.5,-14.05));
#2414=CARTESIAN_POINT('',(-7.99999999999999,0.,-14.05));
#2415=CARTESIAN_POINT('Origin',(1.346145417358E-14,2.5,-14.05));
#2416=CARTESIAN_POINT('Origin',(25.,0.5,-14.05));
#2417=CARTESIAN_POINT('',(16.9999998807907,1.,-14.05));
#2418=CARTESIAN_POINT('',(16.4999998807907,0.5,-14.05));
#2419=CARTESIAN_POINT('Origin',(25.,1.,-14.05));
#2420=CARTESIAN_POINT('Origin',(25.,0.,-14.05));
#2421=CARTESIAN_POINT('',(16.9999998807907,2.5,-14.05));
#2422=CARTESIAN_POINT('',(16.9999998807907,0.,-14.05));
#2423=CARTESIAN_POINT('Origin',(25.,2.5,-14.05));
#2424=CARTESIAN_POINT('Origin',(42.,1.,14.25));
#2425=CARTESIAN_POINT('',(43.,2.,-28.5));
#2426=CARTESIAN_POINT('',(41.,0.,-28.5));
#2427=CARTESIAN_POINT('',(43.,2.,28.5));
#2428=CARTESIAN_POINT('',(43.,2.,14.25));
#2429=CARTESIAN_POINT('',(43.,2.,28.5));
#2430=CARTESIAN_POINT('Origin',(37.,1.,-28.5));
#2431=CARTESIAN_POINT('',(37.,2.,-34.5));
#2432=CARTESIAN_POINT('',(37.,0.,-32.5));
#2433=CARTESIAN_POINT('Origin',(37.,2.,-28.5));
#2434=CARTESIAN_POINT('Origin',(18.5,1.,-33.5));
#2435=CARTESIAN_POINT('',(-37.,2.,-34.5));
#2436=CARTESIAN_POINT('',(-37.,0.,-32.5));
#2437=CARTESIAN_POINT('',(18.5,2.,-34.5));
#2438=CARTESIAN_POINT('Origin',(-37.,1.,-28.5));
#2439=CARTESIAN_POINT('',(-43.,2.,-28.5));
#2440=CARTESIAN_POINT('',(-41.,0.,-28.5));
#2441=CARTESIAN_POINT('Origin',(-37.,2.,-28.5));
#2442=CARTESIAN_POINT('Origin',(-42.,1.,-14.25));
#2443=CARTESIAN_POINT('',(-43.,2.,28.5));
#2444=CARTESIAN_POINT('',(-41.,0.,28.5));
#2445=CARTESIAN_POINT('',(-43.,2.,-14.25));
#2446=CARTESIAN_POINT('Origin',(-37.,1.,28.5));
#2447=CARTESIAN_POINT('',(-37.,2.,34.5));
#2448=CARTESIAN_POINT('',(-37.,0.,32.5));
#2449=CARTESIAN_POINT('Origin',(-37.,2.,28.5));
#2450=CARTESIAN_POINT('Origin',(-18.5,1.,33.5));
#2451=CARTESIAN_POINT('',(37.,2.,34.5));
#2452=CARTESIAN_POINT('',(37.,0.,32.5));
#2453=CARTESIAN_POINT('',(-18.5,2.,34.5));
#2454=CARTESIAN_POINT('Origin',(37.,1.,28.5));
#2455=CARTESIAN_POINT('Origin',(37.,2.,28.5));
#2456=CARTESIAN_POINT('Origin',(-37.,0.,28.5));
#2457=CARTESIAN_POINT('',(-37.,16.6,34.5));
#2458=CARTESIAN_POINT('',(-37.,0.,34.5));
#2459=CARTESIAN_POINT('',(-43.,16.6,28.5));
#2460=CARTESIAN_POINT('Origin',(-37.,16.6,28.5));
#2461=CARTESIAN_POINT('',(-43.,0.,28.5));
#2462=CARTESIAN_POINT('Origin',(-37.,0.,34.5));
#2463=CARTESIAN_POINT('',(37.,16.6,34.5));
#2464=CARTESIAN_POINT('',(37.,0.,34.5));
#2465=CARTESIAN_POINT('',(-37.,16.6,34.5));
#2466=CARTESIAN_POINT('Origin',(37.,0.,28.5));
#2467=CARTESIAN_POINT('',(43.,16.6,28.5));
#2468=CARTESIAN_POINT('',(43.,0.,28.5));
#2469=CARTESIAN_POINT('Origin',(37.,16.6,28.5));
#2470=CARTESIAN_POINT('Origin',(43.,0.,28.5));
#2471=CARTESIAN_POINT('',(43.,16.6,-28.5));
#2472=CARTESIAN_POINT('',(43.,0.,-28.5));
#2473=CARTESIAN_POINT('',(43.,16.6,28.5));
#2474=CARTESIAN_POINT('',(43.,9.00000000000001,-10.3));
#2475=CARTESIAN_POINT('',(43.,8.80000000000001,-10.3));
#2476=CARTESIAN_POINT('',(43.,4.4,-10.3));
#2477=CARTESIAN_POINT('',(43.,6.8,-8.29999999999999));
#2478=CARTESIAN_POINT('Origin',(43.,8.80000000000001,-8.29999999999999));
#2479=CARTESIAN_POINT('',(43.,6.8,8.29999999999999));
#2480=CARTESIAN_POINT('',(43.,6.8,18.4));
#2481=CARTESIAN_POINT('',(43.,8.8,10.3));
#2482=CARTESIAN_POINT('Origin',(43.,8.80000000000001,8.29999999999999));
#2483=CARTESIAN_POINT('',(43.,8.99999999999999,10.3));
#2484=CARTESIAN_POINT('',(43.,4.49999999999999,10.3));
#2485=CARTESIAN_POINT('',(43.,11.,8.29999999999999));
#2486=CARTESIAN_POINT('Origin',(43.,8.99999999999999,8.29999999999999));
#2487=CARTESIAN_POINT('',(43.,11.,-8.3));
#2488=CARTESIAN_POINT('',(43.,11.,10.1));
#2489=CARTESIAN_POINT('Origin',(43.,9.00000000000001,-8.3));
#2490=CARTESIAN_POINT('Origin',(37.,0.,-28.5));
#2491=CARTESIAN_POINT('',(35.35,8.,-28.5));
#2492=CARTESIAN_POINT('',(35.35,0.,-28.5));
#2493=CARTESIAN_POINT('Origin',(37.,8.,-28.5));
#2494=CARTESIAN_POINT('Origin',(37.,8.,-28.5));
#2495=CARTESIAN_POINT('',(35.75,8.,-28.5));
#2496=CARTESIAN_POINT('Origin',(37.,8.,-28.5));
#2497=CARTESIAN_POINT('Origin',(-37.,0.,-28.5));
#2498=CARTESIAN_POINT('',(-38.65,8.,-28.5));
#2499=CARTESIAN_POINT('',(-38.65,0.,-28.5));
#2500=CARTESIAN_POINT('Origin',(-37.,8.,-28.5));
#2501=CARTESIAN_POINT('Origin',(-37.,8.,-28.5));
#2502=CARTESIAN_POINT('',(-38.25,8.,-28.5));
#2503=CARTESIAN_POINT('Origin',(-37.,8.,-28.5));
#2504=CARTESIAN_POINT('Origin',(37.,0.,28.5));
#2505=CARTESIAN_POINT('',(35.35,8.,28.5));
#2506=CARTESIAN_POINT('',(35.35,0.,28.5));
#2507=CARTESIAN_POINT('Origin',(37.,8.,28.5));
#2508=CARTESIAN_POINT('Origin',(37.,8.,28.5));
#2509=CARTESIAN_POINT('',(35.75,8.,28.5));
#2510=CARTESIAN_POINT('Origin',(37.,8.,28.5));
#2511=CARTESIAN_POINT('Origin',(-37.,0.,28.5));
#2512=CARTESIAN_POINT('',(-38.65,8.,28.5));
#2513=CARTESIAN_POINT('',(-38.65,0.,28.5));
#2514=CARTESIAN_POINT('Origin',(-37.,8.,28.5));
#2515=CARTESIAN_POINT('Origin',(-37.,8.,28.5));
#2516=CARTESIAN_POINT('',(-38.25,8.,28.5));
#2517=CARTESIAN_POINT('Origin',(-37.,8.,28.5));
#2518=CARTESIAN_POINT('Origin',(37.,0.,28.5));
#2519=CARTESIAN_POINT('',(37.,2.5,32.5));
#2520=CARTESIAN_POINT('',(37.,11.,32.5));
#2521=CARTESIAN_POINT('',(37.,0.,32.5));
#2522=CARTESIAN_POINT('',(41.,11.,28.5));
#2523=CARTESIAN_POINT('Origin',(37.,11.,28.5));
#2524=CARTESIAN_POINT('',(41.,2.5,28.5));
#2525=CARTESIAN_POINT('',(41.,0.,28.5));
#2526=CARTESIAN_POINT('Origin',(37.,2.5,28.5));
#2527=CARTESIAN_POINT('Origin',(37.,0.,28.5));
#2528=CARTESIAN_POINT('',(35.75,11.,28.5));
#2529=CARTESIAN_POINT('Origin',(37.,11.,28.5));
#2530=CARTESIAN_POINT('',(35.75,0.,28.5));
#2531=CARTESIAN_POINT('Origin',(37.,11.,28.5));
#2532=CARTESIAN_POINT('Origin',(37.,11.,28.5));
#2533=CARTESIAN_POINT('Origin',(0.,2.5,0.));
#2534=CARTESIAN_POINT('',(41.,2.5,-28.5));
#2535=CARTESIAN_POINT('',(41.,2.5,14.25));
#2536=CARTESIAN_POINT('',(37.,2.5,-32.5));
#2537=CARTESIAN_POINT('Origin',(37.,2.5,-28.5));
#2538=CARTESIAN_POINT('',(-37.,2.5,-32.5));
#2539=CARTESIAN_POINT('',(18.5,2.5,-32.5));
#2540=CARTESIAN_POINT('',(-41.,2.5,-28.5));
#2541=CARTESIAN_POINT('Origin',(-37.,2.5,-28.5));
#2542=CARTESIAN_POINT('',(-41.,2.5,28.5));
#2543=CARTESIAN_POINT('',(-41.,2.5,-14.25));
#2544=CARTESIAN_POINT('',(-37.,2.5,32.5));
#2545=CARTESIAN_POINT('Origin',(-37.,2.5,28.5));
#2546=CARTESIAN_POINT('',(-18.5,2.5,32.5));
#2547=CARTESIAN_POINT('',(33.,2.5,11.1));
#2548=CARTESIAN_POINT('',(33.,2.5,5.55));
#2549=CARTESIAN_POINT('',(-16.5,2.5,11.1));
#2550=CARTESIAN_POINT('',(33.,2.5,21.));
#2551=CARTESIAN_POINT('',(33.,2.5,10.5));
#2552=CARTESIAN_POINT('',(-16.5,2.5,21.));
#2553=CARTESIAN_POINT('Origin',(-37.,0.,-28.5));
#2554=CARTESIAN_POINT('',(-41.,11.,-28.5));
#2555=CARTESIAN_POINT('',(-41.,0.,-28.5));
#2556=CARTESIAN_POINT('',(-37.,11.,-32.5));
#2557=CARTESIAN_POINT('',(-37.,0.,-32.5));
#2558=CARTESIAN_POINT('Origin',(-37.,11.,-28.5));
#2559=CARTESIAN_POINT('Origin',(-37.,0.,-28.5));
#2560=CARTESIAN_POINT('',(-38.25,11.,-28.5));
#2561=CARTESIAN_POINT('Origin',(-37.,11.,-28.5));
#2562=CARTESIAN_POINT('',(-38.25,0.,-28.5));
#2563=CARTESIAN_POINT('Origin',(-37.,11.,-28.5));
#2564=CARTESIAN_POINT('Origin',(-37.,11.,-28.5));
#2565=CARTESIAN_POINT('Origin',(-37.,0.,-28.5));
#2566=CARTESIAN_POINT('',(-37.,16.6,-32.5));
#2567=CARTESIAN_POINT('',(-37.,0.,-32.5));
#2568=CARTESIAN_POINT('',(-41.,16.6,-28.5));
#2569=CARTESIAN_POINT('Origin',(-37.,16.6,-28.5));
#2570=CARTESIAN_POINT('',(-41.,0.,-28.5));
#2571=CARTESIAN_POINT('Origin',(37.,0.,-28.5));
#2572=CARTESIAN_POINT('',(37.,11.,-32.5));
#2573=CARTESIAN_POINT('',(37.,0.,-32.5));
#2574=CARTESIAN_POINT('',(41.,11.,-28.5));
#2575=CARTESIAN_POINT('',(41.,0.,-28.5));
#2576=CARTESIAN_POINT('Origin',(37.,11.,-28.5));
#2577=CARTESIAN_POINT('Origin',(37.,0.,-28.5));
#2578=CARTESIAN_POINT('',(35.75,11.,-28.5));
#2579=CARTESIAN_POINT('Origin',(37.,11.,-28.5));
#2580=CARTESIAN_POINT('',(35.75,0.,-28.5));
#2581=CARTESIAN_POINT('Origin',(37.,11.,-28.5));
#2582=CARTESIAN_POINT('Origin',(37.,11.,-28.5));
#2583=CARTESIAN_POINT('Origin',(37.,0.,-28.5));
#2584=CARTESIAN_POINT('',(41.,16.6,-28.5));
#2585=CARTESIAN_POINT('',(41.,0.,-28.5));
#2586=CARTESIAN_POINT('',(37.,16.6,-32.5));
#2587=CARTESIAN_POINT('Origin',(37.,16.6,-28.5));
#2588=CARTESIAN_POINT('',(37.,0.,-32.5));
#2589=CARTESIAN_POINT('Origin',(-37.,0.,28.5));
#2590=CARTESIAN_POINT('',(-41.,11.,28.5));
#2591=CARTESIAN_POINT('',(-41.,0.,28.5));
#2592=CARTESIAN_POINT('',(-37.,11.,32.5));
#2593=CARTESIAN_POINT('Origin',(-37.,11.,28.5));
#2594=CARTESIAN_POINT('',(-37.,0.,32.5));
#2595=CARTESIAN_POINT('Origin',(-37.,0.,28.5));
#2596=CARTESIAN_POINT('',(-38.25,11.,28.5));
#2597=CARTESIAN_POINT('Origin',(-37.,11.,28.5));
#2598=CARTESIAN_POINT('',(-38.25,0.,28.5));
#2599=CARTESIAN_POINT('Origin',(-37.,11.,28.5));
#2600=CARTESIAN_POINT('Origin',(-37.,11.,28.5));
#2601=CARTESIAN_POINT('Origin',(33.,0.,21.));
#2602=CARTESIAN_POINT('',(33.,0.,21.));
#2603=CARTESIAN_POINT('Origin',(-33.,0.,21.));
#2604=CARTESIAN_POINT('Origin',(33.,0.,11.1));
#2605=CARTESIAN_POINT('',(33.,0.,11.1));
#2606=CARTESIAN_POINT('Origin',(-33.,0.,11.1));
#2607=CARTESIAN_POINT('Origin',(-43.,8.99999999999999,10.3));
#2608=CARTESIAN_POINT('',(-41.,8.8,10.3));
#2609=CARTESIAN_POINT('',(-41.,8.99999999999999,10.3));
#2610=CARTESIAN_POINT('',(-41.,4.49999999999999,10.3));
#2611=CARTESIAN_POINT('',(-43.,8.8,10.3));
#2612=CARTESIAN_POINT('',(-43.,8.8,10.3));
#2613=CARTESIAN_POINT('',(-43.,8.99999999999999,10.3));
#2614=CARTESIAN_POINT('',(-43.,4.49999999999999,10.3));
#2615=CARTESIAN_POINT('',(-43.,8.99999999999999,10.3));
#2616=CARTESIAN_POINT('Origin',(-43.,8.99999999999999,10.3));
#2617=CARTESIAN_POINT('',(41.,8.99999999999999,10.3));
#2618=CARTESIAN_POINT('',(41.,8.8,10.3));
#2619=CARTESIAN_POINT('',(41.,4.49999999999999,10.3));
#2620=CARTESIAN_POINT('',(-43.,8.99999999999999,10.3));
#2621=CARTESIAN_POINT('',(-43.,8.8,10.3));
#2622=CARTESIAN_POINT('Origin',(-43.,8.80000000000001,8.29999999999999));
#2623=CARTESIAN_POINT('',(-41.,6.8,8.29999999999999));
#2624=CARTESIAN_POINT('Origin',(-41.,8.80000000000001,8.29999999999999));
#2625=CARTESIAN_POINT('',(-43.,6.8,8.29999999999999));
#2626=CARTESIAN_POINT('',(-43.,6.8,8.29999999999999));
#2627=CARTESIAN_POINT('Origin',(-43.,8.80000000000001,8.29999999999999));
#2628=CARTESIAN_POINT('Origin',(-43.,8.80000000000001,8.29999999999999));
#2629=CARTESIAN_POINT('',(41.,6.8,8.29999999999999));
#2630=CARTESIAN_POINT('Origin',(41.,8.80000000000001,8.29999999999999));
#2631=CARTESIAN_POINT('',(-43.,6.8,8.29999999999999));
#2632=CARTESIAN_POINT('Origin',(-43.,8.99999999999999,8.29999999999999));
#2633=CARTESIAN_POINT('',(-41.,11.,8.29999999999999));
#2634=CARTESIAN_POINT('Origin',(-41.,8.99999999999999,8.29999999999999));
#2635=CARTESIAN_POINT('',(-43.,11.,8.29999999999999));
#2636=CARTESIAN_POINT('Origin',(-43.,8.99999999999999,8.29999999999999));
#2637=CARTESIAN_POINT('',(-43.,11.,8.29999999999999));
#2638=CARTESIAN_POINT('Origin',(-43.,6.8,8.29999999999999));
#2639=CARTESIAN_POINT('',(-41.,6.8,-8.29999999999999));
#2640=CARTESIAN_POINT('',(-41.,6.8,-10.1));
#2641=CARTESIAN_POINT('',(-43.,6.8,-8.29999999999999));
#2642=CARTESIAN_POINT('',(-43.,6.8,-8.29999999999999));
#2643=CARTESIAN_POINT('',(-43.,6.8,-10.1));
#2644=CARTESIAN_POINT('Origin',(-43.,6.8,8.29999999999999));
#2645=CARTESIAN_POINT('',(41.,6.8,-8.29999999999999));
#2646=CARTESIAN_POINT('',(41.,6.8,18.4));
#2647=CARTESIAN_POINT('',(-43.,6.8,-8.29999999999999));
#2648=CARTESIAN_POINT('Origin',(-43.,11.,-8.3));
#2649=CARTESIAN_POINT('',(-41.,11.,-8.3));
#2650=CARTESIAN_POINT('',(-41.,11.,-18.4));
#2651=CARTESIAN_POINT('',(-43.,11.,-8.3));
#2652=CARTESIAN_POINT('',(-43.,11.,-18.4));
#2653=CARTESIAN_POINT('',(-43.,11.,-8.3));
#2654=CARTESIAN_POINT('Origin',(-43.,8.80000000000001,-8.29999999999999));
#2655=CARTESIAN_POINT('',(-41.,8.80000000000001,-10.3));
#2656=CARTESIAN_POINT('Origin',(-41.,8.80000000000001,-8.29999999999999));
#2657=CARTESIAN_POINT('',(-43.,8.80000000000001,-10.3));
#2658=CARTESIAN_POINT('',(-43.,8.80000000000001,-10.3));
#2659=CARTESIAN_POINT('Origin',(-43.,8.80000000000001,-8.29999999999999));
#2660=CARTESIAN_POINT('Origin',(-43.,8.80000000000001,-8.29999999999999));
#2661=CARTESIAN_POINT('',(41.,8.80000000000001,-10.3));
#2662=CARTESIAN_POINT('Origin',(41.,8.80000000000001,-8.29999999999999));
#2663=CARTESIAN_POINT('',(-43.,8.80000000000001,-10.3));
#2664=CARTESIAN_POINT('Origin',(-43.,9.00000000000001,-8.3));
#2665=CARTESIAN_POINT('',(-41.,9.00000000000001,-10.3));
#2666=CARTESIAN_POINT('Origin',(-41.,9.00000000000001,-8.3));
#2667=CARTESIAN_POINT('',(-43.,9.00000000000001,-10.3));
#2668=CARTESIAN_POINT('Origin',(-43.,9.00000000000001,-8.3));
#2669=CARTESIAN_POINT('',(-43.,9.00000000000001,-10.3));
#2670=CARTESIAN_POINT('Origin',(-43.,8.80000000000001,-10.3));
#2671=CARTESIAN_POINT('',(-41.,4.4,-10.3));
#2672=CARTESIAN_POINT('',(-43.,4.4,-10.3));
#2673=CARTESIAN_POINT('Origin',(-43.,8.80000000000001,-10.3));
#2674=CARTESIAN_POINT('',(41.,9.00000000000001,-10.3));
#2675=CARTESIAN_POINT('',(41.,4.4,-10.3));
#2676=CARTESIAN_POINT('',(-43.,9.00000000000001,-10.3));
#2677=CARTESIAN_POINT('Origin',(-43.,8.99999999999999,8.29999999999999));
#2678=CARTESIAN_POINT('',(41.,11.,8.29999999999999));
#2679=CARTESIAN_POINT('Origin',(41.,8.99999999999999,8.29999999999999));
#2680=CARTESIAN_POINT('',(-43.,11.,8.29999999999999));
#2681=CARTESIAN_POINT('Origin',(-43.,11.,-8.3));
#2682=CARTESIAN_POINT('',(41.,11.,-8.3));
#2683=CARTESIAN_POINT('',(41.,11.,10.1));
#2684=CARTESIAN_POINT('',(-43.,11.,-8.3));
#2685=CARTESIAN_POINT('Origin',(-43.,9.00000000000001,-8.3));
#2686=CARTESIAN_POINT('Origin',(41.,9.00000000000001,-8.3));
#2687=CARTESIAN_POINT('Origin',(37.,0.,-32.5));
#2688=CARTESIAN_POINT('',(18.5,16.6,-32.5));
#2689=CARTESIAN_POINT('Origin',(41.,0.,28.5));
#2690=CARTESIAN_POINT('',(41.,16.6,28.5));
#2691=CARTESIAN_POINT('',(41.,16.6,14.25));
#2692=CARTESIAN_POINT('',(41.,0.,28.5));
#2693=CARTESIAN_POINT('Origin',(37.,0.,28.5));
#2694=CARTESIAN_POINT('',(37.,16.6,32.5));
#2695=CARTESIAN_POINT('',(37.,0.,32.5));
#2696=CARTESIAN_POINT('Origin',(37.,16.6,28.5));
#2697=CARTESIAN_POINT('Origin',(-37.,0.,32.5));
#2698=CARTESIAN_POINT('',(-37.,16.6,32.5));
#2699=CARTESIAN_POINT('',(-18.5,16.6,32.5));
#2700=CARTESIAN_POINT('',(-37.,0.,32.5));
#2701=CARTESIAN_POINT('Origin',(-37.,0.,28.5));
#2702=CARTESIAN_POINT('',(-41.,16.6,28.5));
#2703=CARTESIAN_POINT('',(-41.,0.,28.5));
#2704=CARTESIAN_POINT('Origin',(-37.,16.6,28.5));
#2705=CARTESIAN_POINT('Origin',(-41.,0.,-28.5));
#2706=CARTESIAN_POINT('',(-41.,16.6,-14.25));
#2707=CARTESIAN_POINT('Origin',(-43.,0.,-28.5));
#2708=CARTESIAN_POINT('',(-43.,16.6,-28.5));
#2709=CARTESIAN_POINT('',(-43.,16.6,-28.5));
#2710=CARTESIAN_POINT('',(-43.,0.,-28.5));
#2711=CARTESIAN_POINT('Origin',(-37.,0.,-28.5));
#2712=CARTESIAN_POINT('',(-37.,16.6,-34.5));
#2713=CARTESIAN_POINT('Origin',(-37.,16.6,-28.5));
#2714=CARTESIAN_POINT('',(-37.,0.,-34.5));
#2715=CARTESIAN_POINT('Origin',(37.,0.,-34.5));
#2716=CARTESIAN_POINT('',(37.,16.6,-34.5));
#2717=CARTESIAN_POINT('',(37.,16.6,-34.5));
#2718=CARTESIAN_POINT('',(37.,0.,-34.5));
#2719=CARTESIAN_POINT('Origin',(37.,0.,-28.5));
#2720=CARTESIAN_POINT('Origin',(37.,16.6,-28.5));
#2721=CARTESIAN_POINT('Origin',(0.,16.6,0.));
#2722=UNCERTAINTY_MEASURE_WITH_UNIT(LENGTH_MEASURE(0.01),#2726,
'DISTANCE_ACCURACY_VALUE',
'Maximum model space distance between geometric entities at asserted c
onnectivities');
#2723=UNCERTAINTY_MEASURE_WITH_UNIT(LENGTH_MEASURE(0.01),#2726,
'DISTANCE_ACCURACY_VALUE',
'Maximum model space distance between geometric entities at asserted c
onnectivities');
#2724=(
GEOMETRIC_REPRESENTATION_CONTEXT(3)
GLOBAL_UNCERTAINTY_ASSIGNED_CONTEXT((#2722))
GLOBAL_UNIT_ASSIGNED_CONTEXT((#2726,#2728,#2729))
REPRESENTATION_CONTEXT('','3D')
);
#2725=(
GEOMETRIC_REPRESENTATION_CONTEXT(3)
GLOBAL_UNCERTAINTY_ASSIGNED_CONTEXT((#2723))
GLOBAL_UNIT_ASSIGNED_CONTEXT((#2726,#2728,#2729))
REPRESENTATION_CONTEXT('','3D')
);
#2726=(
LENGTH_UNIT()
NAMED_UNIT(*)
SI_UNIT(.MILLI.,.METRE.)
);
#2727=(
LENGTH_UNIT()
NAMED_UNIT(*)
SI_UNIT($,.METRE.)
);
#2728=(
NAMED_UNIT(*)
PLANE_ANGLE_UNIT()
SI_UNIT($,.RADIAN.)
);
#2729=(
NAMED_UNIT(*)
SI_UNIT($,.STERADIAN.)
SOLID_ANGLE_UNIT()
);
#2730=SHAPE_DEFINITION_REPRESENTATION(#2731,#2732);
#2731=PRODUCT_DEFINITION_SHAPE('',$,#2734);
#2732=SHAPE_REPRESENTATION('',(#1617),#2724);
#2733=PRODUCT_DEFINITION_CONTEXT('part definition',#2738,'design');
#2734=PRODUCT_DEFINITION('ModA_Top','ModA_Top v37',#2735,#2733);
#2735=PRODUCT_DEFINITION_FORMATION('',$,#2740);
#2736=PRODUCT_RELATED_PRODUCT_CATEGORY('ModA_Top v37','ModA_Top v37',(#2740));
#2737=APPLICATION_PROTOCOL_DEFINITION('international standard',
'automotive_design',2009,#2738);
#2738=APPLICATION_CONTEXT(
'Core Data for Automotive Mechanical Design Process');
#2739=PRODUCT_CONTEXT('part definition',#2738,'mechanical');
#2740=PRODUCT('ModA_Top','ModA_Top v37',$,(#2739));
#2741=PRESENTATION_STYLE_ASSIGNMENT((#2743));
#2742=PRESENTATION_STYLE_ASSIGNMENT((#2744));
#2743=SURFACE_STYLE_USAGE(.BOTH.,#2745);
#2744=SURFACE_STYLE_USAGE(.BOTH.,#2746);
#2745=SURFACE_SIDE_STYLE('',(#2747));
#2746=SURFACE_SIDE_STYLE('',(#2748));
#2747=SURFACE_STYLE_FILL_AREA(#2749);
#2748=SURFACE_STYLE_FILL_AREA(#2750);
#2749=FILL_AREA_STYLE('\X2\94A2\X0\ - \X2\7F0E5149\X0\',(#2751));
#2750=FILL_AREA_STYLE('\X2\73BB7483\X0\(\X2\900F660E\X0\)',(#2752));
#2751=FILL_AREA_STYLE_COLOUR('\X2\94A2\X0\ - \X2\7F0E5149\X0\',#2753);
#2752=FILL_AREA_STYLE_COLOUR('\X2\73BB7483\X0\(\X2\900F660E\X0\)',#2754);
#2753=COLOUR_RGB('\X2\94A2\X0\ - \X2\7F0E5149\X0\',0.627450980392157,0.627450980392157,
0.627450980392157);
#2754=COLOUR_RGB('\X2\73BB7483\X0\(\X2\900F660E\X0\)',0.964705882352941,
0.964705882352941,0.952941176470588);
ENDSEC;
END-ISO-10303-21;
