/*******************************************************************************
 * Size: 86 px
 * Bpp: 1
 * Opts: --bpp 1 --size 86 --font F:/New_Project/FunModularKeyboard/test/LVGL/assets/BebasNeue-Regular.ttf -o F:/New_Project/FunModularKeyboard/test/LVGL/assets\ui_font_BebasNeueFont86.c --format lvgl -r 0x20-0x7f --no-compress --no-prefilter
 ******************************************************************************/

#include "ui.h"

#ifndef UI_FONT_BEBASNEUEFONT86
#define UI_FONT_BEBASNEUEFONT86 1
#endif

#if UI_FONT_BEBASNEUEFONT86

/*-----------------
 *    BITMAPS
 *----------------*/

/*Store the image of the glyphs*/
static LV_ATTRIBUTE_LARGE_CONST const uint8_t glyph_bitmap[] = {
    /* U+0020 " " */
    0x0,

    /* U+0021 "!" */
    0xff, 0xff, 0xff, 0xff, 0xff, 0xff, 0xff, 0xff,
    0xff, 0xff, 0xff, 0xff, 0xff, 0xff, 0xff, 0xff,
    0xff, 0xff, 0xff, 0xff, 0xff, 0xff, 0xff, 0xff,
    0xff, 0xff, 0xff, 0xff, 0xff, 0xff, 0xff, 0xff,
    0xff, 0xff, 0xff, 0xff, 0xff, 0xff, 0xff, 0xff,
    0xf7, 0xf3, 0xf9, 0xfc, 0xfe, 0x7f, 0x3f, 0x9f,
    0xcf, 0xe0, 0x0, 0x0, 0x0, 0x0, 0x0, 0x0,
    0x0, 0x1f, 0xff, 0xff, 0xff, 0xff, 0xff, 0xff,
    0xff, 0xff, 0xe0,

    /* U+0022 "\"" */
    0xff, 0xc7, 0xff, 0xff, 0x8f, 0xf9, 0xff, 0x1f,
    0xf3, 0xfc, 0x3f, 0xe7, 0xf8, 0x3f, 0xcf, 0xf0,
    0x7f, 0x9f, 0xe0, 0xff, 0x3f, 0xc1, 0xfe, 0x7f,
    0x83, 0xfc, 0xff, 0x7, 0xf1, 0xfe, 0xf, 0xe1,
    0xfc, 0x1f, 0xc3, 0xf0, 0x3f, 0x87, 0xe0, 0x3f,
    0xf, 0xc0, 0x7e, 0x1f, 0x80, 0xfc, 0x3f, 0x1,
    0xf8, 0x7e, 0x3, 0xf0, 0xfc, 0x7, 0xc0,

    /* U+0023 "#" */
    0x0, 0x7f, 0x81, 0xfc, 0x0, 0x3f, 0x81, 0xfe,
    0x0, 0x1f, 0xc0, 0xff, 0x0, 0xf, 0xe0, 0x7f,
    0x80, 0x7, 0xf0, 0x3f, 0xc0, 0x7, 0xf8, 0x1f,
    0xe0, 0x3, 0xfc, 0xf, 0xe0, 0x1, 0xfe, 0x7,
    0xf0, 0x0, 0xff, 0x3, 0xf8, 0x0, 0x7f, 0x81,
    0xfc, 0x0, 0x3f, 0x80, 0xfe, 0x0, 0x1f, 0xc0,
    0xff, 0x0, 0xf, 0xe0, 0x7f, 0x80, 0x7, 0xf0,
    0x3f, 0xc0, 0x7f, 0xff, 0xff, 0xfe, 0x3f, 0xff,
    0xff, 0xff, 0x1f, 0xff, 0xff, 0xff, 0x8f, 0xff,
    0xff, 0xff, 0xc7, 0xff, 0xff, 0xff, 0xe3, 0xff,
    0xff, 0xff, 0xe0, 0x1f, 0xc0, 0xff, 0x0, 0xf,
    0xe0, 0x7f, 0x80, 0x7, 0xf0, 0x3f, 0xc0, 0x3,
    0xf8, 0x1f, 0xe0, 0x3, 0xfc, 0xf, 0xf0, 0x1,
    0xfe, 0x7, 0xf0, 0x0, 0xff, 0x3, 0xf8, 0x0,
    0x7f, 0x81, 0xfc, 0x0, 0x3f, 0xc0, 0xfe, 0x0,
    0x1f, 0xc0, 0x7f, 0x0, 0xf, 0xe0, 0x7f, 0x80,
    0x7, 0xf0, 0x3f, 0xc0, 0x3, 0xf8, 0x1f, 0xe0,
    0x1, 0xfc, 0xf, 0xf0, 0x0, 0xfe, 0x7, 0xf8,
    0x0, 0xff, 0x3, 0xfc, 0x0, 0x7f, 0x81, 0xfc,
    0x3, 0xff, 0xff, 0xff, 0xf1, 0xff, 0xff, 0xff,
    0xf8, 0xff, 0xff, 0xff, 0xf8, 0x7f, 0xff, 0xff,
    0xfc, 0x3f, 0xff, 0xff, 0xfe, 0x3f, 0xff, 0xff,
    0xff, 0x0, 0xfe, 0x7, 0xf8, 0x0, 0xff, 0x3,
    0xfc, 0x0, 0x7f, 0x81, 0xfc, 0x0, 0x3f, 0xc0,
    0xfe, 0x0, 0x1f, 0xe0, 0x7f, 0x0, 0xf, 0xf0,
    0x3f, 0x80, 0x7, 0xf0, 0x3f, 0xc0, 0x3, 0xf8,
    0x1f, 0xe0, 0x1, 0xfc, 0xf, 0xf0, 0x0, 0xfe,
    0x7, 0xf8, 0x0, 0xff, 0x3, 0xfc, 0x0, 0x7f,
    0x81, 0xfc, 0x0, 0x3f, 0xc0, 0xfe, 0x0, 0x1f,
    0xe0, 0x7f, 0x0, 0xf, 0xf0, 0x3f, 0x80, 0x7,
    0xf0, 0x1f, 0xc0, 0x3, 0xf8, 0x1f, 0xe0, 0x0,

    /* U+0024 "$" */
    0x0, 0x3f, 0xc0, 0x0, 0x3, 0xfc, 0x0, 0x0,
    0x3f, 0xc0, 0x0, 0x3, 0xfc, 0x0, 0x0, 0x3f,
    0xc0, 0x0, 0x7, 0xff, 0x0, 0x3, 0xff, 0xfc,
    0x0, 0x7f, 0xff, 0xe0, 0xf, 0xff, 0xff, 0x1,
    0xff, 0xff, 0xf8, 0x3f, 0xff, 0xff, 0xc3, 0xff,
    0xff, 0xfc, 0x7f, 0xff, 0xff, 0xe7, 0xfe, 0xf,
    0xfe, 0xff, 0xc0, 0x3f, 0xff, 0xf8, 0x3, 0xff,
    0xff, 0x80, 0x1f, 0xff, 0xf8, 0x1, 0xff, 0xff,
    0x80, 0x1f, 0xff, 0xf8, 0x1, 0xff, 0xff, 0x80,
    0x1f, 0xff, 0xfc, 0x0, 0x0, 0xff, 0xc0, 0x0,
    0xf, 0xfc, 0x0, 0x0, 0x7f, 0xe0, 0x0, 0x7,
    0xff, 0x0, 0x0, 0x7f, 0xf8, 0x0, 0x3, 0xff,
    0xc0, 0x0, 0x3f, 0xfe, 0x0, 0x1, 0xff, 0xf0,
    0x0, 0xf, 0xff, 0x80, 0x0, 0x7f, 0xfe, 0x0,
    0x3, 0xff, 0xf0, 0x0, 0x1f, 0xff, 0x80, 0x0,
    0xff, 0xfc, 0x0, 0x7, 0xff, 0xe0, 0x0, 0x3f,
    0xff, 0x0, 0x1, 0xff, 0xf0, 0x0, 0x7, 0xff,
    0x80, 0x0, 0x3f, 0xfc, 0x0, 0x1, 0xff, 0xc0,
    0x0, 0xf, 0xfe, 0x0, 0x0, 0x7f, 0xe0, 0x0,
    0x7, 0xfe, 0x0, 0x0, 0x3f, 0xff, 0xf8, 0x3,
    0xff, 0xff, 0x80, 0x1f, 0xff, 0xf8, 0x1, 0xff,
    0xff, 0x80, 0x1f, 0xff, 0xf8, 0x1, 0xff, 0xff,
    0x80, 0x1f, 0xff, 0xf8, 0x1, 0xff, 0xff, 0x80,
    0x3f, 0xff, 0xfc, 0x3, 0xfe, 0x7f, 0xe0, 0xff,
    0xe7, 0xff, 0xff, 0xfe, 0x7f, 0xff, 0xff, 0xc3,
    0xff, 0xff, 0xfc, 0x1f, 0xff, 0xff, 0x81, 0xff,
    0xff, 0xf0, 0xf, 0xff, 0xfe, 0x0, 0x3f, 0xff,
    0xc0, 0x0, 0xff, 0xf0, 0x0, 0x3, 0xfc, 0x0,
    0x0, 0x3f, 0xc0, 0x0, 0x3, 0xfc, 0x0, 0x0,
    0x3f, 0xc0, 0x0, 0x3, 0xfc, 0x0, 0x0, 0x3f,
    0xc0, 0x0,

    /* U+0025 "%" */
    0x7, 0xf8, 0x0, 0x0, 0x0, 0x0, 0xff, 0xf0,
    0x0, 0x1f, 0xc0, 0xf, 0xff, 0xc0, 0x0, 0xfe,
    0x0, 0xff, 0xfe, 0x0, 0x7, 0xe0, 0x7, 0xff,
    0xf8, 0x0, 0x7f, 0x0, 0x3f, 0xf, 0xc0, 0x3,
    0xf0, 0x3, 0xf0, 0x3f, 0x0, 0x3f, 0x80, 0x1f,
    0x81, 0xf8, 0x1, 0xfc, 0x0, 0xfc, 0xf, 0xc0,
    0xf, 0xc0, 0x7, 0xe0, 0x7e, 0x0, 0xfe, 0x0,
    0x3f, 0x3, 0xf0, 0x7, 0xe0, 0x1, 0xf8, 0x1f,
    0x80, 0x3f, 0x0, 0xf, 0xc0, 0xfc, 0x3, 0xf8,
    0x0, 0x7e, 0x7, 0xe0, 0x1f, 0x80, 0x3, 0xf0,
    0x3f, 0x1, 0xfc, 0x0, 0x1f, 0x81, 0xf8, 0xf,
    0xc0, 0x0, 0xfc, 0xf, 0xc0, 0x7e, 0x0, 0x7,
    0xe0, 0x7e, 0x7, 0xf0, 0x0, 0x3f, 0x3, 0xf0,
    0x3f, 0x0, 0x1, 0xf8, 0x1f, 0x83, 0xf8, 0x0,
    0xf, 0xc0, 0xfc, 0x1f, 0x80, 0x0, 0x7e, 0x7,
    0xe0, 0xfc, 0x0, 0x3, 0xf0, 0x3f, 0xf, 0xe0,
    0x0, 0x1f, 0x81, 0xf8, 0x7e, 0x0, 0x0, 0xfc,
    0xf, 0xc3, 0xf0, 0x0, 0x7, 0xe0, 0x7e, 0x3f,
    0x80, 0x0, 0x3f, 0x3, 0xf1, 0xf8, 0x0, 0x1,
    0xf8, 0x1f, 0x9f, 0xc0, 0x0, 0x7, 0xe1, 0xf8,
    0xfc, 0xf, 0xe0, 0x3f, 0xff, 0xc7, 0xe1, 0xff,
    0xc1, 0xff, 0xfe, 0x7f, 0x3f, 0xff, 0x87, 0xff,
    0xe3, 0xf1, 0xff, 0xfc, 0x1f, 0xfe, 0x1f, 0x9f,
    0xff, 0xf0, 0x1f, 0x81, 0xf8, 0xfc, 0x1f, 0x80,
    0x0, 0xf, 0xcf, 0xc0, 0xfe, 0x0, 0x0, 0xfe,
    0x7e, 0x3, 0xf0, 0x0, 0x7, 0xe3, 0xf0, 0x1f,
    0x80, 0x0, 0x3f, 0x1f, 0x80, 0xfc, 0x0, 0x3,
    0xf0, 0xfc, 0x7, 0xe0, 0x0, 0x1f, 0x87, 0xe0,
    0x3f, 0x0, 0x1, 0xfc, 0x3f, 0x1, 0xf8, 0x0,
    0xf, 0xc1, 0xf8, 0xf, 0xc0, 0x0, 0x7e, 0xf,
    0xc0, 0x7e, 0x0, 0x7, 0xe0, 0x7e, 0x3, 0xf0,
    0x0, 0x3f, 0x3, 0xf0, 0x1f, 0x80, 0x1, 0xf8,
    0x1f, 0x80, 0xfc, 0x0, 0x1f, 0x80, 0xfc, 0x7,
    0xe0, 0x0, 0xfc, 0x7, 0xe0, 0x3f, 0x0, 0xf,
    0xc0, 0x3f, 0x1, 0xf8, 0x0, 0x7e, 0x1, 0xf8,
    0xf, 0xc0, 0x3, 0xf0, 0xf, 0xc0, 0x7e, 0x0,
    0x3f, 0x0, 0x7e, 0x3, 0xf0, 0x1, 0xf8, 0x3,
    0xf0, 0x1f, 0x80, 0x1f, 0x80, 0x1f, 0x80, 0xfc,
    0x0, 0xfc, 0x0, 0xfc, 0x7, 0xe0, 0x7, 0xe0,
    0x7, 0xe0, 0x7f, 0x0, 0x7e, 0x0, 0x1f, 0x83,
    0xf0, 0x3, 0xf0, 0x0, 0xff, 0xff, 0x80, 0x1f,
    0x80, 0x3, 0xff, 0xf8, 0x1, 0xf8, 0x0, 0x1f,
    0xff, 0xc0, 0xf, 0xc0, 0x0, 0x3f, 0xf8, 0x0,
    0x0, 0x0, 0x0, 0x7f, 0x0,

    /* U+0026 "&" */
    0x0, 0x3f, 0xff, 0x80, 0x3, 0xff, 0xff, 0x0,
    0xf, 0xff, 0xfe, 0x0, 0x3f, 0xff, 0xfc, 0x0,
    0xff, 0xff, 0xf8, 0x3, 0xff, 0xff, 0xf0, 0xf,
    0xff, 0xff, 0xe0, 0x1f, 0xff, 0xff, 0xc0, 0x3f,
    0xf0, 0x0, 0x0, 0xff, 0xc0, 0x0, 0x1, 0xff,
    0x80, 0x0, 0x3, 0xfe, 0x0, 0x0, 0x7, 0xfc,
    0x0, 0x0, 0xf, 0xf8, 0x0, 0x0, 0x1f, 0xf0,
    0x0, 0x0, 0x3f, 0xe0, 0x0, 0x0, 0x7f, 0xc0,
    0x0, 0x0, 0xff, 0x80, 0x3f, 0xe1, 0xff, 0x0,
    0x7f, 0xc3, 0xfe, 0x0, 0xff, 0x87, 0xfc, 0x1,
    0xff, 0x7, 0xfc, 0x3, 0xfe, 0xf, 0xf8, 0x7,
    0xfc, 0xf, 0xfc, 0xf, 0xf8, 0x1f, 0xff, 0xff,
    0xfe, 0x1f, 0xff, 0xff, 0xfc, 0x1f, 0xff, 0xff,
    0xf8, 0xf, 0xff, 0xff, 0xf0, 0x7f, 0xff, 0xff,
    0xe1, 0xff, 0xff, 0xff, 0xc7, 0xff, 0xff, 0xff,
    0x9f, 0xff, 0xff, 0xff, 0x7f, 0xf0, 0x1f, 0xf0,
    0xff, 0xc0, 0x3f, 0xe1, 0xff, 0x0, 0x7f, 0xc7,
    0xfe, 0x0, 0xff, 0x8f, 0xf8, 0x1, 0xff, 0x1f,
    0xf0, 0x3, 0xfe, 0x3f, 0xe0, 0x7, 0xfc, 0x7f,
    0xc0, 0xf, 0xf8, 0xff, 0x80, 0x1f, 0xf1, 0xff,
    0x0, 0x3f, 0xe3, 0xfe, 0x0, 0x7f, 0xc7, 0xfc,
    0x0, 0xff, 0x8f, 0xf8, 0x1, 0xff, 0x1f, 0xf0,
    0x3, 0xfe, 0x3f, 0xe0, 0x7, 0xfc, 0x7f, 0xc0,
    0xf, 0xf8, 0xff, 0x80, 0x3f, 0xf1, 0xff, 0x80,
    0x7f, 0xe3, 0xff, 0x1, 0xff, 0xc7, 0xff, 0x7,
    0xff, 0x87, 0xff, 0xff, 0xff, 0xf, 0xff, 0xff,
    0xfe, 0x1f, 0xff, 0xff, 0xfc, 0x1f, 0xff, 0xef,
    0xf8, 0x1f, 0xff, 0xdf, 0xf0, 0x3f, 0xff, 0x3f,
    0xe0, 0x1f, 0xfc, 0x3f, 0xe0, 0xf, 0xe0, 0x0,
    0x0,

    /* U+0027 "'" */
    0xff, 0xff, 0xf7, 0xfd, 0xfe, 0x7f, 0x9f, 0xe7,
    0xf9, 0xfe, 0x7f, 0x9f, 0xe7, 0xf8, 0xfe, 0x3f,
    0xf, 0xc3, 0xf0, 0xfc, 0x3f, 0xf, 0xc3, 0xf0,

    /* U+0028 "(" */
    0x0, 0xff, 0x7, 0xff, 0xf, 0xff, 0x1f, 0xff,
    0x3f, 0xff, 0x7f, 0xff, 0x7f, 0xff, 0x7f, 0xe0,
    0xff, 0xc0, 0xff, 0x80, 0xff, 0x80, 0xff, 0x80,
    0xff, 0x80, 0xff, 0x80, 0xff, 0x80, 0xff, 0x80,
    0xff, 0x80, 0xff, 0x80, 0xff, 0x80, 0xff, 0x80,
    0xff, 0x80, 0xff, 0x80, 0xff, 0x80, 0xff, 0x80,
    0xff, 0x80, 0xff, 0x80, 0xff, 0x80, 0xff, 0x80,
    0xff, 0x80, 0xff, 0x80, 0xff, 0x80, 0xff, 0x80,
    0xff, 0x80, 0xff, 0x80, 0xff, 0x80, 0xff, 0x80,
    0xff, 0x80, 0xff, 0x80, 0xff, 0x80, 0xff, 0x80,
    0xff, 0x80, 0xff, 0x80, 0xff, 0x80, 0xff, 0x80,
    0xff, 0x80, 0xff, 0x80, 0xff, 0x80, 0xff, 0x80,
    0xff, 0x80, 0xff, 0x80, 0xff, 0x80, 0xff, 0x80,
    0xff, 0x80, 0xff, 0x80, 0xff, 0x80, 0xff, 0x80,
    0xff, 0x80, 0xff, 0x80, 0xff, 0x80, 0xff, 0xc0,
    0x7f, 0xe0, 0x7f, 0xff, 0x7f, 0xff, 0x3f, 0xff,
    0x1f, 0xff, 0xf, 0xff, 0x7, 0xff, 0x0, 0xff,

    /* U+0029 ")" */
    0xff, 0x0, 0xff, 0xe0, 0xff, 0xf8, 0xff, 0xfc,
    0xff, 0xfc, 0xff, 0xfe, 0xff, 0xfe, 0x7, 0xfe,
    0x3, 0xff, 0x1, 0xff, 0x1, 0xff, 0x1, 0xff,
    0x1, 0xff, 0x1, 0xff, 0x1, 0xff, 0x1, 0xff,
    0x1, 0xff, 0x1, 0xff, 0x1, 0xff, 0x1, 0xff,
    0x1, 0xff, 0x1, 0xff, 0x1, 0xff, 0x1, 0xff,
    0x1, 0xff, 0x1, 0xff, 0x1, 0xff, 0x1, 0xff,
    0x1, 0xff, 0x1, 0xff, 0x1, 0xff, 0x1, 0xff,
    0x1, 0xff, 0x1, 0xff, 0x1, 0xff, 0x1, 0xff,
    0x1, 0xff, 0x1, 0xff, 0x1, 0xff, 0x1, 0xff,
    0x1, 0xff, 0x1, 0xff, 0x1, 0xff, 0x1, 0xff,
    0x1, 0xff, 0x1, 0xff, 0x1, 0xff, 0x1, 0xff,
    0x1, 0xff, 0x1, 0xff, 0x1, 0xff, 0x1, 0xff,
    0x1, 0xff, 0x1, 0xff, 0x1, 0xff, 0x1, 0xff,
    0x1, 0xff, 0x1, 0xff, 0x1, 0xff, 0x3, 0xff,
    0x7, 0xfe, 0xff, 0xfe, 0xff, 0xfe, 0xff, 0xfc,
    0xff, 0xfc, 0xff, 0xf8, 0xff, 0xe0, 0xff, 0x0,

    /* U+002A "*" */
    0x0, 0x7, 0xf8, 0x0, 0x0, 0x1, 0xfe, 0x0,
    0x0, 0x0, 0x3f, 0x80, 0x0, 0x0, 0xf, 0xe0,
    0x0, 0x0, 0x3, 0xf0, 0x0, 0x0, 0x0, 0xfc,
    0x0, 0x0, 0x0, 0x3f, 0x0, 0x0, 0x0, 0xf,
    0xc0, 0x0, 0x30, 0x3, 0xf0, 0x3, 0xf, 0x0,
    0xfc, 0x3, 0xc3, 0xf8, 0x1f, 0x3, 0xf9, 0xff,
    0x87, 0xc3, 0xfe, 0x7f, 0xf9, 0xe3, 0xff, 0x9f,
    0xff, 0xff, 0xff, 0xef, 0xff, 0xff, 0xff, 0xfc,
    0xff, 0xff, 0xff, 0xfc, 0x1, 0xff, 0xff, 0xe0,
    0x0, 0x3, 0xff, 0x80, 0x0, 0x0, 0x7f, 0x80,
    0x0, 0x0, 0x3f, 0xf0, 0x0, 0x0, 0x1f, 0xfe,
    0x0, 0x0, 0xf, 0xef, 0xc0, 0x0, 0x7, 0xf3,
    0xf8, 0x0, 0x3, 0xf8, 0x7f, 0x0, 0x1, 0xfe,
    0x1f, 0xe0, 0x0, 0xff, 0x3, 0xfc, 0x0, 0x7f,
    0xc0, 0x7f, 0x80, 0x3f, 0xe0, 0x1f, 0xf0, 0x3,
    0xf8, 0x3, 0xf8, 0x0, 0x7c, 0x0, 0xf8, 0x0,
    0xe, 0x0, 0x1c, 0x0, 0x0, 0x80, 0x6, 0x0,

    /* U+002B "+" */
    0x0, 0x1f, 0xc0, 0x0, 0x0, 0x7f, 0x0, 0x0,
    0x1, 0xfc, 0x0, 0x0, 0x7, 0xf0, 0x0, 0x0,
    0x1f, 0xc0, 0x0, 0x0, 0x7f, 0x0, 0x0, 0x1,
    0xfc, 0x0, 0x0, 0x7, 0xf0, 0x0, 0x0, 0x1f,
    0xc0, 0x0, 0x0, 0x7f, 0x0, 0x0, 0x1, 0xfc,
    0x0, 0x0, 0x7, 0xf0, 0x0, 0xff, 0xff, 0xff,
    0xff, 0xff, 0xff, 0xff, 0xff, 0xff, 0xff, 0xff,
    0xff, 0xff, 0xff, 0xff, 0xff, 0xff, 0xff, 0xff,
    0xff, 0xff, 0xff, 0xf0, 0x1, 0xfc, 0x0, 0x0,
    0x7, 0xf0, 0x0, 0x0, 0x1f, 0xc0, 0x0, 0x0,
    0x7f, 0x0, 0x0, 0x1, 0xfc, 0x0, 0x0, 0x7,
    0xf0, 0x0, 0x0, 0x1f, 0xc0, 0x0, 0x0, 0x7f,
    0x0, 0x0, 0x1, 0xfc, 0x0, 0x0, 0x7, 0xf0,
    0x0, 0x0, 0x1f, 0xc0, 0x0, 0x0, 0x7f, 0x0,
    0x0,

    /* U+002C "," */
    0xff, 0xff, 0xff, 0xff, 0xff, 0xff, 0xff, 0xff,
    0xff, 0x1f, 0xf, 0x8f, 0xc7, 0xc3, 0xe3, 0xe1,
    0xf0, 0xf8, 0x78, 0x7c, 0x3c, 0x0,

    /* U+002D "-" */
    0xff, 0xff, 0xff, 0xff, 0xff, 0xff, 0xff, 0xff,
    0xff, 0xff, 0xff, 0xff, 0xff, 0xff, 0xff, 0xff,
    0xff, 0xff, 0xff,

    /* U+002E "." */
    0xff, 0xff, 0xff, 0xff, 0xff, 0xff, 0xff, 0xff,
    0xff,

    /* U+002F "/" */
    0x0, 0x0, 0x1, 0xfe, 0x0, 0x0, 0x1, 0xfe,
    0x0, 0x0, 0x1, 0xfe, 0x0, 0x0, 0x3, 0xfc,
    0x0, 0x0, 0x3, 0xfc, 0x0, 0x0, 0x7, 0xfc,
    0x0, 0x0, 0x7, 0xf8, 0x0, 0x0, 0x7, 0xf8,
    0x0, 0x0, 0xf, 0xf0, 0x0, 0x0, 0xf, 0xf0,
    0x0, 0x0, 0x1f, 0xf0, 0x0, 0x0, 0x1f, 0xe0,
    0x0, 0x0, 0x1f, 0xe0, 0x0, 0x0, 0x3f, 0xc0,
    0x0, 0x0, 0x3f, 0xc0, 0x0, 0x0, 0x7f, 0xc0,
    0x0, 0x0, 0x7f, 0x80, 0x0, 0x0, 0x7f, 0x80,
    0x0, 0x0, 0xff, 0x0, 0x0, 0x0, 0xff, 0x0,
    0x0, 0x1, 0xff, 0x0, 0x0, 0x1, 0xfe, 0x0,
    0x0, 0x1, 0xfe, 0x0, 0x0, 0x3, 0xfc, 0x0,
    0x0, 0x3, 0xfc, 0x0, 0x0, 0x7, 0xfc, 0x0,
    0x0, 0x7, 0xf8, 0x0, 0x0, 0x7, 0xf8, 0x0,
    0x0, 0xf, 0xf0, 0x0, 0x0, 0xf, 0xf0, 0x0,
    0x0, 0x1f, 0xf0, 0x0, 0x0, 0x1f, 0xe0, 0x0,
    0x0, 0x1f, 0xe0, 0x0, 0x0, 0x3f, 0xc0, 0x0,
    0x0, 0x3f, 0xc0, 0x0, 0x0, 0x7f, 0xc0, 0x0,
    0x0, 0x7f, 0x80, 0x0, 0x0, 0x7f, 0x80, 0x0,
    0x0, 0xff, 0x0, 0x0, 0x0, 0xff, 0x0, 0x0,
    0x1, 0xff, 0x0, 0x0, 0x1, 0xfe, 0x0, 0x0,
    0x1, 0xfe, 0x0, 0x0, 0x3, 0xfc, 0x0, 0x0,
    0x3, 0xfc, 0x0, 0x0, 0x3, 0xfc, 0x0, 0x0,
    0x7, 0xf8, 0x0, 0x0, 0x7, 0xf8, 0x0, 0x0,
    0xf, 0xf0, 0x0, 0x0, 0xf, 0xf0, 0x0, 0x0,
    0xf, 0xf0, 0x0, 0x0, 0x1f, 0xe0, 0x0, 0x0,
    0x1f, 0xe0, 0x0, 0x0, 0x3f, 0xe0, 0x0, 0x0,
    0x3f, 0xc0, 0x0, 0x0, 0x3f, 0xc0, 0x0, 0x0,
    0x7f, 0x80, 0x0, 0x0, 0x7f, 0x80, 0x0, 0x0,
    0xff, 0x80, 0x0, 0x0, 0xff, 0x0, 0x0, 0x0,

    /* U+0030 "0" */
    0x0, 0x3f, 0xc0, 0x0, 0x1f, 0xff, 0x80, 0x7,
    0xff, 0xfe, 0x0, 0xff, 0xff, 0xf0, 0x1f, 0xff,
    0xff, 0x83, 0xff, 0xff, 0xfc, 0x3f, 0xff, 0xff,
    0xc7, 0xff, 0xff, 0xfe, 0x7f, 0xf0, 0xff, 0xe7,
    0xfc, 0x3, 0xfe, 0xff, 0xc0, 0x3f, 0xff, 0xf8,
    0x1, 0xff, 0xff, 0x80, 0x1f, 0xff, 0xf8, 0x1,
    0xff, 0xff, 0x80, 0x1f, 0xff, 0xf8, 0x1, 0xff,
    0xff, 0x80, 0x1f, 0xff, 0xf8, 0x1, 0xff, 0xff,
    0x80, 0x1f, 0xff, 0xf8, 0x1, 0xff, 0xff, 0x80,
    0x1f, 0xff, 0xf8, 0x1, 0xff, 0xff, 0x80, 0x1f,
    0xff, 0xf8, 0x1, 0xff, 0xff, 0x80, 0x1f, 0xff,
    0xf8, 0x1, 0xff, 0xff, 0x80, 0x1f, 0xff, 0xf8,
    0x1, 0xff, 0xff, 0x80, 0x1f, 0xff, 0xf8, 0x1,
    0xff, 0xff, 0x80, 0x1f, 0xff, 0xf8, 0x1, 0xff,
    0xff, 0x80, 0x1f, 0xff, 0xf8, 0x1, 0xff, 0xff,
    0x80, 0x1f, 0xff, 0xf8, 0x1, 0xff, 0xff, 0x80,
    0x1f, 0xff, 0xf8, 0x1, 0xff, 0xff, 0x80, 0x1f,
    0xff, 0xf8, 0x1, 0xff, 0xff, 0x80, 0x1f, 0xff,
    0xf8, 0x1, 0xff, 0xff, 0x80, 0x1f, 0xff, 0xf8,
    0x1, 0xff, 0xff, 0x80, 0x1f, 0xff, 0xf8, 0x1,
    0xff, 0xff, 0x80, 0x1f, 0xff, 0xf8, 0x1, 0xff,
    0xff, 0x80, 0x1f, 0xff, 0xf8, 0x1, 0xff, 0xff,
    0x80, 0x1f, 0xff, 0xfc, 0x3, 0xff, 0x7f, 0xc0,
    0x3f, 0xe7, 0xff, 0xf, 0xfe, 0x7f, 0xff, 0xff,
    0xe3, 0xff, 0xff, 0xfc, 0x3f, 0xff, 0xff, 0xc1,
    0xff, 0xff, 0xf8, 0xf, 0xff, 0xff, 0x0, 0x7f,
    0xff, 0xe0, 0x1, 0xff, 0xf8, 0x0, 0x7, 0xfc,
    0x0,

    /* U+0031 "1" */
    0x0, 0x7, 0xe0, 0x1, 0xfc, 0x0, 0x3f, 0x80,
    0xf, 0xf0, 0x1, 0xfe, 0x0, 0x7f, 0xc0, 0x3f,
    0xf8, 0x1f, 0xff, 0xff, 0xff, 0xff, 0xff, 0xff,
    0xff, 0xff, 0xff, 0xff, 0xff, 0xff, 0xff, 0xff,
    0xff, 0xc0, 0xf, 0xf8, 0x1, 0xff, 0x0, 0x3f,
    0xe0, 0x7, 0xfc, 0x0, 0xff, 0x80, 0x1f, 0xf0,
    0x3, 0xfe, 0x0, 0x7f, 0xc0, 0xf, 0xf8, 0x1,
    0xff, 0x0, 0x3f, 0xe0, 0x7, 0xfc, 0x0, 0xff,
    0x80, 0x1f, 0xf0, 0x3, 0xfe, 0x0, 0x7f, 0xc0,
    0xf, 0xf8, 0x1, 0xff, 0x0, 0x3f, 0xe0, 0x7,
    0xfc, 0x0, 0xff, 0x80, 0x1f, 0xf0, 0x3, 0xfe,
    0x0, 0x7f, 0xc0, 0xf, 0xf8, 0x1, 0xff, 0x0,
    0x3f, 0xe0, 0x7, 0xfc, 0x0, 0xff, 0x80, 0x1f,
    0xf0, 0x3, 0xfe, 0x0, 0x7f, 0xc0, 0xf, 0xf8,
    0x1, 0xff, 0x0, 0x3f, 0xe0, 0x7, 0xfc, 0x0,
    0xff, 0x80, 0x1f, 0xf0, 0x3, 0xfe, 0x0, 0x7f,
    0xc0, 0xf, 0xf8, 0x1, 0xff, 0x0, 0x3f, 0xe0,
    0x7, 0xfc, 0x0, 0xff, 0x80, 0x1f, 0xf0,

    /* U+0032 "2" */
    0x0, 0x3f, 0xc0, 0x0, 0x1f, 0xff, 0x80, 0x7,
    0xff, 0xfe, 0x0, 0xff, 0xff, 0xf0, 0x1f, 0xff,
    0xff, 0x83, 0xff, 0xff, 0xfc, 0x3f, 0xff, 0xff,
    0xc7, 0xff, 0xff, 0xfe, 0x7f, 0xf0, 0xff, 0xe7,
    0xfc, 0x3, 0xfe, 0xff, 0xc0, 0x3f, 0xff, 0xf8,
    0x1, 0xff, 0xff, 0x80, 0x1f, 0xff, 0xf8, 0x1,
    0xff, 0xff, 0x80, 0x1f, 0xff, 0xf8, 0x1, 0xff,
    0xff, 0x80, 0x1f, 0xff, 0xf8, 0x1, 0xff, 0xff,
    0x80, 0x1f, 0xff, 0xf8, 0x3, 0xff, 0xff, 0x80,
    0x3f, 0xe0, 0x0, 0x3, 0xfe, 0x0, 0x0, 0x7f,
    0xe0, 0x0, 0x7, 0xfe, 0x0, 0x0, 0xff, 0xc0,
    0x0, 0xf, 0xfc, 0x0, 0x1, 0xff, 0x80, 0x0,
    0x3f, 0xf8, 0x0, 0x7, 0xff, 0x0, 0x0, 0x7f,
    0xe0, 0x0, 0xf, 0xfe, 0x0, 0x1, 0xff, 0xc0,
    0x0, 0x3f, 0xf8, 0x0, 0x7, 0xff, 0x0, 0x0,
    0xff, 0xf0, 0x0, 0x1f, 0xfe, 0x0, 0x3, 0xff,
    0xc0, 0x0, 0x3f, 0xf8, 0x0, 0x7, 0xff, 0x0,
    0x0, 0xff, 0xe0, 0x0, 0xf, 0xfc, 0x0, 0x1,
    0xff, 0x80, 0x0, 0x3f, 0xf8, 0x0, 0x3, 0xff,
    0x0, 0x0, 0x3f, 0xe0, 0x0, 0x7, 0xfe, 0x0,
    0x0, 0x7f, 0xc0, 0x0, 0x7, 0xfc, 0x0, 0x0,
    0xff, 0x80, 0x0, 0xf, 0xf8, 0x0, 0x0, 0xff,
    0x80, 0x0, 0xf, 0xf8, 0x0, 0x0, 0xff, 0x80,
    0x0, 0xf, 0xff, 0xff, 0xfe, 0xff, 0xff, 0xff,
    0xef, 0xff, 0xff, 0xfe, 0xff, 0xff, 0xff, 0xef,
    0xff, 0xff, 0xfe, 0xff, 0xff, 0xff, 0xef, 0xff,
    0xff, 0xfe, 0xff, 0xff, 0xff, 0xe0,

    /* U+0033 "3" */
    0x0, 0x3f, 0xe0, 0x0, 0x1f, 0xff, 0x80, 0x7,
    0xff, 0xfe, 0x0, 0xff, 0xff, 0xf0, 0x1f, 0xff,
    0xff, 0x83, 0xff, 0xff, 0xfc, 0x3f, 0xff, 0xff,
    0xc7, 0xff, 0xff, 0xfe, 0x7f, 0xf0, 0xff, 0xe7,
    0xfc, 0x3, 0xfe, 0xff, 0xc0, 0x3f, 0xff, 0xf8,
    0x1, 0xff, 0xff, 0x80, 0x1f, 0xff, 0xf8, 0x1,
    0xff, 0xff, 0x80, 0x1f, 0xff, 0xf8, 0x1, 0xff,
    0xff, 0x80, 0x1f, 0xff, 0xf8, 0x1, 0xff, 0x0,
    0x0, 0x1f, 0xf0, 0x0, 0x1, 0xff, 0x0, 0x0,
    0x1f, 0xf0, 0x0, 0x1, 0xff, 0x0, 0x0, 0x1f,
    0xe0, 0x0, 0x3, 0xfe, 0x0, 0x0, 0x7f, 0xe0,
    0x0, 0xf, 0xfc, 0x0, 0x7f, 0xff, 0xc0, 0x7,
    0xff, 0xf8, 0x0, 0x7f, 0xfe, 0x0, 0x7, 0xff,
    0x80, 0x0, 0x7f, 0xfe, 0x0, 0x7, 0xff, 0xf0,
    0x0, 0x7f, 0xff, 0x80, 0x7, 0xff, 0xfc, 0x0,
    0x1, 0xff, 0xe0, 0x0, 0x7, 0xfe, 0x0, 0x0,
    0x3f, 0xe0, 0x0, 0x3, 0xff, 0x0, 0x0, 0x1f,
    0xf0, 0x0, 0x1, 0xff, 0x0, 0x0, 0x1f, 0xf0,
    0x0, 0x1, 0xff, 0xff, 0x80, 0x1f, 0xff, 0xf8,
    0x1, 0xff, 0xff, 0x80, 0x1f, 0xff, 0xf8, 0x1,
    0xff, 0xff, 0x80, 0x1f, 0xff, 0xf8, 0x1, 0xff,
    0xff, 0x80, 0x1f, 0xff, 0xf8, 0x1, 0xff, 0xff,
    0x80, 0x1f, 0xff, 0xfc, 0x3, 0xff, 0x7f, 0xc0,
    0x3f, 0xe7, 0xff, 0xf, 0xfe, 0x7f, 0xff, 0xff,
    0xe3, 0xff, 0xff, 0xfc, 0x3f, 0xff, 0xff, 0xc1,
    0xff, 0xff, 0xf8, 0xf, 0xff, 0xff, 0x0, 0x7f,
    0xff, 0xe0, 0x1, 0xff, 0xf8, 0x0, 0x7, 0xfc,
    0x0,

    /* U+0034 "4" */
    0x0, 0x0, 0x7f, 0xe0, 0x0, 0x0, 0xff, 0xe0,
    0x0, 0x0, 0xff, 0xe0, 0x0, 0x0, 0xff, 0xe0,
    0x0, 0x1, 0xff, 0xe0, 0x0, 0x1, 0xff, 0xe0,
    0x0, 0x3, 0xff, 0xe0, 0x0, 0x3, 0xff, 0xe0,
    0x0, 0x3, 0xff, 0xe0, 0x0, 0x7, 0xff, 0xe0,
    0x0, 0x7, 0xff, 0xe0, 0x0, 0xf, 0xff, 0xe0,
    0x0, 0xf, 0xff, 0xe0, 0x0, 0x1f, 0xff, 0xe0,
    0x0, 0x1f, 0xff, 0xe0, 0x0, 0x1f, 0xff, 0xe0,
    0x0, 0x3f, 0xff, 0xe0, 0x0, 0x3f, 0xff, 0xe0,
    0x0, 0x7f, 0xbf, 0xe0, 0x0, 0x7f, 0xbf, 0xe0,
    0x0, 0x7f, 0xbf, 0xe0, 0x0, 0xff, 0x3f, 0xe0,
    0x0, 0xff, 0x3f, 0xe0, 0x1, 0xfe, 0x3f, 0xe0,
    0x1, 0xfe, 0x3f, 0xe0, 0x3, 0xfe, 0x3f, 0xe0,
    0x3, 0xfc, 0x3f, 0xe0, 0x3, 0xfc, 0x3f, 0xe0,
    0x7, 0xf8, 0x3f, 0xe0, 0x7, 0xf8, 0x3f, 0xe0,
    0xf, 0xf8, 0x3f, 0xe0, 0xf, 0xf0, 0x3f, 0xe0,
    0xf, 0xf0, 0x3f, 0xe0, 0x1f, 0xf0, 0x3f, 0xe0,
    0x1f, 0xe0, 0x3f, 0xe0, 0x3f, 0xe0, 0x3f, 0xe0,
    0x3f, 0xc0, 0x3f, 0xe0, 0x7f, 0xc0, 0x3f, 0xe0,
    0x7f, 0xc0, 0x3f, 0xe0, 0x7f, 0x80, 0x3f, 0xe0,
    0xff, 0x80, 0x3f, 0xe0, 0xff, 0xff, 0xff, 0xff,
    0xff, 0xff, 0xff, 0xff, 0xff, 0xff, 0xff, 0xff,
    0xff, 0xff, 0xff, 0xff, 0xff, 0xff, 0xff, 0xff,
    0xff, 0xff, 0xff, 0xff, 0xff, 0xff, 0xff, 0xff,
    0xff, 0xff, 0xff, 0xff, 0x0, 0x0, 0x3f, 0xe0,
    0x0, 0x0, 0x3f, 0xe0, 0x0, 0x0, 0x3f, 0xe0,
    0x0, 0x0, 0x3f, 0xe0, 0x0, 0x0, 0x3f, 0xe0,
    0x0, 0x0, 0x3f, 0xe0, 0x0, 0x0, 0x3f, 0xe0,
    0x0, 0x0, 0x3f, 0xe0, 0x0, 0x0, 0x3f, 0xe0,
    0x0, 0x0, 0x3f, 0xe0, 0x0, 0x0, 0x3f, 0xe0,

    /* U+0035 "5" */
    0x3f, 0xff, 0xff, 0xe3, 0xff, 0xff, 0xfe, 0x3f,
    0xff, 0xff, 0xe3, 0xff, 0xff, 0xfe, 0x7f, 0xff,
    0xff, 0xe7, 0xff, 0xff, 0xfe, 0x7f, 0xff, 0xff,
    0xe7, 0xff, 0xff, 0xfe, 0x7f, 0xc0, 0x0, 0x7,
    0xfc, 0x0, 0x0, 0x7f, 0xc0, 0x0, 0x7, 0xfc,
    0x0, 0x0, 0x7f, 0xc0, 0x0, 0x7, 0xfc, 0x0,
    0x0, 0x7f, 0xc0, 0x0, 0x7, 0xfc, 0x0, 0x0,
    0x7f, 0xc0, 0x0, 0x7, 0xfc, 0x0, 0x0, 0x7f,
    0xc1, 0xf8, 0x7, 0xfc, 0xff, 0xe0, 0x7f, 0xdf,
    0xff, 0x87, 0xff, 0xff, 0xf8, 0x7f, 0xff, 0xff,
    0xcf, 0xff, 0xff, 0xfe, 0xff, 0xff, 0xff, 0xef,
    0xff, 0xff, 0xfe, 0xff, 0xf0, 0xff, 0xff, 0xfc,
    0x3, 0xff, 0xff, 0xc0, 0x3f, 0xff, 0xf8, 0x1,
    0xff, 0xff, 0x80, 0x1f, 0xff, 0xf8, 0x1, 0xff,
    0x0, 0x0, 0x1f, 0xf0, 0x0, 0x1, 0xff, 0x0,
    0x0, 0x1f, 0xf0, 0x0, 0x1, 0xff, 0x0, 0x0,
    0x1f, 0xf0, 0x0, 0x1, 0xff, 0x0, 0x0, 0x1f,
    0xf0, 0x0, 0x1, 0xff, 0xff, 0x80, 0x1f, 0xff,
    0xf8, 0x1, 0xff, 0xff, 0x80, 0x1f, 0xff, 0xf8,
    0x1, 0xff, 0xff, 0x80, 0x1f, 0xff, 0xf8, 0x1,
    0xff, 0xff, 0x80, 0x1f, 0xff, 0xf8, 0x1, 0xff,
    0xff, 0x80, 0x1f, 0xff, 0xfc, 0x3, 0xff, 0x7f,
    0xc0, 0x3f, 0xe7, 0xff, 0xf, 0xfe, 0x7f, 0xff,
    0xff, 0xe3, 0xff, 0xff, 0xfc, 0x3f, 0xff, 0xff,
    0xc1, 0xff, 0xff, 0xf8, 0xf, 0xff, 0xff, 0x0,
    0x7f, 0xff, 0xe0, 0x1, 0xff, 0xf8, 0x0, 0x7,
    0xfc, 0x0,

    /* U+0036 "6" */
    0x0, 0x3f, 0xe0, 0x0, 0x1f, 0xff, 0x80, 0x7,
    0xff, 0xfe, 0x0, 0xff, 0xff, 0xf0, 0x1f, 0xff,
    0xff, 0x83, 0xff, 0xff, 0xfc, 0x3f, 0xff, 0xff,
    0xc7, 0xff, 0xff, 0xfe, 0x7f, 0xf0, 0xff, 0xe7,
    0xfc, 0x3, 0xfe, 0xff, 0xc0, 0x3f, 0xff, 0xfc,
    0x1, 0xff, 0xff, 0x80, 0x1f, 0xff, 0xf8, 0x1,
    0xff, 0xff, 0x80, 0x1f, 0xff, 0xf8, 0x1, 0xff,
    0xff, 0x80, 0x0, 0xf, 0xf8, 0x0, 0x0, 0xff,
    0x80, 0x0, 0xf, 0xf8, 0x0, 0x0, 0xff, 0x80,
    0x0, 0xf, 0xf8, 0x0, 0x0, 0xff, 0x80, 0x0,
    0xf, 0xf8, 0x3f, 0x80, 0xff, 0x8f, 0xfe, 0xf,
    0xf9, 0xff, 0xf8, 0xff, 0xbf, 0xff, 0x8f, 0xff,
    0xff, 0xfc, 0xff, 0xff, 0xff, 0xef, 0xff, 0xff,
    0xfe, 0xff, 0xff, 0xff, 0xef, 0xff, 0xf, 0xfe,
    0xff, 0xc0, 0x3f, 0xff, 0xfc, 0x3, 0xff, 0xff,
    0x80, 0x1f, 0xff, 0xf8, 0x1, 0xff, 0xff, 0x80,
    0x1f, 0xff, 0xf8, 0x1, 0xff, 0xff, 0x80, 0x1f,
    0xff, 0xf8, 0x1, 0xff, 0xff, 0x80, 0x1f, 0xff,
    0xf8, 0x1, 0xff, 0xff, 0x80, 0x1f, 0xff, 0xf8,
    0x1, 0xff, 0xff, 0x80, 0x1f, 0xff, 0xf8, 0x1,
    0xff, 0xff, 0x80, 0x1f, 0xff, 0xf8, 0x1, 0xff,
    0xff, 0x80, 0x1f, 0xff, 0xf8, 0x1, 0xff, 0xff,
    0x80, 0x1f, 0xff, 0xfc, 0x3, 0xff, 0x7f, 0xc0,
    0x3f, 0xe7, 0xff, 0xf, 0xfe, 0x7f, 0xff, 0xff,
    0xe3, 0xff, 0xff, 0xfc, 0x3f, 0xff, 0xff, 0xc1,
    0xff, 0xff, 0xf8, 0xf, 0xff, 0xff, 0x0, 0x7f,
    0xff, 0xe0, 0x1, 0xff, 0xf8, 0x0, 0x7, 0xfe,
    0x0,

    /* U+0037 "7" */
    0xff, 0xff, 0xff, 0xff, 0xff, 0xff, 0xff, 0xff,
    0xff, 0xff, 0xff, 0xff, 0xff, 0xff, 0xff, 0xff,
    0xff, 0xff, 0xff, 0xff, 0xff, 0xff, 0xff, 0xff,
    0xff, 0xff, 0xff, 0xff, 0x0, 0x0, 0x1f, 0xf0,
    0x0, 0x3, 0xfe, 0x0, 0x0, 0x3f, 0xe0, 0x0,
    0x3, 0xfe, 0x0, 0x0, 0x3f, 0xe0, 0x0, 0x7,
    0xfc, 0x0, 0x0, 0x7f, 0xc0, 0x0, 0x7, 0xfc,
    0x0, 0x0, 0xff, 0xc0, 0x0, 0xf, 0xf8, 0x0,
    0x0, 0xff, 0x80, 0x0, 0x1f, 0xf8, 0x0, 0x1,
    0xff, 0x0, 0x0, 0x1f, 0xf0, 0x0, 0x1, 0xff,
    0x0, 0x0, 0x3f, 0xf0, 0x0, 0x3, 0xfe, 0x0,
    0x0, 0x3f, 0xe0, 0x0, 0x7, 0xfe, 0x0, 0x0,
    0x7f, 0xc0, 0x0, 0x7, 0xfc, 0x0, 0x0, 0x7f,
    0xc0, 0x0, 0xf, 0xfc, 0x0, 0x0, 0xff, 0x80,
    0x0, 0xf, 0xf8, 0x0, 0x1, 0xff, 0x80, 0x0,
    0x1f, 0xf0, 0x0, 0x1, 0xff, 0x0, 0x0, 0x1f,
    0xf0, 0x0, 0x3, 0xff, 0x0, 0x0, 0x3f, 0xe0,
    0x0, 0x3, 0xfe, 0x0, 0x0, 0x7f, 0xe0, 0x0,
    0x7, 0xfc, 0x0, 0x0, 0x7f, 0xc0, 0x0, 0x7,
    0xfc, 0x0, 0x0, 0xff, 0xc0, 0x0, 0xf, 0xf8,
    0x0, 0x0, 0xff, 0x80, 0x0, 0x1f, 0xf8, 0x0,
    0x1, 0xff, 0x80, 0x0, 0x1f, 0xf0, 0x0, 0x1,
    0xff, 0x0, 0x0, 0x3f, 0xf0, 0x0, 0x3, 0xfe,
    0x0, 0x0, 0x3f, 0xe0, 0x0, 0x7, 0xfe, 0x0,
    0x0, 0x7f, 0xe0, 0x0, 0x7, 0xfc, 0x0, 0x0,
    0xff, 0xc0, 0x0, 0xf, 0xfc, 0x0, 0x0, 0xff,
    0x80, 0x0,

    /* U+0038 "8" */
    0x0, 0x1f, 0xe0, 0x0, 0x7, 0xff, 0xe0, 0x0,
    0xff, 0xff, 0xc0, 0xf, 0xff, 0xff, 0x0, 0xff,
    0xff, 0xfc, 0xf, 0xff, 0xff, 0xf0, 0x7f, 0xff,
    0xff, 0x87, 0xff, 0xff, 0xfe, 0x3f, 0xf8, 0x7f,
    0xf1, 0xff, 0x0, 0xff, 0x9f, 0xf8, 0x7, 0xfe,
    0xff, 0x80, 0x1f, 0xf7, 0xfc, 0x0, 0xff, 0xbf,
    0xe0, 0x7, 0xfd, 0xff, 0x0, 0x3f, 0xef, 0xf8,
    0x1, 0xff, 0x7f, 0xc0, 0xf, 0xfb, 0xfe, 0x0,
    0x7f, 0xdf, 0xf0, 0x3, 0xfe, 0xff, 0x80, 0x1f,
    0xf7, 0xfc, 0x0, 0xff, 0xbf, 0xe0, 0x7, 0xfd,
    0xff, 0x0, 0x3f, 0xc7, 0xfc, 0x3, 0xfe, 0x3f,
    0xe0, 0x1f, 0xf1, 0xff, 0xc3, 0xff, 0x7, 0xff,
    0xff, 0xf8, 0x1f, 0xff, 0xff, 0x80, 0x7f, 0xff,
    0xf8, 0x1, 0xff, 0xff, 0x0, 0x1f, 0xff, 0xfc,
    0x1, 0xff, 0xff, 0xf8, 0x1f, 0xff, 0xff, 0xc1,
    0xff, 0xff, 0xff, 0x1f, 0xfc, 0x1f, 0xfc, 0xff,
    0xc0, 0x7f, 0xe7, 0xfc, 0x1, 0xff, 0x7f, 0xc0,
    0x7, 0xff, 0xfe, 0x0, 0x3f, 0xff, 0xf0, 0x1,
    0xff, 0xff, 0x80, 0xf, 0xff, 0xfc, 0x0, 0x7f,
    0xff, 0xe0, 0x3, 0xff, 0xff, 0x0, 0x1f, 0xff,
    0xf8, 0x0, 0xff, 0xff, 0xc0, 0x7, 0xff, 0xfe,
    0x0, 0x3f, 0xff, 0xf0, 0x1, 0xff, 0xff, 0x80,
    0xf, 0xff, 0xfc, 0x0, 0x7f, 0xff, 0xf0, 0x7,
    0xff, 0xff, 0x80, 0x3f, 0xf7, 0xfe, 0x3, 0xff,
    0x3f, 0xf8, 0x3f, 0xf9, 0xff, 0xff, 0xff, 0xc7,
    0xff, 0xff, 0xfc, 0x3f, 0xff, 0xff, 0xe0, 0xff,
    0xff, 0xfe, 0x3, 0xff, 0xff, 0xe0, 0xf, 0xff,
    0xfe, 0x0, 0x1f, 0xff, 0xc0, 0x0, 0x1f, 0xf0,
    0x0,

    /* U+0039 "9" */
    0x0, 0x3f, 0xc0, 0x0, 0x1f, 0xff, 0x80, 0x7,
    0xff, 0xfe, 0x0, 0xff, 0xff, 0xf0, 0x1f, 0xff,
    0xff, 0x83, 0xff, 0xff, 0xfc, 0x3f, 0xff, 0xff,
    0xc7, 0xff, 0xff, 0xfe, 0x7f, 0xf0, 0xff, 0xe7,
    0xfc, 0x3, 0xfe, 0xff, 0xc0, 0x3f, 0xff, 0xf8,
    0x1, 0xff, 0xff, 0x80, 0x1f, 0xff, 0xf8, 0x1,
    0xff, 0xff, 0x80, 0x1f, 0xff, 0xf8, 0x1, 0xff,
    0xff, 0x80, 0x1f, 0xff, 0xf8, 0x1, 0xff, 0xff,
    0x80, 0x1f, 0xff, 0xf8, 0x1, 0xff, 0xff, 0x80,
    0x1f, 0xff, 0xf8, 0x1, 0xff, 0xff, 0x80, 0x1f,
    0xff, 0xf8, 0x1, 0xff, 0xff, 0x80, 0x1f, 0xff,
    0xf8, 0x1, 0xff, 0xff, 0x80, 0x1f, 0xff, 0xf8,
    0x1, 0xff, 0xff, 0xc0, 0x3f, 0xff, 0xfc, 0x3,
    0xff, 0xff, 0xf0, 0xff, 0xf7, 0xff, 0xff, 0xff,
    0x7f, 0xff, 0xff, 0xf7, 0xff, 0xff, 0xff, 0x3f,
    0xff, 0xff, 0xf1, 0xff, 0xfd, 0xff, 0x1f, 0xff,
    0x9f, 0xf0, 0x7f, 0xf1, 0xff, 0x1, 0xfc, 0x1f,
    0xf0, 0x0, 0x1, 0xff, 0x0, 0x0, 0x1f, 0xf0,
    0x0, 0x1, 0xff, 0x0, 0x0, 0x1f, 0xf0, 0x0,
    0x1, 0xff, 0x0, 0x0, 0x1f, 0xf0, 0x0, 0x1,
    0xff, 0xff, 0x80, 0x1f, 0xff, 0xf8, 0x1, 0xff,
    0xff, 0x80, 0x1f, 0xff, 0xf8, 0x1, 0xff, 0xff,
    0x80, 0x1f, 0xff, 0xfc, 0x3, 0xff, 0x7f, 0xc0,
    0x3f, 0xe7, 0xff, 0xf, 0xfe, 0x7f, 0xff, 0xff,
    0xe3, 0xff, 0xff, 0xfc, 0x3f, 0xff, 0xff, 0xc1,
    0xff, 0xff, 0xf8, 0xf, 0xff, 0xff, 0x0, 0x7f,
    0xff, 0xe0, 0x1, 0xff, 0xf8, 0x0, 0x7, 0xfe,
    0x0,

    /* U+003A ":" */
    0xff, 0xff, 0xff, 0xff, 0xff, 0xff, 0xff, 0xff,
    0xff, 0x0, 0x0, 0x0, 0x0, 0x0, 0x0, 0x0,
    0x0, 0x0, 0x0, 0x0, 0x0, 0x0, 0x0, 0x0,
    0x0, 0x0, 0x0, 0x0, 0x0, 0x0, 0x0, 0x0,
    0x0, 0x0, 0x0, 0x0, 0x0, 0x7f, 0xff, 0xff,
    0xff, 0xff, 0xff, 0xff, 0xff, 0xff, 0x80,

    /* U+003B ";" */
    0x7f, 0xdf, 0xf7, 0xfd, 0xff, 0x7f, 0xdf, 0xf7,
    0xfd, 0xff, 0x0, 0x0, 0x0, 0x0, 0x0, 0x0,
    0x0, 0x0, 0x0, 0x0, 0x0, 0x0, 0x0, 0x0,
    0x0, 0x0, 0x0, 0x0, 0x0, 0x0, 0x0, 0x0,
    0x0, 0x0, 0x0, 0x0, 0x0, 0x0, 0x0, 0x0,
    0x0, 0x1f, 0xf7, 0xfd, 0xff, 0x7f, 0xdf, 0xf7,
    0xfd, 0xff, 0x7f, 0xc3, 0xe0, 0xf8, 0x7c, 0x1f,
    0x7, 0xc3, 0xe0, 0xf8, 0x7c, 0x1f, 0x7, 0x83,
    0xe0,

    /* U+003C "<" */
    0x0, 0x0, 0x0, 0x20, 0x0, 0x0, 0x1c, 0x0,
    0x0, 0xf, 0x80, 0x0, 0xf, 0xf0, 0x0, 0x7,
    0xfe, 0x0, 0x3, 0xff, 0xc0, 0x3, 0xff, 0xf8,
    0x1, 0xff, 0xfe, 0x0, 0xff, 0xff, 0x0, 0xff,
    0xff, 0x0, 0x7f, 0xff, 0x80, 0x3f, 0xff, 0x80,
    0xf, 0xff, 0xc0, 0x1, 0xff, 0xe0, 0x0, 0x3f,
    0xe0, 0x0, 0x7, 0xfe, 0x0, 0x0, 0xff, 0xf0,
    0x0, 0x1f, 0xff, 0x80, 0x1, 0xff, 0xfe, 0x0,
    0xf, 0xff, 0xf0, 0x0, 0x3f, 0xff, 0xc0, 0x1,
    0xff, 0xfe, 0x0, 0xf, 0xff, 0xf0, 0x0, 0x3f,
    0xff, 0x0, 0x1, 0xff, 0xe0, 0x0, 0xf, 0xfc,
    0x0, 0x0, 0x3f, 0x80, 0x0, 0x1, 0xf0, 0x0,
    0x0, 0xe,

    /* U+003D "=" */
    0xff, 0xff, 0xff, 0xff, 0xff, 0xff, 0xff, 0xff,
    0xff, 0xff, 0xff, 0xff, 0xff, 0xff, 0xff, 0xff,
    0xff, 0xff, 0xff, 0xff, 0xff, 0x0, 0x0, 0x0,
    0x0, 0x0, 0x0, 0x0, 0x0, 0x0, 0x0, 0x0,
    0x0, 0x0, 0x0, 0x0, 0x0, 0x0, 0x0, 0x0,
    0x0, 0x0, 0x0, 0x0, 0x0, 0x0, 0x0, 0x0,
    0x0, 0xff, 0xff, 0xff, 0xff, 0xff, 0xff, 0xff,
    0xff, 0xff, 0xff, 0xff, 0xff, 0xff, 0xff, 0xff,
    0xff, 0xff, 0xff, 0xff, 0xff, 0xff,

    /* U+003E ">" */
    0x0, 0x0, 0x0, 0x1c, 0x0, 0x0, 0x3, 0xe0,
    0x0, 0x0, 0x7f, 0x0, 0x0, 0xf, 0xfc, 0x0,
    0x1, 0xff, 0xe0, 0x0, 0x3f, 0xff, 0x0, 0x3,
    0xff, 0xfc, 0x0, 0x1f, 0xff, 0xe0, 0x0, 0xff,
    0xff, 0x0, 0x3, 0xff, 0xfc, 0x0, 0x1f, 0xff,
    0xe0, 0x0, 0xff, 0xfe, 0x0, 0x3, 0xff, 0xc0,
    0x0, 0x1f, 0xf8, 0x0, 0x3, 0xff, 0x0, 0x1,
    0xff, 0xe0, 0x1, 0xff, 0xfc, 0x0, 0xff, 0xff,
    0x0, 0xff, 0xff, 0x0, 0x7f, 0xff, 0x80, 0x3f,
    0xff, 0xc0, 0x3f, 0xff, 0xc0, 0x7, 0xff, 0xe0,
    0x0, 0xff, 0xf0, 0x0, 0x1f, 0xf0, 0x0, 0x3,
    0xf8, 0x0, 0x0, 0x7c, 0x0, 0x0, 0xc, 0x0,
    0x0, 0x0,

    /* U+003F "?" */
    0x0, 0x3f, 0xc0, 0x0, 0x1f, 0xff, 0x80, 0x7,
    0xff, 0xfe, 0x0, 0xff, 0xff, 0xf0, 0x1f, 0xff,
    0xff, 0x83, 0xff, 0xff, 0xfc, 0x3f, 0xff, 0xff,
    0xc7, 0xff, 0xff, 0xfe, 0x7f, 0xf0, 0xff, 0xe7,
    0xfc, 0x3, 0xfe, 0xff, 0xc0, 0x3f, 0xff, 0xf8,
    0x1, 0xff, 0xff, 0x80, 0x1f, 0xff, 0xf8, 0x1,
    0xff, 0xff, 0x80, 0x1f, 0xff, 0xf8, 0x1, 0xff,
    0xff, 0x80, 0x1f, 0xff, 0xf8, 0x1, 0xff, 0xff,
    0x80, 0x1f, 0xff, 0xf8, 0x3, 0xff, 0xff, 0x80,
    0x3f, 0xe0, 0x0, 0x3, 0xfe, 0x0, 0x0, 0x7f,
    0xe0, 0x0, 0x7, 0xfc, 0x0, 0x0, 0xff, 0xc0,
    0x0, 0xf, 0xfc, 0x0, 0x1, 0xff, 0x80, 0x0,
    0x1f, 0xf8, 0x0, 0x3, 0xff, 0x0, 0x0, 0x7f,
    0xe0, 0x0, 0x7, 0xfe, 0x0, 0x0, 0xff, 0xc0,
    0x0, 0x1f, 0xf8, 0x0, 0x1, 0xff, 0x0, 0x0,
    0x1f, 0xf0, 0x0, 0x3, 0xfe, 0x0, 0x0, 0x3f,
    0xe0, 0x0, 0x3, 0xfc, 0x0, 0x0, 0x7f, 0xc0,
    0x0, 0x7, 0xf8, 0x0, 0x0, 0x7f, 0x80, 0x0,
    0x7, 0xf8, 0x0, 0x0, 0x7f, 0x80, 0x0, 0x7,
    0xf8, 0x0, 0x0, 0x7f, 0x80, 0x0, 0x7, 0xf8,
    0x0, 0x0, 0x0, 0x0, 0x0, 0x0, 0x0, 0x0,
    0x0, 0x0, 0x0, 0x0, 0x0, 0x0, 0x0, 0x0,
    0x0, 0x0, 0x0, 0x0, 0x0, 0x0, 0x0, 0x0,
    0x0, 0x0, 0xf, 0xf8, 0x0, 0x0, 0xff, 0x80,
    0x0, 0xf, 0xf8, 0x0, 0x0, 0xff, 0x80, 0x0,
    0xf, 0xf8, 0x0, 0x0, 0xff, 0x80, 0x0, 0xf,
    0xf8, 0x0, 0x0, 0xff, 0x80, 0x0,

    /* U+0040 "@" */
    0x0, 0x0, 0x0, 0x3f, 0xfc, 0x0, 0x0, 0x0,
    0x0, 0x3, 0xff, 0xff, 0xc0, 0x0, 0x0, 0x0,
    0x1f, 0xff, 0xff, 0xf8, 0x0, 0x0, 0x0, 0x7f,
    0xff, 0xff, 0xfc, 0x0, 0x0, 0x1, 0xff, 0xff,
    0xff, 0xff, 0x0, 0x0, 0x3, 0xff, 0xff, 0xff,
    0xff, 0x80, 0x0, 0x7, 0xff, 0xff, 0xff, 0xff,
    0xc0, 0x0, 0x1f, 0xff, 0xe0, 0x7, 0xff, 0xe0,
    0x0, 0x3f, 0xfe, 0x0, 0x0, 0xff, 0xe0, 0x0,
    0x7f, 0xf8, 0x0, 0x0, 0x3f, 0xf0, 0x0, 0x7f,
    0xe0, 0x0, 0x0, 0x1f, 0xf8, 0x0, 0xff, 0xc0,
    0x0, 0x0, 0xf, 0xf8, 0x1, 0xff, 0x80, 0x0,
    0x0, 0x7, 0xfc, 0x3, 0xff, 0x0, 0x0, 0x0,
    0x3, 0xfc, 0x3, 0xfe, 0x0, 0x0, 0x0, 0x3,
    0xfc, 0x7, 0xfc, 0x0, 0x0, 0x0, 0x1, 0xfe,
    0x7, 0xf8, 0x0, 0x0, 0x0, 0x1, 0xfe, 0xf,
    0xf8, 0x0, 0xfc, 0x1f, 0xe0, 0xfe, 0xf, 0xf0,
    0x7, 0xff, 0x1f, 0xe0, 0xfe, 0x1f, 0xf0, 0xf,
    0xff, 0x9f, 0xe0, 0xff, 0x1f, 0xe0, 0x1f, 0xff,
    0xbf, 0xe0, 0x7f, 0x1f, 0xe0, 0x1f, 0xff, 0xff,
    0xe0, 0x7f, 0x3f, 0xc0, 0x3f, 0xff, 0xff, 0xc0,
    0x7f, 0x3f, 0xc0, 0x3f, 0xff, 0xff, 0xc0, 0x7f,
    0x3f, 0xc0, 0x7f, 0xff, 0xff, 0xc0, 0x7f, 0x7f,
    0xc0, 0x7f, 0xe0, 0xff, 0xc0, 0x7f, 0x7f, 0x80,
    0x7f, 0xc0, 0x7f, 0xc0, 0x7f, 0x7f, 0x80, 0xff,
    0xc0, 0x7f, 0xc0, 0x7f, 0x7f, 0x80, 0xff, 0x80,
    0x3f, 0xc0, 0x7f, 0x7f, 0x80, 0xff, 0x80, 0x7f,
    0xc0, 0x7f, 0x7f, 0x80, 0xff, 0x80, 0x7f, 0xc0,
    0x7f, 0xff, 0x0, 0xff, 0x80, 0x7f, 0x80, 0x7f,
    0xff, 0x0, 0xff, 0x80, 0x7f, 0x80, 0x7f, 0xff,
    0x0, 0xff, 0x0, 0x7f, 0x80, 0xfe, 0xff, 0x0,
    0xff, 0x0, 0x7f, 0x80, 0xfe, 0xff, 0x0, 0xff,
    0x0, 0x7f, 0x80, 0xfe, 0xff, 0x1, 0xff, 0x0,
    0x7f, 0x80, 0xfe, 0xff, 0x1, 0xff, 0x0, 0x7f,
    0x80, 0xfe, 0xff, 0x1, 0xff, 0x0, 0x7f, 0x81,
    0xfc, 0xff, 0x1, 0xff, 0x0, 0xff, 0x81, 0xfc,
    0xff, 0x1, 0xff, 0x0, 0xff, 0x81, 0xfc, 0xff,
    0x1, 0xff, 0x0, 0xff, 0x3, 0xf8, 0xff, 0x1,
    0xff, 0x81, 0xff, 0x3, 0xf8, 0xff, 0x1, 0xff,
    0xc3, 0xff, 0x7, 0xf0, 0xff, 0x1, 0xff, 0xff,
    0xff, 0x8f, 0xf0, 0xff, 0x1, 0xff, 0xff, 0xff,
    0xff, 0xe0, 0x7f, 0x80, 0xff, 0xff, 0xff, 0xff,
    0xe0, 0x7f, 0x80, 0xff, 0xff, 0xff, 0xff, 0xc0,
    0x7f, 0x80, 0x7f, 0xfe, 0xff, 0xff, 0x80, 0x7f,
    0x80, 0x7f, 0xfc, 0xff, 0xff, 0x0, 0x7f, 0xc0,
    0x3f, 0xf8, 0x7f, 0xfe, 0x0, 0x3f, 0xc0, 0xf,
    0xe0, 0x3f, 0xf8, 0x0, 0x3f, 0xe0, 0x0, 0x0,
    0xf, 0xe0, 0x0, 0x3f, 0xe0, 0x0, 0x0, 0x0,
    0x0, 0x0, 0x1f, 0xf0, 0x0, 0x0, 0x0, 0x0,
    0x0, 0x1f, 0xf8, 0x0, 0x0, 0x0, 0x0, 0x0,
    0xf, 0xfc, 0x0, 0x0, 0x0, 0x0, 0x0, 0xf,
    0xfe, 0x0, 0x0, 0x0, 0x4, 0x0, 0x7, 0xff,
    0x0, 0x0, 0x0, 0x1c, 0x0, 0x3, 0xff, 0x80,
    0x0, 0x0, 0x7c, 0x0, 0x3, 0xff, 0xe0, 0x0,
    0x1, 0xfc, 0x0, 0x1, 0xff, 0xfe, 0x0, 0x1f,
    0xfc, 0x0, 0x0, 0xff, 0xff, 0xff, 0xff, 0xfc,
    0x0, 0x0, 0x7f, 0xff, 0xff, 0xff, 0xfc, 0x0,
    0x0, 0x1f, 0xff, 0xff, 0xff, 0xfc, 0x0, 0x0,
    0xf, 0xff, 0xff, 0xff, 0xf0, 0x0, 0x0, 0x3,
    0xff, 0xff, 0xff, 0xc0, 0x0, 0x0, 0x0, 0x7f,
    0xff, 0xfe, 0x0, 0x0, 0x0, 0x0, 0x7, 0xff,
    0xe0, 0x0, 0x0,

    /* U+0041 "A" */
    0x0, 0x3f, 0xfe, 0x0, 0x0, 0x3f, 0xfe, 0x0,
    0x0, 0x7f, 0xfe, 0x0, 0x0, 0x7f, 0xfe, 0x0,
    0x0, 0x7f, 0xfe, 0x0, 0x0, 0x7f, 0xff, 0x0,
    0x0, 0x7f, 0xff, 0x0, 0x0, 0x7f, 0xff, 0x0,
    0x0, 0xff, 0xff, 0x0, 0x0, 0xff, 0xff, 0x0,
    0x0, 0xff, 0xff, 0x0, 0x0, 0xff, 0xff, 0x80,
    0x0, 0xfe, 0xff, 0x80, 0x0, 0xfe, 0xff, 0x80,
    0x1, 0xfe, 0x7f, 0x80, 0x1, 0xfe, 0x7f, 0x80,
    0x1, 0xfe, 0x7f, 0x80, 0x1, 0xfe, 0x7f, 0xc0,
    0x1, 0xfe, 0x7f, 0xc0, 0x1, 0xfe, 0x7f, 0xc0,
    0x3, 0xfc, 0x7f, 0xc0, 0x3, 0xfc, 0x3f, 0xc0,
    0x3, 0xfc, 0x3f, 0xc0, 0x3, 0xfc, 0x3f, 0xc0,
    0x3, 0xfc, 0x3f, 0xe0, 0x3, 0xfc, 0x3f, 0xe0,
    0x7, 0xfc, 0x3f, 0xe0, 0x7, 0xf8, 0x3f, 0xe0,
    0x7, 0xf8, 0x1f, 0xe0, 0x7, 0xf8, 0x1f, 0xe0,
    0x7, 0xf8, 0x1f, 0xf0, 0x7, 0xf8, 0x1f, 0xf0,
    0x7, 0xf8, 0x1f, 0xf0, 0xf, 0xf8, 0x1f, 0xf0,
    0xf, 0xf0, 0x1f, 0xf0, 0xf, 0xf0, 0xf, 0xf0,
    0xf, 0xf0, 0xf, 0xf8, 0xf, 0xf0, 0xf, 0xf8,
    0xf, 0xf0, 0xf, 0xf8, 0x1f, 0xf0, 0xf, 0xf8,
    0x1f, 0xff, 0xff, 0xf8, 0x1f, 0xff, 0xff, 0xf8,
    0x1f, 0xff, 0xff, 0xfc, 0x1f, 0xff, 0xff, 0xfc,
    0x1f, 0xff, 0xff, 0xfc, 0x3f, 0xff, 0xff, 0xfc,
    0x3f, 0xff, 0xff, 0xfc, 0x3f, 0xff, 0xff, 0xfc,
    0x3f, 0xc0, 0x7, 0xfe, 0x3f, 0xc0, 0x7, 0xfe,
    0x3f, 0xc0, 0x3, 0xfe, 0x7f, 0xc0, 0x3, 0xfe,
    0x7f, 0xc0, 0x3, 0xfe, 0x7f, 0xc0, 0x3, 0xfe,
    0x7f, 0xc0, 0x3, 0xff, 0x7f, 0x80, 0x3, 0xff,
    0x7f, 0x80, 0x3, 0xff, 0xff, 0x80, 0x1, 0xff,
    0xff, 0x80, 0x1, 0xff, 0xff, 0x80, 0x1, 0xff,

    /* U+0042 "B" */
    0xff, 0xff, 0xe0, 0x7, 0xff, 0xff, 0xe0, 0x3f,
    0xff, 0xff, 0xc1, 0xff, 0xff, 0xff, 0xf, 0xff,
    0xff, 0xfc, 0x7f, 0xff, 0xff, 0xe3, 0xff, 0xff,
    0xff, 0x9f, 0xff, 0xff, 0xfc, 0xff, 0x80, 0xff,
    0xe7, 0xfc, 0x1, 0xff, 0xbf, 0xe0, 0xf, 0xfd,
    0xff, 0x0, 0x3f, 0xef, 0xf8, 0x1, 0xff, 0x7f,
    0xc0, 0xf, 0xfb, 0xfe, 0x0, 0x7f, 0xdf, 0xf0,
    0x3, 0xfe, 0xff, 0x80, 0x1f, 0xf7, 0xfc, 0x0,
    0xff, 0xbf, 0xe0, 0x7, 0xfd, 0xff, 0x0, 0x3f,
    0xef, 0xf8, 0x1, 0xff, 0x7f, 0xc0, 0x1f, 0xf3,
    0xfe, 0x1, 0xff, 0x9f, 0xf0, 0x1f, 0xf8, 0xff,
    0xff, 0xff, 0xc7, 0xff, 0xff, 0xfc, 0x3f, 0xff,
    0xff, 0xc1, 0xff, 0xff, 0xf8, 0xf, 0xff, 0xff,
    0xf0, 0x7f, 0xff, 0xff, 0xe3, 0xff, 0xff, 0xff,
    0x9f, 0xff, 0xff, 0xfc, 0xff, 0x80, 0x7f, 0xf7,
    0xfc, 0x1, 0xff, 0xbf, 0xe0, 0x7, 0xfd, 0xff,
    0x0, 0x3f, 0xff, 0xf8, 0x0, 0xff, 0xff, 0xc0,
    0x7, 0xff, 0xfe, 0x0, 0x3f, 0xff, 0xf0, 0x1,
    0xff, 0xff, 0x80, 0xf, 0xff, 0xfc, 0x0, 0x7f,
    0xff, 0xe0, 0x3, 0xff, 0xff, 0x0, 0x1f, 0xff,
    0xf8, 0x0, 0xff, 0xff, 0xc0, 0x7, 0xff, 0xfe,
    0x0, 0x3f, 0xff, 0xf0, 0x1, 0xff, 0xff, 0x80,
    0x1f, 0xff, 0xfc, 0x0, 0xff, 0xff, 0xe0, 0x1f,
    0xfd, 0xff, 0xff, 0xff, 0xef, 0xff, 0xff, 0xfe,
    0x7f, 0xff, 0xff, 0xf3, 0xff, 0xff, 0xff, 0x1f,
    0xff, 0xff, 0xf0, 0xff, 0xff, 0xff, 0x7, 0xff,
    0xff, 0xe0, 0x3f, 0xff, 0xf8, 0x0,

    /* U+0043 "C" */
    0x0, 0x3f, 0xe0, 0x0, 0x1f, 0xff, 0x80, 0x7,
    0xff, 0xfe, 0x0, 0xff, 0xff, 0xf0, 0x1f, 0xff,
    0xff, 0x83, 0xff, 0xff, 0xfc, 0x3f, 0xff, 0xff,
    0xc7, 0xff, 0xff, 0xfe, 0x7f, 0xf0, 0xff, 0xe7,
    0xfc, 0x3, 0xfe, 0xff, 0xc0, 0x3f, 0xff, 0xf8,
    0x1, 0xff, 0xff, 0x80, 0x1f, 0xff, 0xf8, 0x1,
    0xff, 0xff, 0x80, 0x1f, 0xff, 0xf8, 0x1, 0xff,
    0xff, 0x80, 0x1f, 0xff, 0xf8, 0x1, 0xff, 0xff,
    0x80, 0x1f, 0xff, 0xf8, 0x1, 0xff, 0xff, 0x80,
    0x1f, 0xff, 0xf8, 0x0, 0x0, 0xff, 0x80, 0x0,
    0xf, 0xf8, 0x0, 0x0, 0xff, 0x80, 0x0, 0xf,
    0xf8, 0x0, 0x0, 0xff, 0x80, 0x0, 0xf, 0xf8,
    0x0, 0x0, 0xff, 0x80, 0x0, 0xf, 0xf8, 0x0,
    0x0, 0xff, 0x80, 0x0, 0xf, 0xf8, 0x0, 0x0,
    0xff, 0x80, 0x0, 0xf, 0xf8, 0x0, 0x0, 0xff,
    0x80, 0x0, 0xf, 0xf8, 0x0, 0x0, 0xff, 0x80,
    0x0, 0xf, 0xf8, 0x0, 0x0, 0xff, 0x80, 0x0,
    0xf, 0xf8, 0x1, 0xff, 0xff, 0x80, 0x1f, 0xff,
    0xf8, 0x1, 0xff, 0xff, 0x80, 0x1f, 0xff, 0xf8,
    0x1, 0xff, 0xff, 0x80, 0x1f, 0xff, 0xf8, 0x1,
    0xff, 0xff, 0x80, 0x1f, 0xff, 0xf8, 0x1, 0xff,
    0xff, 0x80, 0x1f, 0xff, 0xf8, 0x1, 0xff, 0xff,
    0x80, 0x1f, 0xff, 0xfc, 0x3, 0xff, 0x7f, 0xc0,
    0x3f, 0xe7, 0xff, 0xf, 0xfe, 0x7f, 0xff, 0xff,
    0xe3, 0xff, 0xff, 0xfc, 0x3f, 0xff, 0xff, 0xc1,
    0xff, 0xff, 0xf8, 0xf, 0xff, 0xff, 0x0, 0x7f,
    0xff, 0xe0, 0x1, 0xff, 0xf8, 0x0, 0x7, 0xfc,
    0x0,

    /* U+0044 "D" */
    0xff, 0xff, 0xe0, 0xf, 0xff, 0xff, 0xc0, 0xff,
    0xff, 0xfe, 0xf, 0xff, 0xff, 0xf0, 0xff, 0xff,
    0xff, 0x8f, 0xff, 0xff, 0xfc, 0xff, 0xff, 0xff,
    0xcf, 0xff, 0xff, 0xfe, 0xff, 0x80, 0xff, 0xef,
    0xf8, 0x3, 0xfe, 0xff, 0x80, 0x3f, 0xff, 0xf8,
    0x1, 0xff, 0xff, 0x80, 0x1f, 0xff, 0xf8, 0x1,
    0xff, 0xff, 0x80, 0x1f, 0xff, 0xf8, 0x1, 0xff,
    0xff, 0x80, 0x1f, 0xff, 0xf8, 0x1, 0xff, 0xff,
    0x80, 0x1f, 0xff, 0xf8, 0x1, 0xff, 0xff, 0x80,
    0x1f, 0xff, 0xf8, 0x1, 0xff, 0xff, 0x80, 0x1f,
    0xff, 0xf8, 0x1, 0xff, 0xff, 0x80, 0x1f, 0xff,
    0xf8, 0x1, 0xff, 0xff, 0x80, 0x1f, 0xff, 0xf8,
    0x1, 0xff, 0xff, 0x80, 0x1f, 0xff, 0xf8, 0x1,
    0xff, 0xff, 0x80, 0x1f, 0xff, 0xf8, 0x1, 0xff,
    0xff, 0x80, 0x1f, 0xff, 0xf8, 0x1, 0xff, 0xff,
    0x80, 0x1f, 0xff, 0xf8, 0x1, 0xff, 0xff, 0x80,
    0x1f, 0xff, 0xf8, 0x1, 0xff, 0xff, 0x80, 0x1f,
    0xff, 0xf8, 0x1, 0xff, 0xff, 0x80, 0x1f, 0xff,
    0xf8, 0x1, 0xff, 0xff, 0x80, 0x1f, 0xff, 0xf8,
    0x1, 0xff, 0xff, 0x80, 0x1f, 0xff, 0xf8, 0x1,
    0xff, 0xff, 0x80, 0x1f, 0xff, 0xf8, 0x1, 0xff,
    0xff, 0x80, 0x3f, 0xff, 0xf8, 0x3, 0xfe, 0xff,
    0x80, 0xff, 0xef, 0xff, 0xff, 0xfe, 0xff, 0xff,
    0xff, 0xcf, 0xff, 0xff, 0xfc, 0xff, 0xff, 0xff,
    0x8f, 0xff, 0xff, 0xf0, 0xff, 0xff, 0xfe, 0xf,
    0xff, 0xff, 0xc0, 0xff, 0xff, 0xe0, 0x0,

    /* U+0045 "E" */
    0xff, 0xff, 0xff, 0xff, 0xff, 0xff, 0xff, 0xff,
    0xff, 0xff, 0xff, 0xff, 0xff, 0xff, 0xff, 0xff,
    0xff, 0xff, 0xff, 0xff, 0xff, 0xff, 0xff, 0xff,
    0xff, 0xff, 0xff, 0x80, 0x0, 0x3f, 0xe0, 0x0,
    0xf, 0xf8, 0x0, 0x3, 0xfe, 0x0, 0x0, 0xff,
    0x80, 0x0, 0x3f, 0xe0, 0x0, 0xf, 0xf8, 0x0,
    0x3, 0xfe, 0x0, 0x0, 0xff, 0x80, 0x0, 0x3f,
    0xe0, 0x0, 0xf, 0xf8, 0x0, 0x3, 0xfe, 0x0,
    0x0, 0xff, 0x80, 0x0, 0x3f, 0xe0, 0x0, 0xf,
    0xf8, 0x0, 0x3, 0xfe, 0x0, 0x0, 0xff, 0xff,
    0xfe, 0x3f, 0xff, 0xff, 0x8f, 0xff, 0xff, 0xe3,
    0xff, 0xff, 0xf8, 0xff, 0xff, 0xfe, 0x3f, 0xff,
    0xff, 0x8f, 0xff, 0xff, 0xe3, 0xff, 0xff, 0xf8,
    0xff, 0x80, 0x0, 0x3f, 0xe0, 0x0, 0xf, 0xf8,
    0x0, 0x3, 0xfe, 0x0, 0x0, 0xff, 0x80, 0x0,
    0x3f, 0xe0, 0x0, 0xf, 0xf8, 0x0, 0x3, 0xfe,
    0x0, 0x0, 0xff, 0x80, 0x0, 0x3f, 0xe0, 0x0,
    0xf, 0xf8, 0x0, 0x3, 0xfe, 0x0, 0x0, 0xff,
    0x80, 0x0, 0x3f, 0xe0, 0x0, 0xf, 0xf8, 0x0,
    0x3, 0xfe, 0x0, 0x0, 0xff, 0x80, 0x0, 0x3f,
    0xe0, 0x0, 0xf, 0xf8, 0x0, 0x3, 0xff, 0xff,
    0xff, 0xff, 0xff, 0xff, 0xff, 0xff, 0xff, 0xff,
    0xff, 0xff, 0xff, 0xff, 0xff, 0xff, 0xff, 0xff,
    0xff, 0xff, 0xff, 0xff, 0xff, 0xff, 0xff, 0xfc,

    /* U+0046 "F" */
    0xff, 0xff, 0xff, 0xff, 0xff, 0xff, 0xff, 0xff,
    0xff, 0xff, 0xff, 0xff, 0xff, 0xff, 0xff, 0xff,
    0xff, 0xff, 0xff, 0xff, 0xff, 0xff, 0xff, 0xff,
    0xff, 0xff, 0x80, 0x0, 0x7f, 0xc0, 0x0, 0x3f,
    0xe0, 0x0, 0x1f, 0xf0, 0x0, 0xf, 0xf8, 0x0,
    0x7, 0xfc, 0x0, 0x3, 0xfe, 0x0, 0x1, 0xff,
    0x0, 0x0, 0xff, 0x80, 0x0, 0x7f, 0xc0, 0x0,
    0x3f, 0xe0, 0x0, 0x1f, 0xf0, 0x0, 0xf, 0xf8,
    0x0, 0x7, 0xfc, 0x0, 0x3, 0xfe, 0x0, 0x1,
    0xff, 0x0, 0x0, 0xff, 0x80, 0x0, 0x7f, 0xff,
    0xfe, 0x3f, 0xff, 0xff, 0x1f, 0xff, 0xff, 0x8f,
    0xff, 0xff, 0xc7, 0xff, 0xff, 0xe3, 0xff, 0xff,
    0xf1, 0xff, 0xff, 0xf8, 0xff, 0xff, 0xfc, 0x7f,
    0xc0, 0x0, 0x3f, 0xe0, 0x0, 0x1f, 0xf0, 0x0,
    0xf, 0xf8, 0x0, 0x7, 0xfc, 0x0, 0x3, 0xfe,
    0x0, 0x1, 0xff, 0x0, 0x0, 0xff, 0x80, 0x0,
    0x7f, 0xc0, 0x0, 0x3f, 0xe0, 0x0, 0x1f, 0xf0,
    0x0, 0xf, 0xf8, 0x0, 0x7, 0xfc, 0x0, 0x3,
    0xfe, 0x0, 0x1, 0xff, 0x0, 0x0, 0xff, 0x80,
    0x0, 0x7f, 0xc0, 0x0, 0x3f, 0xe0, 0x0, 0x1f,
    0xf0, 0x0, 0xf, 0xf8, 0x0, 0x7, 0xfc, 0x0,
    0x3, 0xfe, 0x0, 0x1, 0xff, 0x0, 0x0, 0xff,
    0x80, 0x0, 0x7f, 0xc0, 0x0, 0x3f, 0xe0, 0x0,
    0x1f, 0xf0, 0x0, 0x0,

    /* U+0047 "G" */
    0x0, 0x3f, 0xe0, 0x0, 0x1f, 0xff, 0x80, 0x7,
    0xff, 0xfe, 0x0, 0xff, 0xff, 0xf0, 0x1f, 0xff,
    0xff, 0x83, 0xff, 0xff, 0xfc, 0x3f, 0xff, 0xff,
    0xc7, 0xff, 0xff, 0xfe, 0x7f, 0xf0, 0xff, 0xe7,
    0xfc, 0x3, 0xfe, 0xff, 0xc0, 0x3f, 0xff, 0xf8,
    0x1, 0xff, 0xff, 0x80, 0x1f, 0xff, 0xf8, 0x1,
    0xff, 0xff, 0x80, 0x1f, 0xff, 0xf8, 0x1, 0xff,
    0xff, 0x80, 0x1f, 0xff, 0xf8, 0x1, 0xff, 0xff,
    0x80, 0x1f, 0xff, 0xf8, 0x1, 0xff, 0xff, 0x80,
    0x0, 0xf, 0xf8, 0x0, 0x0, 0xff, 0x80, 0x0,
    0xf, 0xf8, 0x0, 0x0, 0xff, 0x80, 0x0, 0xf,
    0xf8, 0x0, 0x0, 0xff, 0x80, 0x0, 0xf, 0xf8,
    0x3f, 0xff, 0xff, 0x83, 0xff, 0xff, 0xf8, 0x3f,
    0xff, 0xff, 0x83, 0xff, 0xff, 0xf8, 0x3f, 0xff,
    0xff, 0x83, 0xff, 0xff, 0xf8, 0x3f, 0xff, 0xff,
    0x83, 0xff, 0xff, 0xf8, 0x1, 0xff, 0xff, 0x80,
    0x1f, 0xff, 0xf8, 0x1, 0xff, 0xff, 0x80, 0x1f,
    0xff, 0xf8, 0x1, 0xff, 0xff, 0x80, 0x1f, 0xff,
    0xf8, 0x1, 0xff, 0xff, 0x80, 0x1f, 0xff, 0xf8,
    0x1, 0xff, 0xff, 0x80, 0x1f, 0xff, 0xf8, 0x1,
    0xff, 0xff, 0x80, 0x1f, 0xff, 0xf8, 0x1, 0xff,
    0xff, 0x80, 0x1f, 0xff, 0xf8, 0x1, 0xff, 0xff,
    0x80, 0x1f, 0xff, 0xfc, 0x3, 0xff, 0x7f, 0xc0,
    0x3f, 0xe7, 0xff, 0xf, 0xfe, 0x7f, 0xff, 0xff,
    0xe3, 0xff, 0xff, 0xfc, 0x3f, 0xff, 0xff, 0xc1,
    0xff, 0xff, 0xf8, 0xf, 0xff, 0xff, 0x0, 0x7f,
    0xff, 0xe0, 0x1, 0xff, 0xf8, 0x0, 0x7, 0xfc,
    0x0,

    /* U+0048 "H" */
    0xff, 0x80, 0xf, 0xff, 0xfc, 0x0, 0x7f, 0xff,
    0xe0, 0x3, 0xff, 0xff, 0x0, 0x1f, 0xff, 0xf8,
    0x0, 0xff, 0xff, 0xc0, 0x7, 0xff, 0xfe, 0x0,
    0x3f, 0xff, 0xf0, 0x1, 0xff, 0xff, 0x80, 0xf,
    0xff, 0xfc, 0x0, 0x7f, 0xff, 0xe0, 0x3, 0xff,
    0xff, 0x0, 0x1f, 0xff, 0xf8, 0x0, 0xff, 0xff,
    0xc0, 0x7, 0xff, 0xfe, 0x0, 0x3f, 0xff, 0xf0,
    0x1, 0xff, 0xff, 0x80, 0xf, 0xff, 0xfc, 0x0,
    0x7f, 0xff, 0xe0, 0x3, 0xff, 0xff, 0x0, 0x1f,
    0xff, 0xf8, 0x0, 0xff, 0xff, 0xc0, 0x7, 0xff,
    0xfe, 0x0, 0x3f, 0xff, 0xf0, 0x1, 0xff, 0xff,
    0x80, 0xf, 0xff, 0xff, 0xff, 0xff, 0xff, 0xff,
    0xff, 0xff, 0xff, 0xff, 0xff, 0xff, 0xff, 0xff,
    0xff, 0xff, 0xff, 0xff, 0xff, 0xff, 0xff, 0xff,
    0xff, 0xff, 0xff, 0xff, 0xff, 0xff, 0xff, 0xff,
    0xfc, 0x0, 0x7f, 0xff, 0xe0, 0x3, 0xff, 0xff,
    0x0, 0x1f, 0xff, 0xf8, 0x0, 0xff, 0xff, 0xc0,
    0x7, 0xff, 0xfe, 0x0, 0x3f, 0xff, 0xf0, 0x1,
    0xff, 0xff, 0x80, 0xf, 0xff, 0xfc, 0x0, 0x7f,
    0xff, 0xe0, 0x3, 0xff, 0xff, 0x0, 0x1f, 0xff,
    0xf8, 0x0, 0xff, 0xff, 0xc0, 0x7, 0xff, 0xfe,
    0x0, 0x3f, 0xff, 0xf0, 0x1, 0xff, 0xff, 0x80,
    0xf, 0xff, 0xfc, 0x0, 0x7f, 0xff, 0xe0, 0x3,
    0xff, 0xff, 0x0, 0x1f, 0xff, 0xf8, 0x0, 0xff,
    0xff, 0xc0, 0x7, 0xff, 0xfe, 0x0, 0x3f, 0xff,
    0xf0, 0x1, 0xff, 0xff, 0x80, 0xf, 0xff, 0xfc,
    0x0, 0x7f, 0xff, 0xe0, 0x3, 0xff, 0xff, 0x0,
    0x1f, 0xf0,

    /* U+0049 "I" */
    0xff, 0xff, 0xff, 0xff, 0xff, 0xff, 0xff, 0xff,
    0xff, 0xff, 0xff, 0xff, 0xff, 0xff, 0xff, 0xff,
    0xff, 0xff, 0xff, 0xff, 0xff, 0xff, 0xff, 0xff,
    0xff, 0xff, 0xff, 0xff, 0xff, 0xff, 0xff, 0xff,
    0xff, 0xff, 0xff, 0xff, 0xff, 0xff, 0xff, 0xff,
    0xff, 0xff, 0xff, 0xff, 0xff, 0xff, 0xff, 0xff,
    0xff, 0xff, 0xff, 0xff, 0xff, 0xff, 0xff, 0xff,
    0xff, 0xff, 0xff, 0xff, 0xff, 0xff, 0xff, 0xff,
    0xff, 0xff, 0xff, 0xf0,

    /* U+004A "J" */
    0x0, 0x7f, 0xc0, 0x1f, 0xf0, 0x7, 0xfc, 0x1,
    0xff, 0x0, 0x7f, 0xc0, 0x1f, 0xf0, 0x7, 0xfc,
    0x1, 0xff, 0x0, 0x7f, 0xc0, 0x1f, 0xf0, 0x7,
    0xfc, 0x1, 0xff, 0x0, 0x7f, 0xc0, 0x1f, 0xf0,
    0x7, 0xfc, 0x1, 0xff, 0x0, 0x7f, 0xc0, 0x1f,
    0xf0, 0x7, 0xfc, 0x1, 0xff, 0x0, 0x7f, 0xc0,
    0x1f, 0xf0, 0x7, 0xfc, 0x1, 0xff, 0x0, 0x7f,
    0xc0, 0x1f, 0xf0, 0x7, 0xfc, 0x1, 0xff, 0x0,
    0x7f, 0xc0, 0x1f, 0xf0, 0x7, 0xfc, 0x1, 0xff,
    0x0, 0x7f, 0xc0, 0x1f, 0xf0, 0x7, 0xfc, 0x1,
    0xff, 0x0, 0x7f, 0xc0, 0x1f, 0xf0, 0x7, 0xfc,
    0x1, 0xff, 0x0, 0x7f, 0xc0, 0x1f, 0xf0, 0x7,
    0xfc, 0x1, 0xff, 0x0, 0x7f, 0xc0, 0x1f, 0xf0,
    0x7, 0xfc, 0x1, 0xff, 0x0, 0x7f, 0xc0, 0x3f,
    0xf0, 0xf, 0xfc, 0xf, 0xfe, 0xff, 0xff, 0xbf,
    0xff, 0xef, 0xff, 0xf3, 0xff, 0xf8, 0xff, 0xfe,
    0x3f, 0xff, 0xf, 0xff, 0x3, 0xfe, 0x0,

    /* U+004B "K" */
    0xff, 0x80, 0x7, 0xfd, 0xff, 0x0, 0x1f, 0xfb,
    0xfe, 0x0, 0x3f, 0xe7, 0xfc, 0x0, 0xff, 0xcf,
    0xf8, 0x1, 0xff, 0x1f, 0xf0, 0x7, 0xfe, 0x3f,
    0xe0, 0xf, 0xf8, 0x7f, 0xc0, 0x3f, 0xf0, 0xff,
    0x80, 0x7f, 0xc1, 0xff, 0x0, 0xff, 0x83, 0xfe,
    0x3, 0xfe, 0x7, 0xfc, 0x7, 0xfc, 0xf, 0xf8,
    0x1f, 0xf0, 0x1f, 0xf0, 0x3f, 0xe0, 0x3f, 0xe0,
    0xff, 0x80, 0x7f, 0xc1, 0xff, 0x0, 0xff, 0x87,
    0xfc, 0x1, 0xff, 0xf, 0xf8, 0x3, 0xfe, 0x3f,
    0xe0, 0x7, 0xfc, 0x7f, 0xc0, 0xf, 0xf9, 0xff,
    0x0, 0x1f, 0xf3, 0xfe, 0x0, 0x3f, 0xef, 0xf8,
    0x0, 0x7f, 0xdf, 0xf8, 0x0, 0xff, 0xff, 0xf0,
    0x1, 0xff, 0xff, 0xe0, 0x3, 0xff, 0xff, 0xe0,
    0x7, 0xff, 0xff, 0xc0, 0xf, 0xff, 0xff, 0x80,
    0x1f, 0xff, 0xff, 0x0, 0x3f, 0xff, 0xff, 0x0,
    0x7f, 0xff, 0xfe, 0x0, 0xff, 0xff, 0xfc, 0x1,
    0xff, 0xff, 0xfc, 0x3, 0xff, 0xdf, 0xf8, 0x7,
    0xff, 0xbf, 0xf0, 0xf, 0xfe, 0x3f, 0xf0, 0x1f,
    0xfc, 0x7f, 0xe0, 0x3f, 0xf0, 0xff, 0xc0, 0x7f,
    0xe0, 0xff, 0xc0, 0xff, 0x81, 0xff, 0x81, 0xff,
    0x3, 0xff, 0x3, 0xfe, 0x3, 0xfe, 0x7, 0xfc,
    0x7, 0xfe, 0xf, 0xf8, 0xf, 0xfc, 0x1f, 0xf0,
    0x1f, 0xf8, 0x3f, 0xe0, 0x1f, 0xf8, 0x7f, 0xc0,
    0x3f, 0xf0, 0xff, 0x80, 0x7f, 0xe1, 0xff, 0x0,
    0x7f, 0xe3, 0xfe, 0x0, 0xff, 0xc7, 0xfc, 0x1,
    0xff, 0x8f, 0xf8, 0x1, 0xff, 0x1f, 0xf0, 0x3,
    0xff, 0x3f, 0xe0, 0x7, 0xfe, 0x7f, 0xc0, 0xf,
    0xfc, 0xff, 0x80, 0xf, 0xfd, 0xff, 0x0, 0x1f,
    0xfb, 0xfe, 0x0, 0x3f, 0xf7, 0xfc, 0x0, 0x3f,
    0xf0,

    /* U+004C "L" */
    0xff, 0x80, 0x0, 0x7f, 0xc0, 0x0, 0x3f, 0xe0,
    0x0, 0x1f, 0xf0, 0x0, 0xf, 0xf8, 0x0, 0x7,
    0xfc, 0x0, 0x3, 0xfe, 0x0, 0x1, 0xff, 0x0,
    0x0, 0xff, 0x80, 0x0, 0x7f, 0xc0, 0x0, 0x3f,
    0xe0, 0x0, 0x1f, 0xf0, 0x0, 0xf, 0xf8, 0x0,
    0x7, 0xfc, 0x0, 0x3, 0xfe, 0x0, 0x1, 0xff,
    0x0, 0x0, 0xff, 0x80, 0x0, 0x7f, 0xc0, 0x0,
    0x3f, 0xe0, 0x0, 0x1f, 0xf0, 0x0, 0xf, 0xf8,
    0x0, 0x7, 0xfc, 0x0, 0x3, 0xfe, 0x0, 0x1,
    0xff, 0x0, 0x0, 0xff, 0x80, 0x0, 0x7f, 0xc0,
    0x0, 0x3f, 0xe0, 0x0, 0x1f, 0xf0, 0x0, 0xf,
    0xf8, 0x0, 0x7, 0xfc, 0x0, 0x3, 0xfe, 0x0,
    0x1, 0xff, 0x0, 0x0, 0xff, 0x80, 0x0, 0x7f,
    0xc0, 0x0, 0x3f, 0xe0, 0x0, 0x1f, 0xf0, 0x0,
    0xf, 0xf8, 0x0, 0x7, 0xfc, 0x0, 0x3, 0xfe,
    0x0, 0x1, 0xff, 0x0, 0x0, 0xff, 0x80, 0x0,
    0x7f, 0xc0, 0x0, 0x3f, 0xe0, 0x0, 0x1f, 0xf0,
    0x0, 0xf, 0xf8, 0x0, 0x7, 0xfc, 0x0, 0x3,
    0xfe, 0x0, 0x1, 0xff, 0x0, 0x0, 0xff, 0x80,
    0x0, 0x7f, 0xc0, 0x0, 0x3f, 0xe0, 0x0, 0x1f,
    0xf0, 0x0, 0xf, 0xff, 0xff, 0xff, 0xff, 0xff,
    0xff, 0xff, 0xff, 0xff, 0xff, 0xff, 0xff, 0xff,
    0xff, 0xff, 0xff, 0xff, 0xff, 0xff, 0xff, 0xff,
    0xff, 0xff, 0xff, 0xf0,

    /* U+004D "M" */
    0xff, 0xfc, 0x0, 0x3f, 0xff, 0xff, 0xf8, 0x0,
    0xff, 0xff, 0xff, 0xf0, 0x1, 0xff, 0xff, 0xff,
    0xe0, 0x3, 0xff, 0xff, 0xff, 0xe0, 0x7, 0xff,
    0xff, 0xff, 0xc0, 0xf, 0xff, 0xff, 0xff, 0x80,
    0x1f, 0xff, 0xff, 0xff, 0x0, 0x3f, 0xff, 0xff,
    0xfe, 0x0, 0xff, 0xff, 0xff, 0xfc, 0x1, 0xff,
    0xff, 0xff, 0xf8, 0x3, 0xff, 0xff, 0xff, 0xf0,
    0x7, 0xff, 0xff, 0xff, 0xf0, 0xf, 0xff, 0xff,
    0xff, 0xe0, 0x1f, 0xff, 0xff, 0xff, 0xc0, 0x3f,
    0xff, 0xff, 0xff, 0x80, 0x7f, 0xff, 0xff, 0xff,
    0x1, 0xff, 0xff, 0xff, 0xfe, 0x3, 0xf7, 0xff,
    0xfe, 0xfc, 0x7, 0xef, 0xff, 0xfd, 0xfc, 0xf,
    0xdf, 0xff, 0xfb, 0xf8, 0x1f, 0xbf, 0xff, 0xf7,
    0xf0, 0x3f, 0x7f, 0xff, 0xef, 0xe0, 0x7e, 0xff,
    0xff, 0xdf, 0xc1, 0xfd, 0xff, 0xff, 0xbf, 0x83,
    0xf3, 0xff, 0xff, 0x3f, 0x7, 0xe7, 0xff, 0xfe,
    0x7e, 0xf, 0xcf, 0xff, 0xfc, 0xfe, 0x1f, 0x9f,
    0xff, 0xf9, 0xfc, 0x3f, 0x3f, 0xff, 0xf3, 0xf8,
    0x7e, 0x7f, 0xff, 0xe7, 0xf0, 0xfc, 0xff, 0xff,
    0xcf, 0xe3, 0xf1, 0xff, 0xff, 0x8f, 0xc7, 0xe3,
    0xff, 0xff, 0x1f, 0x8f, 0xc7, 0xff, 0xfe, 0x3f,
    0x9f, 0x8f, 0xff, 0xfc, 0x7f, 0x3f, 0x1f, 0xff,
    0xf8, 0xfe, 0x7e, 0x3f, 0xff, 0xf1, 0xfc, 0xfc,
    0x7f, 0xff, 0xe1, 0xfb, 0xf0, 0xff, 0xff, 0xc3,
    0xf7, 0xe1, 0xff, 0xff, 0x87, 0xef, 0xc3, 0xff,
    0xff, 0xf, 0xff, 0x87, 0xff, 0xfe, 0x1f, 0xff,
    0xf, 0xff, 0xfc, 0x3f, 0xfe, 0x1f, 0xff, 0xf8,
    0x7f, 0xfc, 0x3f, 0xff, 0xf0, 0x7f, 0xf0, 0x7f,
    0xff, 0xe0, 0xff, 0xe0, 0xff, 0xff, 0xc1, 0xff,
    0xc1, 0xff, 0xff, 0x83, 0xff, 0x83, 0xff, 0xff,
    0x7, 0xff, 0x7, 0xff, 0xfe, 0xf, 0xfe, 0xf,
    0xff, 0xfc, 0x1f, 0xf8, 0x1f, 0xff, 0xf8, 0x1f,
    0xf0, 0x3f, 0xff, 0xf0, 0x3f, 0xe0, 0x7f, 0xff,
    0xe0, 0x7f, 0xc0, 0xff, 0xff, 0xc0, 0xff, 0x81,
    0xff, 0xff, 0x81, 0xff, 0x3, 0xff, 0xff, 0x3,
    0xfe, 0x7, 0xff, 0xfe, 0x7, 0xf8, 0xf, 0xff,
    0xfc, 0x7, 0xf0, 0x1f, 0xf0,

    /* U+004E "N" */
    0xff, 0xf0, 0x7, 0xff, 0xff, 0xe0, 0x1f, 0xff,
    0xff, 0x80, 0x7f, 0xff, 0xfe, 0x1, 0xff, 0xff,
    0xf8, 0x7, 0xff, 0xff, 0xf0, 0x1f, 0xff, 0xff,
    0xc0, 0x7f, 0xff, 0xff, 0x1, 0xff, 0xff, 0xfc,
    0x7, 0xff, 0xff, 0xf8, 0x1f, 0xff, 0xff, 0xe0,
    0x7f, 0xff, 0xff, 0x81, 0xff, 0xff, 0xfe, 0x7,
    0xff, 0xff, 0xfc, 0x1f, 0xff, 0xff, 0xf0, 0x7f,
    0xff, 0xff, 0xc1, 0xff, 0xff, 0xff, 0x7, 0xff,
    0xff, 0xfc, 0x1f, 0xff, 0xfb, 0xf8, 0x7f, 0xff,
    0xef, 0xe1, 0xff, 0xff, 0xbf, 0x87, 0xff, 0xfe,
    0xfe, 0x1f, 0xff, 0xf9, 0xfc, 0x7f, 0xff, 0xe7,
    0xf1, 0xff, 0xff, 0x9f, 0xc7, 0xff, 0xfe, 0x7f,
    0x1f, 0xff, 0xf8, 0xfe, 0x7f, 0xff, 0xe3, 0xf9,
    0xff, 0xff, 0x8f, 0xe7, 0xff, 0xfe, 0x3f, 0x9f,
    0xff, 0xf8, 0x7f, 0x7f, 0xff, 0xe1, 0xfd, 0xff,
    0xff, 0x87, 0xf7, 0xff, 0xfe, 0x1f, 0xdf, 0xff,
    0xf8, 0x3f, 0xff, 0xff, 0xe0, 0xff, 0xff, 0xff,
    0x83, 0xff, 0xff, 0xfe, 0xf, 0xff, 0xff, 0xf8,
    0x1f, 0xff, 0xff, 0xe0, 0x7f, 0xff, 0xff, 0x81,
    0xff, 0xff, 0xfe, 0x7, 0xff, 0xff, 0xf8, 0xf,
    0xff, 0xff, 0xe0, 0x3f, 0xff, 0xff, 0x80, 0xff,
    0xff, 0xfe, 0x3, 0xff, 0xff, 0xf8, 0x7, 0xff,
    0xff, 0xe0, 0x1f, 0xff, 0xff, 0x80, 0x7f, 0xff,
    0xfe, 0x1, 0xff, 0xff, 0xf8, 0x3, 0xff, 0xff,
    0xe0, 0xf, 0xff, 0xff, 0x80, 0x3f, 0xff, 0xfe,
    0x0, 0xff, 0xff, 0xf8, 0x3, 0xff, 0xff, 0xe0,
    0x7, 0xff, 0xff, 0x80, 0x1f, 0xff, 0xfe, 0x0,
    0x7f, 0xff, 0xf8, 0x1, 0xff, 0xff, 0xe0, 0x3,
    0xff,

    /* U+004F "O" */
    0x0, 0x3f, 0xc0, 0x0, 0x1f, 0xff, 0x80, 0x7,
    0xff, 0xfe, 0x0, 0xff, 0xff, 0xf0, 0x1f, 0xff,
    0xff, 0x83, 0xff, 0xff, 0xfc, 0x3f, 0xff, 0xff,
    0xc7, 0xff, 0xff, 0xfe, 0x7f, 0xf0, 0xff, 0xe7,
    0xfc, 0x3, 0xfe, 0xff, 0xc0, 0x3f, 0xff, 0xf8,
    0x1, 0xff, 0xff, 0x80, 0x1f, 0xff, 0xf8, 0x1,
    0xff, 0xff, 0x80, 0x1f, 0xff, 0xf8, 0x1, 0xff,
    0xff, 0x80, 0x1f, 0xff, 0xf8, 0x1, 0xff, 0xff,
    0x80, 0x1f, 0xff, 0xf8, 0x1, 0xff, 0xff, 0x80,
    0x1f, 0xff, 0xf8, 0x1, 0xff, 0xff, 0x80, 0x1f,
    0xff, 0xf8, 0x1, 0xff, 0xff, 0x80, 0x1f, 0xff,
    0xf8, 0x1, 0xff, 0xff, 0x80, 0x1f, 0xff, 0xf8,
    0x1, 0xff, 0xff, 0x80, 0x1f, 0xff, 0xf8, 0x1,
    0xff, 0xff, 0x80, 0x1f, 0xff, 0xf8, 0x1, 0xff,
    0xff, 0x80, 0x1f, 0xff, 0xf8, 0x1, 0xff, 0xff,
    0x80, 0x1f, 0xff, 0xf8, 0x1, 0xff, 0xff, 0x80,
    0x1f, 0xff, 0xf8, 0x1, 0xff, 0xff, 0x80, 0x1f,
    0xff, 0xf8, 0x1, 0xff, 0xff, 0x80, 0x1f, 0xff,
    0xf8, 0x1, 0xff, 0xff, 0x80, 0x1f, 0xff, 0xf8,
    0x1, 0xff, 0xff, 0x80, 0x1f, 0xff, 0xf8, 0x1,
    0xff, 0xff, 0x80, 0x1f, 0xff, 0xf8, 0x1, 0xff,
    0xff, 0x80, 0x1f, 0xff, 0xf8, 0x1, 0xff, 0xff,
    0x80, 0x1f, 0xff, 0xfc, 0x3, 0xff, 0x7f, 0xc0,
    0x3f, 0xe7, 0xff, 0xf, 0xfe, 0x7f, 0xff, 0xff,
    0xe3, 0xff, 0xff, 0xfc, 0x3f, 0xff, 0xff, 0xc1,
    0xff, 0xff, 0xf8, 0xf, 0xff, 0xff, 0x0, 0x7f,
    0xff, 0xe0, 0x1, 0xff, 0xf8, 0x0, 0x7, 0xfc,
    0x0,

    /* U+0050 "P" */
    0xff, 0xff, 0xe0, 0xf, 0xff, 0xff, 0x80, 0xff,
    0xff, 0xfe, 0xf, 0xff, 0xff, 0xf0, 0xff, 0xff,
    0xff, 0x8f, 0xff, 0xff, 0xfc, 0xff, 0xff, 0xff,
    0xcf, 0xff, 0xff, 0xfe, 0xff, 0x80, 0xff, 0xef,
    0xf8, 0x3, 0xfe, 0xff, 0x80, 0x3f, 0xff, 0xf8,
    0x1, 0xff, 0xff, 0x80, 0x1f, 0xff, 0xf8, 0x1,
    0xff, 0xff, 0x80, 0x1f, 0xff, 0xf8, 0x1, 0xff,
    0xff, 0x80, 0x1f, 0xff, 0xf8, 0x1, 0xff, 0xff,
    0x80, 0x1f, 0xff, 0xf8, 0x1, 0xff, 0xff, 0x80,
    0x1f, 0xff, 0xf8, 0x1, 0xff, 0xff, 0x80, 0x1f,
    0xff, 0xf8, 0x1, 0xff, 0xff, 0x80, 0x3f, 0xff,
    0xf8, 0x3, 0xfe, 0xff, 0x80, 0xff, 0xef, 0xff,
    0xff, 0xfe, 0xff, 0xff, 0xff, 0xcf, 0xff, 0xff,
    0xfc, 0xff, 0xff, 0xff, 0x8f, 0xff, 0xff, 0xf0,
    0xff, 0xff, 0xfe, 0xf, 0xff, 0xff, 0x80, 0xff,
    0xff, 0xe0, 0xf, 0xf8, 0x0, 0x0, 0xff, 0x80,
    0x0, 0xf, 0xf8, 0x0, 0x0, 0xff, 0x80, 0x0,
    0xf, 0xf8, 0x0, 0x0, 0xff, 0x80, 0x0, 0xf,
    0xf8, 0x0, 0x0, 0xff, 0x80, 0x0, 0xf, 0xf8,
    0x0, 0x0, 0xff, 0x80, 0x0, 0xf, 0xf8, 0x0,
    0x0, 0xff, 0x80, 0x0, 0xf, 0xf8, 0x0, 0x0,
    0xff, 0x80, 0x0, 0xf, 0xf8, 0x0, 0x0, 0xff,
    0x80, 0x0, 0xf, 0xf8, 0x0, 0x0, 0xff, 0x80,
    0x0, 0xf, 0xf8, 0x0, 0x0, 0xff, 0x80, 0x0,
    0xf, 0xf8, 0x0, 0x0, 0xff, 0x80, 0x0, 0xf,
    0xf8, 0x0, 0x0, 0xff, 0x80, 0x0, 0xf, 0xf8,
    0x0, 0x0,

    /* U+0051 "Q" */
    0x0, 0x3f, 0xc0, 0x0, 0x3, 0xff, 0xf0, 0x0,
    0x1f, 0xff, 0xf8, 0x0, 0x7f, 0xff, 0xf8, 0x1,
    0xff, 0xff, 0xf8, 0x7, 0xff, 0xff, 0xf8, 0xf,
    0xff, 0xff, 0xf0, 0x3f, 0xff, 0xff, 0xf0, 0x7f,
    0xf0, 0xff, 0xe0, 0xff, 0x80, 0x7f, 0xc3, 0xff,
    0x0, 0xff, 0xc7, 0xfc, 0x0, 0xff, 0x8f, 0xf8,
    0x1, 0xff, 0x1f, 0xf0, 0x3, 0xfe, 0x3f, 0xe0,
    0x7, 0xfc, 0x7f, 0xc0, 0xf, 0xf8, 0xff, 0x80,
    0x1f, 0xf1, 0xff, 0x0, 0x3f, 0xe3, 0xfe, 0x0,
    0x7f, 0xc7, 0xfc, 0x0, 0xff, 0x8f, 0xf8, 0x1,
    0xff, 0x1f, 0xf0, 0x3, 0xfe, 0x3f, 0xe0, 0x7,
    0xfc, 0x7f, 0xc0, 0xf, 0xf8, 0xff, 0x80, 0x1f,
    0xf1, 0xff, 0x0, 0x3f, 0xe3, 0xfe, 0x0, 0x7f,
    0xc7, 0xfc, 0x0, 0xff, 0x8f, 0xf8, 0x1, 0xff,
    0x1f, 0xf0, 0x3, 0xfe, 0x3f, 0xe0, 0x7, 0xfc,
    0x7f, 0xc0, 0xf, 0xf8, 0xff, 0x80, 0x1f, 0xf1,
    0xff, 0x0, 0x3f, 0xe3, 0xfe, 0x0, 0x7f, 0xc7,
    0xfc, 0x0, 0xff, 0x8f, 0xf8, 0x1, 0xff, 0x1f,
    0xf0, 0x3, 0xfe, 0x3f, 0xe0, 0x7, 0xfc, 0x7f,
    0xc0, 0xf, 0xf8, 0xff, 0x80, 0x1f, 0xf1, 0xff,
    0x0, 0x3f, 0xe3, 0xfe, 0x0, 0x7f, 0xc7, 0xfc,
    0x0, 0xff, 0x8f, 0xf8, 0x1, 0xff, 0x1f, 0xf0,
    0x3, 0xfe, 0x3f, 0xe0, 0x7, 0xfc, 0x7f, 0xc0,
    0xf, 0xf8, 0xff, 0x80, 0x1f, 0xf1, 0xff, 0x0,
    0x3f, 0xe3, 0xff, 0x0, 0xff, 0xc3, 0xfe, 0x1,
    0xff, 0x87, 0xff, 0xf, 0xfe, 0xf, 0xff, 0xff,
    0xfc, 0xf, 0xff, 0xff, 0xf8, 0x1f, 0xff, 0xff,
    0xe0, 0x1f, 0xff, 0xff, 0xc0, 0x1f, 0xff, 0xff,
    0x80, 0x1f, 0xff, 0xff, 0xf8, 0xf, 0xff, 0xff,
    0xf0, 0x3, 0xfe, 0xff, 0xe0, 0x0, 0x0, 0xff,
    0xc0, 0x0, 0x1, 0xff, 0x80, 0x0, 0x1, 0xff,
    0x0, 0x0, 0x1, 0xfe, 0x0, 0x0, 0x0, 0xfc,

    /* U+0052 "R" */
    0xff, 0xff, 0xe0, 0x7, 0xff, 0xff, 0xe0, 0x3f,
    0xff, 0xff, 0xc1, 0xff, 0xff, 0xff, 0xf, 0xff,
    0xff, 0xfc, 0x7f, 0xff, 0xff, 0xe3, 0xff, 0xff,
    0xff, 0x9f, 0xff, 0xff, 0xfc, 0xff, 0x80, 0xff,
    0xe7, 0xfc, 0x1, 0xff, 0xbf, 0xe0, 0xf, 0xfd,
    0xff, 0x0, 0x3f, 0xef, 0xf8, 0x1, 0xff, 0x7f,
    0xc0, 0xf, 0xfb, 0xfe, 0x0, 0x7f, 0xdf, 0xf0,
    0x3, 0xfe, 0xff, 0x80, 0x1f, 0xf7, 0xfc, 0x0,
    0xff, 0xbf, 0xe0, 0x7, 0xfd, 0xff, 0x0, 0x3f,
    0xef, 0xf8, 0x1, 0xff, 0x7f, 0xc0, 0xf, 0xfb,
    0xfe, 0x0, 0xff, 0x9f, 0xf0, 0xf, 0xfc, 0xff,
    0x80, 0xff, 0xc7, 0xff, 0xff, 0xfe, 0x3f, 0xff,
    0xff, 0xe1, 0xff, 0xff, 0xfe, 0xf, 0xff, 0xff,
    0xc0, 0x7f, 0xff, 0xff, 0x83, 0xff, 0xff, 0xfe,
    0x1f, 0xff, 0xff, 0xf8, 0xff, 0xff, 0xff, 0xe7,
    0xfc, 0x7, 0xff, 0x3f, 0xe0, 0x1f, 0xf9, 0xff,
    0x0, 0x7f, 0xcf, 0xf8, 0x3, 0xff, 0x7f, 0xc0,
    0xf, 0xfb, 0xfe, 0x0, 0x7f, 0xdf, 0xf0, 0x3,
    0xfe, 0xff, 0x80, 0x1f, 0xf7, 0xfc, 0x0, 0xff,
    0xbf, 0xe0, 0x7, 0xfd, 0xff, 0x0, 0x3f, 0xef,
    0xf8, 0x1, 0xff, 0x7f, 0xc0, 0xf, 0xfb, 0xfe,
    0x0, 0x7f, 0xdf, 0xf0, 0x3, 0xfe, 0xff, 0x80,
    0x1f, 0xf7, 0xfc, 0x0, 0xff, 0xbf, 0xe0, 0x7,
    0xfd, 0xff, 0x0, 0x3f, 0xef, 0xf8, 0x1, 0xff,
    0x7f, 0xc0, 0xf, 0xfb, 0xfe, 0x0, 0x7f, 0xdf,
    0xf0, 0x3, 0xfe, 0xff, 0x80, 0x1f, 0xf7, 0xfc,
    0x0, 0xff, 0xbf, 0xe0, 0x3, 0xff, 0xff, 0x0,
    0x1f, 0xf0,

    /* U+0053 "S" */
    0x0, 0x3f, 0xe0, 0x0, 0x1f, 0xff, 0x80, 0x7,
    0xff, 0xfe, 0x0, 0xff, 0xff, 0xf0, 0x1f, 0xff,
    0xff, 0x83, 0xff, 0xff, 0xfc, 0x3f, 0xff, 0xff,
    0xc7, 0xff, 0xff, 0xfe, 0x7f, 0xf0, 0xff, 0xe7,
    0xfc, 0x3, 0xfe, 0xff, 0xc0, 0x3f, 0xff, 0xf8,
    0x1, 0xff, 0xff, 0x80, 0x1f, 0xff, 0xf8, 0x1,
    0xff, 0xff, 0x80, 0x1f, 0xff, 0xf8, 0x1, 0xff,
    0xff, 0x80, 0x1f, 0xff, 0xfc, 0x0, 0x0, 0xff,
    0xc0, 0x0, 0xf, 0xfc, 0x0, 0x0, 0x7f, 0xe0,
    0x0, 0x7, 0xff, 0x0, 0x0, 0x7f, 0xf8, 0x0,
    0x3, 0xff, 0xc0, 0x0, 0x3f, 0xfe, 0x0, 0x1,
    0xff, 0xf0, 0x0, 0x1f, 0xff, 0x80, 0x0, 0xff,
    0xfc, 0x0, 0x7, 0xff, 0xe0, 0x0, 0x3f, 0xff,
    0x0, 0x1, 0xff, 0xf8, 0x0, 0xf, 0xff, 0xc0,
    0x0, 0x7f, 0xfe, 0x0, 0x3, 0xff, 0xf0, 0x0,
    0x1f, 0xff, 0x0, 0x0, 0xff, 0xf8, 0x0, 0x7,
    0xff, 0xc0, 0x0, 0x3f, 0xfc, 0x0, 0x1, 0xff,
    0xe0, 0x0, 0xf, 0xfe, 0x0, 0x0, 0x7f, 0xe0,
    0x0, 0x7, 0xff, 0x0, 0x0, 0x3f, 0xf0, 0x0,
    0x3, 0xff, 0xff, 0x80, 0x1f, 0xff, 0xf8, 0x1,
    0xff, 0xff, 0x80, 0x1f, 0xff, 0xf8, 0x1, 0xff,
    0xff, 0x80, 0x1f, 0xff, 0xf8, 0x1, 0xff, 0xff,
    0x80, 0x1f, 0xff, 0xfc, 0x3, 0xff, 0x7f, 0xc0,
    0x3f, 0xe7, 0xff, 0xf, 0xfe, 0x7f, 0xff, 0xff,
    0xe3, 0xff, 0xff, 0xfc, 0x3f, 0xff, 0xff, 0xc1,
    0xff, 0xff, 0xf8, 0xf, 0xff, 0xff, 0x0, 0x7f,
    0xff, 0xe0, 0x1, 0xff, 0xf8, 0x0, 0x7, 0xfc,
    0x0,

    /* U+0054 "T" */
    0xff, 0xff, 0xff, 0xff, 0xff, 0xff, 0xff, 0xff,
    0xff, 0xff, 0xff, 0xff, 0xff, 0xff, 0xff, 0xff,
    0xff, 0xff, 0xff, 0xff, 0xff, 0xff, 0xff, 0xff,
    0xff, 0xff, 0xff, 0xff, 0xff, 0x0, 0x3f, 0xe0,
    0x0, 0x1, 0xff, 0x0, 0x0, 0xf, 0xf8, 0x0,
    0x0, 0x7f, 0xc0, 0x0, 0x3, 0xfe, 0x0, 0x0,
    0x1f, 0xf0, 0x0, 0x0, 0xff, 0x80, 0x0, 0x7,
    0xfc, 0x0, 0x0, 0x3f, 0xe0, 0x0, 0x1, 0xff,
    0x0, 0x0, 0xf, 0xf8, 0x0, 0x0, 0x7f, 0xc0,
    0x0, 0x3, 0xfe, 0x0, 0x0, 0x1f, 0xf0, 0x0,
    0x0, 0xff, 0x80, 0x0, 0x7, 0xfc, 0x0, 0x0,
    0x3f, 0xe0, 0x0, 0x1, 0xff, 0x0, 0x0, 0xf,
    0xf8, 0x0, 0x0, 0x7f, 0xc0, 0x0, 0x3, 0xfe,
    0x0, 0x0, 0x1f, 0xf0, 0x0, 0x0, 0xff, 0x80,
    0x0, 0x7, 0xfc, 0x0, 0x0, 0x3f, 0xe0, 0x0,
    0x1, 0xff, 0x0, 0x0, 0xf, 0xf8, 0x0, 0x0,
    0x7f, 0xc0, 0x0, 0x3, 0xfe, 0x0, 0x0, 0x1f,
    0xf0, 0x0, 0x0, 0xff, 0x80, 0x0, 0x7, 0xfc,
    0x0, 0x0, 0x3f, 0xe0, 0x0, 0x1, 0xff, 0x0,
    0x0, 0xf, 0xf8, 0x0, 0x0, 0x7f, 0xc0, 0x0,
    0x3, 0xfe, 0x0, 0x0, 0x1f, 0xf0, 0x0, 0x0,
    0xff, 0x80, 0x0, 0x7, 0xfc, 0x0, 0x0, 0x3f,
    0xe0, 0x0, 0x1, 0xff, 0x0, 0x0, 0xf, 0xf8,
    0x0, 0x0, 0x7f, 0xc0, 0x0, 0x3, 0xfe, 0x0,
    0x0, 0x1f, 0xf0, 0x0, 0x0, 0xff, 0x80, 0x0,
    0x7, 0xfc, 0x0, 0x0, 0x3f, 0xe0, 0x0, 0x1,
    0xff, 0x0, 0x0, 0xf, 0xf8, 0x0, 0x0, 0x7f,
    0xc0, 0x0,

    /* U+0055 "U" */
    0xff, 0x80, 0x1f, 0xff, 0xf8, 0x1, 0xff, 0xff,
    0x80, 0x1f, 0xff, 0xf8, 0x1, 0xff, 0xff, 0x80,
    0x1f, 0xff, 0xf8, 0x1, 0xff, 0xff, 0x80, 0x1f,
    0xff, 0xf8, 0x1, 0xff, 0xff, 0x80, 0x1f, 0xff,
    0xf8, 0x1, 0xff, 0xff, 0x80, 0x1f, 0xff, 0xf8,
    0x1, 0xff, 0xff, 0x80, 0x1f, 0xff, 0xf8, 0x1,
    0xff, 0xff, 0x80, 0x1f, 0xff, 0xf8, 0x1, 0xff,
    0xff, 0x80, 0x1f, 0xff, 0xf8, 0x1, 0xff, 0xff,
    0x80, 0x1f, 0xff, 0xf8, 0x1, 0xff, 0xff, 0x80,
    0x1f, 0xff, 0xf8, 0x1, 0xff, 0xff, 0x80, 0x1f,
    0xff, 0xf8, 0x1, 0xff, 0xff, 0x80, 0x1f, 0xff,
    0xf8, 0x1, 0xff, 0xff, 0x80, 0x1f, 0xff, 0xf8,
    0x1, 0xff, 0xff, 0x80, 0x1f, 0xff, 0xf8, 0x1,
    0xff, 0xff, 0x80, 0x1f, 0xff, 0xf8, 0x1, 0xff,
    0xff, 0x80, 0x1f, 0xff, 0xf8, 0x1, 0xff, 0xff,
    0x80, 0x1f, 0xff, 0xf8, 0x1, 0xff, 0xff, 0x80,
    0x1f, 0xff, 0xf8, 0x1, 0xff, 0xff, 0x80, 0x1f,
    0xff, 0xf8, 0x1, 0xff, 0xff, 0x80, 0x1f, 0xff,
    0xf8, 0x1, 0xff, 0xff, 0x80, 0x1f, 0xff, 0xf8,
    0x1, 0xff, 0xff, 0x80, 0x1f, 0xff, 0xf8, 0x1,
    0xff, 0xff, 0x80, 0x1f, 0xff, 0xf8, 0x1, 0xff,
    0xff, 0x80, 0x1f, 0xff, 0xf8, 0x1, 0xff, 0xff,
    0xc0, 0x3f, 0xf7, 0xfc, 0x3, 0xfe, 0x7f, 0xf0,
    0xff, 0xe7, 0xff, 0xff, 0xfe, 0x3f, 0xff, 0xff,
    0xc3, 0xff, 0xff, 0xfc, 0x1f, 0xff, 0xff, 0x80,
    0xff, 0xff, 0xf0, 0x7, 0xff, 0xfe, 0x0, 0x1f,
    0xff, 0x80, 0x0, 0x7f, 0xc0, 0x0,

    /* U+0056 "V" */
    0xff, 0xc0, 0x3, 0xff, 0xff, 0x80, 0x7, 0xff,
    0xff, 0x0, 0xf, 0xf3, 0xfe, 0x0, 0x1f, 0xe7,
    0xfc, 0x0, 0x3f, 0xcf, 0xf8, 0x0, 0xff, 0x9f,
    0xf0, 0x1, 0xff, 0x3f, 0xf0, 0x3, 0xfe, 0x7f,
    0xe0, 0x7, 0xfc, 0xff, 0xc0, 0xf, 0xf0, 0xff,
    0x80, 0x1f, 0xe1, 0xff, 0x0, 0x3f, 0xc3, 0xfe,
    0x0, 0xff, 0x87, 0xfc, 0x1, 0xff, 0xf, 0xfc,
    0x3, 0xfe, 0x1f, 0xf8, 0x7, 0xf8, 0x1f, 0xf0,
    0xf, 0xf0, 0x3f, 0xe0, 0x1f, 0xe0, 0x7f, 0xc0,
    0x3f, 0xc0, 0xff, 0x80, 0x7f, 0x81, 0xff, 0x1,
    0xff, 0x3, 0xfe, 0x3, 0xfe, 0x7, 0xfe, 0x7,
    0xf8, 0x7, 0xfc, 0xf, 0xf0, 0xf, 0xf8, 0x1f,
    0xe0, 0x1f, 0xf0, 0x3f, 0xc0, 0x3f, 0xe0, 0x7f,
    0x80, 0x7f, 0xc1, 0xff, 0x0, 0xff, 0x83, 0xfc,
    0x0, 0xff, 0x87, 0xf8, 0x1, 0xff, 0xf, 0xf0,
    0x3, 0xfe, 0x1f, 0xe0, 0x7, 0xfc, 0x3f, 0xc0,
    0xf, 0xf8, 0x7f, 0x80, 0x1f, 0xf0, 0xff, 0x0,
    0x3f, 0xe3, 0xfc, 0x0, 0x3f, 0xc7, 0xf8, 0x0,
    0x7f, 0xcf, 0xf0, 0x0, 0xff, 0x9f, 0xe0, 0x1,
    0xff, 0x3f, 0xc0, 0x3, 0xfe, 0x7f, 0x80, 0x7,
    0xfc, 0xff, 0x0, 0xf, 0xfb, 0xfc, 0x0, 0xf,
    0xf7, 0xf8, 0x0, 0x1f, 0xef, 0xf0, 0x0, 0x3f,
    0xff, 0xe0, 0x0, 0x7f, 0xff, 0xc0, 0x0, 0xff,
    0xff, 0x80, 0x1, 0xff, 0xfe, 0x0, 0x1, 0xff,
    0xfc, 0x0, 0x3, 0xff, 0xf8, 0x0, 0x7, 0xff,
    0xf0, 0x0, 0xf, 0xff, 0xe0, 0x0, 0x1f, 0xff,
    0xc0, 0x0, 0x3f, 0xff, 0x80, 0x0, 0x7f, 0xfe,
    0x0, 0x0, 0x7f, 0xfc, 0x0, 0x0, 0xff, 0xf8,
    0x0, 0x1, 0xff, 0xf0, 0x0, 0x3, 0xff, 0xe0,
    0x0,

    /* U+0057 "W" */
    0xff, 0x80, 0x3f, 0xf8, 0x7, 0xff, 0xff, 0x0,
    0xff, 0xe0, 0x1f, 0xe7, 0xfc, 0x3, 0xff, 0x80,
    0x7f, 0x9f, 0xf0, 0xf, 0xfe, 0x1, 0xfe, 0x7f,
    0xc0, 0x3f, 0xf8, 0x7, 0xf9, 0xff, 0x0, 0xff,
    0xe0, 0x1f, 0xe7, 0xfc, 0x3, 0xff, 0x80, 0x7f,
    0x9f, 0xf0, 0xf, 0xfe, 0x1, 0xfe, 0x7f, 0xc0,
    0x7f, 0xf8, 0x7, 0xf9, 0xff, 0x1, 0xff, 0xf0,
    0x1f, 0xe7, 0xfc, 0x7, 0xff, 0xc0, 0xff, 0x9f,
    0xf0, 0x1f, 0xff, 0x3, 0xfc, 0x3f, 0xe0, 0x7f,
    0xfc, 0xf, 0xf0, 0xff, 0x81, 0xff, 0xf0, 0x3f,
    0xc3, 0xfe, 0x7, 0xff, 0xc0, 0xff, 0xf, 0xf8,
    0x1f, 0xff, 0x3, 0xfc, 0x3f, 0xe0, 0x7f, 0xfc,
    0xf, 0xf0, 0xff, 0x81, 0xff, 0xf0, 0x3f, 0xc3,
    0xfe, 0xf, 0xff, 0xc0, 0xff, 0xf, 0xf8, 0x3f,
    0xff, 0x3, 0xfc, 0x3f, 0xe0, 0xfe, 0xfe, 0xf,
    0xf0, 0xff, 0x83, 0xfb, 0xf8, 0x7f, 0x81, 0xfe,
    0xf, 0xef, 0xe1, 0xfe, 0x7, 0xfc, 0x3f, 0xbf,
    0x87, 0xf8, 0x1f, 0xf0, 0xfe, 0xfe, 0x1f, 0xe0,
    0x7f, 0xc3, 0xfb, 0xf8, 0x7f, 0x81, 0xff, 0xf,
    0xef, 0xe1, 0xfe, 0x7, 0xfc, 0x3f, 0x3f, 0x87,
    0xf8, 0x1f, 0xf1, 0xfc, 0xfe, 0x1f, 0xe0, 0x7f,
    0xc7, 0xf3, 0xf8, 0x7f, 0x81, 0xff, 0x1f, 0xc7,
    0xf1, 0xfe, 0x7, 0xfc, 0x7f, 0x1f, 0xc7, 0xf0,
    0xf, 0xf1, 0xfc, 0x7f, 0x3f, 0xc0, 0x3f, 0xc7,
    0xf1, 0xfc, 0xff, 0x0, 0xff, 0x9f, 0xc7, 0xf3,
    0xfc, 0x3, 0xfe, 0x7f, 0x1f, 0xcf, 0xf0, 0xf,
    0xf9, 0xf8, 0x7f, 0x3f, 0xc0, 0x3f, 0xe7, 0xe1,
    0xfc, 0xff, 0x0, 0xff, 0x9f, 0x87, 0xf3, 0xfc,
    0x3, 0xfe, 0xfe, 0xf, 0xcf, 0xf0, 0xf, 0xfb,
    0xf8, 0x3f, 0xbf, 0xc0, 0x1f, 0xef, 0xe0, 0xfe,
    0xfe, 0x0, 0x7f, 0xbf, 0x83, 0xfb, 0xf8, 0x1,
    0xfe, 0xfe, 0xf, 0xff, 0xe0, 0x7, 0xfb, 0xf8,
    0x3f, 0xff, 0x80, 0x1f, 0xff, 0xe0, 0xff, 0xfe,
    0x0, 0x7f, 0xff, 0x3, 0xff, 0xf8, 0x1, 0xff,
    0xfc, 0xf, 0xff, 0xe0, 0x7, 0xff, 0xf0, 0x1f,
    0xff, 0x80, 0x1f, 0xff, 0xc0, 0x7f, 0xfe, 0x0,
    0x7f, 0xff, 0x1, 0xff, 0xf0, 0x0, 0xff, 0xfc,
    0x7, 0xff, 0xc0, 0x3, 0xff, 0xf0, 0x1f, 0xff,
    0x0, 0xf, 0xff, 0xc0, 0x7f, 0xfc, 0x0, 0x3f,
    0xff, 0x1, 0xff, 0xf0, 0x0, 0xff, 0xf8, 0x7,
    0xff, 0xc0, 0x3, 0xff, 0xe0, 0x1f, 0xff, 0x0,
    0xf, 0xff, 0x80, 0x7f, 0xfc, 0x0, 0x3f, 0xfe,
    0x0, 0xff, 0xf0, 0x0, 0xff, 0xf8, 0x3, 0xff,
    0xc0,

    /* U+0058 "X" */
    0x7f, 0xe0, 0x1, 0xff, 0x3f, 0xf0, 0x0, 0xff,
    0x9f, 0xf8, 0x0, 0x7f, 0xc7, 0xfe, 0x0, 0x7f,
    0xc3, 0xff, 0x0, 0x3f, 0xe1, 0xff, 0x80, 0x1f,
    0xf0, 0x7f, 0xe0, 0x1f, 0xf0, 0x3f, 0xf0, 0xf,
    0xf8, 0x1f, 0xf8, 0x7, 0xf8, 0x7, 0xfe, 0x7,
    0xfc, 0x3, 0xff, 0x3, 0xfe, 0x0, 0xff, 0x81,
    0xfe, 0x0, 0x7f, 0xe1, 0xff, 0x0, 0x3f, 0xf0,
    0xff, 0x80, 0xf, 0xf8, 0x7f, 0x80, 0x7, 0xfe,
    0x7f, 0xc0, 0x3, 0xff, 0x3f, 0xe0, 0x0, 0xff,
    0x9f, 0xe0, 0x0, 0x7f, 0xff, 0xf0, 0x0, 0x3f,
    0xff, 0xf8, 0x0, 0xf, 0xff, 0xf8, 0x0, 0x7,
    0xff, 0xfc, 0x0, 0x3, 0xff, 0xfc, 0x0, 0x0,
    0xff, 0xfe, 0x0, 0x0, 0x7f, 0xff, 0x0, 0x0,
    0x1f, 0xff, 0x0, 0x0, 0xf, 0xff, 0x80, 0x0,
    0x7, 0xff, 0xc0, 0x0, 0x1, 0xff, 0xc0, 0x0,
    0x0, 0xff, 0xe0, 0x0, 0x0, 0xff, 0xf0, 0x0,
    0x0, 0x7f, 0xfc, 0x0, 0x0, 0x3f, 0xfe, 0x0,
    0x0, 0x3f, 0xff, 0x80, 0x0, 0x1f, 0xff, 0xc0,
    0x0, 0xf, 0xff, 0xe0, 0x0, 0xf, 0xff, 0xf8,
    0x0, 0x7, 0xff, 0xfc, 0x0, 0x3, 0xff, 0xfe,
    0x0, 0x3, 0xff, 0xff, 0x80, 0x1, 0xfe, 0x7f,
    0xc0, 0x0, 0xff, 0x3f, 0xe0, 0x0, 0xff, 0x9f,
    0xf8, 0x0, 0x7f, 0x87, 0xfc, 0x0, 0x7f, 0xc3,
    0xfe, 0x0, 0x3f, 0xe1, 0xff, 0x80, 0x1f, 0xe0,
    0x7f, 0xc0, 0x1f, 0xf0, 0x3f, 0xf0, 0xf, 0xf8,
    0x1f, 0xf8, 0x7, 0xf8, 0x7, 0xfc, 0x7, 0xfc,
    0x3, 0xff, 0x3, 0xfe, 0x1, 0xff, 0x81, 0xfe,
    0x0, 0x7f, 0xc1, 0xff, 0x0, 0x3f, 0xf0, 0xff,
    0x80, 0x1f, 0xf8, 0x7f, 0x80, 0x7, 0xfc, 0x7f,
    0xc0, 0x3, 0xff, 0x3f, 0xe0, 0x1, 0xff, 0xbf,
    0xe0, 0x0, 0xff, 0xdf, 0xf0, 0x0, 0x3f, 0xf0,

    /* U+0059 "Y" */
    0xff, 0xc0, 0x3, 0xff, 0xff, 0x80, 0x7, 0xff,
    0xff, 0x0, 0xf, 0xfb, 0xff, 0x0, 0x3f, 0xe7,
    0xfe, 0x0, 0x7f, 0xcf, 0xfc, 0x0, 0xff, 0x8f,
    0xf8, 0x3, 0xfe, 0x1f, 0xf8, 0x7, 0xfc, 0x3f,
    0xf0, 0xf, 0xf8, 0x3f, 0xe0, 0x1f, 0xe0, 0x7f,
    0xe0, 0x7f, 0xc0, 0xff, 0xc0, 0xff, 0x80, 0xff,
    0x81, 0xfe, 0x1, 0xff, 0x7, 0xfc, 0x3, 0xff,
    0xf, 0xf8, 0x3, 0xfe, 0x1f, 0xe0, 0x7, 0xfc,
    0x3f, 0xc0, 0xf, 0xfc, 0xff, 0x80, 0xf, 0xf9,
    0xfe, 0x0, 0x1f, 0xf3, 0xfc, 0x0, 0x3f, 0xef,
    0xf8, 0x0, 0x3f, 0xff, 0xe0, 0x0, 0x7f, 0xff,
    0xc0, 0x0, 0xff, 0xff, 0x80, 0x0, 0xff, 0xfe,
    0x0, 0x1, 0xff, 0xfc, 0x0, 0x3, 0xff, 0xf8,
    0x0, 0x3, 0xff, 0xe0, 0x0, 0x7, 0xff, 0xc0,
    0x0, 0xf, 0xff, 0x80, 0x0, 0xf, 0xfe, 0x0,
    0x0, 0x1f, 0xfc, 0x0, 0x0, 0x3f, 0xf8, 0x0,
    0x0, 0x3f, 0xe0, 0x0, 0x0, 0x7f, 0xc0, 0x0,
    0x0, 0xff, 0x80, 0x0, 0x1, 0xff, 0x0, 0x0,
    0x3, 0xfe, 0x0, 0x0, 0x7, 0xfc, 0x0, 0x0,
    0xf, 0xf8, 0x0, 0x0, 0x1f, 0xf0, 0x0, 0x0,
    0x3f, 0xe0, 0x0, 0x0, 0x7f, 0xc0, 0x0, 0x0,
    0xff, 0x80, 0x0, 0x1, 0xff, 0x0, 0x0, 0x3,
    0xfe, 0x0, 0x0, 0x7, 0xfc, 0x0, 0x0, 0xf,
    0xf8, 0x0, 0x0, 0x1f, 0xf0, 0x0, 0x0, 0x3f,
    0xe0, 0x0, 0x0, 0x7f, 0xc0, 0x0, 0x0, 0xff,
    0x80, 0x0, 0x1, 0xff, 0x0, 0x0, 0x3, 0xfe,
    0x0, 0x0, 0x7, 0xfc, 0x0, 0x0, 0xf, 0xf8,
    0x0, 0x0, 0x1f, 0xf0, 0x0, 0x0, 0x3f, 0xe0,
    0x0, 0x0, 0x7f, 0xc0, 0x0, 0x0, 0xff, 0x80,
    0x0,

    /* U+005A "Z" */
    0x7f, 0xff, 0xff, 0xf7, 0xff, 0xff, 0xff, 0x7f,
    0xff, 0xff, 0xf7, 0xff, 0xff, 0xff, 0x7f, 0xff,
    0xff, 0xf7, 0xff, 0xff, 0xff, 0x7f, 0xff, 0xff,
    0xf7, 0xff, 0xff, 0xff, 0x0, 0x0, 0x3f, 0xf0,
    0x0, 0x7, 0xfe, 0x0, 0x0, 0x7f, 0xe0, 0x0,
    0xf, 0xfe, 0x0, 0x0, 0xff, 0xc0, 0x0, 0x1f,
    0xfc, 0x0, 0x1, 0xff, 0x80, 0x0, 0x1f, 0xf8,
    0x0, 0x3, 0xff, 0x0, 0x0, 0x3f, 0xf0, 0x0,
    0x7, 0xff, 0x0, 0x0, 0x7f, 0xe0, 0x0, 0x7,
    0xfe, 0x0, 0x0, 0xff, 0xc0, 0x0, 0xf, 0xfc,
    0x0, 0x1, 0xff, 0xc0, 0x0, 0x1f, 0xf8, 0x0,
    0x1, 0xff, 0x80, 0x0, 0x3f, 0xf0, 0x0, 0x3,
    0xff, 0x0, 0x0, 0x7f, 0xf0, 0x0, 0x7, 0xfe,
    0x0, 0x0, 0xff, 0xe0, 0x0, 0xf, 0xfc, 0x0,
    0x0, 0xff, 0xc0, 0x0, 0x1f, 0xfc, 0x0, 0x1,
    0xff, 0x80, 0x0, 0x3f, 0xf8, 0x0, 0x3, 0xff,
    0x0, 0x0, 0x3f, 0xf0, 0x0, 0x7, 0xfe, 0x0,
    0x0, 0x7f, 0xe0, 0x0, 0xf, 0xfe, 0x0, 0x0,
    0xff, 0xc0, 0x0, 0xf, 0xfc, 0x0, 0x1, 0xff,
    0x80, 0x0, 0x1f, 0xf8, 0x0, 0x3, 0xff, 0x80,
    0x0, 0x3f, 0xf0, 0x0, 0x7, 0xff, 0x0, 0x0,
    0x7f, 0xe0, 0x0, 0x7, 0xfe, 0x0, 0x0, 0xff,
    0xe0, 0x0, 0xf, 0xff, 0xff, 0xff, 0xff, 0xff,
    0xff, 0xff, 0xff, 0xff, 0xff, 0xff, 0xff, 0xff,
    0xff, 0xff, 0xff, 0xff, 0xff, 0xff, 0xff, 0xff,
    0xff, 0xff, 0xff, 0xff, 0xff, 0xff, 0xf0,

    /* U+005B "[" */
    0xff, 0xff, 0xff, 0xff, 0xff, 0xff, 0xff, 0xff,
    0xff, 0xff, 0xff, 0xff, 0xff, 0xff, 0xff, 0x80,
    0xff, 0x80, 0xff, 0x80, 0xff, 0x80, 0xff, 0x80,
    0xff, 0x80, 0xff, 0x80, 0xff, 0x80, 0xff, 0x80,
    0xff, 0x80, 0xff, 0x80, 0xff, 0x80, 0xff, 0x80,
    0xff, 0x80, 0xff, 0x80, 0xff, 0x80, 0xff, 0x80,
    0xff, 0x80, 0xff, 0x80, 0xff, 0x80, 0xff, 0x80,
    0xff, 0x80, 0xff, 0x80, 0xff, 0x80, 0xff, 0x80,
    0xff, 0x80, 0xff, 0x80, 0xff, 0x80, 0xff, 0x80,
    0xff, 0x80, 0xff, 0x80, 0xff, 0x80, 0xff, 0x80,
    0xff, 0x80, 0xff, 0x80, 0xff, 0x80, 0xff, 0x80,
    0xff, 0x80, 0xff, 0x80, 0xff, 0x80, 0xff, 0x80,
    0xff, 0x80, 0xff, 0x80, 0xff, 0x80, 0xff, 0x80,
    0xff, 0x80, 0xff, 0x80, 0xff, 0x80, 0xff, 0x80,
    0xff, 0x80, 0xff, 0x80, 0xff, 0x80, 0xff, 0x80,
    0xff, 0x80, 0xff, 0xff, 0xff, 0xff, 0xff, 0xff,
    0xff, 0xff, 0xff, 0xff, 0xff, 0xff, 0xff, 0xff,

    /* U+005C "\\" */
    0xff, 0x0, 0x0, 0x0, 0xff, 0x80, 0x0, 0x0,
    0x7f, 0x80, 0x0, 0x0, 0x7f, 0x80, 0x0, 0x0,
    0x3f, 0xc0, 0x0, 0x0, 0x3f, 0xc0, 0x0, 0x0,
    0x3f, 0xe0, 0x0, 0x0, 0x1f, 0xe0, 0x0, 0x0,
    0x1f, 0xe0, 0x0, 0x0, 0xf, 0xf0, 0x0, 0x0,
    0xf, 0xf0, 0x0, 0x0, 0xf, 0xf0, 0x0, 0x0,
    0x7, 0xf8, 0x0, 0x0, 0x7, 0xf8, 0x0, 0x0,
    0x3, 0xfc, 0x0, 0x0, 0x3, 0xfc, 0x0, 0x0,
    0x3, 0xfc, 0x0, 0x0, 0x1, 0xfe, 0x0, 0x0,
    0x1, 0xfe, 0x0, 0x0, 0x1, 0xff, 0x0, 0x0,
    0x0, 0xff, 0x0, 0x0, 0x0, 0xff, 0x0, 0x0,
    0x0, 0x7f, 0x80, 0x0, 0x0, 0x7f, 0x80, 0x0,
    0x0, 0x7f, 0xc0, 0x0, 0x0, 0x3f, 0xc0, 0x0,
    0x0, 0x3f, 0xc0, 0x0, 0x0, 0x1f, 0xe0, 0x0,
    0x0, 0x1f, 0xe0, 0x0, 0x0, 0x1f, 0xf0, 0x0,
    0x0, 0xf, 0xf0, 0x0, 0x0, 0xf, 0xf0, 0x0,
    0x0, 0x7, 0xf8, 0x0, 0x0, 0x7, 0xf8, 0x0,
    0x0, 0x7, 0xfc, 0x0, 0x0, 0x3, 0xfc, 0x0,
    0x0, 0x3, 0xfc, 0x0, 0x0, 0x1, 0xfe, 0x0,
    0x0, 0x1, 0xfe, 0x0, 0x0, 0x1, 0xff, 0x0,
    0x0, 0x0, 0xff, 0x0, 0x0, 0x0, 0xff, 0x0,
    0x0, 0x0, 0x7f, 0x80, 0x0, 0x0, 0x7f, 0x80,
    0x0, 0x0, 0x7f, 0xc0, 0x0, 0x0, 0x3f, 0xc0,
    0x0, 0x0, 0x3f, 0xc0, 0x0, 0x0, 0x1f, 0xe0,
    0x0, 0x0, 0x1f, 0xe0, 0x0, 0x0, 0x1f, 0xf0,
    0x0, 0x0, 0xf, 0xf0, 0x0, 0x0, 0xf, 0xf0,
    0x0, 0x0, 0x7, 0xf8, 0x0, 0x0, 0x7, 0xf8,
    0x0, 0x0, 0x7, 0xfc, 0x0, 0x0, 0x3, 0xfc,
    0x0, 0x0, 0x3, 0xfc, 0x0, 0x0, 0x1, 0xfe,
    0x0, 0x0, 0x1, 0xfe, 0x0, 0x0, 0x1, 0xfe,

    /* U+005D "]" */
    0xff, 0xff, 0xff, 0xff, 0xff, 0xff, 0xff, 0xff,
    0xff, 0xff, 0xff, 0xff, 0xff, 0x81, 0xff, 0x3,
    0xfe, 0x7, 0xfc, 0xf, 0xf8, 0x1f, 0xf0, 0x3f,
    0xe0, 0x7f, 0xc0, 0xff, 0x81, 0xff, 0x3, 0xfe,
    0x7, 0xfc, 0xf, 0xf8, 0x1f, 0xf0, 0x3f, 0xe0,
    0x7f, 0xc0, 0xff, 0x81, 0xff, 0x3, 0xfe, 0x7,
    0xfc, 0xf, 0xf8, 0x1f, 0xf0, 0x3f, 0xe0, 0x7f,
    0xc0, 0xff, 0x81, 0xff, 0x3, 0xfe, 0x7, 0xfc,
    0xf, 0xf8, 0x1f, 0xf0, 0x3f, 0xe0, 0x7f, 0xc0,
    0xff, 0x81, 0xff, 0x3, 0xfe, 0x7, 0xfc, 0xf,
    0xf8, 0x1f, 0xf0, 0x3f, 0xe0, 0x7f, 0xc0, 0xff,
    0x81, 0xff, 0x3, 0xfe, 0x7, 0xfc, 0xf, 0xf8,
    0x1f, 0xf0, 0x3f, 0xe0, 0x7f, 0xc0, 0xff, 0x81,
    0xff, 0x3, 0xfe, 0x7, 0xfc, 0xf, 0xf8, 0x1f,
    0xf0, 0x3f, 0xff, 0xff, 0xff, 0xff, 0xff, 0xff,
    0xff, 0xff, 0xff, 0xff, 0xff, 0xff, 0xff, 0xf0,

    /* U+005E "^" */
    0x0, 0xf, 0xe0, 0x0, 0x0, 0x3f, 0xc0, 0x0,
    0x0, 0x7f, 0xc0, 0x0, 0x1, 0xff, 0x80, 0x0,
    0x3, 0xff, 0x80, 0x0, 0xf, 0xff, 0x0, 0x0,
    0x3f, 0xff, 0x0, 0x0, 0x7f, 0xfe, 0x0, 0x1,
    0xff, 0xfe, 0x0, 0x3, 0xfd, 0xfc, 0x0, 0xf,
    0xf3, 0xfc, 0x0, 0x1f, 0xe3, 0xf8, 0x0, 0x7f,
    0x87, 0xf8, 0x0, 0xfe, 0x7, 0xf8, 0x3, 0xfc,
    0xf, 0xf0, 0x7, 0xf0, 0xf, 0xf0, 0x1f, 0xe0,
    0x1f, 0xe0, 0x3f, 0x80, 0x1f, 0xe0, 0xff, 0x0,
    0x3f, 0xc3, 0xfc, 0x0, 0x3f, 0xc7, 0xf8, 0x0,
    0x3f, 0x9f, 0xe0, 0x0, 0x7f, 0xbf, 0xc0, 0x0,
    0x7f, 0x0,

    /* U+005F "_" */
    0xff, 0xff, 0xff, 0xff, 0xff, 0xff, 0xff, 0xff,
    0xff, 0xff, 0xff, 0xff, 0xff, 0xff, 0xff, 0xff,
    0xff, 0xff, 0xff, 0xff, 0xff, 0xff, 0xfc,

    /* U+0060 "`" */
    0x7f, 0xe0, 0x1f, 0xf8, 0x7, 0xfc, 0x1, 0xff,
    0x0, 0xff, 0x80, 0x3f, 0xe0, 0xf, 0xf8, 0x3,
    0xfc, 0x0, 0xff, 0x0, 0x3f, 0x80,

    /* U+0061 "a" */
    0x0, 0x3f, 0xfe, 0x0, 0x0, 0x3f, 0xfe, 0x0,
    0x0, 0x7f, 0xfe, 0x0, 0x0, 0x7f, 0xfe, 0x0,
    0x0, 0x7f, 0xfe, 0x0, 0x0, 0x7f, 0xff, 0x0,
    0x0, 0x7f, 0xff, 0x0, 0x0, 0x7f, 0xff, 0x0,
    0x0, 0xff, 0xff, 0x0, 0x0, 0xff, 0xff, 0x0,
    0x0, 0xff, 0xff, 0x0, 0x0, 0xff, 0xff, 0x80,
    0x0, 0xfe, 0xff, 0x80, 0x0, 0xfe, 0xff, 0x80,
    0x1, 0xfe, 0x7f, 0x80, 0x1, 0xfe, 0x7f, 0x80,
    0x1, 0xfe, 0x7f, 0x80, 0x1, 0xfe, 0x7f, 0xc0,
    0x1, 0xfe, 0x7f, 0xc0, 0x1, 0xfe, 0x7f, 0xc0,
    0x3, 0xfc, 0x7f, 0xc0, 0x3, 0xfc, 0x3f, 0xc0,
    0x3, 0xfc, 0x3f, 0xc0, 0x3, 0xfc, 0x3f, 0xc0,
    0x3, 0xfc, 0x3f, 0xe0, 0x3, 0xfc, 0x3f, 0xe0,
    0x7, 0xfc, 0x3f, 0xe0, 0x7, 0xf8, 0x3f, 0xe0,
    0x7, 0xf8, 0x1f, 0xe0, 0x7, 0xf8, 0x1f, 0xe0,
    0x7, 0xf8, 0x1f, 0xf0, 0x7, 0xf8, 0x1f, 0xf0,
    0x7, 0xf8, 0x1f, 0xf0, 0xf, 0xf8, 0x1f, 0xf0,
    0xf, 0xf0, 0x1f, 0xf0, 0xf, 0xf0, 0xf, 0xf0,
    0xf, 0xf0, 0xf, 0xf8, 0xf, 0xf0, 0xf, 0xf8,
    0xf, 0xf0, 0xf, 0xf8, 0x1f, 0xf0, 0xf, 0xf8,
    0x1f, 0xff, 0xff, 0xf8, 0x1f, 0xff, 0xff, 0xf8,
    0x1f, 0xff, 0xff, 0xfc, 0x1f, 0xff, 0xff, 0xfc,
    0x1f, 0xff, 0xff, 0xfc, 0x3f, 0xff, 0xff, 0xfc,
    0x3f, 0xff, 0xff, 0xfc, 0x3f, 0xff, 0xff, 0xfc,
    0x3f, 0xc0, 0x7, 0xfe, 0x3f, 0xc0, 0x7, 0xfe,
    0x3f, 0xc0, 0x3, 0xfe, 0x7f, 0xc0, 0x3, 0xfe,
    0x7f, 0xc0, 0x3, 0xfe, 0x7f, 0xc0, 0x3, 0xfe,
    0x7f, 0xc0, 0x3, 0xff, 0x7f, 0x80, 0x3, 0xff,
    0x7f, 0x80, 0x3, 0xff, 0xff, 0x80, 0x1, 0xff,
    0xff, 0x80, 0x1, 0xff, 0xff, 0x80, 0x1, 0xff,

    /* U+0062 "b" */
    0xff, 0xff, 0xe0, 0x7, 0xff, 0xff, 0xe0, 0x3f,
    0xff, 0xff, 0xc1, 0xff, 0xff, 0xff, 0xf, 0xff,
    0xff, 0xfc, 0x7f, 0xff, 0xff, 0xe3, 0xff, 0xff,
    0xff, 0x9f, 0xff, 0xff, 0xfc, 0xff, 0x80, 0xff,
    0xe7, 0xfc, 0x1, 0xff, 0xbf, 0xe0, 0xf, 0xfd,
    0xff, 0x0, 0x3f, 0xef, 0xf8, 0x1, 0xff, 0x7f,
    0xc0, 0xf, 0xfb, 0xfe, 0x0, 0x7f, 0xdf, 0xf0,
    0x3, 0xfe, 0xff, 0x80, 0x1f, 0xf7, 0xfc, 0x0,
    0xff, 0xbf, 0xe0, 0x7, 0xfd, 0xff, 0x0, 0x3f,
    0xef, 0xf8, 0x1, 0xff, 0x7f, 0xc0, 0x1f, 0xf3,
    0xfe, 0x1, 0xff, 0x9f, 0xf0, 0x1f, 0xf8, 0xff,
    0xff, 0xff, 0xc7, 0xff, 0xff, 0xfc, 0x3f, 0xff,
    0xff, 0xc1, 0xff, 0xff, 0xf8, 0xf, 0xff, 0xff,
    0xf0, 0x7f, 0xff, 0xff, 0xe3, 0xff, 0xff, 0xff,
    0x9f, 0xff, 0xff, 0xfc, 0xff, 0x80, 0x7f, 0xf7,
    0xfc, 0x1, 0xff, 0xbf, 0xe0, 0x7, 0xfd, 0xff,
    0x0, 0x3f, 0xff, 0xf8, 0x0, 0xff, 0xff, 0xc0,
    0x7, 0xff, 0xfe, 0x0, 0x3f, 0xff, 0xf0, 0x1,
    0xff, 0xff, 0x80, 0xf, 0xff, 0xfc, 0x0, 0x7f,
    0xff, 0xe0, 0x3, 0xff, 0xff, 0x0, 0x1f, 0xff,
    0xf8, 0x0, 0xff, 0xff, 0xc0, 0x7, 0xff, 0xfe,
    0x0, 0x3f, 0xff, 0xf0, 0x1, 0xff, 0xff, 0x80,
    0x1f, 0xff, 0xfc, 0x0, 0xff, 0xff, 0xe0, 0x1f,
    0xfd, 0xff, 0xff, 0xff, 0xef, 0xff, 0xff, 0xfe,
    0x7f, 0xff, 0xff, 0xf3, 0xff, 0xff, 0xff, 0x1f,
    0xff, 0xff, 0xf0, 0xff, 0xff, 0xff, 0x7, 0xff,
    0xff, 0xe0, 0x3f, 0xff, 0xf8, 0x0,

    /* U+0063 "c" */
    0x0, 0x3f, 0xe0, 0x0, 0x1f, 0xff, 0x80, 0x7,
    0xff, 0xfe, 0x0, 0xff, 0xff, 0xf0, 0x1f, 0xff,
    0xff, 0x83, 0xff, 0xff, 0xfc, 0x3f, 0xff, 0xff,
    0xc7, 0xff, 0xff, 0xfe, 0x7f, 0xf0, 0xff, 0xe7,
    0xfc, 0x3, 0xfe, 0xff, 0xc0, 0x3f, 0xff, 0xf8,
    0x1, 0xff, 0xff, 0x80, 0x1f, 0xff, 0xf8, 0x1,
    0xff, 0xff, 0x80, 0x1f, 0xff, 0xf8, 0x1, 0xff,
    0xff, 0x80, 0x1f, 0xff, 0xf8, 0x1, 0xff, 0xff,
    0x80, 0x1f, 0xff, 0xf8, 0x1, 0xff, 0xff, 0x80,
    0x1f, 0xff, 0xf8, 0x0, 0x0, 0xff, 0x80, 0x0,
    0xf, 0xf8, 0x0, 0x0, 0xff, 0x80, 0x0, 0xf,
    0xf8, 0x0, 0x0, 0xff, 0x80, 0x0, 0xf, 0xf8,
    0x0, 0x0, 0xff, 0x80, 0x0, 0xf, 0xf8, 0x0,
    0x0, 0xff, 0x80, 0x0, 0xf, 0xf8, 0x0, 0x0,
    0xff, 0x80, 0x0, 0xf, 0xf8, 0x0, 0x0, 0xff,
    0x80, 0x0, 0xf, 0xf8, 0x0, 0x0, 0xff, 0x80,
    0x0, 0xf, 0xf8, 0x0, 0x0, 0xff, 0x80, 0x0,
    0xf, 0xf8, 0x1, 0xff, 0xff, 0x80, 0x1f, 0xff,
    0xf8, 0x1, 0xff, 0xff, 0x80, 0x1f, 0xff, 0xf8,
    0x1, 0xff, 0xff, 0x80, 0x1f, 0xff, 0xf8, 0x1,
    0xff, 0xff, 0x80, 0x1f, 0xff, 0xf8, 0x1, 0xff,
    0xff, 0x80, 0x1f, 0xff, 0xf8, 0x1, 0xff, 0xff,
    0x80, 0x1f, 0xff, 0xfc, 0x3, 0xff, 0x7f, 0xc0,
    0x3f, 0xe7, 0xff, 0xf, 0xfe, 0x7f, 0xff, 0xff,
    0xe3, 0xff, 0xff, 0xfc, 0x3f, 0xff, 0xff, 0xc1,
    0xff, 0xff, 0xf8, 0xf, 0xff, 0xff, 0x0, 0x7f,
    0xff, 0xe0, 0x1, 0xff, 0xf8, 0x0, 0x7, 0xfc,
    0x0,

    /* U+0064 "d" */
    0xff, 0xff, 0xe0, 0xf, 0xff, 0xff, 0xc0, 0xff,
    0xff, 0xfe, 0xf, 0xff, 0xff, 0xf0, 0xff, 0xff,
    0xff, 0x8f, 0xff, 0xff, 0xfc, 0xff, 0xff, 0xff,
    0xcf, 0xff, 0xff, 0xfe, 0xff, 0x80, 0xff, 0xef,
    0xf8, 0x3, 0xfe, 0xff, 0x80, 0x3f, 0xff, 0xf8,
    0x1, 0xff, 0xff, 0x80, 0x1f, 0xff, 0xf8, 0x1,
    0xff, 0xff, 0x80, 0x1f, 0xff, 0xf8, 0x1, 0xff,
    0xff, 0x80, 0x1f, 0xff, 0xf8, 0x1, 0xff, 0xff,
    0x80, 0x1f, 0xff, 0xf8, 0x1, 0xff, 0xff, 0x80,
    0x1f, 0xff, 0xf8, 0x1, 0xff, 0xff, 0x80, 0x1f,
    0xff, 0xf8, 0x1, 0xff, 0xff, 0x80, 0x1f, 0xff,
    0xf8, 0x1, 0xff, 0xff, 0x80, 0x1f, 0xff, 0xf8,
    0x1, 0xff, 0xff, 0x80, 0x1f, 0xff, 0xf8, 0x1,
    0xff, 0xff, 0x80, 0x1f, 0xff, 0xf8, 0x1, 0xff,
    0xff, 0x80, 0x1f, 0xff, 0xf8, 0x1, 0xff, 0xff,
    0x80, 0x1f, 0xff, 0xf8, 0x1, 0xff, 0xff, 0x80,
    0x1f, 0xff, 0xf8, 0x1, 0xff, 0xff, 0x80, 0x1f,
    0xff, 0xf8, 0x1, 0xff, 0xff, 0x80, 0x1f, 0xff,
    0xf8, 0x1, 0xff, 0xff, 0x80, 0x1f, 0xff, 0xf8,
    0x1, 0xff, 0xff, 0x80, 0x1f, 0xff, 0xf8, 0x1,
    0xff, 0xff, 0x80, 0x1f, 0xff, 0xf8, 0x1, 0xff,
    0xff, 0x80, 0x3f, 0xff, 0xf8, 0x3, 0xfe, 0xff,
    0x80, 0xff, 0xef, 0xff, 0xff, 0xfe, 0xff, 0xff,
    0xff, 0xcf, 0xff, 0xff, 0xfc, 0xff, 0xff, 0xff,
    0x8f, 0xff, 0xff, 0xf0, 0xff, 0xff, 0xfe, 0xf,
    0xff, 0xff, 0xc0, 0xff, 0xff, 0xe0, 0x0,

    /* U+0065 "e" */
    0xff, 0xff, 0xff, 0xff, 0xff, 0xff, 0xff, 0xff,
    0xff, 0xff, 0xff, 0xff, 0xff, 0xff, 0xff, 0xff,
    0xff, 0xff, 0xff, 0xff, 0xff, 0xff, 0xff, 0xff,
    0xff, 0xff, 0xff, 0x80, 0x0, 0x3f, 0xe0, 0x0,
    0xf, 0xf8, 0x0, 0x3, 0xfe, 0x0, 0x0, 0xff,
    0x80, 0x0, 0x3f, 0xe0, 0x0, 0xf, 0xf8, 0x0,
    0x3, 0xfe, 0x0, 0x0, 0xff, 0x80, 0x0, 0x3f,
    0xe0, 0x0, 0xf, 0xf8, 0x0, 0x3, 0xfe, 0x0,
    0x0, 0xff, 0x80, 0x0, 0x3f, 0xe0, 0x0, 0xf,
    0xf8, 0x0, 0x3, 0xfe, 0x0, 0x0, 0xff, 0xff,
    0xfe, 0x3f, 0xff, 0xff, 0x8f, 0xff, 0xff, 0xe3,
    0xff, 0xff, 0xf8, 0xff, 0xff, 0xfe, 0x3f, 0xff,
    0xff, 0x8f, 0xff, 0xff, 0xe3, 0xff, 0xff, 0xf8,
    0xff, 0x80, 0x0, 0x3f, 0xe0, 0x0, 0xf, 0xf8,
    0x0, 0x3, 0xfe, 0x0, 0x0, 0xff, 0x80, 0x0,
    0x3f, 0xe0, 0x0, 0xf, 0xf8, 0x0, 0x3, 0xfe,
    0x0, 0x0, 0xff, 0x80, 0x0, 0x3f, 0xe0, 0x0,
    0xf, 0xf8, 0x0, 0x3, 0xfe, 0x0, 0x0, 0xff,
    0x80, 0x0, 0x3f, 0xe0, 0x0, 0xf, 0xf8, 0x0,
    0x3, 0xfe, 0x0, 0x0, 0xff, 0x80, 0x0, 0x3f,
    0xe0, 0x0, 0xf, 0xf8, 0x0, 0x3, 0xff, 0xff,
    0xff, 0xff, 0xff, 0xff, 0xff, 0xff, 0xff, 0xff,
    0xff, 0xff, 0xff, 0xff, 0xff, 0xff, 0xff, 0xff,
    0xff, 0xff, 0xff, 0xff, 0xff, 0xff, 0xff, 0xfc,

    /* U+0066 "f" */
    0xff, 0xff, 0xff, 0xff, 0xff, 0xff, 0xff, 0xff,
    0xff, 0xff, 0xff, 0xff, 0xff, 0xff, 0xff, 0xff,
    0xff, 0xff, 0xff, 0xff, 0xff, 0xff, 0xff, 0xff,
    0xff, 0xff, 0x80, 0x0, 0x7f, 0xc0, 0x0, 0x3f,
    0xe0, 0x0, 0x1f, 0xf0, 0x0, 0xf, 0xf8, 0x0,
    0x7, 0xfc, 0x0, 0x3, 0xfe, 0x0, 0x1, 0xff,
    0x0, 0x0, 0xff, 0x80, 0x0, 0x7f, 0xc0, 0x0,
    0x3f, 0xe0, 0x0, 0x1f, 0xf0, 0x0, 0xf, 0xf8,
    0x0, 0x7, 0xfc, 0x0, 0x3, 0xfe, 0x0, 0x1,
    0xff, 0x0, 0x0, 0xff, 0x80, 0x0, 0x7f, 0xff,
    0xfe, 0x3f, 0xff, 0xff, 0x1f, 0xff, 0xff, 0x8f,
    0xff, 0xff, 0xc7, 0xff, 0xff, 0xe3, 0xff, 0xff,
    0xf1, 0xff, 0xff, 0xf8, 0xff, 0xff, 0xfc, 0x7f,
    0xc0, 0x0, 0x3f, 0xe0, 0x0, 0x1f, 0xf0, 0x0,
    0xf, 0xf8, 0x0, 0x7, 0xfc, 0x0, 0x3, 0xfe,
    0x0, 0x1, 0xff, 0x0, 0x0, 0xff, 0x80, 0x0,
    0x7f, 0xc0, 0x0, 0x3f, 0xe0, 0x0, 0x1f, 0xf0,
    0x0, 0xf, 0xf8, 0x0, 0x7, 0xfc, 0x0, 0x3,
    0xfe, 0x0, 0x1, 0xff, 0x0, 0x0, 0xff, 0x80,
    0x0, 0x7f, 0xc0, 0x0, 0x3f, 0xe0, 0x0, 0x1f,
    0xf0, 0x0, 0xf, 0xf8, 0x0, 0x7, 0xfc, 0x0,
    0x3, 0xfe, 0x0, 0x1, 0xff, 0x0, 0x0, 0xff,
    0x80, 0x0, 0x7f, 0xc0, 0x0, 0x3f, 0xe0, 0x0,
    0x1f, 0xf0, 0x0, 0x0,

    /* U+0067 "g" */
    0x0, 0x3f, 0xe0, 0x0, 0x1f, 0xff, 0x80, 0x7,
    0xff, 0xfe, 0x0, 0xff, 0xff, 0xf0, 0x1f, 0xff,
    0xff, 0x83, 0xff, 0xff, 0xfc, 0x3f, 0xff, 0xff,
    0xc7, 0xff, 0xff, 0xfe, 0x7f, 0xf0, 0xff, 0xe7,
    0xfc, 0x3, 0xfe, 0xff, 0xc0, 0x3f, 0xff, 0xf8,
    0x1, 0xff, 0xff, 0x80, 0x1f, 0xff, 0xf8, 0x1,
    0xff, 0xff, 0x80, 0x1f, 0xff, 0xf8, 0x1, 0xff,
    0xff, 0x80, 0x1f, 0xff, 0xf8, 0x1, 0xff, 0xff,
    0x80, 0x1f, 0xff, 0xf8, 0x1, 0xff, 0xff, 0x80,
    0x0, 0xf, 0xf8, 0x0, 0x0, 0xff, 0x80, 0x0,
    0xf, 0xf8, 0x0, 0x0, 0xff, 0x80, 0x0, 0xf,
    0xf8, 0x0, 0x0, 0xff, 0x80, 0x0, 0xf, 0xf8,
    0x3f, 0xff, 0xff, 0x83, 0xff, 0xff, 0xf8, 0x3f,
    0xff, 0xff, 0x83, 0xff, 0xff, 0xf8, 0x3f, 0xff,
    0xff, 0x83, 0xff, 0xff, 0xf8, 0x3f, 0xff, 0xff,
    0x83, 0xff, 0xff, 0xf8, 0x1, 0xff, 0xff, 0x80,
    0x1f, 0xff, 0xf8, 0x1, 0xff, 0xff, 0x80, 0x1f,
    0xff, 0xf8, 0x1, 0xff, 0xff, 0x80, 0x1f, 0xff,
    0xf8, 0x1, 0xff, 0xff, 0x80, 0x1f, 0xff, 0xf8,
    0x1, 0xff, 0xff, 0x80, 0x1f, 0xff, 0xf8, 0x1,
    0xff, 0xff, 0x80, 0x1f, 0xff, 0xf8, 0x1, 0xff,
    0xff, 0x80, 0x1f, 0xff, 0xf8, 0x1, 0xff, 0xff,
    0x80, 0x1f, 0xff, 0xfc, 0x3, 0xff, 0x7f, 0xc0,
    0x3f, 0xe7, 0xff, 0xf, 0xfe, 0x7f, 0xff, 0xff,
    0xe3, 0xff, 0xff, 0xfc, 0x3f, 0xff, 0xff, 0xc1,
    0xff, 0xff, 0xf8, 0xf, 0xff, 0xff, 0x0, 0x7f,
    0xff, 0xe0, 0x1, 0xff, 0xf8, 0x0, 0x7, 0xfc,
    0x0,

    /* U+0068 "h" */
    0xff, 0x80, 0xf, 0xff, 0xfc, 0x0, 0x7f, 0xff,
    0xe0, 0x3, 0xff, 0xff, 0x0, 0x1f, 0xff, 0xf8,
    0x0, 0xff, 0xff, 0xc0, 0x7, 0xff, 0xfe, 0x0,
    0x3f, 0xff, 0xf0, 0x1, 0xff, 0xff, 0x80, 0xf,
    0xff, 0xfc, 0x0, 0x7f, 0xff, 0xe0, 0x3, 0xff,
    0xff, 0x0, 0x1f, 0xff, 0xf8, 0x0, 0xff, 0xff,
    0xc0, 0x7, 0xff, 0xfe, 0x0, 0x3f, 0xff, 0xf0,
    0x1, 0xff, 0xff, 0x80, 0xf, 0xff, 0xfc, 0x0,
    0x7f, 0xff, 0xe0, 0x3, 0xff, 0xff, 0x0, 0x1f,
    0xff, 0xf8, 0x0, 0xff, 0xff, 0xc0, 0x7, 0xff,
    0xfe, 0x0, 0x3f, 0xff, 0xf0, 0x1, 0xff, 0xff,
    0x80, 0xf, 0xff, 0xff, 0xff, 0xff, 0xff, 0xff,
    0xff, 0xff, 0xff, 0xff, 0xff, 0xff, 0xff, 0xff,
    0xff, 0xff, 0xff, 0xff, 0xff, 0xff, 0xff, 0xff,
    0xff, 0xff, 0xff, 0xff, 0xff, 0xff, 0xff, 0xff,
    0xfc, 0x0, 0x7f, 0xff, 0xe0, 0x3, 0xff, 0xff,
    0x0, 0x1f, 0xff, 0xf8, 0x0, 0xff, 0xff, 0xc0,
    0x7, 0xff, 0xfe, 0x0, 0x3f, 0xff, 0xf0, 0x1,
    0xff, 0xff, 0x80, 0xf, 0xff, 0xfc, 0x0, 0x7f,
    0xff, 0xe0, 0x3, 0xff, 0xff, 0x0, 0x1f, 0xff,
    0xf8, 0x0, 0xff, 0xff, 0xc0, 0x7, 0xff, 0xfe,
    0x0, 0x3f, 0xff, 0xf0, 0x1, 0xff, 0xff, 0x80,
    0xf, 0xff, 0xfc, 0x0, 0x7f, 0xff, 0xe0, 0x3,
    0xff, 0xff, 0x0, 0x1f, 0xff, 0xf8, 0x0, 0xff,
    0xff, 0xc0, 0x7, 0xff, 0xfe, 0x0, 0x3f, 0xff,
    0xf0, 0x1, 0xff, 0xff, 0x80, 0xf, 0xff, 0xfc,
    0x0, 0x7f, 0xff, 0xe0, 0x3, 0xff, 0xff, 0x0,
    0x1f, 0xf0,

    /* U+0069 "i" */
    0xff, 0xff, 0xff, 0xff, 0xff, 0xff, 0xff, 0xff,
    0xff, 0xff, 0xff, 0xff, 0xff, 0xff, 0xff, 0xff,
    0xff, 0xff, 0xff, 0xff, 0xff, 0xff, 0xff, 0xff,
    0xff, 0xff, 0xff, 0xff, 0xff, 0xff, 0xff, 0xff,
    0xff, 0xff, 0xff, 0xff, 0xff, 0xff, 0xff, 0xff,
    0xff, 0xff, 0xff, 0xff, 0xff, 0xff, 0xff, 0xff,
    0xff, 0xff, 0xff, 0xff, 0xff, 0xff, 0xff, 0xff,
    0xff, 0xff, 0xff, 0xff, 0xff, 0xff, 0xff, 0xff,
    0xff, 0xff, 0xff, 0xf0,

    /* U+006A "j" */
    0x0, 0x7f, 0xc0, 0x1f, 0xf0, 0x7, 0xfc, 0x1,
    0xff, 0x0, 0x7f, 0xc0, 0x1f, 0xf0, 0x7, 0xfc,
    0x1, 0xff, 0x0, 0x7f, 0xc0, 0x1f, 0xf0, 0x7,
    0xfc, 0x1, 0xff, 0x0, 0x7f, 0xc0, 0x1f, 0xf0,
    0x7, 0xfc, 0x1, 0xff, 0x0, 0x7f, 0xc0, 0x1f,
    0xf0, 0x7, 0xfc, 0x1, 0xff, 0x0, 0x7f, 0xc0,
    0x1f, 0xf0, 0x7, 0xfc, 0x1, 0xff, 0x0, 0x7f,
    0xc0, 0x1f, 0xf0, 0x7, 0xfc, 0x1, 0xff, 0x0,
    0x7f, 0xc0, 0x1f, 0xf0, 0x7, 0xfc, 0x1, 0xff,
    0x0, 0x7f, 0xc0, 0x1f, 0xf0, 0x7, 0xfc, 0x1,
    0xff, 0x0, 0x7f, 0xc0, 0x1f, 0xf0, 0x7, 0xfc,
    0x1, 0xff, 0x0, 0x7f, 0xc0, 0x1f, 0xf0, 0x7,
    0xfc, 0x1, 0xff, 0x0, 0x7f, 0xc0, 0x1f, 0xf0,
    0x7, 0xfc, 0x1, 0xff, 0x0, 0x7f, 0xc0, 0x3f,
    0xf0, 0xf, 0xfc, 0xf, 0xfe, 0xff, 0xff, 0xbf,
    0xff, 0xef, 0xff, 0xf3, 0xff, 0xf8, 0xff, 0xfe,
    0x3f, 0xff, 0xf, 0xff, 0x3, 0xfe, 0x0,

    /* U+006B "k" */
    0xff, 0x80, 0x7, 0xfd, 0xff, 0x0, 0x1f, 0xfb,
    0xfe, 0x0, 0x3f, 0xe7, 0xfc, 0x0, 0xff, 0xcf,
    0xf8, 0x1, 0xff, 0x1f, 0xf0, 0x7, 0xfe, 0x3f,
    0xe0, 0xf, 0xf8, 0x7f, 0xc0, 0x3f, 0xf0, 0xff,
    0x80, 0x7f, 0xc1, 0xff, 0x0, 0xff, 0x83, 0xfe,
    0x3, 0xfe, 0x7, 0xfc, 0x7, 0xfc, 0xf, 0xf8,
    0x1f, 0xf0, 0x1f, 0xf0, 0x3f, 0xe0, 0x3f, 0xe0,
    0xff, 0x80, 0x7f, 0xc1, 0xff, 0x0, 0xff, 0x87,
    0xfc, 0x1, 0xff, 0xf, 0xf8, 0x3, 0xfe, 0x3f,
    0xe0, 0x7, 0xfc, 0x7f, 0xc0, 0xf, 0xf9, 0xff,
    0x0, 0x1f, 0xf3, 0xfe, 0x0, 0x3f, 0xef, 0xf8,
    0x0, 0x7f, 0xdf, 0xf8, 0x0, 0xff, 0xff, 0xf0,
    0x1, 0xff, 0xff, 0xe0, 0x3, 0xff, 0xff, 0xe0,
    0x7, 0xff, 0xff, 0xc0, 0xf, 0xff, 0xff, 0x80,
    0x1f, 0xff, 0xff, 0x0, 0x3f, 0xff, 0xff, 0x0,
    0x7f, 0xff, 0xfe, 0x0, 0xff, 0xff, 0xfc, 0x1,
    0xff, 0xff, 0xfc, 0x3, 0xff, 0xdf, 0xf8, 0x7,
    0xff, 0xbf, 0xf0, 0xf, 0xfe, 0x3f, 0xf0, 0x1f,
    0xfc, 0x7f, 0xe0, 0x3f, 0xf0, 0xff, 0xc0, 0x7f,
    0xe0, 0xff, 0xc0, 0xff, 0x81, 0xff, 0x81, 0xff,
    0x3, 0xff, 0x3, 0xfe, 0x3, 0xfe, 0x7, 0xfc,
    0x7, 0xfe, 0xf, 0xf8, 0xf, 0xfc, 0x1f, 0xf0,
    0x1f, 0xf8, 0x3f, 0xe0, 0x1f, 0xf8, 0x7f, 0xc0,
    0x3f, 0xf0, 0xff, 0x80, 0x7f, 0xe1, 0xff, 0x0,
    0x7f, 0xe3, 0xfe, 0x0, 0xff, 0xc7, 0xfc, 0x1,
    0xff, 0x8f, 0xf8, 0x1, 0xff, 0x1f, 0xf0, 0x3,
    0xff, 0x3f, 0xe0, 0x7, 0xfe, 0x7f, 0xc0, 0xf,
    0xfc, 0xff, 0x80, 0xf, 0xfd, 0xff, 0x0, 0x1f,
    0xfb, 0xfe, 0x0, 0x3f, 0xf7, 0xfc, 0x0, 0x3f,
    0xf0,

    /* U+006C "l" */
    0xff, 0x80, 0x0, 0x7f, 0xc0, 0x0, 0x3f, 0xe0,
    0x0, 0x1f, 0xf0, 0x0, 0xf, 0xf8, 0x0, 0x7,
    0xfc, 0x0, 0x3, 0xfe, 0x0, 0x1, 0xff, 0x0,
    0x0, 0xff, 0x80, 0x0, 0x7f, 0xc0, 0x0, 0x3f,
    0xe0, 0x0, 0x1f, 0xf0, 0x0, 0xf, 0xf8, 0x0,
    0x7, 0xfc, 0x0, 0x3, 0xfe, 0x0, 0x1, 0xff,
    0x0, 0x0, 0xff, 0x80, 0x0, 0x7f, 0xc0, 0x0,
    0x3f, 0xe0, 0x0, 0x1f, 0xf0, 0x0, 0xf, 0xf8,
    0x0, 0x7, 0xfc, 0x0, 0x3, 0xfe, 0x0, 0x1,
    0xff, 0x0, 0x0, 0xff, 0x80, 0x0, 0x7f, 0xc0,
    0x0, 0x3f, 0xe0, 0x0, 0x1f, 0xf0, 0x0, 0xf,
    0xf8, 0x0, 0x7, 0xfc, 0x0, 0x3, 0xfe, 0x0,
    0x1, 0xff, 0x0, 0x0, 0xff, 0x80, 0x0, 0x7f,
    0xc0, 0x0, 0x3f, 0xe0, 0x0, 0x1f, 0xf0, 0x0,
    0xf, 0xf8, 0x0, 0x7, 0xfc, 0x0, 0x3, 0xfe,
    0x0, 0x1, 0xff, 0x0, 0x0, 0xff, 0x80, 0x0,
    0x7f, 0xc0, 0x0, 0x3f, 0xe0, 0x0, 0x1f, 0xf0,
    0x0, 0xf, 0xf8, 0x0, 0x7, 0xfc, 0x0, 0x3,
    0xfe, 0x0, 0x1, 0xff, 0x0, 0x0, 0xff, 0x80,
    0x0, 0x7f, 0xc0, 0x0, 0x3f, 0xe0, 0x0, 0x1f,
    0xf0, 0x0, 0xf, 0xff, 0xff, 0xff, 0xff, 0xff,
    0xff, 0xff, 0xff, 0xff, 0xff, 0xff, 0xff, 0xff,
    0xff, 0xff, 0xff, 0xff, 0xff, 0xff, 0xff, 0xff,
    0xff, 0xff, 0xff, 0xf0,

    /* U+006D "m" */
    0xff, 0xfc, 0x0, 0x3f, 0xff, 0xff, 0xf8, 0x0,
    0xff, 0xff, 0xff, 0xf0, 0x1, 0xff, 0xff, 0xff,
    0xe0, 0x3, 0xff, 0xff, 0xff, 0xe0, 0x7, 0xff,
    0xff, 0xff, 0xc0, 0xf, 0xff, 0xff, 0xff, 0x80,
    0x1f, 0xff, 0xff, 0xff, 0x0, 0x3f, 0xff, 0xff,
    0xfe, 0x0, 0xff, 0xff, 0xff, 0xfc, 0x1, 0xff,
    0xff, 0xff, 0xf8, 0x3, 0xff, 0xff, 0xff, 0xf0,
    0x7, 0xff, 0xff, 0xff, 0xf0, 0xf, 0xff, 0xff,
    0xff, 0xe0, 0x1f, 0xff, 0xff, 0xff, 0xc0, 0x3f,
    0xff, 0xff, 0xff, 0x80, 0x7f, 0xff, 0xff, 0xff,
    0x1, 0xff, 0xff, 0xff, 0xfe, 0x3, 0xf7, 0xff,
    0xfe, 0xfc, 0x7, 0xef, 0xff, 0xfd, 0xfc, 0xf,
    0xdf, 0xff, 0xfb, 0xf8, 0x1f, 0xbf, 0xff, 0xf7,
    0xf0, 0x3f, 0x7f, 0xff, 0xef, 0xe0, 0x7e, 0xff,
    0xff, 0xdf, 0xc1, 0xfd, 0xff, 0xff, 0xbf, 0x83,
    0xf3, 0xff, 0xff, 0x3f, 0x7, 0xe7, 0xff, 0xfe,
    0x7e, 0xf, 0xcf, 0xff, 0xfc, 0xfe, 0x1f, 0x9f,
    0xff, 0xf9, 0xfc, 0x3f, 0x3f, 0xff, 0xf3, 0xf8,
    0x7e, 0x7f, 0xff, 0xe7, 0xf0, 0xfc, 0xff, 0xff,
    0xcf, 0xe3, 0xf1, 0xff, 0xff, 0x8f, 0xc7, 0xe3,
    0xff, 0xff, 0x1f, 0x8f, 0xc7, 0xff, 0xfe, 0x3f,
    0x9f, 0x8f, 0xff, 0xfc, 0x7f, 0x3f, 0x1f, 0xff,
    0xf8, 0xfe, 0x7e, 0x3f, 0xff, 0xf1, 0xfc, 0xfc,
    0x7f, 0xff, 0xe1, 0xfb, 0xf0, 0xff, 0xff, 0xc3,
    0xf7, 0xe1, 0xff, 0xff, 0x87, 0xef, 0xc3, 0xff,
    0xff, 0xf, 0xff, 0x87, 0xff, 0xfe, 0x1f, 0xff,
    0xf, 0xff, 0xfc, 0x3f, 0xfe, 0x1f, 0xff, 0xf8,
    0x7f, 0xfc, 0x3f, 0xff, 0xf0, 0x7f, 0xf0, 0x7f,
    0xff, 0xe0, 0xff, 0xe0, 0xff, 0xff, 0xc1, 0xff,
    0xc1, 0xff, 0xff, 0x83, 0xff, 0x83, 0xff, 0xff,
    0x7, 0xff, 0x7, 0xff, 0xfe, 0xf, 0xfe, 0xf,
    0xff, 0xfc, 0x1f, 0xf8, 0x1f, 0xff, 0xf8, 0x1f,
    0xf0, 0x3f, 0xff, 0xf0, 0x3f, 0xe0, 0x7f, 0xff,
    0xe0, 0x7f, 0xc0, 0xff, 0xff, 0xc0, 0xff, 0x81,
    0xff, 0xff, 0x81, 0xff, 0x3, 0xff, 0xff, 0x3,
    0xfe, 0x7, 0xff, 0xfe, 0x7, 0xf8, 0xf, 0xff,
    0xfc, 0x7, 0xf0, 0x1f, 0xf0,

    /* U+006E "n" */
    0xff, 0xf0, 0x7, 0xff, 0xff, 0xe0, 0x1f, 0xff,
    0xff, 0x80, 0x7f, 0xff, 0xfe, 0x1, 0xff, 0xff,
    0xf8, 0x7, 0xff, 0xff, 0xf0, 0x1f, 0xff, 0xff,
    0xc0, 0x7f, 0xff, 0xff, 0x1, 0xff, 0xff, 0xfc,
    0x7, 0xff, 0xff, 0xf8, 0x1f, 0xff, 0xff, 0xe0,
    0x7f, 0xff, 0xff, 0x81, 0xff, 0xff, 0xfe, 0x7,
    0xff, 0xff, 0xfc, 0x1f, 0xff, 0xff, 0xf0, 0x7f,
    0xff, 0xff, 0xc1, 0xff, 0xff, 0xff, 0x7, 0xff,
    0xff, 0xfc, 0x1f, 0xff, 0xfb, 0xf8, 0x7f, 0xff,
    0xef, 0xe1, 0xff, 0xff, 0xbf, 0x87, 0xff, 0xfe,
    0xfe, 0x1f, 0xff, 0xf9, 0xfc, 0x7f, 0xff, 0xe7,
    0xf1, 0xff, 0xff, 0x9f, 0xc7, 0xff, 0xfe, 0x7f,
    0x1f, 0xff, 0xf8, 0xfe, 0x7f, 0xff, 0xe3, 0xf9,
    0xff, 0xff, 0x8f, 0xe7, 0xff, 0xfe, 0x3f, 0x9f,
    0xff, 0xf8, 0x7f, 0x7f, 0xff, 0xe1, 0xfd, 0xff,
    0xff, 0x87, 0xf7, 0xff, 0xfe, 0x1f, 0xdf, 0xff,
    0xf8, 0x3f, 0xff, 0xff, 0xe0, 0xff, 0xff, 0xff,
    0x83, 0xff, 0xff, 0xfe, 0xf, 0xff, 0xff, 0xf8,
    0x1f, 0xff, 0xff, 0xe0, 0x7f, 0xff, 0xff, 0x81,
    0xff, 0xff, 0xfe, 0x7, 0xff, 0xff, 0xf8, 0xf,
    0xff, 0xff, 0xe0, 0x3f, 0xff, 0xff, 0x80, 0xff,
    0xff, 0xfe, 0x3, 0xff, 0xff, 0xf8, 0x7, 0xff,
    0xff, 0xe0, 0x1f, 0xff, 0xff, 0x80, 0x7f, 0xff,
    0xfe, 0x1, 0xff, 0xff, 0xf8, 0x3, 0xff, 0xff,
    0xe0, 0xf, 0xff, 0xff, 0x80, 0x3f, 0xff, 0xfe,
    0x0, 0xff, 0xff, 0xf8, 0x3, 0xff, 0xff, 0xe0,
    0x7, 0xff, 0xff, 0x80, 0x1f, 0xff, 0xfe, 0x0,
    0x7f, 0xff, 0xf8, 0x1, 0xff, 0xff, 0xe0, 0x3,
    0xff,

    /* U+006F "o" */
    0x0, 0x3f, 0xc0, 0x0, 0x1f, 0xff, 0x80, 0x7,
    0xff, 0xfe, 0x0, 0xff, 0xff, 0xf0, 0x1f, 0xff,
    0xff, 0x83, 0xff, 0xff, 0xfc, 0x3f, 0xff, 0xff,
    0xc7, 0xff, 0xff, 0xfe, 0x7f, 0xf0, 0xff, 0xe7,
    0xfc, 0x3, 0xfe, 0xff, 0xc0, 0x3f, 0xff, 0xf8,
    0x1, 0xff, 0xff, 0x80, 0x1f, 0xff, 0xf8, 0x1,
    0xff, 0xff, 0x80, 0x1f, 0xff, 0xf8, 0x1, 0xff,
    0xff, 0x80, 0x1f, 0xff, 0xf8, 0x1, 0xff, 0xff,
    0x80, 0x1f, 0xff, 0xf8, 0x1, 0xff, 0xff, 0x80,
    0x1f, 0xff, 0xf8, 0x1, 0xff, 0xff, 0x80, 0x1f,
    0xff, 0xf8, 0x1, 0xff, 0xff, 0x80, 0x1f, 0xff,
    0xf8, 0x1, 0xff, 0xff, 0x80, 0x1f, 0xff, 0xf8,
    0x1, 0xff, 0xff, 0x80, 0x1f, 0xff, 0xf8, 0x1,
    0xff, 0xff, 0x80, 0x1f, 0xff, 0xf8, 0x1, 0xff,
    0xff, 0x80, 0x1f, 0xff, 0xf8, 0x1, 0xff, 0xff,
    0x80, 0x1f, 0xff, 0xf8, 0x1, 0xff, 0xff, 0x80,
    0x1f, 0xff, 0xf8, 0x1, 0xff, 0xff, 0x80, 0x1f,
    0xff, 0xf8, 0x1, 0xff, 0xff, 0x80, 0x1f, 0xff,
    0xf8, 0x1, 0xff, 0xff, 0x80, 0x1f, 0xff, 0xf8,
    0x1, 0xff, 0xff, 0x80, 0x1f, 0xff, 0xf8, 0x1,
    0xff, 0xff, 0x80, 0x1f, 0xff, 0xf8, 0x1, 0xff,
    0xff, 0x80, 0x1f, 0xff, 0xf8, 0x1, 0xff, 0xff,
    0x80, 0x1f, 0xff, 0xfc, 0x3, 0xff, 0x7f, 0xc0,
    0x3f, 0xe7, 0xff, 0xf, 0xfe, 0x7f, 0xff, 0xff,
    0xe3, 0xff, 0xff, 0xfc, 0x3f, 0xff, 0xff, 0xc1,
    0xff, 0xff, 0xf8, 0xf, 0xff, 0xff, 0x0, 0x7f,
    0xff, 0xe0, 0x1, 0xff, 0xf8, 0x0, 0x7, 0xfc,
    0x0,

    /* U+0070 "p" */
    0xff, 0xff, 0xe0, 0xf, 0xff, 0xff, 0x80, 0xff,
    0xff, 0xfe, 0xf, 0xff, 0xff, 0xf0, 0xff, 0xff,
    0xff, 0x8f, 0xff, 0xff, 0xfc, 0xff, 0xff, 0xff,
    0xcf, 0xff, 0xff, 0xfe, 0xff, 0x80, 0xff, 0xef,
    0xf8, 0x3, 0xfe, 0xff, 0x80, 0x3f, 0xff, 0xf8,
    0x1, 0xff, 0xff, 0x80, 0x1f, 0xff, 0xf8, 0x1,
    0xff, 0xff, 0x80, 0x1f, 0xff, 0xf8, 0x1, 0xff,
    0xff, 0x80, 0x1f, 0xff, 0xf8, 0x1, 0xff, 0xff,
    0x80, 0x1f, 0xff, 0xf8, 0x1, 0xff, 0xff, 0x80,
    0x1f, 0xff, 0xf8, 0x1, 0xff, 0xff, 0x80, 0x1f,
    0xff, 0xf8, 0x1, 0xff, 0xff, 0x80, 0x3f, 0xff,
    0xf8, 0x3, 0xfe, 0xff, 0x80, 0xff, 0xef, 0xff,
    0xff, 0xfe, 0xff, 0xff, 0xff, 0xcf, 0xff, 0xff,
    0xfc, 0xff, 0xff, 0xff, 0x8f, 0xff, 0xff, 0xf0,
    0xff, 0xff, 0xfe, 0xf, 0xff, 0xff, 0x80, 0xff,
    0xff, 0xe0, 0xf, 0xf8, 0x0, 0x0, 0xff, 0x80,
    0x0, 0xf, 0xf8, 0x0, 0x0, 0xff, 0x80, 0x0,
    0xf, 0xf8, 0x0, 0x0, 0xff, 0x80, 0x0, 0xf,
    0xf8, 0x0, 0x0, 0xff, 0x80, 0x0, 0xf, 0xf8,
    0x0, 0x0, 0xff, 0x80, 0x0, 0xf, 0xf8, 0x0,
    0x0, 0xff, 0x80, 0x0, 0xf, 0xf8, 0x0, 0x0,
    0xff, 0x80, 0x0, 0xf, 0xf8, 0x0, 0x0, 0xff,
    0x80, 0x0, 0xf, 0xf8, 0x0, 0x0, 0xff, 0x80,
    0x0, 0xf, 0xf8, 0x0, 0x0, 0xff, 0x80, 0x0,
    0xf, 0xf8, 0x0, 0x0, 0xff, 0x80, 0x0, 0xf,
    0xf8, 0x0, 0x0, 0xff, 0x80, 0x0, 0xf, 0xf8,
    0x0, 0x0,

    /* U+0071 "q" */
    0x0, 0x3f, 0xc0, 0x0, 0x3, 0xff, 0xf0, 0x0,
    0x1f, 0xff, 0xf8, 0x0, 0x7f, 0xff, 0xf8, 0x1,
    0xff, 0xff, 0xf8, 0x7, 0xff, 0xff, 0xf8, 0xf,
    0xff, 0xff, 0xf0, 0x3f, 0xff, 0xff, 0xf0, 0x7f,
    0xf0, 0xff, 0xe0, 0xff, 0x80, 0x7f, 0xc3, 0xff,
    0x0, 0xff, 0xc7, 0xfc, 0x0, 0xff, 0x8f, 0xf8,
    0x1, 0xff, 0x1f, 0xf0, 0x3, 0xfe, 0x3f, 0xe0,
    0x7, 0xfc, 0x7f, 0xc0, 0xf, 0xf8, 0xff, 0x80,
    0x1f, 0xf1, 0xff, 0x0, 0x3f, 0xe3, 0xfe, 0x0,
    0x7f, 0xc7, 0xfc, 0x0, 0xff, 0x8f, 0xf8, 0x1,
    0xff, 0x1f, 0xf0, 0x3, 0xfe, 0x3f, 0xe0, 0x7,
    0xfc, 0x7f, 0xc0, 0xf, 0xf8, 0xff, 0x80, 0x1f,
    0xf1, 0xff, 0x0, 0x3f, 0xe3, 0xfe, 0x0, 0x7f,
    0xc7, 0xfc, 0x0, 0xff, 0x8f, 0xf8, 0x1, 0xff,
    0x1f, 0xf0, 0x3, 0xfe, 0x3f, 0xe0, 0x7, 0xfc,
    0x7f, 0xc0, 0xf, 0xf8, 0xff, 0x80, 0x1f, 0xf1,
    0xff, 0x0, 0x3f, 0xe3, 0xfe, 0x0, 0x7f, 0xc7,
    0xfc, 0x0, 0xff, 0x8f, 0xf8, 0x1, 0xff, 0x1f,
    0xf0, 0x3, 0xfe, 0x3f, 0xe0, 0x7, 0xfc, 0x7f,
    0xc0, 0xf, 0xf8, 0xff, 0x80, 0x1f, 0xf1, 0xff,
    0x0, 0x3f, 0xe3, 0xfe, 0x0, 0x7f, 0xc7, 0xfc,
    0x0, 0xff, 0x8f, 0xf8, 0x1, 0xff, 0x1f, 0xf0,
    0x3, 0xfe, 0x3f, 0xe0, 0x7, 0xfc, 0x7f, 0xc0,
    0xf, 0xf8, 0xff, 0x80, 0x1f, 0xf1, 0xff, 0x0,
    0x3f, 0xe3, 0xff, 0x0, 0xff, 0xc3, 0xfe, 0x1,
    0xff, 0x87, 0xff, 0xf, 0xfe, 0xf, 0xff, 0xff,
    0xfc, 0xf, 0xff, 0xff, 0xf8, 0x1f, 0xff, 0xff,
    0xe0, 0x1f, 0xff, 0xff, 0xc0, 0x1f, 0xff, 0xff,
    0x80, 0x1f, 0xff, 0xff, 0xf8, 0xf, 0xff, 0xff,
    0xf0, 0x3, 0xfe, 0xff, 0xe0, 0x0, 0x0, 0xff,
    0xc0, 0x0, 0x1, 0xff, 0x80, 0x0, 0x1, 0xff,
    0x0, 0x0, 0x1, 0xfe, 0x0, 0x0, 0x0, 0xfc,

    /* U+0072 "r" */
    0xff, 0xff, 0xe0, 0x7, 0xff, 0xff, 0xe0, 0x3f,
    0xff, 0xff, 0xc1, 0xff, 0xff, 0xff, 0xf, 0xff,
    0xff, 0xfc, 0x7f, 0xff, 0xff, 0xe3, 0xff, 0xff,
    0xff, 0x9f, 0xff, 0xff, 0xfc, 0xff, 0x80, 0xff,
    0xe7, 0xfc, 0x1, 0xff, 0xbf, 0xe0, 0xf, 0xfd,
    0xff, 0x0, 0x3f, 0xef, 0xf8, 0x1, 0xff, 0x7f,
    0xc0, 0xf, 0xfb, 0xfe, 0x0, 0x7f, 0xdf, 0xf0,
    0x3, 0xfe, 0xff, 0x80, 0x1f, 0xf7, 0xfc, 0x0,
    0xff, 0xbf, 0xe0, 0x7, 0xfd, 0xff, 0x0, 0x3f,
    0xef, 0xf8, 0x1, 0xff, 0x7f, 0xc0, 0xf, 0xfb,
    0xfe, 0x0, 0xff, 0x9f, 0xf0, 0xf, 0xfc, 0xff,
    0x80, 0xff, 0xc7, 0xff, 0xff, 0xfe, 0x3f, 0xff,
    0xff, 0xe1, 0xff, 0xff, 0xfe, 0xf, 0xff, 0xff,
    0xc0, 0x7f, 0xff, 0xff, 0x83, 0xff, 0xff, 0xfe,
    0x1f, 0xff, 0xff, 0xf8, 0xff, 0xff, 0xff, 0xe7,
    0xfc, 0x7, 0xff, 0x3f, 0xe0, 0x1f, 0xf9, 0xff,
    0x0, 0x7f, 0xcf, 0xf8, 0x3, 0xff, 0x7f, 0xc0,
    0xf, 0xfb, 0xfe, 0x0, 0x7f, 0xdf, 0xf0, 0x3,
    0xfe, 0xff, 0x80, 0x1f, 0xf7, 0xfc, 0x0, 0xff,
    0xbf, 0xe0, 0x7, 0xfd, 0xff, 0x0, 0x3f, 0xef,
    0xf8, 0x1, 0xff, 0x7f, 0xc0, 0xf, 0xfb, 0xfe,
    0x0, 0x7f, 0xdf, 0xf0, 0x3, 0xfe, 0xff, 0x80,
    0x1f, 0xf7, 0xfc, 0x0, 0xff, 0xbf, 0xe0, 0x7,
    0xfd, 0xff, 0x0, 0x3f, 0xef, 0xf8, 0x1, 0xff,
    0x7f, 0xc0, 0xf, 0xfb, 0xfe, 0x0, 0x7f, 0xdf,
    0xf0, 0x3, 0xfe, 0xff, 0x80, 0x1f, 0xf7, 0xfc,
    0x0, 0xff, 0xbf, 0xe0, 0x3, 0xff, 0xff, 0x0,
    0x1f, 0xf0,

    /* U+0073 "s" */
    0x0, 0x3f, 0xe0, 0x0, 0x1f, 0xff, 0x80, 0x7,
    0xff, 0xfe, 0x0, 0xff, 0xff, 0xf0, 0x1f, 0xff,
    0xff, 0x83, 0xff, 0xff, 0xfc, 0x3f, 0xff, 0xff,
    0xc7, 0xff, 0xff, 0xfe, 0x7f, 0xf0, 0xff, 0xe7,
    0xfc, 0x3, 0xfe, 0xff, 0xc0, 0x3f, 0xff, 0xf8,
    0x1, 0xff, 0xff, 0x80, 0x1f, 0xff, 0xf8, 0x1,
    0xff, 0xff, 0x80, 0x1f, 0xff, 0xf8, 0x1, 0xff,
    0xff, 0x80, 0x1f, 0xff, 0xfc, 0x0, 0x0, 0xff,
    0xc0, 0x0, 0xf, 0xfc, 0x0, 0x0, 0x7f, 0xe0,
    0x0, 0x7, 0xff, 0x0, 0x0, 0x7f, 0xf8, 0x0,
    0x3, 0xff, 0xc0, 0x0, 0x3f, 0xfe, 0x0, 0x1,
    0xff, 0xf0, 0x0, 0x1f, 0xff, 0x80, 0x0, 0xff,
    0xfc, 0x0, 0x7, 0xff, 0xe0, 0x0, 0x3f, 0xff,
    0x0, 0x1, 0xff, 0xf8, 0x0, 0xf, 0xff, 0xc0,
    0x0, 0x7f, 0xfe, 0x0, 0x3, 0xff, 0xf0, 0x0,
    0x1f, 0xff, 0x0, 0x0, 0xff, 0xf8, 0x0, 0x7,
    0xff, 0xc0, 0x0, 0x3f, 0xfc, 0x0, 0x1, 0xff,
    0xe0, 0x0, 0xf, 0xfe, 0x0, 0x0, 0x7f, 0xe0,
    0x0, 0x7, 0xff, 0x0, 0x0, 0x3f, 0xf0, 0x0,
    0x3, 0xff, 0xff, 0x80, 0x1f, 0xff, 0xf8, 0x1,
    0xff, 0xff, 0x80, 0x1f, 0xff, 0xf8, 0x1, 0xff,
    0xff, 0x80, 0x1f, 0xff, 0xf8, 0x1, 0xff, 0xff,
    0x80, 0x1f, 0xff, 0xfc, 0x3, 0xff, 0x7f, 0xc0,
    0x3f, 0xe7, 0xff, 0xf, 0xfe, 0x7f, 0xff, 0xff,
    0xe3, 0xff, 0xff, 0xfc, 0x3f, 0xff, 0xff, 0xc1,
    0xff, 0xff, 0xf8, 0xf, 0xff, 0xff, 0x0, 0x7f,
    0xff, 0xe0, 0x1, 0xff, 0xf8, 0x0, 0x7, 0xfc,
    0x0,

    /* U+0074 "t" */
    0xff, 0xff, 0xff, 0xff, 0xff, 0xff, 0xff, 0xff,
    0xff, 0xff, 0xff, 0xff, 0xff, 0xff, 0xff, 0xff,
    0xff, 0xff, 0xff, 0xff, 0xff, 0xff, 0xff, 0xff,
    0xff, 0xff, 0xff, 0xff, 0xff, 0x0, 0x3f, 0xe0,
    0x0, 0x1, 0xff, 0x0, 0x0, 0xf, 0xf8, 0x0,
    0x0, 0x7f, 0xc0, 0x0, 0x3, 0xfe, 0x0, 0x0,
    0x1f, 0xf0, 0x0, 0x0, 0xff, 0x80, 0x0, 0x7,
    0xfc, 0x0, 0x0, 0x3f, 0xe0, 0x0, 0x1, 0xff,
    0x0, 0x0, 0xf, 0xf8, 0x0, 0x0, 0x7f, 0xc0,
    0x0, 0x3, 0xfe, 0x0, 0x0, 0x1f, 0xf0, 0x0,
    0x0, 0xff, 0x80, 0x0, 0x7, 0xfc, 0x0, 0x0,
    0x3f, 0xe0, 0x0, 0x1, 0xff, 0x0, 0x0, 0xf,
    0xf8, 0x0, 0x0, 0x7f, 0xc0, 0x0, 0x3, 0xfe,
    0x0, 0x0, 0x1f, 0xf0, 0x0, 0x0, 0xff, 0x80,
    0x0, 0x7, 0xfc, 0x0, 0x0, 0x3f, 0xe0, 0x0,
    0x1, 0xff, 0x0, 0x0, 0xf, 0xf8, 0x0, 0x0,
    0x7f, 0xc0, 0x0, 0x3, 0xfe, 0x0, 0x0, 0x1f,
    0xf0, 0x0, 0x0, 0xff, 0x80, 0x0, 0x7, 0xfc,
    0x0, 0x0, 0x3f, 0xe0, 0x0, 0x1, 0xff, 0x0,
    0x0, 0xf, 0xf8, 0x0, 0x0, 0x7f, 0xc0, 0x0,
    0x3, 0xfe, 0x0, 0x0, 0x1f, 0xf0, 0x0, 0x0,
    0xff, 0x80, 0x0, 0x7, 0xfc, 0x0, 0x0, 0x3f,
    0xe0, 0x0, 0x1, 0xff, 0x0, 0x0, 0xf, 0xf8,
    0x0, 0x0, 0x7f, 0xc0, 0x0, 0x3, 0xfe, 0x0,
    0x0, 0x1f, 0xf0, 0x0, 0x0, 0xff, 0x80, 0x0,
    0x7, 0xfc, 0x0, 0x0, 0x3f, 0xe0, 0x0, 0x1,
    0xff, 0x0, 0x0, 0xf, 0xf8, 0x0, 0x0, 0x7f,
    0xc0, 0x0,

    /* U+0075 "u" */
    0xff, 0x80, 0x1f, 0xff, 0xf8, 0x1, 0xff, 0xff,
    0x80, 0x1f, 0xff, 0xf8, 0x1, 0xff, 0xff, 0x80,
    0x1f, 0xff, 0xf8, 0x1, 0xff, 0xff, 0x80, 0x1f,
    0xff, 0xf8, 0x1, 0xff, 0xff, 0x80, 0x1f, 0xff,
    0xf8, 0x1, 0xff, 0xff, 0x80, 0x1f, 0xff, 0xf8,
    0x1, 0xff, 0xff, 0x80, 0x1f, 0xff, 0xf8, 0x1,
    0xff, 0xff, 0x80, 0x1f, 0xff, 0xf8, 0x1, 0xff,
    0xff, 0x80, 0x1f, 0xff, 0xf8, 0x1, 0xff, 0xff,
    0x80, 0x1f, 0xff, 0xf8, 0x1, 0xff, 0xff, 0x80,
    0x1f, 0xff, 0xf8, 0x1, 0xff, 0xff, 0x80, 0x1f,
    0xff, 0xf8, 0x1, 0xff, 0xff, 0x80, 0x1f, 0xff,
    0xf8, 0x1, 0xff, 0xff, 0x80, 0x1f, 0xff, 0xf8,
    0x1, 0xff, 0xff, 0x80, 0x1f, 0xff, 0xf8, 0x1,
    0xff, 0xff, 0x80, 0x1f, 0xff, 0xf8, 0x1, 0xff,
    0xff, 0x80, 0x1f, 0xff, 0xf8, 0x1, 0xff, 0xff,
    0x80, 0x1f, 0xff, 0xf8, 0x1, 0xff, 0xff, 0x80,
    0x1f, 0xff, 0xf8, 0x1, 0xff, 0xff, 0x80, 0x1f,
    0xff, 0xf8, 0x1, 0xff, 0xff, 0x80, 0x1f, 0xff,
    0xf8, 0x1, 0xff, 0xff, 0x80, 0x1f, 0xff, 0xf8,
    0x1, 0xff, 0xff, 0x80, 0x1f, 0xff, 0xf8, 0x1,
    0xff, 0xff, 0x80, 0x1f, 0xff, 0xf8, 0x1, 0xff,
    0xff, 0x80, 0x1f, 0xff, 0xf8, 0x1, 0xff, 0xff,
    0xc0, 0x3f, 0xf7, 0xfc, 0x3, 0xfe, 0x7f, 0xf0,
    0xff, 0xe7, 0xff, 0xff, 0xfe, 0x3f, 0xff, 0xff,
    0xc3, 0xff, 0xff, 0xfc, 0x1f, 0xff, 0xff, 0x80,
    0xff, 0xff, 0xf0, 0x7, 0xff, 0xfe, 0x0, 0x1f,
    0xff, 0x80, 0x0, 0x7f, 0xc0, 0x0,

    /* U+0076 "v" */
    0xff, 0xc0, 0x3, 0xff, 0xff, 0x80, 0x7, 0xff,
    0xff, 0x0, 0xf, 0xf3, 0xfe, 0x0, 0x1f, 0xe7,
    0xfc, 0x0, 0x3f, 0xcf, 0xf8, 0x0, 0xff, 0x9f,
    0xf0, 0x1, 0xff, 0x3f, 0xf0, 0x3, 0xfe, 0x7f,
    0xe0, 0x7, 0xfc, 0xff, 0xc0, 0xf, 0xf0, 0xff,
    0x80, 0x1f, 0xe1, 0xff, 0x0, 0x3f, 0xc3, 0xfe,
    0x0, 0xff, 0x87, 0xfc, 0x1, 0xff, 0xf, 0xfc,
    0x3, 0xfe, 0x1f, 0xf8, 0x7, 0xf8, 0x1f, 0xf0,
    0xf, 0xf0, 0x3f, 0xe0, 0x1f, 0xe0, 0x7f, 0xc0,
    0x3f, 0xc0, 0xff, 0x80, 0x7f, 0x81, 0xff, 0x1,
    0xff, 0x3, 0xfe, 0x3, 0xfe, 0x7, 0xfe, 0x7,
    0xf8, 0x7, 0xfc, 0xf, 0xf0, 0xf, 0xf8, 0x1f,
    0xe0, 0x1f, 0xf0, 0x3f, 0xc0, 0x3f, 0xe0, 0x7f,
    0x80, 0x7f, 0xc1, 0xff, 0x0, 0xff, 0x83, 0xfc,
    0x0, 0xff, 0x87, 0xf8, 0x1, 0xff, 0xf, 0xf0,
    0x3, 0xfe, 0x1f, 0xe0, 0x7, 0xfc, 0x3f, 0xc0,
    0xf, 0xf8, 0x7f, 0x80, 0x1f, 0xf0, 0xff, 0x0,
    0x3f, 0xe3, 0xfc, 0x0, 0x3f, 0xc7, 0xf8, 0x0,
    0x7f, 0xcf, 0xf0, 0x0, 0xff, 0x9f, 0xe0, 0x1,
    0xff, 0x3f, 0xc0, 0x3, 0xfe, 0x7f, 0x80, 0x7,
    0xfc, 0xff, 0x0, 0xf, 0xfb, 0xfc, 0x0, 0xf,
    0xf7, 0xf8, 0x0, 0x1f, 0xef, 0xf0, 0x0, 0x3f,
    0xff, 0xe0, 0x0, 0x7f, 0xff, 0xc0, 0x0, 0xff,
    0xff, 0x80, 0x1, 0xff, 0xfe, 0x0, 0x1, 0xff,
    0xfc, 0x0, 0x3, 0xff, 0xf8, 0x0, 0x7, 0xff,
    0xf0, 0x0, 0xf, 0xff, 0xe0, 0x0, 0x1f, 0xff,
    0xc0, 0x0, 0x3f, 0xff, 0x80, 0x0, 0x7f, 0xfe,
    0x0, 0x0, 0x7f, 0xfc, 0x0, 0x0, 0xff, 0xf8,
    0x0, 0x1, 0xff, 0xf0, 0x0, 0x3, 0xff, 0xe0,
    0x0,

    /* U+0077 "w" */
    0xff, 0x80, 0x3f, 0xf8, 0x7, 0xff, 0xff, 0x0,
    0xff, 0xe0, 0x1f, 0xe7, 0xfc, 0x3, 0xff, 0x80,
    0x7f, 0x9f, 0xf0, 0xf, 0xfe, 0x1, 0xfe, 0x7f,
    0xc0, 0x3f, 0xf8, 0x7, 0xf9, 0xff, 0x0, 0xff,
    0xe0, 0x1f, 0xe7, 0xfc, 0x3, 0xff, 0x80, 0x7f,
    0x9f, 0xf0, 0xf, 0xfe, 0x1, 0xfe, 0x7f, 0xc0,
    0x7f, 0xf8, 0x7, 0xf9, 0xff, 0x1, 0xff, 0xf0,
    0x1f, 0xe7, 0xfc, 0x7, 0xff, 0xc0, 0xff, 0x9f,
    0xf0, 0x1f, 0xff, 0x3, 0xfc, 0x3f, 0xe0, 0x7f,
    0xfc, 0xf, 0xf0, 0xff, 0x81, 0xff, 0xf0, 0x3f,
    0xc3, 0xfe, 0x7, 0xff, 0xc0, 0xff, 0xf, 0xf8,
    0x1f, 0xff, 0x3, 0xfc, 0x3f, 0xe0, 0x7f, 0xfc,
    0xf, 0xf0, 0xff, 0x81, 0xff, 0xf0, 0x3f, 0xc3,
    0xfe, 0xf, 0xff, 0xc0, 0xff, 0xf, 0xf8, 0x3f,
    0xff, 0x3, 0xfc, 0x3f, 0xe0, 0xfe, 0xfe, 0xf,
    0xf0, 0xff, 0x83, 0xfb, 0xf8, 0x7f, 0x81, 0xfe,
    0xf, 0xef, 0xe1, 0xfe, 0x7, 0xfc, 0x3f, 0xbf,
    0x87, 0xf8, 0x1f, 0xf0, 0xfe, 0xfe, 0x1f, 0xe0,
    0x7f, 0xc3, 0xfb, 0xf8, 0x7f, 0x81, 0xff, 0xf,
    0xef, 0xe1, 0xfe, 0x7, 0xfc, 0x3f, 0x3f, 0x87,
    0xf8, 0x1f, 0xf1, 0xfc, 0xfe, 0x1f, 0xe0, 0x7f,
    0xc7, 0xf3, 0xf8, 0x7f, 0x81, 0xff, 0x1f, 0xc7,
    0xf1, 0xfe, 0x7, 0xfc, 0x7f, 0x1f, 0xc7, 0xf0,
    0xf, 0xf1, 0xfc, 0x7f, 0x3f, 0xc0, 0x3f, 0xc7,
    0xf1, 0xfc, 0xff, 0x0, 0xff, 0x9f, 0xc7, 0xf3,
    0xfc, 0x3, 0xfe, 0x7f, 0x1f, 0xcf, 0xf0, 0xf,
    0xf9, 0xf8, 0x7f, 0x3f, 0xc0, 0x3f, 0xe7, 0xe1,
    0xfc, 0xff, 0x0, 0xff, 0x9f, 0x87, 0xf3, 0xfc,
    0x3, 0xfe, 0xfe, 0xf, 0xcf, 0xf0, 0xf, 0xfb,
    0xf8, 0x3f, 0xbf, 0xc0, 0x1f, 0xef, 0xe0, 0xfe,
    0xfe, 0x0, 0x7f, 0xbf, 0x83, 0xfb, 0xf8, 0x1,
    0xfe, 0xfe, 0xf, 0xff, 0xe0, 0x7, 0xfb, 0xf8,
    0x3f, 0xff, 0x80, 0x1f, 0xff, 0xe0, 0xff, 0xfe,
    0x0, 0x7f, 0xff, 0x3, 0xff, 0xf8, 0x1, 0xff,
    0xfc, 0xf, 0xff, 0xe0, 0x7, 0xff, 0xf0, 0x1f,
    0xff, 0x80, 0x1f, 0xff, 0xc0, 0x7f, 0xfe, 0x0,
    0x7f, 0xff, 0x1, 0xff, 0xf0, 0x0, 0xff, 0xfc,
    0x7, 0xff, 0xc0, 0x3, 0xff, 0xf0, 0x1f, 0xff,
    0x0, 0xf, 0xff, 0xc0, 0x7f, 0xfc, 0x0, 0x3f,
    0xff, 0x1, 0xff, 0xf0, 0x0, 0xff, 0xf8, 0x7,
    0xff, 0xc0, 0x3, 0xff, 0xe0, 0x1f, 0xff, 0x0,
    0xf, 0xff, 0x80, 0x7f, 0xfc, 0x0, 0x3f, 0xfe,
    0x0, 0xff, 0xf0, 0x0, 0xff, 0xf8, 0x3, 0xff,
    0xc0,

    /* U+0078 "x" */
    0x7f, 0xe0, 0x1, 0xff, 0x3f, 0xf0, 0x0, 0xff,
    0x9f, 0xf8, 0x0, 0x7f, 0xc7, 0xfe, 0x0, 0x7f,
    0xc3, 0xff, 0x0, 0x3f, 0xe1, 0xff, 0x80, 0x1f,
    0xf0, 0x7f, 0xe0, 0x1f, 0xf0, 0x3f, 0xf0, 0xf,
    0xf8, 0x1f, 0xf8, 0x7, 0xf8, 0x7, 0xfe, 0x7,
    0xfc, 0x3, 0xff, 0x3, 0xfe, 0x0, 0xff, 0x81,
    0xfe, 0x0, 0x7f, 0xe1, 0xff, 0x0, 0x3f, 0xf0,
    0xff, 0x80, 0xf, 0xf8, 0x7f, 0x80, 0x7, 0xfe,
    0x7f, 0xc0, 0x3, 0xff, 0x3f, 0xe0, 0x0, 0xff,
    0x9f, 0xe0, 0x0, 0x7f, 0xff, 0xf0, 0x0, 0x3f,
    0xff, 0xf8, 0x0, 0xf, 0xff, 0xf8, 0x0, 0x7,
    0xff, 0xfc, 0x0, 0x3, 0xff, 0xfc, 0x0, 0x0,
    0xff, 0xfe, 0x0, 0x0, 0x7f, 0xff, 0x0, 0x0,
    0x1f, 0xff, 0x0, 0x0, 0xf, 0xff, 0x80, 0x0,
    0x7, 0xff, 0xc0, 0x0, 0x1, 0xff, 0xc0, 0x0,
    0x0, 0xff, 0xe0, 0x0, 0x0, 0xff, 0xf0, 0x0,
    0x0, 0x7f, 0xfc, 0x0, 0x0, 0x3f, 0xfe, 0x0,
    0x0, 0x3f, 0xff, 0x80, 0x0, 0x1f, 0xff, 0xc0,
    0x0, 0xf, 0xff, 0xe0, 0x0, 0xf, 0xff, 0xf8,
    0x0, 0x7, 0xff, 0xfc, 0x0, 0x3, 0xff, 0xfe,
    0x0, 0x3, 0xff, 0xff, 0x80, 0x1, 0xfe, 0x7f,
    0xc0, 0x0, 0xff, 0x3f, 0xe0, 0x0, 0xff, 0x9f,
    0xf8, 0x0, 0x7f, 0x87, 0xfc, 0x0, 0x7f, 0xc3,
    0xfe, 0x0, 0x3f, 0xe1, 0xff, 0x80, 0x1f, 0xe0,
    0x7f, 0xc0, 0x1f, 0xf0, 0x3f, 0xf0, 0xf, 0xf8,
    0x1f, 0xf8, 0x7, 0xf8, 0x7, 0xfc, 0x7, 0xfc,
    0x3, 0xff, 0x3, 0xfe, 0x1, 0xff, 0x81, 0xfe,
    0x0, 0x7f, 0xc1, 0xff, 0x0, 0x3f, 0xf0, 0xff,
    0x80, 0x1f, 0xf8, 0x7f, 0x80, 0x7, 0xfc, 0x7f,
    0xc0, 0x3, 0xff, 0x3f, 0xe0, 0x1, 0xff, 0xbf,
    0xe0, 0x0, 0xff, 0xdf, 0xf0, 0x0, 0x3f, 0xf0,

    /* U+0079 "y" */
    0xff, 0xc0, 0x3, 0xff, 0xff, 0x80, 0x7, 0xff,
    0xff, 0x0, 0xf, 0xfb, 0xff, 0x0, 0x3f, 0xe7,
    0xfe, 0x0, 0x7f, 0xcf, 0xfc, 0x0, 0xff, 0x8f,
    0xf8, 0x3, 0xfe, 0x1f, 0xf8, 0x7, 0xfc, 0x3f,
    0xf0, 0xf, 0xf8, 0x3f, 0xe0, 0x1f, 0xe0, 0x7f,
    0xe0, 0x7f, 0xc0, 0xff, 0xc0, 0xff, 0x80, 0xff,
    0x81, 0xfe, 0x1, 0xff, 0x7, 0xfc, 0x3, 0xff,
    0xf, 0xf8, 0x3, 0xfe, 0x1f, 0xe0, 0x7, 0xfc,
    0x3f, 0xc0, 0xf, 0xfc, 0xff, 0x80, 0xf, 0xf9,
    0xfe, 0x0, 0x1f, 0xf3, 0xfc, 0x0, 0x3f, 0xef,
    0xf8, 0x0, 0x3f, 0xff, 0xe0, 0x0, 0x7f, 0xff,
    0xc0, 0x0, 0xff, 0xff, 0x80, 0x0, 0xff, 0xfe,
    0x0, 0x1, 0xff, 0xfc, 0x0, 0x3, 0xff, 0xf8,
    0x0, 0x3, 0xff, 0xe0, 0x0, 0x7, 0xff, 0xc0,
    0x0, 0xf, 0xff, 0x80, 0x0, 0xf, 0xfe, 0x0,
    0x0, 0x1f, 0xfc, 0x0, 0x0, 0x3f, 0xf8, 0x0,
    0x0, 0x3f, 0xe0, 0x0, 0x0, 0x7f, 0xc0, 0x0,
    0x0, 0xff, 0x80, 0x0, 0x1, 0xff, 0x0, 0x0,
    0x3, 0xfe, 0x0, 0x0, 0x7, 0xfc, 0x0, 0x0,
    0xf, 0xf8, 0x0, 0x0, 0x1f, 0xf0, 0x0, 0x0,
    0x3f, 0xe0, 0x0, 0x0, 0x7f, 0xc0, 0x0, 0x0,
    0xff, 0x80, 0x0, 0x1, 0xff, 0x0, 0x0, 0x3,
    0xfe, 0x0, 0x0, 0x7, 0xfc, 0x0, 0x0, 0xf,
    0xf8, 0x0, 0x0, 0x1f, 0xf0, 0x0, 0x0, 0x3f,
    0xe0, 0x0, 0x0, 0x7f, 0xc0, 0x0, 0x0, 0xff,
    0x80, 0x0, 0x1, 0xff, 0x0, 0x0, 0x3, 0xfe,
    0x0, 0x0, 0x7, 0xfc, 0x0, 0x0, 0xf, 0xf8,
    0x0, 0x0, 0x1f, 0xf0, 0x0, 0x0, 0x3f, 0xe0,
    0x0, 0x0, 0x7f, 0xc0, 0x0, 0x0, 0xff, 0x80,
    0x0,

    /* U+007A "z" */
    0x7f, 0xff, 0xff, 0xf7, 0xff, 0xff, 0xff, 0x7f,
    0xff, 0xff, 0xf7, 0xff, 0xff, 0xff, 0x7f, 0xff,
    0xff, 0xf7, 0xff, 0xff, 0xff, 0x7f, 0xff, 0xff,
    0xf7, 0xff, 0xff, 0xff, 0x0, 0x0, 0x3f, 0xf0,
    0x0, 0x7, 0xfe, 0x0, 0x0, 0x7f, 0xe0, 0x0,
    0xf, 0xfe, 0x0, 0x0, 0xff, 0xc0, 0x0, 0x1f,
    0xfc, 0x0, 0x1, 0xff, 0x80, 0x0, 0x1f, 0xf8,
    0x0, 0x3, 0xff, 0x0, 0x0, 0x3f, 0xf0, 0x0,
    0x7, 0xff, 0x0, 0x0, 0x7f, 0xe0, 0x0, 0x7,
    0xfe, 0x0, 0x0, 0xff, 0xc0, 0x0, 0xf, 0xfc,
    0x0, 0x1, 0xff, 0xc0, 0x0, 0x1f, 0xf8, 0x0,
    0x1, 0xff, 0x80, 0x0, 0x3f, 0xf0, 0x0, 0x3,
    0xff, 0x0, 0x0, 0x7f, 0xf0, 0x0, 0x7, 0xfe,
    0x0, 0x0, 0xff, 0xe0, 0x0, 0xf, 0xfc, 0x0,
    0x0, 0xff, 0xc0, 0x0, 0x1f, 0xfc, 0x0, 0x1,
    0xff, 0x80, 0x0, 0x3f, 0xf8, 0x0, 0x3, 0xff,
    0x0, 0x0, 0x3f, 0xf0, 0x0, 0x7, 0xfe, 0x0,
    0x0, 0x7f, 0xe0, 0x0, 0xf, 0xfe, 0x0, 0x0,
    0xff, 0xc0, 0x0, 0xf, 0xfc, 0x0, 0x1, 0xff,
    0x80, 0x0, 0x1f, 0xf8, 0x0, 0x3, 0xff, 0x80,
    0x0, 0x3f, 0xf0, 0x0, 0x7, 0xff, 0x0, 0x0,
    0x7f, 0xe0, 0x0, 0x7, 0xfe, 0x0, 0x0, 0xff,
    0xe0, 0x0, 0xf, 0xff, 0xff, 0xff, 0xff, 0xff,
    0xff, 0xff, 0xff, 0xff, 0xff, 0xff, 0xff, 0xff,
    0xff, 0xff, 0xff, 0xff, 0xff, 0xff, 0xff, 0xff,
    0xff, 0xff, 0xff, 0xff, 0xff, 0xff, 0xf0,

    /* U+007B "{" */
    0x0, 0xf, 0xf8, 0x1, 0xff, 0xc0, 0x1f, 0xfe,
    0x1, 0xff, 0xf0, 0x1f, 0xff, 0x80, 0xff, 0xfc,
    0xf, 0xff, 0xe0, 0x7f, 0xf0, 0x3, 0xff, 0x0,
    0x1f, 0xf0, 0x0, 0xff, 0x80, 0x7, 0xfc, 0x0,
    0x3f, 0xe0, 0x1, 0xff, 0x0, 0xf, 0xf8, 0x0,
    0x7f, 0xc0, 0x3, 0xfe, 0x0, 0x1f, 0xf0, 0x0,
    0xff, 0x80, 0x7, 0xfc, 0x0, 0x3f, 0xe0, 0x1,
    0xff, 0x0, 0xf, 0xf8, 0x0, 0x7f, 0xc0, 0x3,
    0xfe, 0x0, 0x1f, 0xf0, 0x0, 0xff, 0x80, 0x7,
    0xfc, 0x0, 0x7f, 0xe0, 0x7, 0xfe, 0x3, 0xff,
    0xf0, 0x1f, 0xff, 0x0, 0xff, 0xf0, 0x7, 0xfc,
    0x0, 0x3f, 0xfc, 0x1, 0xff, 0xf0, 0xf, 0xff,
    0xc0, 0x7, 0xfe, 0x0, 0x1f, 0xf8, 0x0, 0x7f,
    0xc0, 0x3, 0xfe, 0x0, 0x1f, 0xf0, 0x0, 0xff,
    0x80, 0x7, 0xfc, 0x0, 0x3f, 0xe0, 0x1, 0xff,
    0x0, 0xf, 0xf8, 0x0, 0x7f, 0xc0, 0x3, 0xfe,
    0x0, 0x1f, 0xf0, 0x0, 0xff, 0x80, 0x7, 0xfc,
    0x0, 0x3f, 0xe0, 0x1, 0xff, 0x0, 0xf, 0xf8,
    0x0, 0x7f, 0xc0, 0x3, 0xfe, 0x0, 0x1f, 0xf0,
    0x0, 0xff, 0x80, 0x7, 0xfe, 0x0, 0x3f, 0xf8,
    0x1, 0xff, 0xfc, 0x7, 0xff, 0xe0, 0x3f, 0xff,
    0x0, 0xff, 0xf8, 0x3, 0xff, 0xc0, 0xf, 0xfe,
    0x0, 0x1f, 0xf0,

    /* U+007C "|" */
    0xff, 0xff, 0xff, 0xff, 0xff, 0xff, 0xff, 0xff,
    0xff, 0xff, 0xff, 0xff, 0xff, 0xff, 0xff, 0xff,
    0xff, 0xff, 0xff, 0xff, 0xff, 0xff, 0xff, 0xff,
    0xff, 0xff, 0xff, 0xff, 0xff, 0xff, 0xff, 0xff,
    0xff, 0xff, 0xff, 0xff, 0xff, 0xff, 0xff, 0xff,
    0xff, 0xff, 0xff, 0xff, 0xff, 0xff, 0xff, 0xff,
    0xff, 0xff, 0xff, 0xff, 0xff, 0xff, 0xff, 0xff,
    0xff, 0xff, 0xff, 0xff, 0xff, 0xff, 0xff, 0xff,
    0xff, 0xff, 0xff, 0xff, 0xff, 0xff, 0xff, 0xff,
    0xff, 0xff, 0xff, 0xff, 0xff, 0xff, 0xff, 0xff,
    0xff, 0xff, 0xff, 0xff, 0xff, 0xff,

    /* U+007D "}" */
    0xff, 0x80, 0xf, 0xfe, 0x0, 0xff, 0xf0, 0xf,
    0xff, 0x80, 0xff, 0xfc, 0xf, 0xff, 0xc0, 0xff,
    0xfe, 0x0, 0xff, 0xe0, 0x7, 0xfe, 0x0, 0x7f,
    0xe0, 0x3, 0xfe, 0x0, 0x3f, 0xe0, 0x3, 0xfe,
    0x0, 0x3f, 0xe0, 0x3, 0xfe, 0x0, 0x3f, 0xe0,
    0x3, 0xfe, 0x0, 0x3f, 0xe0, 0x3, 0xfe, 0x0,
    0x3f, 0xe0, 0x3, 0xfe, 0x0, 0x3f, 0xe0, 0x3,
    0xfe, 0x0, 0x3f, 0xe0, 0x3, 0xfe, 0x0, 0x3f,
    0xe0, 0x3, 0xfe, 0x0, 0x3f, 0xe0, 0x3, 0xff,
    0x0, 0x1f, 0xf8, 0x1, 0xff, 0xf0, 0xf, 0xff,
    0x0, 0x7f, 0xf0, 0x0, 0xff, 0x0, 0x7f, 0xf0,
    0xf, 0xff, 0x1, 0xff, 0xf0, 0x1f, 0xf8, 0x3,
    0xff, 0x0, 0x3f, 0xe0, 0x3, 0xfe, 0x0, 0x3f,
    0xe0, 0x3, 0xfe, 0x0, 0x3f, 0xe0, 0x3, 0xfe,
    0x0, 0x3f, 0xe0, 0x3, 0xfe, 0x0, 0x3f, 0xe0,
    0x3, 0xfe, 0x0, 0x3f, 0xe0, 0x3, 0xfe, 0x0,
    0x3f, 0xe0, 0x3, 0xfe, 0x0, 0x3f, 0xe0, 0x3,
    0xfe, 0x0, 0x3f, 0xe0, 0x3, 0xfe, 0x0, 0x3f,
    0xe0, 0x7, 0xfe, 0x0, 0x7f, 0xe0, 0xf, 0xfe,
    0xf, 0xff, 0xe0, 0xff, 0xfc, 0xf, 0xff, 0xc0,
    0xff, 0xf8, 0xf, 0xff, 0x0, 0xff, 0xe0, 0xf,
    0xf8, 0x0,

    /* U+007E "~" */
    0x0, 0xf8, 0x0, 0x10, 0x3, 0xfe, 0x0, 0x3c,
    0xf, 0xff, 0x80, 0x3e, 0xf, 0xff, 0xc0, 0x7f,
    0x1f, 0xff, 0xf0, 0xff, 0x3f, 0xff, 0xff, 0xfe,
    0x7f, 0xff, 0xff, 0xfc, 0x7f, 0x8f, 0xff, 0xfc,
    0xff, 0x3, 0xff, 0xf8, 0x7e, 0x0, 0xff, 0xf0,
    0x1c, 0x0, 0x7f, 0xe0, 0x8, 0x0, 0x1f, 0x80
};


/*---------------------
 *  GLYPH DESCRIPTION
 *--------------------*/

static const lv_font_fmt_txt_glyph_dsc_t glyph_dsc[] = {
    {.bitmap_index = 0, .adv_w = 0, .box_w = 0, .box_h = 0, .ofs_x = 0, .ofs_y = 0} /* id = 0 reserved */,
    {.bitmap_index = 0, .adv_w = 220, .box_w = 1, .box_h = 1, .ofs_x = 0, .ofs_y = 0},
    {.bitmap_index = 1, .adv_w = 289, .box_w = 9, .box_h = 59, .ofs_x = 4, .ofs_y = 1},
    {.bitmap_index = 68, .adv_w = 462, .box_w = 23, .box_h = 19, .ofs_x = 3, .ofs_y = 41},
    {.bitmap_index = 123, .adv_w = 567, .box_w = 33, .box_h = 60, .ofs_x = 1, .ofs_y = 0},
    {.bitmap_index = 371, .adv_w = 550, .box_w = 28, .box_h = 69, .ofs_x = 3, .ofs_y = -5},
    {.bitmap_index = 613, .adv_w = 810, .box_w = 45, .box_h = 62, .ofs_x = 3, .ofs_y = -1},
    {.bitmap_index = 962, .adv_w = 574, .box_w = 31, .box_h = 60, .ofs_x = 3, .ofs_y = 0},
    {.bitmap_index = 1195, .adv_w = 259, .box_w = 10, .box_h = 19, .ofs_x = 3, .ofs_y = 41},
    {.bitmap_index = 1219, .adv_w = 380, .box_w = 16, .box_h = 68, .ofs_x = 5, .ofs_y = -4},
    {.bitmap_index = 1355, .adv_w = 380, .box_w = 16, .box_h = 68, .ofs_x = 3, .ofs_y = -4},
    {.bitmap_index = 1491, .adv_w = 581, .box_w = 34, .box_h = 32, .ofs_x = 1, .ofs_y = 28},
    {.bitmap_index = 1627, .adv_w = 550, .box_w = 30, .box_h = 30, .ofs_x = 2, .ofs_y = 15},
    {.bitmap_index = 1740, .adv_w = 259, .box_w = 9, .box_h = 19, .ofs_x = 4, .ofs_y = -11},
    {.bitmap_index = 1762, .adv_w = 372, .box_w = 19, .box_h = 8, .ofs_x = 2, .ofs_y = 26},
    {.bitmap_index = 1781, .adv_w = 259, .box_w = 9, .box_h = 8, .ofs_x = 4, .ofs_y = 0},
    {.bitmap_index = 1790, .adv_w = 535, .box_w = 32, .box_h = 60, .ofs_x = 1, .ofs_y = 0},
    {.bitmap_index = 2030, .adv_w = 550, .box_w = 28, .box_h = 62, .ofs_x = 3, .ofs_y = -1},
    {.bitmap_index = 2247, .adv_w = 550, .box_w = 19, .box_h = 60, .ofs_x = 7, .ofs_y = 0},
    {.bitmap_index = 2390, .adv_w = 550, .box_w = 28, .box_h = 61, .ofs_x = 3, .ofs_y = 0},
    {.bitmap_index = 2604, .adv_w = 550, .box_w = 28, .box_h = 62, .ofs_x = 3, .ofs_y = -1},
    {.bitmap_index = 2821, .adv_w = 550, .box_w = 32, .box_h = 60, .ofs_x = 1, .ofs_y = 0},
    {.bitmap_index = 3061, .adv_w = 550, .box_w = 28, .box_h = 60, .ofs_x = 3, .ofs_y = 0},
    {.bitmap_index = 3271, .adv_w = 550, .box_w = 28, .box_h = 62, .ofs_x = 3, .ofs_y = -1},
    {.bitmap_index = 3488, .adv_w = 550, .box_w = 28, .box_h = 60, .ofs_x = 3, .ofs_y = 0},
    {.bitmap_index = 3698, .adv_w = 550, .box_w = 29, .box_h = 62, .ofs_x = 2, .ofs_y = -1},
    {.bitmap_index = 3923, .adv_w = 550, .box_w = 28, .box_h = 62, .ofs_x = 3, .ofs_y = -1},
    {.bitmap_index = 4140, .adv_w = 259, .box_w = 9, .box_h = 41, .ofs_x = 4, .ofs_y = 0},
    {.bitmap_index = 4187, .adv_w = 259, .box_w = 10, .box_h = 52, .ofs_x = 3, .ofs_y = -11},
    {.bitmap_index = 4252, .adv_w = 550, .box_w = 27, .box_h = 29, .ofs_x = 3, .ofs_y = 16},
    {.bitmap_index = 4350, .adv_w = 550, .box_w = 28, .box_h = 20, .ofs_x = 3, .ofs_y = 20},
    {.bitmap_index = 4420, .adv_w = 550, .box_w = 27, .box_h = 29, .ofs_x = 5, .ofs_y = 16},
    {.bitmap_index = 4518, .adv_w = 499, .box_w = 28, .box_h = 61, .ofs_x = 2, .ofs_y = 0},
    {.bitmap_index = 4732, .adv_w = 958, .box_w = 56, .box_h = 69, .ofs_x = 2, .ofs_y = -5},
    {.bitmap_index = 5215, .adv_w = 552, .box_w = 32, .box_h = 60, .ofs_x = 1, .ofs_y = 0},
    {.bitmap_index = 5455, .adv_w = 556, .box_w = 29, .box_h = 59, .ofs_x = 4, .ofs_y = 1},
    {.bitmap_index = 5669, .adv_w = 527, .box_w = 28, .box_h = 62, .ofs_x = 3, .ofs_y = -1},
    {.bitmap_index = 5886, .adv_w = 559, .box_w = 28, .box_h = 59, .ofs_x = 4, .ofs_y = 1},
    {.bitmap_index = 6093, .adv_w = 499, .box_w = 26, .box_h = 59, .ofs_x = 4, .ofs_y = 1},
    {.bitmap_index = 6285, .adv_w = 473, .box_w = 25, .box_h = 60, .ofs_x = 4, .ofs_y = 0},
    {.bitmap_index = 6473, .adv_w = 538, .box_w = 28, .box_h = 62, .ofs_x = 3, .ofs_y = -1},
    {.bitmap_index = 6690, .adv_w = 578, .box_w = 29, .box_h = 60, .ofs_x = 4, .ofs_y = 0},
    {.bitmap_index = 6908, .adv_w = 264, .box_w = 9, .box_h = 60, .ofs_x = 4, .ofs_y = 0},
    {.bitmap_index = 6976, .adv_w = 365, .box_w = 18, .box_h = 60, .ofs_x = 1, .ofs_y = 0},
    {.bitmap_index = 7111, .adv_w = 570, .box_w = 31, .box_h = 60, .ofs_x = 4, .ofs_y = 0},
    {.bitmap_index = 7344, .adv_w = 473, .box_w = 25, .box_h = 60, .ofs_x = 4, .ofs_y = 0},
    {.bitmap_index = 7532, .adv_w = 740, .box_w = 39, .box_h = 60, .ofs_x = 4, .ofs_y = 0},
    {.bitmap_index = 7825, .adv_w = 588, .box_w = 30, .box_h = 60, .ofs_x = 4, .ofs_y = 0},
    {.bitmap_index = 8050, .adv_w = 550, .box_w = 28, .box_h = 62, .ofs_x = 3, .ofs_y = -1},
    {.bitmap_index = 8267, .adv_w = 531, .box_w = 28, .box_h = 60, .ofs_x = 4, .ofs_y = 0},
    {.bitmap_index = 8477, .adv_w = 550, .box_w = 31, .box_h = 66, .ofs_x = 3, .ofs_y = -6},
    {.bitmap_index = 8733, .adv_w = 555, .box_w = 29, .box_h = 60, .ofs_x = 4, .ofs_y = 0},
    {.bitmap_index = 8951, .adv_w = 512, .box_w = 28, .box_h = 62, .ofs_x = 2, .ofs_y = -1},
    {.bitmap_index = 9168, .adv_w = 501, .box_w = 29, .box_h = 60, .ofs_x = 1, .ofs_y = 0},
    {.bitmap_index = 9386, .adv_w = 553, .box_w = 28, .box_h = 61, .ofs_x = 3, .ofs_y = -1},
    {.bitmap_index = 9600, .adv_w = 526, .box_w = 31, .box_h = 60, .ofs_x = 1, .ofs_y = 0},
    {.bitmap_index = 9833, .adv_w = 766, .box_w = 46, .box_h = 60, .ofs_x = 1, .ofs_y = 0},
    {.bitmap_index = 10178, .adv_w = 559, .box_w = 33, .box_h = 60, .ofs_x = 1, .ofs_y = 0},
    {.bitmap_index = 10426, .adv_w = 542, .box_w = 31, .box_h = 60, .ofs_x = 1, .ofs_y = 0},
    {.bitmap_index = 10659, .adv_w = 498, .box_w = 28, .box_h = 59, .ofs_x = 2, .ofs_y = 1},
    {.bitmap_index = 10866, .adv_w = 380, .box_w = 16, .box_h = 68, .ofs_x = 5, .ofs_y = -4},
    {.bitmap_index = 11002, .adv_w = 535, .box_w = 32, .box_h = 60, .ofs_x = 1, .ofs_y = 0},
    {.bitmap_index = 11242, .adv_w = 380, .box_w = 15, .box_h = 68, .ofs_x = 3, .ofs_y = -4},
    {.bitmap_index = 11370, .adv_w = 550, .box_w = 31, .box_h = 23, .ofs_x = 2, .ofs_y = 37},
    {.bitmap_index = 11460, .adv_w = 413, .box_w = 26, .box_h = 7, .ofs_x = 0, .ofs_y = -8},
    {.bitmap_index = 11483, .adv_w = 688, .box_w = 17, .box_h = 10, .ofs_x = 10, .ofs_y = 64},
    {.bitmap_index = 11505, .adv_w = 552, .box_w = 32, .box_h = 60, .ofs_x = 1, .ofs_y = 0},
    {.bitmap_index = 11745, .adv_w = 556, .box_w = 29, .box_h = 59, .ofs_x = 4, .ofs_y = 1},
    {.bitmap_index = 11959, .adv_w = 527, .box_w = 28, .box_h = 62, .ofs_x = 3, .ofs_y = -1},
    {.bitmap_index = 12176, .adv_w = 559, .box_w = 28, .box_h = 59, .ofs_x = 4, .ofs_y = 1},
    {.bitmap_index = 12383, .adv_w = 499, .box_w = 26, .box_h = 59, .ofs_x = 4, .ofs_y = 1},
    {.bitmap_index = 12575, .adv_w = 473, .box_w = 25, .box_h = 60, .ofs_x = 4, .ofs_y = 0},
    {.bitmap_index = 12763, .adv_w = 538, .box_w = 28, .box_h = 62, .ofs_x = 3, .ofs_y = -1},
    {.bitmap_index = 12980, .adv_w = 578, .box_w = 29, .box_h = 60, .ofs_x = 4, .ofs_y = 0},
    {.bitmap_index = 13198, .adv_w = 264, .box_w = 9, .box_h = 60, .ofs_x = 4, .ofs_y = 0},
    {.bitmap_index = 13266, .adv_w = 365, .box_w = 18, .box_h = 60, .ofs_x = 1, .ofs_y = 0},
    {.bitmap_index = 13401, .adv_w = 570, .box_w = 31, .box_h = 60, .ofs_x = 4, .ofs_y = 0},
    {.bitmap_index = 13634, .adv_w = 473, .box_w = 25, .box_h = 60, .ofs_x = 4, .ofs_y = 0},
    {.bitmap_index = 13822, .adv_w = 740, .box_w = 39, .box_h = 60, .ofs_x = 4, .ofs_y = 0},
    {.bitmap_index = 14115, .adv_w = 588, .box_w = 30, .box_h = 60, .ofs_x = 4, .ofs_y = 0},
    {.bitmap_index = 14340, .adv_w = 550, .box_w = 28, .box_h = 62, .ofs_x = 3, .ofs_y = -1},
    {.bitmap_index = 14557, .adv_w = 531, .box_w = 28, .box_h = 60, .ofs_x = 4, .ofs_y = 0},
    {.bitmap_index = 14767, .adv_w = 550, .box_w = 31, .box_h = 66, .ofs_x = 3, .ofs_y = -6},
    {.bitmap_index = 15023, .adv_w = 555, .box_w = 29, .box_h = 60, .ofs_x = 4, .ofs_y = 0},
    {.bitmap_index = 15241, .adv_w = 512, .box_w = 28, .box_h = 62, .ofs_x = 2, .ofs_y = -1},
    {.bitmap_index = 15458, .adv_w = 501, .box_w = 29, .box_h = 60, .ofs_x = 1, .ofs_y = 0},
    {.bitmap_index = 15676, .adv_w = 553, .box_w = 28, .box_h = 61, .ofs_x = 3, .ofs_y = -1},
    {.bitmap_index = 15890, .adv_w = 526, .box_w = 31, .box_h = 60, .ofs_x = 1, .ofs_y = 0},
    {.bitmap_index = 16123, .adv_w = 766, .box_w = 46, .box_h = 60, .ofs_x = 1, .ofs_y = 0},
    {.bitmap_index = 16468, .adv_w = 559, .box_w = 33, .box_h = 60, .ofs_x = 1, .ofs_y = 0},
    {.bitmap_index = 16716, .adv_w = 542, .box_w = 31, .box_h = 60, .ofs_x = 1, .ofs_y = 0},
    {.bitmap_index = 16949, .adv_w = 498, .box_w = 28, .box_h = 59, .ofs_x = 2, .ofs_y = 1},
    {.bitmap_index = 17156, .adv_w = 380, .box_w = 21, .box_h = 68, .ofs_x = 1, .ofs_y = -4},
    {.bitmap_index = 17335, .adv_w = 688, .box_w = 8, .box_h = 86, .ofs_x = 18, .ofs_y = -17},
    {.bitmap_index = 17421, .adv_w = 380, .box_w = 20, .box_h = 68, .ofs_x = 2, .ofs_y = -4},
    {.bitmap_index = 17591, .adv_w = 550, .box_w = 32, .box_h = 12, .ofs_x = 1, .ofs_y = 24}
};

/*---------------------
 *  CHARACTER MAPPING
 *--------------------*/



/*Collect the unicode lists and glyph_id offsets*/
static const lv_font_fmt_txt_cmap_t cmaps[] =
{
    {
        .range_start = 32, .range_length = 95, .glyph_id_start = 1,
        .unicode_list = NULL, .glyph_id_ofs_list = NULL, .list_length = 0, .type = LV_FONT_FMT_TXT_CMAP_FORMAT0_TINY
    }
};

/*-----------------
 *    KERNING
 *----------------*/


/*Map glyph_ids to kern left classes*/
static const uint8_t kern_left_class_mapping[] =
{
    0, 0, 0, 0, 0, 0, 0, 1,
    0, 2, 0, 0, 0, 0, 3, 0,
    4, 0, 0, 0, 0, 0, 0, 0,
    0, 0, 0, 0, 0, 0, 0, 0,
    0, 5, 6, 7, 8, 9, 10, 11,
    12, 0, 0, 13, 14, 15, 0, 0,
    9, 16, 9, 17, 18, 19, 20, 21,
    22, 23, 24, 25, 2, 0, 0, 0,
    0, 0, 6, 7, 8, 9, 10, 11,
    12, 0, 0, 0, 14, 15, 0, 0,
    9, 16, 9, 17, 18, 19, 20, 21,
    22, 23, 24, 25, 2, 0, 0, 0
};

/*Map glyph_ids to kern right classes*/
static const uint8_t kern_right_class_mapping[] =
{
    0, 0, 0, 1, 0, 0, 0, 2,
    1, 0, 3, 4, 0, 5, 6, 5,
    7, 0, 0, 0, 0, 0, 0, 0,
    0, 0, 0, 8, 8, 0, 0, 0,
    9, 10, 11, 0, 12, 0, 0, 0,
    12, 0, 0, 13, 0, 0, 0, 0,
    12, 0, 12, 0, 14, 15, 16, 17,
    18, 19, 20, 21, 0, 0, 3, 0,
    0, 0, 11, 0, 12, 0, 0, 0,
    12, 0, 0, 0, 0, 0, 0, 0,
    12, 0, 12, 0, 14, 15, 16, 17,
    18, 19, 20, 21, 0, 0, 3, 0
};

/*Kern values between classes*/
static const int8_t kern_class_values[] =
{
    0, 0, 0, 0, 0, 0, 0, 0,
    0, 0, 0, 0, 0, 0, -8, 0,
    0, 0, 0, -11, 0, 0, 0, 0,
    0, 0, 0, 0, 0, 0, 0, 8,
    0, 8, 0, 13, 0, 8, 8, 4,
    8, 0, 0, 0, 0, 0, 0, 0,
    0, 0, 0, 0, -17, 0, -53, 0,
    -62, 0, -17, -7, -30, -42, -13, 0,
    0, 0, 0, 0, 0, -119, 0, 0,
    0, -21, 0, -38, 0, 8, 0, 8,
    8, 0, 4, 0, 0, 0, 0, 0,
    0, 0, 0, 0, 0, 0, -13, 0,
    -8, 0, 0, 0, 0, 0, -17, -13,
    0, -45, 0, 8, -38, 8, -17, 8,
    8, -25, -4, 4, -2, 0, -3, -39,
    -2, -24, -12, 2, -39, 3, -5, 0,
    0, 0, 0, 0, 0, 0, 0, 0,
    0, 0, 0, 0, 0, 0, -3, -1,
    -6, -14, 0, 0, 0, 0, 4, 0,
    0, 0, 0, 4, 4, 0, 2, 0,
    2, 0, 0, 0, 0, -6, -8, 0,
    -5, 0, 0, 0, -5, 0, 0, 0,
    0, 0, -2, 0, -3, 0, -3, 0,
    -2, 0, -14, -15, 0, 0, 0, 8,
    0, 4, 0, 0, 0, 0, 0, 0,
    0, 0, 2, 0, 0, 0, 0, 2,
    0, 2, 8, 0, 13, 8, -62, -4,
    -25, 0, 4, -4, -27, 0, -43, 0,
    8, 0, 4, 4, 0, 0, 0, 0,
    0, 0, 0, 0, 0, 0, 0, 0,
    0, 0, 0, 0, 0, 0, 0, 0,
    0, -11, -13, 0, 0, 0, 0, 0,
    -2, 0, -8, 0, 0, 0, -2, 0,
    0, 0, 0, 0, 0, 0, 0, 0,
    0, 0, -4, 4, -17, 4, -30, 0,
    4, -8, -7, 0, -14, 0, -6, 0,
    -1, 0, 0, 0, 0, 0, -62, 8,
    13, -85, 8, -62, 8, 8, -38, 0,
    3, -3, 8, 0, -66, 0, -39, -14,
    0, -75, 0, 0, 0, 0, 8, -79,
    0, -55, 0, 8, 0, -30, 0, -48,
    3, 2, 0, 0, 0, -10, -4, -2,
    -4, 0, 0, 0, 4, 0, 8, 4,
    0, 0, 0, 0, 0, 0, -2, 0,
    -3, -2, 0, -14, 0, 0, 0, 0,
    0, 0, -3, 0, 0, 0, 0, -3,
    0, 0, 0, 0, 0, 0, 0, -5,
    -5, 0, 8, 0, 13, 8, -62, -62,
    -38, -30, 4, -21, -39, -3, -43, 0,
    8, 0, 3, 3, 0, 3, 0, 0,
    0, 0, 0, -2, 0, -8, 0, 0,
    0, -2, 0, 0, 0, 0, 0, 0,
    0, -1, 0, 0, 8, -4, 8, 0,
    -45, -17, -21, -13, 0, -8, -24, -2,
    -41, 0, 3, 0, 4, 4, 0, 0,
    0, 8, 0, 8, 0, -21, -7, 0,
    -4, 0, -4, -12, 0, -18, 0, 3,
    0, 4, 4, 0, 0, 0, 0, -4,
    4, -17, 4, -30, 8, 4, -8, -7,
    2, -14, 0, -5, 0, -1, 0, 0,
    0, 0, 0, 8, -17, 8, -8, -79,
    -42, -47, -34, -8, -34, -39, -15, -49,
    -14, 3, 0, 0, 0, 0, 0, 0,
    0, 0, 0, 0, 8, -13, 0, 8,
    0, 0, 0, 0, 0, 0, 0, 0,
    0, 0, 0, 0, 4
};


/*Collect the kern class' data in one place*/
static const lv_font_fmt_txt_kern_classes_t kern_classes =
{
    .class_pair_values   = kern_class_values,
    .left_class_mapping  = kern_left_class_mapping,
    .right_class_mapping = kern_right_class_mapping,
    .left_class_cnt      = 25,
    .right_class_cnt     = 21,
};

/*--------------------
 *  ALL CUSTOM DATA
 *--------------------*/

#if LVGL_VERSION_MAJOR == 8
/*Store all the custom data of the font*/
static  lv_font_fmt_txt_glyph_cache_t cache;
#endif

#if LVGL_VERSION_MAJOR >= 8
static const lv_font_fmt_txt_dsc_t font_dsc = {
#else
static lv_font_fmt_txt_dsc_t font_dsc = {
#endif
    .glyph_bitmap = glyph_bitmap,
    .glyph_dsc = glyph_dsc,
    .cmaps = cmaps,
    .kern_dsc = &kern_classes,
    .kern_scale = 26,
    .cmap_num = 1,
    .bpp = 1,
    .kern_classes = 1,
    .bitmap_format = 0,
#if LVGL_VERSION_MAJOR == 8
    .cache = &cache
#endif
};



/*-----------------
 *  PUBLIC FONT
 *----------------*/

/*Initialize a public general font descriptor*/
#if LVGL_VERSION_MAJOR >= 8
const lv_font_t ui_font_BebasNeueFont86 = {
#else
lv_font_t ui_font_BebasNeueFont86 = {
#endif
    .get_glyph_dsc = lv_font_get_glyph_dsc_fmt_txt,    /*Function pointer to get glyph's data*/
    .get_glyph_bitmap = lv_font_get_bitmap_fmt_txt,    /*Function pointer to get glyph's bitmap*/
    .line_height = 91,          /*The maximum line height required by the font*/
    .base_line = 17,             /*Baseline measured from the bottom of the line*/
#if !(LVGL_VERSION_MAJOR == 6 && LVGL_VERSION_MINOR == 0)
    .subpx = LV_FONT_SUBPX_NONE,
#endif
#if LV_VERSION_CHECK(7, 4, 0) || LVGL_VERSION_MAJOR >= 8
    .underline_position = -3,
    .underline_thickness = 7,
#endif
    .dsc = &font_dsc,          /*The custom font data. Will be accessed by `get_glyph_bitmap/dsc` */
#if LV_VERSION_CHECK(8, 2, 0) || LVGL_VERSION_MAJOR >= 9
    .fallback = NULL,
#endif
    .user_data = NULL,
};



#endif /*#if UI_FONT_BEBASNEUEFONT86*/

