/*******************************************************************************
 * Size: 80 px
 * Bpp: 1
 * Opts: --bpp 1 --size 80 --font F:/New_Project/FunModularKeyboard/test/LVGL/assets/BebasNeue-Regular.ttf -o F:/New_Project/FunModularKeyboard/test/LVGL/assets\ui_font_BebasNeueFont80.c --format lvgl -r 0x20-0x7f --no-compress --no-prefilter
 ******************************************************************************/

#include "ui.h"

#ifndef UI_FONT_BEBASNEUEFONT80
#define UI_FONT_BEBASNEUEFONT80 1
#endif

#if UI_FONT_BEBASNEUEFONT80

/*-----------------
 *    BITMAPS
 *----------------*/

/*Store the image of the glyphs*/
static LV_ATTRIBUTE_LARGE_CONST const uint8_t glyph_bitmap[] = {
    /* U+0020 " " */
    0x0,

    /* U+0021 "!" */
    0xff, 0xff, 0xff, 0xff, 0xff, 0xff, 0xff, 0xff,
    0xff, 0xff, 0xff, 0xff, 0xff, 0xff, 0xff, 0xff,
    0xff, 0xff, 0xff, 0xff, 0xff, 0xff, 0xff, 0xff,
    0xff, 0xff, 0xff, 0xff, 0xff, 0xff, 0xff, 0xff,
    0xff, 0xff, 0xff, 0xff, 0xff, 0xbf, 0x9f, 0xcf,
    0xe7, 0xf3, 0xf9, 0xfc, 0xfe, 0x7f, 0x0, 0x0,
    0x0, 0x0, 0x0, 0x0, 0x0, 0x0, 0xff, 0xff,
    0xff, 0xff, 0xff, 0xff, 0xff, 0xff, 0xff,

    /* U+0022 "\"" */
    0xff, 0x8f, 0xff, 0xfc, 0x7f, 0xff, 0xe3, 0xff,
    0xff, 0x1f, 0xe7, 0xf0, 0xff, 0x3f, 0x83, 0xf9,
    0xfc, 0x1f, 0xcf, 0xe0, 0xfe, 0x7f, 0x7, 0xf3,
    0xf8, 0x3f, 0x9f, 0xc1, 0xfc, 0xfe, 0xf, 0xc7,
    0xf0, 0x7e, 0x1f, 0x3, 0xf0, 0xf8, 0xf, 0x87,
    0xc0, 0x7c, 0x3e, 0x3, 0xe1, 0xf0, 0x1f, 0x0,

    /* U+0023 "#" */
    0x0, 0xfe, 0x7, 0xf0, 0x1, 0xfc, 0xf, 0xe0,
    0x3, 0xf8, 0x1f, 0xc0, 0x7, 0xf0, 0x3f, 0x80,
    0xf, 0xe0, 0x7f, 0x0, 0x1f, 0xc1, 0xfc, 0x0,
    0x3f, 0x83, 0xf8, 0x0, 0x7f, 0x7, 0xf0, 0x1,
    0xfc, 0xf, 0xe0, 0x3, 0xf8, 0x1f, 0xc0, 0x7,
    0xf0, 0x3f, 0x80, 0xf, 0xe0, 0x7f, 0x0, 0x1f,
    0xc0, 0xfe, 0x3, 0xff, 0xff, 0xff, 0xc7, 0xff,
    0xff, 0xff, 0x8f, 0xff, 0xff, 0xfe, 0x1f, 0xff,
    0xff, 0xfc, 0x7f, 0xff, 0xff, 0xf8, 0xff, 0xff,
    0xff, 0xf0, 0x1f, 0xc0, 0xfe, 0x0, 0x3f, 0x81,
    0xfc, 0x0, 0x7f, 0x3, 0xf8, 0x0, 0xfe, 0x7,
    0xf0, 0x1, 0xfc, 0xf, 0xe0, 0x3, 0xf8, 0x3f,
    0x80, 0x7, 0xf0, 0x7f, 0x0, 0xf, 0xe0, 0xfe,
    0x0, 0x3f, 0x81, 0xfc, 0x0, 0x7f, 0x3, 0xf8,
    0x0, 0xfe, 0x7, 0xf0, 0x1, 0xfc, 0xf, 0xe0,
    0x3, 0xf8, 0x1f, 0xc0, 0x7, 0xf0, 0x3f, 0x80,
    0xf, 0xe0, 0x7f, 0x1, 0xff, 0xff, 0xff, 0xc3,
    0xff, 0xff, 0xff, 0x87, 0xff, 0xff, 0xff, 0xf,
    0xff, 0xff, 0xfe, 0x3f, 0xff, 0xff, 0xfc, 0x7f,
    0xff, 0xff, 0xf8, 0xf, 0xe0, 0x7f, 0x0, 0x1f,
    0xc0, 0xfe, 0x0, 0x3f, 0x81, 0xfc, 0x0, 0x7f,
    0x7, 0xf0, 0x0, 0xfe, 0xf, 0xe0, 0x1, 0xfc,
    0x1f, 0xc0, 0x7, 0xf0, 0x3f, 0x80, 0xf, 0xe0,
    0x7f, 0x0, 0x1f, 0xc0, 0xfe, 0x0, 0x3f, 0x81,
    0xfc, 0x0, 0x7f, 0x3, 0xf8, 0x0, 0xfe, 0x7,
    0xf0, 0x1, 0xfc, 0xf, 0xe0, 0x3, 0xf8, 0x3f,
    0x80, 0x7, 0xf0, 0x7f, 0x0, 0xf, 0xe0, 0xfe,
    0x0,

    /* U+0024 "$" */
    0x0, 0x3f, 0x80, 0x0, 0xf, 0xe0, 0x0, 0x3,
    0xf8, 0x0, 0x0, 0xfe, 0x0, 0x0, 0x3f, 0x80,
    0x0, 0x7f, 0xfc, 0x0, 0x7f, 0xff, 0x80, 0x3f,
    0xff, 0xf0, 0x1f, 0xff, 0xfe, 0xf, 0xff, 0xff,
    0xc3, 0xff, 0xff, 0xf9, 0xff, 0xff, 0xfe, 0x7f,
    0xe1, 0xff, 0xbf, 0xf0, 0x3f, 0xff, 0xf8, 0x7,
    0xff, 0xfe, 0x1, 0xff, 0xff, 0x80, 0x7f, 0xff,
    0xe0, 0x1f, 0xff, 0xf8, 0x7, 0xff, 0xfe, 0x0,
    0x0, 0xff, 0xc0, 0x0, 0x3f, 0xf0, 0x0, 0x7,
    0xfe, 0x0, 0x1, 0xff, 0x80, 0x0, 0x7f, 0xf0,
    0x0, 0xf, 0xfe, 0x0, 0x3, 0xff, 0xc0, 0x0,
    0x7f, 0xfc, 0x0, 0xf, 0xff, 0x80, 0x3, 0xff,
    0xf0, 0x0, 0x7f, 0xfe, 0x0, 0xf, 0xff, 0xc0,
    0x1, 0xff, 0xf8, 0x0, 0x1f, 0xff, 0x0, 0x3,
    0xff, 0xe0, 0x0, 0x7f, 0xf8, 0x0, 0xf, 0xff,
    0x0, 0x1, 0xff, 0xc0, 0x0, 0x3f, 0xf8, 0x0,
    0x7, 0xfe, 0x0, 0x0, 0xff, 0x80, 0x0, 0x3f,
    0xff, 0xf8, 0xf, 0xff, 0xfe, 0x1, 0xff, 0xff,
    0x80, 0x7f, 0xff, 0xe0, 0x1f, 0xff, 0xf8, 0x7,
    0xff, 0xfe, 0x1, 0xff, 0xff, 0x80, 0x7f, 0xff,
    0xf0, 0x3f, 0xf7, 0xfe, 0x1f, 0xf9, 0xff, 0xff,
    0xfe, 0x3f, 0xff, 0xff, 0x8f, 0xff, 0xff, 0xc1,
    0xff, 0xff, 0xe0, 0x3f, 0xff, 0xf8, 0x7, 0xff,
    0xf8, 0x0, 0x7f, 0xfc, 0x0, 0x3, 0xf8, 0x0,
    0x0, 0xfe, 0x0, 0x0, 0x3f, 0x80, 0x0, 0xf,
    0xe0, 0x0, 0x3, 0xf8, 0x0, 0x0, 0xfe, 0x0,

    /* U+0025 "%" */
    0x7, 0xf0, 0x0, 0x0, 0x0, 0x7, 0xff, 0x0,
    0x3, 0xf0, 0x3, 0xff, 0xe0, 0x0, 0xfc, 0x1,
    0xff, 0xfc, 0x0, 0x3e, 0x0, 0x7f, 0xff, 0x0,
    0x1f, 0x80, 0x3f, 0x8f, 0xe0, 0x7, 0xe0, 0xf,
    0xc1, 0xf8, 0x3, 0xf0, 0x3, 0xf0, 0x7e, 0x0,
    0xfc, 0x0, 0xfc, 0x1f, 0x80, 0x3e, 0x0, 0x3f,
    0x7, 0xe0, 0x1f, 0x80, 0xf, 0xc1, 0xf8, 0x7,
    0xe0, 0x3, 0xf0, 0x7e, 0x1, 0xf0, 0x0, 0xfc,
    0x1f, 0x80, 0xfc, 0x0, 0x3f, 0x7, 0xe0, 0x3f,
    0x0, 0xf, 0xc1, 0xf8, 0x1f, 0x80, 0x3, 0xf0,
    0x7e, 0x7, 0xe0, 0x0, 0xfc, 0x1f, 0x81, 0xf0,
    0x0, 0x3f, 0x7, 0xe0, 0xfc, 0x0, 0xf, 0xc1,
    0xf8, 0x3f, 0x0, 0x3, 0xf0, 0x7e, 0xf, 0x80,
    0x0, 0xfc, 0x1f, 0x87, 0xe0, 0x0, 0x3f, 0x7,
    0xe1, 0xf0, 0x0, 0xf, 0xc1, 0xf8, 0xfc, 0x0,
    0x3, 0xf0, 0x7e, 0x3f, 0x0, 0x0, 0xfc, 0x1f,
    0x8f, 0x80, 0x0, 0x3f, 0x7, 0xe7, 0xe0, 0x0,
    0xf, 0xe3, 0xf9, 0xf0, 0x7f, 0x81, 0xff, 0xfc,
    0x7c, 0x7f, 0xf8, 0x7f, 0xff, 0x3f, 0x3f, 0xff,
    0xf, 0xff, 0x8f, 0x9f, 0xff, 0xe1, 0xff, 0xc7,
    0xe7, 0xff, 0xf8, 0x1f, 0xc1, 0xfb, 0xf8, 0x7f,
    0x0, 0x0, 0x7c, 0xfc, 0xf, 0xc0, 0x0, 0x3f,
    0x3f, 0x3, 0xf0, 0x0, 0xf, 0x8f, 0xc0, 0xfc,
    0x0, 0x7, 0xe3, 0xf0, 0x3f, 0x0, 0x1, 0xf8,
    0xfc, 0xf, 0xc0, 0x0, 0x7c, 0x3f, 0x3, 0xf0,
    0x0, 0x3f, 0xf, 0xc0, 0xfc, 0x0, 0xf, 0x83,
    0xf0, 0x3f, 0x0, 0x3, 0xe0, 0xfc, 0xf, 0xc0,
    0x1, 0xf8, 0x3f, 0x3, 0xf0, 0x0, 0x7c, 0xf,
    0xc0, 0xfc, 0x0, 0x3f, 0x3, 0xf0, 0x3f, 0x0,
    0xf, 0x80, 0xfc, 0xf, 0xc0, 0x3, 0xe0, 0x3f,
    0x3, 0xf0, 0x1, 0xf8, 0xf, 0xc0, 0xfc, 0x0,
    0x7c, 0x3, 0xf0, 0x3f, 0x0, 0x1f, 0x0, 0xfc,
    0xf, 0xc0, 0xf, 0x80, 0x3f, 0x3, 0xf0, 0x3,
    0xe0, 0xf, 0xc0, 0xfc, 0x1, 0xf8, 0x3, 0xf0,
    0x3f, 0x0, 0x7c, 0x0, 0xfe, 0x1f, 0xc0, 0x1f,
    0x0, 0x1f, 0xff, 0xe0, 0xf, 0xc0, 0x7, 0xff,
    0xf8, 0x3, 0xe0, 0x0, 0xff, 0xfc, 0x0, 0xf8,
    0x0, 0x1f, 0xfe, 0x0, 0x0, 0x0, 0x1, 0xfe,
    0x0,

    /* U+0026 "&" */
    0x0, 0x7f, 0xff, 0x0, 0x1f, 0xff, 0xf8, 0x1,
    0xff, 0xff, 0xc0, 0x3f, 0xff, 0xfe, 0x1, 0xff,
    0xff, 0xf0, 0x1f, 0xff, 0xff, 0x81, 0xff, 0xff,
    0xfc, 0xf, 0xff, 0xff, 0xe0, 0x7f, 0xe0, 0x0,
    0x7, 0xfe, 0x0, 0x0, 0x3f, 0xe0, 0x0, 0x1,
    0xff, 0x0, 0x0, 0xf, 0xf8, 0x0, 0x0, 0x7f,
    0xc0, 0x0, 0x3, 0xfe, 0x0, 0x0, 0x1f, 0xf0,
    0x0, 0x0, 0xff, 0x80, 0x0, 0x7, 0xfc, 0x1,
    0xff, 0x3f, 0xe0, 0xf, 0xf9, 0xff, 0x0, 0x7f,
    0xc7, 0xfc, 0x3, 0xfe, 0x3f, 0xe0, 0x1f, 0xf0,
    0xff, 0xc0, 0xff, 0x87, 0xff, 0xff, 0xff, 0x1f,
    0xff, 0xff, 0xf8, 0x7f, 0xff, 0xff, 0xc0, 0xff,
    0xff, 0xfe, 0xf, 0xff, 0xff, 0xf1, 0xff, 0xff,
    0xff, 0x8f, 0xff, 0xff, 0xfc, 0xff, 0xff, 0xff,
    0xef, 0xfe, 0x7, 0xfc, 0x7f, 0xc0, 0x3f, 0xe3,
    0xfe, 0x1, 0xff, 0x3f, 0xe0, 0xf, 0xf9, 0xff,
    0x0, 0x7f, 0xcf, 0xf8, 0x3, 0xfe, 0x7f, 0xc0,
    0x1f, 0xf3, 0xfe, 0x0, 0xff, 0x9f, 0xf0, 0x7,
    0xfc, 0xff, 0x80, 0x3f, 0xe7, 0xfc, 0x1, 0xff,
    0x3f, 0xe0, 0xf, 0xf9, 0xff, 0x0, 0x7f, 0xcf,
    0xf8, 0x3, 0xfe, 0x7f, 0xc0, 0x1f, 0xf3, 0xfe,
    0x1, 0xff, 0x9f, 0xf8, 0xf, 0xfc, 0xff, 0xe1,
    0xff, 0xe3, 0xff, 0xff, 0xff, 0x1f, 0xff, 0xff,
    0xf8, 0xff, 0xff, 0xff, 0xc3, 0xff, 0xfb, 0xfe,
    0x1f, 0xff, 0xdf, 0xf0, 0x7f, 0xfc, 0xff, 0x81,
    0xff, 0xc3, 0xfe, 0x3, 0xf8, 0x0, 0x0,

    /* U+0027 "'" */
    0xff, 0xff, 0xff, 0xff, 0xf7, 0xf3, 0xf9, 0xfc,
    0xfe, 0x7f, 0x3f, 0x9f, 0xcf, 0xe7, 0xf1, 0xf0,
    0xf8, 0x7c, 0x3e, 0x1f, 0x0,

    /* U+0028 "(" */
    0x1, 0xfe, 0xf, 0xfc, 0x7f, 0xf9, 0xff, 0xf3,
    0xff, 0xef, 0xff, 0xdf, 0xff, 0xff, 0xf0, 0xff,
    0xc1, 0xff, 0x3, 0xfe, 0x7, 0xfc, 0xf, 0xf8,
    0x1f, 0xf0, 0x3f, 0xe0, 0x7f, 0xc0, 0xff, 0x81,
    0xff, 0x3, 0xfe, 0x7, 0xfc, 0xf, 0xf8, 0x1f,
    0xf0, 0x3f, 0xe0, 0x7f, 0xc0, 0xff, 0x81, 0xff,
    0x3, 0xfe, 0x7, 0xfc, 0xf, 0xf8, 0x1f, 0xf0,
    0x3f, 0xe0, 0x7f, 0xc0, 0xff, 0x81, 0xff, 0x3,
    0xfe, 0x7, 0xfc, 0xf, 0xf8, 0x1f, 0xf0, 0x3f,
    0xe0, 0x7f, 0xc0, 0xff, 0x81, 0xff, 0x3, 0xfe,
    0x7, 0xfc, 0xf, 0xf8, 0x1f, 0xf0, 0x3f, 0xe0,
    0x7f, 0xc0, 0xff, 0x81, 0xff, 0x3, 0xfe, 0x7,
    0xfc, 0xf, 0xf8, 0x1f, 0xf0, 0x3f, 0xe0, 0x7f,
    0xe0, 0xff, 0xe0, 0xff, 0xfd, 0xff, 0xf9, 0xff,
    0xf3, 0xff, 0xe3, 0xff, 0xc1, 0xff, 0x80, 0xff,

    /* U+0029 ")" */
    0xff, 0x1, 0xff, 0x83, 0xff, 0xc7, 0xff, 0xcf,
    0xff, 0x9f, 0xff, 0xbf, 0xff, 0x7, 0xff, 0x7,
    0xfe, 0x7, 0xfc, 0xf, 0xf8, 0x1f, 0xf0, 0x3f,
    0xe0, 0x7f, 0xc0, 0xff, 0x81, 0xff, 0x3, 0xfe,
    0x7, 0xfc, 0xf, 0xf8, 0x1f, 0xf0, 0x3f, 0xe0,
    0x7f, 0xc0, 0xff, 0x81, 0xff, 0x3, 0xfe, 0x7,
    0xfc, 0xf, 0xf8, 0x1f, 0xf0, 0x3f, 0xe0, 0x7f,
    0xc0, 0xff, 0x81, 0xff, 0x3, 0xfe, 0x7, 0xfc,
    0xf, 0xf8, 0x1f, 0xf0, 0x3f, 0xe0, 0x7f, 0xc0,
    0xff, 0x81, 0xff, 0x3, 0xfe, 0x7, 0xfc, 0xf,
    0xf8, 0x1f, 0xf0, 0x3f, 0xe0, 0x7f, 0xc0, 0xff,
    0x81, 0xff, 0x3, 0xfe, 0x7, 0xfc, 0xf, 0xf8,
    0x1f, 0xf0, 0x3f, 0xe0, 0x7f, 0xc0, 0xff, 0x83,
    0xff, 0xf, 0xff, 0xff, 0xfb, 0xff, 0xf7, 0xff,
    0xcf, 0xff, 0x9f, 0xfe, 0x3f, 0xf0, 0x7f, 0x80,

    /* U+002A "*" */
    0x0, 0xf, 0xe0, 0x0, 0x0, 0xf, 0xe0, 0x0,
    0x0, 0x7, 0xe0, 0x0, 0x0, 0x7, 0xe0, 0x0,
    0x0, 0x7, 0xe0, 0x0, 0x0, 0x7, 0xe0, 0x0,
    0x0, 0x7, 0xe0, 0x0, 0x20, 0x7, 0xe0, 0x0,
    0x38, 0x7, 0xc0, 0x1c, 0x3e, 0x7, 0xc0, 0x7c,
    0x7f, 0x83, 0xc3, 0xfc, 0x7f, 0xe3, 0xcf, 0xfe,
    0x7f, 0xff, 0xff, 0xfe, 0xff, 0xff, 0xff, 0xfe,
    0x3f, 0xff, 0xff, 0xf8, 0x1, 0xff, 0xff, 0x80,
    0x0, 0x1f, 0xf0, 0x0, 0x0, 0xf, 0xf0, 0x0,
    0x0, 0x1f, 0xf8, 0x0, 0x0, 0x3f, 0xfc, 0x0,
    0x0, 0x7e, 0x7e, 0x0, 0x0, 0xfe, 0x7f, 0x0,
    0x1, 0xfc, 0x3f, 0x80, 0x3, 0xf8, 0x3f, 0xc0,
    0x7, 0xf8, 0x1f, 0xe0, 0xf, 0xf0, 0x1f, 0xf0,
    0x7, 0xf0, 0xf, 0xe0, 0x3, 0xe0, 0x7, 0x80,
    0x0, 0xe0, 0x7, 0x0, 0x0, 0x40, 0x2, 0x0,

    /* U+002B "+" */
    0x0, 0x1f, 0x80, 0x0, 0x1, 0xf8, 0x0, 0x0,
    0x1f, 0x80, 0x0, 0x1, 0xf8, 0x0, 0x0, 0x1f,
    0x80, 0x0, 0x1, 0xf8, 0x0, 0x0, 0x1f, 0x80,
    0x0, 0x1, 0xf8, 0x0, 0x0, 0x1f, 0x80, 0x0,
    0x1, 0xf8, 0x0, 0x0, 0x1f, 0x80, 0xf, 0xff,
    0xff, 0xff, 0xff, 0xff, 0xff, 0xff, 0xff, 0xff,
    0xff, 0xff, 0xff, 0xff, 0xff, 0xff, 0xff, 0xff,
    0xff, 0xff, 0xff, 0xf0, 0x1, 0xf8, 0x0, 0x0,
    0x1f, 0x80, 0x0, 0x1, 0xf8, 0x0, 0x0, 0x1f,
    0x80, 0x0, 0x1, 0xf8, 0x0, 0x0, 0x1f, 0x80,
    0x0, 0x1, 0xf8, 0x0, 0x0, 0x1f, 0x80, 0x0,
    0x1, 0xf8, 0x0, 0x0, 0x1f, 0x80, 0x0, 0x1,
    0xf8, 0x0,

    /* U+002C "," */
    0xff, 0xff, 0xff, 0xff, 0xff, 0xff, 0xff, 0xff,
    0xff, 0x1f, 0xf, 0x8f, 0xc7, 0xc3, 0xe3, 0xe1,
    0xf0, 0xf0, 0xf8, 0x78, 0x0,

    /* U+002D "-" */
    0xff, 0xff, 0xff, 0xff, 0xff, 0xff, 0xff, 0xff,
    0xff, 0xff, 0xff, 0xff, 0xff, 0xff, 0xff, 0xff,
    0xff, 0xff,

    /* U+002E "." */
    0xff, 0xff, 0xff, 0xff, 0xff, 0xff, 0xff, 0xff,
    0xff,

    /* U+002F "/" */
    0x0, 0x0, 0x3, 0xf8, 0x0, 0x0, 0x3f, 0xc0,
    0x0, 0x1, 0xfc, 0x0, 0x0, 0x1f, 0xe0, 0x0,
    0x0, 0xff, 0x0, 0x0, 0x7, 0xf0, 0x0, 0x0,
    0x7f, 0x80, 0x0, 0x3, 0xf8, 0x0, 0x0, 0x3f,
    0xc0, 0x0, 0x1, 0xfe, 0x0, 0x0, 0xf, 0xe0,
    0x0, 0x0, 0xff, 0x0, 0x0, 0x7, 0xf0, 0x0,
    0x0, 0x7f, 0x80, 0x0, 0x3, 0xfc, 0x0, 0x0,
    0x1f, 0xc0, 0x0, 0x1, 0xfe, 0x0, 0x0, 0xf,
    0xf0, 0x0, 0x0, 0xff, 0x0, 0x0, 0x7, 0xf8,
    0x0, 0x0, 0x3f, 0x80, 0x0, 0x3, 0xfc, 0x0,
    0x0, 0x1f, 0xe0, 0x0, 0x0, 0xfe, 0x0, 0x0,
    0xf, 0xf0, 0x0, 0x0, 0x7f, 0x0, 0x0, 0x7,
    0xf8, 0x0, 0x0, 0x3f, 0xc0, 0x0, 0x1, 0xfc,
    0x0, 0x0, 0x1f, 0xe0, 0x0, 0x0, 0xfe, 0x0,
    0x0, 0xf, 0xf0, 0x0, 0x0, 0x7f, 0x80, 0x0,
    0x3, 0xf8, 0x0, 0x0, 0x3f, 0xc0, 0x0, 0x1,
    0xfc, 0x0, 0x0, 0x1f, 0xe0, 0x0, 0x0, 0xff,
    0x0, 0x0, 0x7, 0xf0, 0x0, 0x0, 0x7f, 0x80,
    0x0, 0x3, 0xf8, 0x0, 0x0, 0x3f, 0xc0, 0x0,
    0x1, 0xfe, 0x0, 0x0, 0xf, 0xe0, 0x0, 0x0,
    0xff, 0x0, 0x0, 0x7, 0xf0, 0x0, 0x0, 0x7f,
    0x80, 0x0, 0x3, 0xfc, 0x0, 0x0, 0x1f, 0xc0,
    0x0, 0x1, 0xfe, 0x0, 0x0, 0xf, 0xe0, 0x0,
    0x0, 0xff, 0x0, 0x0, 0x7, 0xf8, 0x0, 0x0,
    0x3f, 0x80, 0x0, 0x3, 0xfc, 0x0, 0x0, 0x1f,
    0xe0, 0x0, 0x0,

    /* U+0030 "0" */
    0x0, 0x7f, 0xc0, 0x0, 0x7f, 0xff, 0x0, 0x1f,
    0xff, 0xf0, 0x7, 0xff, 0xff, 0x1, 0xff, 0xff,
    0xf0, 0x7f, 0xff, 0xff, 0xf, 0xff, 0xff, 0xe3,
    0xff, 0xff, 0xfe, 0x7f, 0xe0, 0xff, 0xdf, 0xf8,
    0xf, 0xfb, 0xfe, 0x1, 0xff, 0xff, 0xc0, 0x1f,
    0xff, 0xf8, 0x3, 0xff, 0xff, 0x0, 0x7f, 0xff,
    0xe0, 0xf, 0xff, 0xfc, 0x1, 0xff, 0xff, 0x80,
    0x3f, 0xff, 0xf0, 0x7, 0xff, 0xfe, 0x0, 0xff,
    0xff, 0xc0, 0x1f, 0xff, 0xf8, 0x3, 0xff, 0xff,
    0x0, 0x7f, 0xff, 0xe0, 0xf, 0xff, 0xfc, 0x1,
    0xff, 0xff, 0x80, 0x3f, 0xff, 0xf0, 0x7, 0xff,
    0xfe, 0x0, 0xff, 0xff, 0xc0, 0x1f, 0xff, 0xf8,
    0x3, 0xff, 0xff, 0x0, 0x7f, 0xff, 0xe0, 0xf,
    0xff, 0xfc, 0x1, 0xff, 0xff, 0x80, 0x3f, 0xff,
    0xf0, 0x7, 0xff, 0xfe, 0x0, 0xff, 0xff, 0xc0,
    0x1f, 0xff, 0xf8, 0x3, 0xff, 0xff, 0x0, 0x7f,
    0xff, 0xe0, 0xf, 0xff, 0xfc, 0x1, 0xff, 0xff,
    0x80, 0x3f, 0xff, 0xf0, 0x7, 0xff, 0xfe, 0x0,
    0xff, 0xff, 0xc0, 0x1f, 0xff, 0xf8, 0x3, 0xff,
    0xff, 0x0, 0x7f, 0xff, 0xe0, 0xf, 0xff, 0xfe,
    0x3, 0xff, 0xff, 0xc0, 0x7f, 0xef, 0xfc, 0x1f,
    0xf9, 0xff, 0xff, 0xff, 0x1f, 0xff, 0xff, 0xc3,
    0xff, 0xff, 0xf8, 0x3f, 0xff, 0xfe, 0x3, 0xff,
    0xff, 0x80, 0x3f, 0xff, 0xe0, 0x3, 0xff, 0xf8,
    0x0, 0xf, 0xf8, 0x0,

    /* U+0031 "1" */
    0x0, 0xf, 0xc0, 0x7, 0xf0, 0x1, 0xfc, 0x0,
    0xff, 0x0, 0x7f, 0xc0, 0x3f, 0xf0, 0x7f, 0xff,
    0xff, 0xff, 0xff, 0xff, 0xff, 0xff, 0xff, 0xff,
    0xff, 0xff, 0xff, 0xff, 0xff, 0xc0, 0x1f, 0xf0,
    0x7, 0xfc, 0x1, 0xff, 0x0, 0x7f, 0xc0, 0x1f,
    0xf0, 0x7, 0xfc, 0x1, 0xff, 0x0, 0x7f, 0xc0,
    0x1f, 0xf0, 0x7, 0xfc, 0x1, 0xff, 0x0, 0x7f,
    0xc0, 0x1f, 0xf0, 0x7, 0xfc, 0x1, 0xff, 0x0,
    0x7f, 0xc0, 0x1f, 0xf0, 0x7, 0xfc, 0x1, 0xff,
    0x0, 0x7f, 0xc0, 0x1f, 0xf0, 0x7, 0xfc, 0x1,
    0xff, 0x0, 0x7f, 0xc0, 0x1f, 0xf0, 0x7, 0xfc,
    0x1, 0xff, 0x0, 0x7f, 0xc0, 0x1f, 0xf0, 0x7,
    0xfc, 0x1, 0xff, 0x0, 0x7f, 0xc0, 0x1f, 0xf0,
    0x7, 0xfc, 0x1, 0xff, 0x0, 0x7f, 0xc0, 0x1f,
    0xf0, 0x7, 0xfc, 0x1, 0xff, 0x0, 0x7f, 0xc0,
    0x1f, 0xf0, 0x7, 0xfc, 0x1, 0xff,

    /* U+0032 "2" */
    0x0, 0x7f, 0x80, 0x0, 0xff, 0xfc, 0x0, 0x7f,
    0xff, 0x80, 0x7f, 0xff, 0xf8, 0x1f, 0xff, 0xfe,
    0xf, 0xff, 0xff, 0xc7, 0xff, 0xff, 0xf9, 0xff,
    0xff, 0xfe, 0x7f, 0xe1, 0xff, 0xbf, 0xf0, 0x3f,
    0xff, 0xf8, 0xf, 0xff, 0xfe, 0x1, 0xff, 0xff,
    0x80, 0x7f, 0xff, 0xe0, 0x1f, 0xff, 0xf8, 0x7,
    0xff, 0xfe, 0x1, 0xff, 0xff, 0x80, 0x7f, 0xff,
    0xe0, 0x1f, 0xff, 0xf8, 0xf, 0xff, 0xfe, 0x3,
    0xfe, 0x0, 0x0, 0xff, 0x80, 0x0, 0x7f, 0xe0,
    0x0, 0x1f, 0xf0, 0x0, 0xf, 0xfc, 0x0, 0x3,
    0xfe, 0x0, 0x1, 0xff, 0x80, 0x0, 0xff, 0xc0,
    0x0, 0x3f, 0xf0, 0x0, 0x1f, 0xf8, 0x0, 0xf,
    0xfc, 0x0, 0x7, 0xff, 0x0, 0x3, 0xff, 0x80,
    0x1, 0xff, 0xc0, 0x0, 0xff, 0xe0, 0x0, 0x3f,
    0xf0, 0x0, 0x1f, 0xf8, 0x0, 0xf, 0xfe, 0x0,
    0x7, 0xff, 0x0, 0x1, 0xff, 0x80, 0x0, 0xff,
    0xc0, 0x0, 0x3f, 0xe0, 0x0, 0x1f, 0xf8, 0x0,
    0x7, 0xfc, 0x0, 0x1, 0xff, 0x0, 0x0, 0x7f,
    0x80, 0x0, 0x3f, 0xe0, 0x0, 0xf, 0xf8, 0x0,
    0x3, 0xfe, 0x0, 0x0, 0xff, 0x80, 0x0, 0x3f,
    0xff, 0xff, 0xef, 0xff, 0xff, 0xfb, 0xff, 0xff,
    0xfe, 0xff, 0xff, 0xff, 0xbf, 0xff, 0xff, 0xef,
    0xff, 0xff, 0xfb, 0xff, 0xff, 0xfe, 0xff, 0xff,
    0xff, 0x80,

    /* U+0033 "3" */
    0x0, 0x7f, 0x80, 0x0, 0xff, 0xfc, 0x0, 0x7f,
    0xff, 0x80, 0x7f, 0xff, 0xf8, 0x1f, 0xff, 0xfe,
    0xf, 0xff, 0xff, 0xc7, 0xff, 0xff, 0xf9, 0xff,
    0xff, 0xfe, 0x7f, 0xe1, 0xff, 0xbf, 0xf0, 0x3f,
    0xff, 0xf8, 0xf, 0xff, 0xfe, 0x1, 0xff, 0xff,
    0x80, 0x7f, 0xff, 0xe0, 0x1f, 0xff, 0xf8, 0x7,
    0xff, 0xfe, 0x1, 0xff, 0xff, 0x80, 0x7f, 0xc0,
    0x0, 0x1f, 0xf0, 0x0, 0x7, 0xfc, 0x0, 0x1,
    0xff, 0x0, 0x0, 0x7f, 0xc0, 0x0, 0x3f, 0xe0,
    0x0, 0xf, 0xf8, 0x0, 0x7, 0xfc, 0x0, 0x7f,
    0xff, 0x0, 0x1f, 0xff, 0x80, 0x7, 0xff, 0x80,
    0x1, 0xff, 0x80, 0x0, 0x7f, 0xf8, 0x0, 0x1f,
    0xff, 0x80, 0x7, 0xff, 0xf0, 0x1, 0xff, 0xfc,
    0x0, 0x3, 0xff, 0x80, 0x0, 0x3f, 0xe0, 0x0,
    0xf, 0xf8, 0x0, 0x1, 0xff, 0x0, 0x0, 0x7f,
    0xc0, 0x0, 0x1f, 0xf0, 0x0, 0x7, 0xfc, 0x0,
    0x1, 0xff, 0xff, 0x80, 0x7f, 0xff, 0xe0, 0x1f,
    0xff, 0xf8, 0x7, 0xff, 0xfe, 0x1, 0xff, 0xff,
    0x80, 0x7f, 0xff, 0xe0, 0x1f, 0xff, 0xf8, 0x7,
    0xff, 0xfe, 0x1, 0xff, 0xff, 0xc0, 0xff, 0xdf,
    0xf8, 0x7f, 0xe7, 0xff, 0xff, 0xf9, 0xff, 0xff,
    0xfe, 0x3f, 0xff, 0xff, 0x7, 0xff, 0xff, 0x81,
    0xff, 0xff, 0xe0, 0x3f, 0xff, 0xf0, 0x3, 0xff,
    0xf0, 0x0, 0x1f, 0xe0, 0x0,

    /* U+0034 "4" */
    0x0, 0x0, 0xff, 0xc0, 0x0, 0x3, 0xff, 0x0,
    0x0, 0x1f, 0xfc, 0x0, 0x0, 0x7f, 0xf0, 0x0,
    0x3, 0xff, 0xc0, 0x0, 0xf, 0xff, 0x0, 0x0,
    0x7f, 0xfc, 0x0, 0x1, 0xff, 0xf0, 0x0, 0x7,
    0xff, 0xc0, 0x0, 0x3f, 0xff, 0x0, 0x0, 0xff,
    0xfc, 0x0, 0x7, 0xff, 0xf0, 0x0, 0x1f, 0xff,
    0xc0, 0x0, 0xff, 0xff, 0x0, 0x3, 0xff, 0xfc,
    0x0, 0xf, 0xff, 0xf0, 0x0, 0x7f, 0xff, 0xc0,
    0x1, 0xfd, 0xff, 0x0, 0xf, 0xf7, 0xfc, 0x0,
    0x3f, 0x9f, 0xf0, 0x1, 0xfe, 0x7f, 0xc0, 0x7,
    0xf9, 0xff, 0x0, 0x1f, 0xc7, 0xfc, 0x0, 0xff,
    0x1f, 0xf0, 0x3, 0xf8, 0x7f, 0xc0, 0x1f, 0xe1,
    0xff, 0x0, 0x7f, 0x87, 0xfc, 0x3, 0xfc, 0x1f,
    0xf0, 0xf, 0xf0, 0x7f, 0xc0, 0x3f, 0xc1, 0xff,
    0x1, 0xfe, 0x7, 0xfc, 0x7, 0xf8, 0x1f, 0xf0,
    0x3f, 0xc0, 0x7f, 0xc0, 0xff, 0x1, 0xff, 0x7,
    0xfc, 0x7, 0xfc, 0x1f, 0xe0, 0x1f, 0xf0, 0x7f,
    0x80, 0x7f, 0xc3, 0xfc, 0x1, 0xff, 0xf, 0xff,
    0xff, 0xff, 0xff, 0xff, 0xff, 0xff, 0xff, 0xff,
    0xff, 0xff, 0xff, 0xff, 0xff, 0xff, 0xff, 0xff,
    0xff, 0xff, 0xff, 0xff, 0xff, 0xff, 0xff, 0xff,
    0xff, 0xff, 0xff, 0xff, 0xf0, 0x0, 0x7, 0xfc,
    0x0, 0x0, 0x1f, 0xf0, 0x0, 0x0, 0x7f, 0xc0,
    0x0, 0x1, 0xff, 0x0, 0x0, 0x7, 0xfc, 0x0,
    0x0, 0x1f, 0xf0, 0x0, 0x0, 0x7f, 0xc0, 0x0,
    0x1, 0xff, 0x0, 0x0, 0x7, 0xfc, 0x0, 0x0,
    0x1f, 0xf0,

    /* U+0035 "5" */
    0x3f, 0xff, 0xff, 0x8f, 0xff, 0xff, 0xe3, 0xff,
    0xff, 0xf8, 0xff, 0xff, 0xfe, 0x7f, 0xff, 0xff,
    0x9f, 0xff, 0xff, 0xe7, 0xff, 0xff, 0xf9, 0xff,
    0xff, 0xfe, 0x7f, 0xc0, 0x0, 0x1f, 0xf0, 0x0,
    0x7, 0xfc, 0x0, 0x1, 0xff, 0x0, 0x0, 0x7f,
    0xc0, 0x0, 0x1f, 0xf0, 0x0, 0x7, 0xfc, 0x0,
    0x1, 0xff, 0x0, 0x0, 0x7f, 0xc0, 0x0, 0x1f,
    0xf0, 0xfc, 0x7, 0xfc, 0xff, 0xc1, 0xff, 0x7f,
    0xf8, 0x7f, 0xff, 0xff, 0x1f, 0xff, 0xff, 0xcf,
    0xff, 0xff, 0xfb, 0xff, 0xff, 0xfe, 0xff, 0xff,
    0xff, 0xbf, 0xf8, 0x7f, 0xff, 0xfc, 0xf, 0xff,
    0xff, 0x1, 0xff, 0xff, 0x80, 0x7f, 0xff, 0xe0,
    0x1f, 0xff, 0xf8, 0x7, 0xfc, 0x0, 0x1, 0xff,
    0x0, 0x0, 0x7f, 0xc0, 0x0, 0x1f, 0xf0, 0x0,
    0x7, 0xfc, 0x0, 0x1, 0xff, 0x0, 0x0, 0x7f,
    0xc0, 0x0, 0x1f, 0xff, 0xf8, 0x7, 0xff, 0xfe,
    0x1, 0xff, 0xff, 0x80, 0x7f, 0xff, 0xe0, 0x1f,
    0xff, 0xf8, 0x7, 0xff, 0xfe, 0x1, 0xff, 0xff,
    0x80, 0x7f, 0xff, 0xe0, 0x1f, 0xff, 0xf8, 0x7,
    0xff, 0xff, 0x3, 0xff, 0x7f, 0xe1, 0xff, 0x9f,
    0xff, 0xff, 0xe7, 0xff, 0xff, 0xf8, 0xff, 0xff,
    0xfc, 0x1f, 0xff, 0xfe, 0x7, 0xff, 0xff, 0x80,
    0x7f, 0xff, 0x80, 0xf, 0xff, 0xc0, 0x0, 0x7f,
    0x80, 0x0,

    /* U+0036 "6" */
    0x0, 0x7f, 0xc0, 0x0, 0x7f, 0xff, 0x0, 0x1f,
    0xff, 0xf0, 0x7, 0xff, 0xff, 0x1, 0xff, 0xff,
    0xf0, 0x7f, 0xff, 0xff, 0x1f, 0xff, 0xff, 0xe3,
    0xff, 0xff, 0xfe, 0x7f, 0xe0, 0xff, 0xdf, 0xf8,
    0xf, 0xff, 0xff, 0x1, 0xff, 0xff, 0xc0, 0x1f,
    0xff, 0xf8, 0x3, 0xff, 0xff, 0x0, 0x7f, 0xff,
    0xe0, 0xf, 0xff, 0xfc, 0x0, 0x0, 0xff, 0x80,
    0x0, 0x1f, 0xf0, 0x0, 0x3, 0xfe, 0x0, 0x0,
    0x7f, 0xc0, 0x0, 0xf, 0xf8, 0x0, 0x1, 0xff,
    0x7, 0xf0, 0x3f, 0xe3, 0xff, 0x87, 0xfc, 0xff,
    0xf8, 0xff, 0xbf, 0xff, 0x9f, 0xff, 0xff, 0xf3,
    0xff, 0xff, 0xff, 0x7f, 0xff, 0xff, 0xef, 0xff,
    0xff, 0xfd, 0xff, 0xc1, 0xff, 0xff, 0xf0, 0x1f,
    0xff, 0xfc, 0x3, 0xff, 0xff, 0x80, 0x3f, 0xff,
    0xf0, 0x7, 0xff, 0xfe, 0x0, 0xff, 0xff, 0xc0,
    0x1f, 0xff, 0xf8, 0x3, 0xff, 0xff, 0x0, 0x7f,
    0xff, 0xe0, 0xf, 0xff, 0xfc, 0x1, 0xff, 0xff,
    0x80, 0x3f, 0xff, 0xf0, 0x7, 0xff, 0xfe, 0x0,
    0xff, 0xff, 0xc0, 0x1f, 0xff, 0xf8, 0x3, 0xff,
    0xff, 0x0, 0x7f, 0xff, 0xe0, 0xf, 0xff, 0xfc,
    0x3, 0xff, 0xff, 0xc0, 0x7f, 0xef, 0xfc, 0x1f,
    0xf9, 0xff, 0xff, 0xff, 0x1f, 0xff, 0xff, 0xc3,
    0xff, 0xff, 0xf8, 0x3f, 0xff, 0xfe, 0x3, 0xff,
    0xff, 0x80, 0x3f, 0xff, 0xe0, 0x3, 0xff, 0xf8,
    0x0, 0xf, 0xf8, 0x0,

    /* U+0037 "7" */
    0xff, 0xff, 0xff, 0xff, 0xff, 0xff, 0xff, 0xff,
    0xff, 0xff, 0xff, 0xff, 0xff, 0xff, 0xff, 0xff,
    0xff, 0xff, 0xff, 0xff, 0xff, 0xff, 0xff, 0xff,
    0xff, 0xff, 0x0, 0x0, 0x7f, 0xc0, 0x0, 0x1f,
    0xf0, 0x0, 0x7, 0xf8, 0x0, 0x3, 0xfe, 0x0,
    0x0, 0xff, 0x80, 0x0, 0x3f, 0xc0, 0x0, 0xf,
    0xf0, 0x0, 0x7, 0xfc, 0x0, 0x1, 0xff, 0x0,
    0x0, 0x7f, 0x80, 0x0, 0x3f, 0xe0, 0x0, 0xf,
    0xf8, 0x0, 0x3, 0xfc, 0x0, 0x0, 0xff, 0x0,
    0x0, 0x7f, 0xc0, 0x0, 0x1f, 0xf0, 0x0, 0x7,
    0xf8, 0x0, 0x3, 0xfe, 0x0, 0x0, 0xff, 0x80,
    0x0, 0x3f, 0xc0, 0x0, 0xf, 0xf0, 0x0, 0x7,
    0xfc, 0x0, 0x1, 0xff, 0x0, 0x0, 0x7f, 0x80,
    0x0, 0x3f, 0xe0, 0x0, 0xf, 0xf8, 0x0, 0x3,
    0xfc, 0x0, 0x0, 0xff, 0x0, 0x0, 0x7f, 0xc0,
    0x0, 0x1f, 0xf0, 0x0, 0x7, 0xf8, 0x0, 0x3,
    0xfe, 0x0, 0x0, 0xff, 0x80, 0x0, 0x3f, 0xe0,
    0x0, 0xf, 0xf0, 0x0, 0x7, 0xfc, 0x0, 0x1,
    0xff, 0x0, 0x0, 0x7f, 0x80, 0x0, 0x3f, 0xe0,
    0x0, 0xf, 0xf8, 0x0, 0x3, 0xfe, 0x0, 0x1,
    0xff, 0x0, 0x0, 0x7f, 0xc0, 0x0, 0x1f, 0xf0,
    0x0, 0x7, 0xf8, 0x0, 0x3, 0xfe, 0x0, 0x0,
    0xff, 0x80, 0x0, 0x3f, 0xe0, 0x0,

    /* U+0038 "8" */
    0x0, 0x7f, 0xc0, 0x0, 0x3f, 0xff, 0x80, 0x7,
    0xff, 0xfc, 0x0, 0xff, 0xff, 0xe0, 0x1f, 0xff,
    0xff, 0x3, 0xff, 0xff, 0xf8, 0x7f, 0xff, 0xff,
    0xc7, 0xff, 0xff, 0xfc, 0x7f, 0xe0, 0xff, 0xcf,
    0xfc, 0x7, 0xfe, 0xff, 0xc0, 0x7f, 0xef, 0xf8,
    0x3, 0xfe, 0xff, 0x80, 0x3f, 0xef, 0xf8, 0x3,
    0xfe, 0xff, 0x80, 0x3f, 0xef, 0xf8, 0x3, 0xfe,
    0xff, 0x80, 0x3f, 0xef, 0xf8, 0x3, 0xfe, 0xff,
    0x80, 0x3f, 0xef, 0xf8, 0x3, 0xfe, 0xff, 0x80,
    0x3f, 0xe7, 0xfc, 0x7, 0xfc, 0x7f, 0xc0, 0x7f,
    0xc7, 0xfe, 0xf, 0xfc, 0x3f, 0xff, 0xff, 0x81,
    0xff, 0xff, 0xf0, 0xf, 0xff, 0xfe, 0x0, 0x3f,
    0xff, 0xc0, 0x7, 0xff, 0xfe, 0x1, 0xff, 0xff,
    0xf0, 0x3f, 0xff, 0xff, 0x83, 0xff, 0xff, 0xfc,
    0x7f, 0xf0, 0xff, 0xe7, 0xfc, 0x3, 0xfe, 0x7f,
    0xc0, 0x3f, 0xef, 0xf8, 0x1, 0xff, 0xff, 0x80,
    0x1f, 0xff, 0xf8, 0x1, 0xff, 0xff, 0x80, 0x1f,
    0xff, 0xf8, 0x1, 0xff, 0xff, 0x80, 0x1f, 0xff,
    0xf8, 0x1, 0xff, 0xff, 0x80, 0x1f, 0xff, 0xf8,
    0x1, 0xff, 0xff, 0x80, 0x1f, 0xff, 0xf8, 0x1,
    0xff, 0xff, 0x80, 0x1f, 0xff, 0xfc, 0x3, 0xff,
    0xff, 0xc0, 0x3f, 0xf7, 0xff, 0xf, 0xfe, 0x7f,
    0xff, 0xff, 0xe7, 0xff, 0xff, 0xfc, 0x3f, 0xff,
    0xff, 0xc1, 0xff, 0xff, 0xf8, 0xf, 0xff, 0xff,
    0x0, 0x7f, 0xff, 0xe0, 0x3, 0xff, 0xf8, 0x0,
    0x7, 0xfe, 0x0,

    /* U+0039 "9" */
    0x0, 0x7f, 0xc0, 0x0, 0x7f, 0xff, 0x0, 0x1f,
    0xff, 0xf0, 0x7, 0xff, 0xff, 0x1, 0xff, 0xff,
    0xf0, 0x7f, 0xff, 0xff, 0xf, 0xff, 0xff, 0xe3,
    0xff, 0xff, 0xfe, 0x7f, 0xe0, 0xff, 0xdf, 0xf8,
    0xf, 0xfb, 0xfe, 0x1, 0xff, 0xff, 0xc0, 0x1f,
    0xff, 0xf8, 0x3, 0xff, 0xff, 0x0, 0x7f, 0xff,
    0xe0, 0xf, 0xff, 0xfc, 0x1, 0xff, 0xff, 0x80,
    0x3f, 0xff, 0xf0, 0x7, 0xff, 0xfe, 0x0, 0xff,
    0xff, 0xc0, 0x1f, 0xff, 0xf8, 0x3, 0xff, 0xff,
    0x0, 0x7f, 0xff, 0xe0, 0xf, 0xff, 0xfc, 0x1,
    0xff, 0xff, 0x80, 0x3f, 0xff, 0xf0, 0x7, 0xff,
    0xff, 0x1, 0xff, 0xff, 0xe0, 0x3f, 0xff, 0xfe,
    0xf, 0xfe, 0xff, 0xff, 0xff, 0xdf, 0xff, 0xff,
    0xfb, 0xff, 0xff, 0xff, 0x3f, 0xff, 0xff, 0xe7,
    0xff, 0xf7, 0xfc, 0x7f, 0xfc, 0xff, 0x87, 0xff,
    0x1f, 0xf0, 0x3f, 0x83, 0xfe, 0x0, 0x0, 0x7f,
    0xc0, 0x0, 0xf, 0xf8, 0x0, 0x1, 0xff, 0x0,
    0x0, 0x3f, 0xe0, 0x0, 0x7, 0xfc, 0x0, 0x0,
    0xff, 0xff, 0xc0, 0x1f, 0xff, 0xf8, 0x3, 0xff,
    0xff, 0x0, 0x7f, 0xff, 0xe0, 0xf, 0xff, 0xfc,
    0x3, 0xff, 0xff, 0xc0, 0x7f, 0xcf, 0xfc, 0x1f,
    0xf9, 0xff, 0xff, 0xff, 0x3f, 0xff, 0xff, 0xe3,
    0xff, 0xff, 0xf8, 0x3f, 0xff, 0xfe, 0x3, 0xff,
    0xff, 0x80, 0x3f, 0xff, 0xe0, 0x3, 0xff, 0xf8,
    0x0, 0xf, 0xf8, 0x0,

    /* U+003A ":" */
    0xff, 0xff, 0xff, 0xff, 0xff, 0xff, 0xff, 0xff,
    0xff, 0x0, 0x0, 0x0, 0x0, 0x0, 0x0, 0x0,
    0x0, 0x0, 0x0, 0x0, 0x0, 0x0, 0x0, 0x0,
    0x0, 0x0, 0x0, 0x0, 0x0, 0x0, 0x0, 0x0,
    0x0, 0x0, 0x1, 0xff, 0xff, 0xff, 0xff, 0xff,
    0xff, 0xff, 0xff, 0xfe,

    /* U+003B ";" */
    0xff, 0xff, 0xff, 0xff, 0xff, 0xff, 0xff, 0xff,
    0xff, 0x0, 0x0, 0x0, 0x0, 0x0, 0x0, 0x0,
    0x0, 0x0, 0x0, 0x0, 0x0, 0x0, 0x0, 0x0,
    0x0, 0x0, 0x0, 0x0, 0x0, 0x0, 0x0, 0x0,
    0x0, 0x0, 0x1, 0xff, 0xff, 0xff, 0xff, 0xff,
    0xff, 0xff, 0xff, 0xfe, 0x3e, 0x3f, 0x1f, 0xf,
    0x8f, 0x87, 0xc3, 0xc3, 0xe1, 0xe0, 0xf0, 0x0,

    /* U+003C "<" */
    0x0, 0x0, 0x0, 0x80, 0x0, 0x1, 0xc0, 0x0,
    0x7, 0xe0, 0x0, 0xf, 0xf0, 0x0, 0x1f, 0xf8,
    0x0, 0x3f, 0xfc, 0x0, 0xff, 0xfe, 0x1, 0xff,
    0xfc, 0x3, 0xff, 0xf0, 0xf, 0xff, 0xe0, 0x1f,
    0xff, 0xc0, 0x1f, 0xff, 0x0, 0xf, 0xfe, 0x0,
    0x7, 0xfc, 0x0, 0x3, 0xfe, 0x0, 0x1, 0xff,
    0xc0, 0x0, 0xff, 0xfc, 0x0, 0x3f, 0xff, 0x80,
    0x3, 0xff, 0xf8, 0x0, 0x7f, 0xff, 0x0, 0xf,
    0xff, 0xe0, 0x0, 0xff, 0xfc, 0x0, 0x1f, 0xfe,
    0x0, 0x3, 0xff, 0x0, 0x0, 0x3f, 0x80, 0x0,
    0x7, 0xc0, 0x0, 0x0, 0xe0,

    /* U+003D "=" */
    0xff, 0xff, 0xff, 0xff, 0xff, 0xff, 0xff, 0xff,
    0xff, 0xff, 0xff, 0xff, 0xff, 0xff, 0xff, 0xff,
    0xff, 0xff, 0xff, 0xf0, 0x0, 0x0, 0x0, 0x0,
    0x0, 0x0, 0x0, 0x0, 0x0, 0x0, 0x0, 0x0,
    0x0, 0x0, 0x0, 0x0, 0x0, 0x0, 0x0, 0x0,
    0x0, 0x0, 0x3f, 0xff, 0xff, 0xff, 0xff, 0xff,
    0xff, 0xff, 0xff, 0xff, 0xff, 0xff, 0xff, 0xff,
    0xff, 0xff, 0xff, 0xff, 0xff, 0xfc,

    /* U+003E ">" */
    0x0, 0x0, 0x0, 0x70, 0x0, 0x0, 0x3e, 0x0,
    0x0, 0x1f, 0xc0, 0x0, 0xf, 0xfc, 0x0, 0x7,
    0xff, 0x80, 0x3, 0xff, 0xf0, 0x0, 0x7f, 0xff,
    0x0, 0xf, 0xff, 0xe0, 0x1, 0xff, 0xfc, 0x0,
    0x1f, 0xff, 0xc0, 0x3, 0xff, 0xf0, 0x0, 0x3f,
    0xf8, 0x0, 0x7, 0xfc, 0x0, 0x7, 0xfe, 0x0,
    0xf, 0xff, 0x0, 0x1f, 0xff, 0x80, 0x7f, 0xff,
    0x0, 0xff, 0xfe, 0x1, 0xff, 0xf8, 0x7, 0xff,
    0xf0, 0x7, 0xff, 0xe0, 0x3, 0xff, 0x80, 0x1,
    0xff, 0x0, 0x0, 0xfe, 0x0, 0x0, 0x7c, 0x0,
    0x0, 0x30, 0x0, 0x0, 0x0,

    /* U+003F "?" */
    0x0, 0x7f, 0x80, 0x0, 0xff, 0xfc, 0x0, 0x7f,
    0xff, 0x80, 0x7f, 0xff, 0xf0, 0x1f, 0xff, 0xfe,
    0xf, 0xff, 0xff, 0xc7, 0xff, 0xff, 0xf1, 0xff,
    0xff, 0xfe, 0x7f, 0xe1, 0xff, 0xbf, 0xf0, 0x3f,
    0xff, 0xf8, 0x7, 0xff, 0xfe, 0x1, 0xff, 0xff,
    0x80, 0x7f, 0xff, 0xe0, 0x1f, 0xff, 0xf8, 0x7,
    0xff, 0xfe, 0x1, 0xff, 0xff, 0x80, 0x7f, 0xff,
    0xe0, 0x1f, 0xff, 0xf8, 0xf, 0xff, 0xfe, 0x3,
    0xfe, 0x0, 0x0, 0xff, 0x80, 0x0, 0x7f, 0xe0,
    0x0, 0x1f, 0xf0, 0x0, 0xf, 0xfc, 0x0, 0x3,
    0xfe, 0x0, 0x1, 0xff, 0x80, 0x0, 0x7f, 0xc0,
    0x0, 0x3f, 0xf0, 0x0, 0x1f, 0xf8, 0x0, 0x7,
    0xfc, 0x0, 0x3, 0xfe, 0x0, 0x0, 0xff, 0x80,
    0x0, 0x7f, 0xc0, 0x0, 0x1f, 0xf0, 0x0, 0x7,
    0xf8, 0x0, 0x3, 0xfe, 0x0, 0x0, 0xff, 0x0,
    0x0, 0x3f, 0xc0, 0x0, 0xf, 0xf0, 0x0, 0x3,
    0xfc, 0x0, 0x0, 0xff, 0x0, 0x0, 0x3f, 0xc0,
    0x0, 0xf, 0xf0, 0x0, 0x0, 0x0, 0x0, 0x0,
    0x0, 0x0, 0x0, 0x0, 0x0, 0x0, 0x0, 0x0,
    0x0, 0x0, 0x0, 0x0, 0x0, 0x0, 0x0, 0x0,
    0x7f, 0xc0, 0x0, 0x1f, 0xf0, 0x0, 0x7, 0xfc,
    0x0, 0x1, 0xff, 0x0, 0x0, 0x7f, 0xc0, 0x0,
    0x1f, 0xf0, 0x0, 0x7, 0xfc, 0x0, 0x1, 0xff,
    0x0, 0x0,

    /* U+0040 "@" */
    0x0, 0x0, 0x0, 0xff, 0xf0, 0x0, 0x0, 0x0,
    0x0, 0xff, 0xff, 0xf0, 0x0, 0x0, 0x0, 0x7f,
    0xff, 0xff, 0xc0, 0x0, 0x0, 0x1f, 0xff, 0xff,
    0xff, 0x0, 0x0, 0x3, 0xff, 0xff, 0xff, 0xf8,
    0x0, 0x0, 0xff, 0xff, 0xff, 0xff, 0xc0, 0x0,
    0x1f, 0xff, 0xff, 0xff, 0xfe, 0x0, 0x3, 0xff,
    0xf0, 0x3, 0xff, 0xf0, 0x0, 0x7f, 0xf8, 0x0,
    0x7, 0xff, 0x0, 0xf, 0xfe, 0x0, 0x0, 0x1f,
    0xf8, 0x1, 0xff, 0xc0, 0x0, 0x0, 0xff, 0x80,
    0x1f, 0xf0, 0x0, 0x0, 0x7, 0xfc, 0x3, 0xfe,
    0x0, 0x0, 0x0, 0x3f, 0xc0, 0x7f, 0xe0, 0x0,
    0x0, 0x1, 0xfe, 0x7, 0xfc, 0x0, 0x0, 0x0,
    0x1f, 0xe0, 0xff, 0x80, 0x0, 0x0, 0x0, 0xfe,
    0xf, 0xf0, 0x3, 0xe0, 0xfe, 0xf, 0xe1, 0xff,
    0x0, 0xff, 0x8f, 0xe0, 0xfe, 0x1f, 0xe0, 0x1f,
    0xfc, 0xfe, 0xf, 0xf1, 0xfe, 0x3, 0xff, 0xef,
    0xe0, 0x7f, 0x3f, 0xe0, 0x7f, 0xff, 0xfe, 0x7,
    0xf3, 0xfc, 0x7, 0xff, 0xff, 0xe0, 0x7f, 0x3f,
    0xc0, 0xff, 0xff, 0xfe, 0x7, 0xf7, 0xfc, 0xf,
    0xff, 0xff, 0xe0, 0x7f, 0x7f, 0x80, 0xff, 0x87,
    0xfe, 0x7, 0xf7, 0xf8, 0x1f, 0xf0, 0x3f, 0xc0,
    0x7f, 0x7f, 0x81, 0xfe, 0x1, 0xfc, 0x7, 0xf7,
    0xf8, 0x1f, 0xe0, 0x1f, 0xc0, 0x7f, 0xff, 0x81,
    0xfe, 0x1, 0xfc, 0x7, 0xff, 0xf0, 0x1f, 0xe0,
    0x1f, 0xc0, 0x7f, 0xff, 0x1, 0xfe, 0x3, 0xfc,
    0xf, 0xff, 0xf0, 0x1f, 0xc0, 0x3f, 0xc0, 0xfe,
    0xff, 0x1, 0xfc, 0x3, 0xfc, 0xf, 0xef, 0xf0,
    0x3f, 0xc0, 0x3f, 0xc0, 0xfe, 0xff, 0x3, 0xfc,
    0x3, 0xf8, 0xf, 0xef, 0xf0, 0x3f, 0xc0, 0x3f,
    0x81, 0xfe, 0xff, 0x3, 0xfc, 0x3, 0xf8, 0x1f,
    0xcf, 0xf0, 0x3f, 0xc0, 0x7f, 0x81, 0xfc, 0xff,
    0x3, 0xfc, 0x7, 0xf8, 0x3f, 0x8f, 0xf0, 0x3f,
    0xe0, 0xff, 0x87, 0xf8, 0xff, 0x3, 0xff, 0xff,
    0xf8, 0xff, 0x8f, 0xf0, 0x3f, 0xff, 0xff, 0xff,
    0xf0, 0xff, 0x3, 0xff, 0xff, 0xff, 0xfe, 0x7,
    0xf8, 0x1f, 0xff, 0xff, 0xff, 0xe0, 0x7f, 0x81,
    0xff, 0xf7, 0xff, 0xfc, 0x7, 0xf8, 0xf, 0xff,
    0x3f, 0xff, 0x80, 0x7f, 0x80, 0x7f, 0xe3, 0xff,
    0xe0, 0x3, 0xfc, 0x1, 0xf8, 0x1f, 0xfc, 0x0,
    0x3f, 0xc0, 0x0, 0x0, 0x7f, 0x0, 0x3, 0xfe,
    0x0, 0x0, 0x0, 0x0, 0x0, 0x1f, 0xe0, 0x0,
    0x0, 0x0, 0x0, 0x1, 0xff, 0x0, 0x0, 0x0,
    0x0, 0x0, 0xf, 0xf8, 0x0, 0x0, 0x0, 0x20,
    0x0, 0xff, 0xc0, 0x0, 0x0, 0x6, 0x0, 0x7,
    0xfe, 0x0, 0x0, 0x0, 0xc0, 0x0, 0x7f, 0xf0,
    0x0, 0x0, 0x3c, 0x0, 0x3, 0xff, 0xc0, 0x0,
    0xf, 0xc0, 0x0, 0x1f, 0xff, 0x80, 0xf, 0xfc,
    0x0, 0x0, 0xff, 0xff, 0xff, 0xff, 0xc0, 0x0,
    0x7, 0xff, 0xff, 0xff, 0xfc, 0x0, 0x0, 0x1f,
    0xff, 0xff, 0xff, 0x80, 0x0, 0x0, 0x7f, 0xff,
    0xff, 0xe0, 0x0, 0x0, 0x1, 0xff, 0xff, 0xf0,
    0x0, 0x0, 0x0, 0x1, 0xff, 0xf0, 0x0, 0x0,

    /* U+0041 "A" */
    0x0, 0x7f, 0xf8, 0x0, 0x1, 0xff, 0xe0, 0x0,
    0x7, 0xff, 0x80, 0x0, 0x3f, 0xff, 0x0, 0x0,
    0xff, 0xfc, 0x0, 0x3, 0xff, 0xf0, 0x0, 0xf,
    0xff, 0xc0, 0x0, 0x3f, 0xff, 0x0, 0x0, 0xff,
    0xfc, 0x0, 0x3, 0xff, 0xf8, 0x0, 0x1f, 0xdf,
    0xe0, 0x0, 0x7f, 0x7f, 0x80, 0x1, 0xfd, 0xfe,
    0x0, 0x7, 0xf7, 0xf8, 0x0, 0x1f, 0xdf, 0xe0,
    0x0, 0x7f, 0x3f, 0xc0, 0x3, 0xfc, 0xff, 0x0,
    0xf, 0xf3, 0xfc, 0x0, 0x3f, 0x8f, 0xf0, 0x0,
    0xfe, 0x3f, 0xc0, 0x3, 0xf8, 0xff, 0x0, 0xf,
    0xe3, 0xfe, 0x0, 0x7f, 0x87, 0xf8, 0x1, 0xfe,
    0x1f, 0xe0, 0x7, 0xf8, 0x7f, 0x80, 0x1f, 0xc1,
    0xfe, 0x0, 0x7f, 0x7, 0xf8, 0x1, 0xfc, 0x1f,
    0xe0, 0xf, 0xf0, 0x7f, 0xc0, 0x3f, 0xc0, 0xff,
    0x0, 0xff, 0x3, 0xfc, 0x3, 0xfc, 0xf, 0xf0,
    0xf, 0xe0, 0x3f, 0xc0, 0x3f, 0x80, 0xff, 0x1,
    0xfe, 0x3, 0xfe, 0x7, 0xf8, 0xf, 0xf8, 0x1f,
    0xe0, 0x1f, 0xe0, 0x7f, 0xff, 0xff, 0x81, 0xff,
    0xff, 0xfe, 0x7, 0xff, 0xff, 0xf8, 0x3f, 0xff,
    0xff, 0xf0, 0xff, 0xff, 0xff, 0xc3, 0xff, 0xff,
    0xff, 0xf, 0xff, 0xff, 0xfc, 0x3f, 0xff, 0xff,
    0xf0, 0xff, 0x0, 0x3f, 0xc7, 0xfc, 0x0, 0xff,
    0x9f, 0xe0, 0x3, 0xfe, 0x7f, 0x80, 0xf, 0xf9,
    0xfe, 0x0, 0x3f, 0xe7, 0xf8, 0x0, 0x7f, 0x9f,
    0xe0, 0x1, 0xfe, 0x7f, 0x80, 0x7, 0xff, 0xfc,
    0x0, 0x1f, 0xff, 0xf0, 0x0, 0x7f, 0xff, 0xc0,
    0x1, 0xff,

    /* U+0042 "B" */
    0xff, 0xff, 0xc0, 0x1f, 0xff, 0xff, 0x3, 0xff,
    0xff, 0xf0, 0x7f, 0xff, 0xff, 0xf, 0xff, 0xff,
    0xf1, 0xff, 0xff, 0xff, 0x3f, 0xff, 0xff, 0xe7,
    0xff, 0xff, 0xfc, 0xff, 0x81, 0xff, 0xdf, 0xf0,
    0x1f, 0xfb, 0xfe, 0x1, 0xff, 0x7f, 0xc0, 0x3f,
    0xef, 0xf8, 0x7, 0xfd, 0xff, 0x0, 0xff, 0xbf,
    0xe0, 0x1f, 0xf7, 0xfc, 0x3, 0xfe, 0xff, 0x80,
    0x7f, 0xdf, 0xf0, 0xf, 0xfb, 0xfe, 0x1, 0xff,
    0x7f, 0xc0, 0x3f, 0xef, 0xf8, 0xf, 0xf9, 0xff,
    0x1, 0xff, 0x3f, 0xe0, 0x7f, 0xc7, 0xff, 0xff,
    0xf8, 0xff, 0xff, 0xfe, 0x1f, 0xff, 0xff, 0x83,
    0xff, 0xff, 0xc0, 0x7f, 0xff, 0xff, 0xf, 0xff,
    0xff, 0xf1, 0xff, 0xff, 0xff, 0x3f, 0xff, 0xff,
    0xe7, 0xfc, 0xf, 0xfe, 0xff, 0x80, 0x7f, 0xdf,
    0xf0, 0xf, 0xff, 0xfe, 0x0, 0xff, 0xff, 0xc0,
    0x1f, 0xff, 0xf8, 0x3, 0xff, 0xff, 0x0, 0x7f,
    0xff, 0xe0, 0xf, 0xff, 0xfc, 0x1, 0xff, 0xff,
    0x80, 0x3f, 0xff, 0xf0, 0x7, 0xff, 0xfe, 0x0,
    0xff, 0xff, 0xc0, 0x1f, 0xff, 0xf8, 0x3, 0xff,
    0xff, 0x0, 0x7f, 0xff, 0xe0, 0x1f, 0xff, 0xfc,
    0x7, 0xfe, 0xff, 0xff, 0xff, 0xdf, 0xff, 0xff,
    0xfb, 0xff, 0xff, 0xfe, 0x7f, 0xff, 0xff, 0xcf,
    0xff, 0xff, 0xf1, 0xff, 0xff, 0xfc, 0x3f, 0xff,
    0xfe, 0x7, 0xff, 0xfe, 0x0,

    /* U+0043 "C" */
    0x0, 0x7f, 0x80, 0x0, 0xff, 0xfc, 0x0, 0x7f,
    0xff, 0x80, 0x7f, 0xff, 0xf8, 0x1f, 0xff, 0xfe,
    0xf, 0xff, 0xff, 0xc7, 0xff, 0xff, 0xf9, 0xff,
    0xff, 0xfe, 0x7f, 0xe1, 0xff, 0xbf, 0xf0, 0x3f,
    0xff, 0xf8, 0x7, 0xff, 0xfe, 0x1, 0xff, 0xff,
    0x80, 0x7f, 0xff, 0xe0, 0x1f, 0xff, 0xf8, 0x7,
    0xff, 0xfe, 0x1, 0xff, 0xff, 0x80, 0x7f, 0xff,
    0xe0, 0x1f, 0xff, 0xf8, 0x7, 0xff, 0xfe, 0x1,
    0xff, 0xff, 0x80, 0x0, 0x3f, 0xe0, 0x0, 0xf,
    0xf8, 0x0, 0x3, 0xfe, 0x0, 0x0, 0xff, 0x80,
    0x0, 0x3f, 0xe0, 0x0, 0xf, 0xf8, 0x0, 0x3,
    0xfe, 0x0, 0x0, 0xff, 0x80, 0x0, 0x3f, 0xe0,
    0x0, 0xf, 0xf8, 0x0, 0x3, 0xfe, 0x0, 0x0,
    0xff, 0x80, 0x0, 0x3f, 0xe0, 0x0, 0xf, 0xf8,
    0x0, 0x3, 0xfe, 0x0, 0x0, 0xff, 0x80, 0x7f,
    0xff, 0xe0, 0x1f, 0xff, 0xf8, 0x7, 0xff, 0xfe,
    0x1, 0xff, 0xff, 0x80, 0x7f, 0xff, 0xe0, 0x1f,
    0xff, 0xf8, 0x7, 0xff, 0xfe, 0x1, 0xff, 0xff,
    0x80, 0x7f, 0xff, 0xe0, 0x1f, 0xff, 0xf8, 0x7,
    0xff, 0xfe, 0x1, 0xff, 0xff, 0xc0, 0xff, 0xdf,
    0xf8, 0x7f, 0xe7, 0xff, 0xff, 0xf9, 0xff, 0xff,
    0xfe, 0x3f, 0xff, 0xff, 0x7, 0xff, 0xff, 0x81,
    0xff, 0xff, 0xe0, 0x1f, 0xff, 0xe0, 0x3, 0xff,
    0xf0, 0x0, 0x1f, 0xe0, 0x0,

    /* U+0044 "D" */
    0xff, 0xff, 0xc0, 0x1f, 0xff, 0xff, 0x3, 0xff,
    0xff, 0xf8, 0x7f, 0xff, 0xff, 0x8f, 0xff, 0xff,
    0xf1, 0xff, 0xff, 0xff, 0x3f, 0xff, 0xff, 0xf7,
    0xff, 0xff, 0xfe, 0xff, 0x80, 0xff, 0xdf, 0xf0,
    0xf, 0xff, 0xfe, 0x0, 0xff, 0xff, 0xc0, 0x1f,
    0xff, 0xf8, 0x3, 0xff, 0xff, 0x0, 0x7f, 0xff,
    0xe0, 0xf, 0xff, 0xfc, 0x1, 0xff, 0xff, 0x80,
    0x3f, 0xff, 0xf0, 0x7, 0xff, 0xfe, 0x0, 0xff,
    0xff, 0xc0, 0x1f, 0xff, 0xf8, 0x3, 0xff, 0xff,
    0x0, 0x7f, 0xff, 0xe0, 0xf, 0xff, 0xfc, 0x1,
    0xff, 0xff, 0x80, 0x3f, 0xff, 0xf0, 0x7, 0xff,
    0xfe, 0x0, 0xff, 0xff, 0xc0, 0x1f, 0xff, 0xf8,
    0x3, 0xff, 0xff, 0x0, 0x7f, 0xff, 0xe0, 0xf,
    0xff, 0xfc, 0x1, 0xff, 0xff, 0x80, 0x3f, 0xff,
    0xf0, 0x7, 0xff, 0xfe, 0x0, 0xff, 0xff, 0xc0,
    0x1f, 0xff, 0xf8, 0x3, 0xff, 0xff, 0x0, 0x7f,
    0xff, 0xe0, 0xf, 0xff, 0xfc, 0x1, 0xff, 0xff,
    0x80, 0x3f, 0xff, 0xf0, 0x7, 0xff, 0xfe, 0x0,
    0xff, 0xff, 0xc0, 0x1f, 0xff, 0xf8, 0x3, 0xff,
    0xff, 0x0, 0x7f, 0xff, 0xe0, 0x1f, 0xff, 0xfc,
    0x7, 0xfe, 0xff, 0xff, 0xff, 0xdf, 0xff, 0xff,
    0xfb, 0xff, 0xff, 0xfe, 0x7f, 0xff, 0xff, 0x8f,
    0xff, 0xff, 0xf1, 0xff, 0xff, 0xfc, 0x3f, 0xff,
    0xfe, 0x7, 0xff, 0xfe, 0x0,

    /* U+0045 "E" */
    0xff, 0xff, 0xff, 0xff, 0xff, 0xff, 0xff, 0xff,
    0xff, 0xff, 0xff, 0xff, 0xff, 0xff, 0xff, 0xff,
    0xff, 0xff, 0xff, 0xff, 0xff, 0xff, 0xff, 0xff,
    0xff, 0x80, 0x0, 0xff, 0x80, 0x0, 0xff, 0x80,
    0x0, 0xff, 0x80, 0x0, 0xff, 0x80, 0x0, 0xff,
    0x80, 0x0, 0xff, 0x80, 0x0, 0xff, 0x80, 0x0,
    0xff, 0x80, 0x0, 0xff, 0x80, 0x0, 0xff, 0x80,
    0x0, 0xff, 0x80, 0x0, 0xff, 0x80, 0x0, 0xff,
    0x80, 0x0, 0xff, 0x80, 0x0, 0xff, 0xff, 0xf8,
    0xff, 0xff, 0xf8, 0xff, 0xff, 0xf8, 0xff, 0xff,
    0xf8, 0xff, 0xff, 0xf8, 0xff, 0xff, 0xf8, 0xff,
    0xff, 0xf8, 0xff, 0xff, 0xf8, 0xff, 0x80, 0x0,
    0xff, 0x80, 0x0, 0xff, 0x80, 0x0, 0xff, 0x80,
    0x0, 0xff, 0x80, 0x0, 0xff, 0x80, 0x0, 0xff,
    0x80, 0x0, 0xff, 0x80, 0x0, 0xff, 0x80, 0x0,
    0xff, 0x80, 0x0, 0xff, 0x80, 0x0, 0xff, 0x80,
    0x0, 0xff, 0x80, 0x0, 0xff, 0x80, 0x0, 0xff,
    0x80, 0x0, 0xff, 0x80, 0x0, 0xff, 0x80, 0x0,
    0xff, 0xff, 0xff, 0xff, 0xff, 0xff, 0xff, 0xff,
    0xff, 0xff, 0xff, 0xff, 0xff, 0xff, 0xff, 0xff,
    0xff, 0xff, 0xff, 0xff, 0xff, 0xff, 0xff, 0xff,

    /* U+0046 "F" */
    0xff, 0xff, 0xff, 0xff, 0xff, 0xff, 0xff, 0xff,
    0xff, 0xff, 0xff, 0xff, 0xff, 0xff, 0xff, 0xff,
    0xff, 0xff, 0xff, 0xff, 0xff, 0xff, 0xff, 0xff,
    0xff, 0x80, 0x0, 0xff, 0x80, 0x0, 0xff, 0x80,
    0x0, 0xff, 0x80, 0x0, 0xff, 0x80, 0x0, 0xff,
    0x80, 0x0, 0xff, 0x80, 0x0, 0xff, 0x80, 0x0,
    0xff, 0x80, 0x0, 0xff, 0x80, 0x0, 0xff, 0x80,
    0x0, 0xff, 0x80, 0x0, 0xff, 0x80, 0x0, 0xff,
    0x80, 0x0, 0xff, 0x80, 0x0, 0xff, 0x80, 0x0,
    0xff, 0xff, 0xf0, 0xff, 0xff, 0xf0, 0xff, 0xff,
    0xf0, 0xff, 0xff, 0xf0, 0xff, 0xff, 0xf0, 0xff,
    0xff, 0xf0, 0xff, 0xff, 0xf0, 0xff, 0xff, 0xf0,
    0xff, 0x80, 0x0, 0xff, 0x80, 0x0, 0xff, 0x80,
    0x0, 0xff, 0x80, 0x0, 0xff, 0x80, 0x0, 0xff,
    0x80, 0x0, 0xff, 0x80, 0x0, 0xff, 0x80, 0x0,
    0xff, 0x80, 0x0, 0xff, 0x80, 0x0, 0xff, 0x80,
    0x0, 0xff, 0x80, 0x0, 0xff, 0x80, 0x0, 0xff,
    0x80, 0x0, 0xff, 0x80, 0x0, 0xff, 0x80, 0x0,
    0xff, 0x80, 0x0, 0xff, 0x80, 0x0, 0xff, 0x80,
    0x0, 0xff, 0x80, 0x0, 0xff, 0x80, 0x0, 0xff,
    0x80, 0x0, 0xff, 0x80, 0x0, 0xff, 0x80, 0x0,

    /* U+0047 "G" */
    0x0, 0x7f, 0xc0, 0x0, 0x7f, 0xff, 0x0, 0x1f,
    0xff, 0xf0, 0x7, 0xff, 0xff, 0x1, 0xff, 0xff,
    0xf0, 0x7f, 0xff, 0xff, 0x1f, 0xff, 0xff, 0xf3,
    0xff, 0xff, 0xfe, 0x7f, 0xe0, 0xff, 0xdf, 0xf8,
    0xf, 0xff, 0xfe, 0x1, 0xff, 0xff, 0xc0, 0x1f,
    0xff, 0xf8, 0x3, 0xff, 0xff, 0x0, 0x7f, 0xff,
    0xe0, 0xf, 0xff, 0xfc, 0x1, 0xff, 0xff, 0x80,
    0x3f, 0xff, 0xf0, 0x7, 0xff, 0xfe, 0x0, 0xff,
    0xff, 0xc0, 0x0, 0xf, 0xf8, 0x0, 0x1, 0xff,
    0x0, 0x0, 0x3f, 0xe0, 0x0, 0x7, 0xfc, 0x0,
    0x0, 0xff, 0x80, 0x0, 0x1f, 0xf0, 0x7f, 0xff,
    0xfe, 0xf, 0xff, 0xff, 0xc1, 0xff, 0xff, 0xf8,
    0x3f, 0xff, 0xff, 0x7, 0xff, 0xff, 0xe0, 0xff,
    0xff, 0xfc, 0x1f, 0xff, 0xff, 0x83, 0xff, 0xff,
    0xf0, 0x7, 0xff, 0xfe, 0x0, 0xff, 0xff, 0xc0,
    0x1f, 0xff, 0xf8, 0x3, 0xff, 0xff, 0x0, 0x7f,
    0xff, 0xe0, 0xf, 0xff, 0xfc, 0x1, 0xff, 0xff,
    0x80, 0x3f, 0xff, 0xf0, 0x7, 0xff, 0xfe, 0x0,
    0xff, 0xff, 0xc0, 0x1f, 0xff, 0xf8, 0x3, 0xff,
    0xff, 0x0, 0x7f, 0xff, 0xe0, 0xf, 0xff, 0xfe,
    0x3, 0xff, 0xff, 0xc0, 0x7f, 0xcf, 0xfc, 0x1f,
    0xf9, 0xff, 0xff, 0xff, 0x3f, 0xff, 0xff, 0xc3,
    0xff, 0xff, 0xf8, 0x3f, 0xff, 0xfe, 0x3, 0xff,
    0xff, 0x80, 0x3f, 0xff, 0xe0, 0x3, 0xff, 0xf8,
    0x0, 0xf, 0xf8, 0x0,

    /* U+0048 "H" */
    0xff, 0x80, 0x3f, 0xff, 0xf0, 0x7, 0xff, 0xfe,
    0x0, 0xff, 0xff, 0xc0, 0x1f, 0xff, 0xf8, 0x3,
    0xff, 0xff, 0x0, 0x7f, 0xff, 0xe0, 0xf, 0xff,
    0xfc, 0x1, 0xff, 0xff, 0x80, 0x3f, 0xff, 0xf0,
    0x7, 0xff, 0xfe, 0x0, 0xff, 0xff, 0xc0, 0x1f,
    0xff, 0xf8, 0x3, 0xff, 0xff, 0x0, 0x7f, 0xff,
    0xe0, 0xf, 0xff, 0xfc, 0x1, 0xff, 0xff, 0x80,
    0x3f, 0xff, 0xf0, 0x7, 0xff, 0xfe, 0x0, 0xff,
    0xff, 0xc0, 0x1f, 0xff, 0xf8, 0x3, 0xff, 0xff,
    0x0, 0x7f, 0xff, 0xe0, 0xf, 0xff, 0xff, 0xff,
    0xff, 0xff, 0xff, 0xff, 0xff, 0xff, 0xff, 0xff,
    0xff, 0xff, 0xff, 0xff, 0xff, 0xff, 0xff, 0xff,
    0xff, 0xff, 0xff, 0xff, 0xff, 0xff, 0xff, 0xff,
    0xff, 0xfc, 0x1, 0xff, 0xff, 0x80, 0x3f, 0xff,
    0xf0, 0x7, 0xff, 0xfe, 0x0, 0xff, 0xff, 0xc0,
    0x1f, 0xff, 0xf8, 0x3, 0xff, 0xff, 0x0, 0x7f,
    0xff, 0xe0, 0xf, 0xff, 0xfc, 0x1, 0xff, 0xff,
    0x80, 0x3f, 0xff, 0xf0, 0x7, 0xff, 0xfe, 0x0,
    0xff, 0xff, 0xc0, 0x1f, 0xff, 0xf8, 0x3, 0xff,
    0xff, 0x0, 0x7f, 0xff, 0xe0, 0xf, 0xff, 0xfc,
    0x1, 0xff, 0xff, 0x80, 0x3f, 0xff, 0xf0, 0x7,
    0xff, 0xfe, 0x0, 0xff, 0xff, 0xc0, 0x1f, 0xff,
    0xf8, 0x3, 0xff, 0xff, 0x0, 0x7f, 0xff, 0xe0,
    0xf, 0xff, 0xfc, 0x1, 0xff,

    /* U+0049 "I" */
    0xff, 0xff, 0xff, 0xff, 0xff, 0xff, 0xff, 0xff,
    0xff, 0xff, 0xff, 0xff, 0xff, 0xff, 0xff, 0xff,
    0xff, 0xff, 0xff, 0xff, 0xff, 0xff, 0xff, 0xff,
    0xff, 0xff, 0xff, 0xff, 0xff, 0xff, 0xff, 0xff,
    0xff, 0xff, 0xff, 0xff, 0xff, 0xff, 0xff, 0xff,
    0xff, 0xff, 0xff, 0xff, 0xff, 0xff, 0xff, 0xff,
    0xff, 0xff, 0xff, 0xff, 0xff, 0xff, 0xff, 0xff,
    0xff, 0xff, 0xff, 0xff, 0xff, 0xff, 0xff,

    /* U+004A "J" */
    0x0, 0xff, 0x80, 0x7f, 0xc0, 0x3f, 0xe0, 0x1f,
    0xf0, 0xf, 0xf8, 0x7, 0xfc, 0x3, 0xfe, 0x1,
    0xff, 0x0, 0xff, 0x80, 0x7f, 0xc0, 0x3f, 0xe0,
    0x1f, 0xf0, 0xf, 0xf8, 0x7, 0xfc, 0x3, 0xfe,
    0x1, 0xff, 0x0, 0xff, 0x80, 0x7f, 0xc0, 0x3f,
    0xe0, 0x1f, 0xf0, 0xf, 0xf8, 0x7, 0xfc, 0x3,
    0xfe, 0x1, 0xff, 0x0, 0xff, 0x80, 0x7f, 0xc0,
    0x3f, 0xe0, 0x1f, 0xf0, 0xf, 0xf8, 0x7, 0xfc,
    0x3, 0xfe, 0x1, 0xff, 0x0, 0xff, 0x80, 0x7f,
    0xc0, 0x3f, 0xe0, 0x1f, 0xf0, 0xf, 0xf8, 0x7,
    0xfc, 0x3, 0xfe, 0x1, 0xff, 0x0, 0xff, 0x80,
    0x7f, 0xc0, 0x3f, 0xe0, 0x1f, 0xf0, 0xf, 0xf8,
    0x7, 0xfc, 0x7, 0xfe, 0x3, 0xff, 0x7, 0xff,
    0x7f, 0xff, 0xbf, 0xff, 0xdf, 0xff, 0xcf, 0xff,
    0xe7, 0xff, 0xe3, 0xff, 0xe1, 0xff, 0xc0, 0xff,
    0x80, 0x0,

    /* U+004B "K" */
    0xff, 0x80, 0xf, 0xff, 0xfc, 0x0, 0xff, 0xbf,
    0xe0, 0x7, 0xfd, 0xff, 0x0, 0x3f, 0xcf, 0xf8,
    0x3, 0xfe, 0x7f, 0xc0, 0x1f, 0xe3, 0xfe, 0x1,
    0xff, 0x1f, 0xf0, 0xf, 0xf0, 0xff, 0x80, 0xff,
    0x87, 0xfc, 0x7, 0xf8, 0x3f, 0xe0, 0x7f, 0xc1,
    0xff, 0x3, 0xfc, 0xf, 0xf8, 0x3f, 0xe0, 0x7f,
    0xc1, 0xfe, 0x3, 0xfe, 0x1f, 0xf0, 0x1f, 0xf0,
    0xff, 0x0, 0xff, 0x8f, 0xf8, 0x7, 0xfc, 0x7f,
    0x80, 0x3f, 0xe7, 0xfc, 0x1, 0xff, 0x3f, 0xc0,
    0xf, 0xfb, 0xfe, 0x0, 0x7f, 0xdf, 0xf0, 0x3,
    0xfe, 0xff, 0x80, 0x1f, 0xff, 0xfc, 0x0, 0xff,
    0xff, 0xf0, 0x7, 0xff, 0xff, 0x80, 0x3f, 0xff,
    0xfc, 0x1, 0xff, 0xff, 0xf0, 0xf, 0xff, 0xff,
    0x80, 0x7f, 0xff, 0xfc, 0x3, 0xff, 0xff, 0xf0,
    0x1f, 0xfe, 0xff, 0x80, 0xff, 0xf7, 0xfc, 0x7,
    0xff, 0x3f, 0xe0, 0x3f, 0xf8, 0xff, 0x81, 0xff,
    0x87, 0xfc, 0xf, 0xfc, 0x3f, 0xe0, 0x7f, 0xc1,
    0xff, 0x83, 0xfe, 0x7, 0xfc, 0x1f, 0xf0, 0x3f,
    0xe0, 0xff, 0x81, 0xff, 0x87, 0xfc, 0x7, 0xfc,
    0x3f, 0xe0, 0x3f, 0xe1, 0xff, 0x1, 0xff, 0xf,
    0xf8, 0x7, 0xfc, 0x7f, 0xc0, 0x3f, 0xe3, 0xfe,
    0x1, 0xff, 0x1f, 0xf0, 0xf, 0xfc, 0xff, 0x80,
    0x3f, 0xe7, 0xfc, 0x1, 0xff, 0x3f, 0xe0, 0xf,
    0xfd, 0xff, 0x0, 0x3f, 0xef, 0xf8, 0x1, 0xff,
    0x7f, 0xc0, 0xf, 0xfb, 0xfe, 0x0, 0x3f, 0xff,
    0xf0, 0x1, 0xff,

    /* U+004C "L" */
    0xff, 0x80, 0x0, 0xff, 0x80, 0x0, 0xff, 0x80,
    0x0, 0xff, 0x80, 0x0, 0xff, 0x80, 0x0, 0xff,
    0x80, 0x0, 0xff, 0x80, 0x0, 0xff, 0x80, 0x0,
    0xff, 0x80, 0x0, 0xff, 0x80, 0x0, 0xff, 0x80,
    0x0, 0xff, 0x80, 0x0, 0xff, 0x80, 0x0, 0xff,
    0x80, 0x0, 0xff, 0x80, 0x0, 0xff, 0x80, 0x0,
    0xff, 0x80, 0x0, 0xff, 0x80, 0x0, 0xff, 0x80,
    0x0, 0xff, 0x80, 0x0, 0xff, 0x80, 0x0, 0xff,
    0x80, 0x0, 0xff, 0x80, 0x0, 0xff, 0x80, 0x0,
    0xff, 0x80, 0x0, 0xff, 0x80, 0x0, 0xff, 0x80,
    0x0, 0xff, 0x80, 0x0, 0xff, 0x80, 0x0, 0xff,
    0x80, 0x0, 0xff, 0x80, 0x0, 0xff, 0x80, 0x0,
    0xff, 0x80, 0x0, 0xff, 0x80, 0x0, 0xff, 0x80,
    0x0, 0xff, 0x80, 0x0, 0xff, 0x80, 0x0, 0xff,
    0x80, 0x0, 0xff, 0x80, 0x0, 0xff, 0x80, 0x0,
    0xff, 0x80, 0x0, 0xff, 0x80, 0x0, 0xff, 0x80,
    0x0, 0xff, 0x80, 0x0, 0xff, 0x80, 0x0, 0xff,
    0x80, 0x0, 0xff, 0x80, 0x0, 0xff, 0x80, 0x0,
    0xff, 0xff, 0xff, 0xff, 0xff, 0xff, 0xff, 0xff,
    0xff, 0xff, 0xff, 0xff, 0xff, 0xff, 0xff, 0xff,
    0xff, 0xff, 0xff, 0xff, 0xff, 0xff, 0xff, 0xff,

    /* U+004D "M" */
    0xff, 0xf8, 0x0, 0xff, 0xff, 0xff, 0xc0, 0x7,
    0xff, 0xff, 0xfe, 0x0, 0x7f, 0xff, 0xff, 0xf0,
    0x3, 0xff, 0xff, 0xff, 0x80, 0x1f, 0xff, 0xff,
    0xfc, 0x0, 0xff, 0xff, 0xff, 0xf0, 0x7, 0xff,
    0xff, 0xff, 0x80, 0x3f, 0xff, 0xff, 0xfc, 0x1,
    0xff, 0xff, 0xff, 0xe0, 0xf, 0xff, 0xff, 0xff,
    0x0, 0xff, 0xff, 0xff, 0xf8, 0x7, 0xff, 0xff,
    0xff, 0xc0, 0x3f, 0xff, 0xff, 0xff, 0x1, 0xff,
    0xff, 0xff, 0xf8, 0xf, 0xff, 0xff, 0xff, 0xc0,
    0x7f, 0xff, 0xff, 0xfe, 0x3, 0xef, 0xff, 0xfb,
    0xf0, 0x3f, 0x7f, 0xff, 0xdf, 0x81, 0xfb, 0xff,
    0xfe, 0xfc, 0xf, 0xdf, 0xff, 0xf7, 0xf0, 0x7e,
    0xff, 0xff, 0xbf, 0x83, 0xf7, 0xff, 0xfd, 0xfc,
    0x1f, 0xbf, 0xff, 0xef, 0xe0, 0xf9, 0xff, 0xff,
    0x3f, 0xf, 0xcf, 0xff, 0xf9, 0xf8, 0x7e, 0x7f,
    0xff, 0xcf, 0xc3, 0xf3, 0xff, 0xfe, 0x7e, 0x1f,
    0x9f, 0xff, 0xf3, 0xf8, 0xfc, 0xff, 0xff, 0x9f,
    0xc7, 0xc7, 0xff, 0xfc, 0x7e, 0x3e, 0x3f, 0xff,
    0xe3, 0xf1, 0xf1, 0xff, 0xff, 0x1f, 0x9f, 0x8f,
    0xff, 0xf8, 0xfc, 0xfc, 0x7f, 0xff, 0xc7, 0xe7,
    0xe3, 0xff, 0xfe, 0x3f, 0xbf, 0x1f, 0xff, 0xf1,
    0xfd, 0xf0, 0xff, 0xff, 0x87, 0xef, 0x87, 0xff,
    0xfc, 0x3f, 0x7c, 0x3f, 0xff, 0xe1, 0xff, 0xe1,
    0xff, 0xff, 0xf, 0xff, 0xf, 0xff, 0xf8, 0x7f,
    0xf8, 0x7f, 0xff, 0xc3, 0xff, 0xc3, 0xff, 0xfe,
    0x1f, 0xfc, 0x1f, 0xff, 0xf0, 0x7f, 0xe0, 0xff,
    0xff, 0x83, 0xff, 0x7, 0xff, 0xfc, 0x1f, 0xf8,
    0x3f, 0xff, 0xe0, 0xff, 0xc1, 0xff, 0xff, 0x7,
    0xfe, 0xf, 0xff, 0xf8, 0x3f, 0xf0, 0x7f, 0xff,
    0xc0, 0xff, 0x3, 0xff, 0xfe, 0x7, 0xf8, 0x1f,
    0xff, 0xf0, 0x3f, 0xc0, 0xff, 0xff, 0x81, 0xfe,
    0x7, 0xff, 0xfc, 0xf, 0xf0, 0x3f, 0xff, 0xe0,
    0x7f, 0x81, 0xff,

    /* U+004E "N" */
    0xff, 0xe0, 0xf, 0xff, 0xff, 0x0, 0xff, 0xff,
    0xf0, 0xf, 0xff, 0xff, 0x0, 0xff, 0xff, 0xf0,
    0xf, 0xff, 0xff, 0x80, 0xff, 0xff, 0xf8, 0xf,
    0xff, 0xff, 0x80, 0xff, 0xff, 0xf8, 0xf, 0xff,
    0xff, 0xc0, 0xff, 0xff, 0xfc, 0xf, 0xff, 0xff,
    0xc0, 0xff, 0xff, 0xfc, 0xf, 0xff, 0xff, 0xe0,
    0xff, 0xff, 0xfe, 0xf, 0xff, 0xff, 0xe0, 0xff,
    0xff, 0xff, 0xf, 0xff, 0xf7, 0xf0, 0xff, 0xff,
    0x7f, 0xf, 0xff, 0xf7, 0xf0, 0xff, 0xff, 0x7f,
    0x8f, 0xff, 0xf3, 0xf8, 0xff, 0xff, 0x3f, 0x8f,
    0xff, 0xf3, 0xf8, 0xff, 0xff, 0x3f, 0xcf, 0xff,
    0xf1, 0xfc, 0xff, 0xff, 0x1f, 0xcf, 0xff, 0xf1,
    0xfc, 0xff, 0xff, 0xf, 0xef, 0xff, 0xf0, 0xfe,
    0xff, 0xff, 0xf, 0xef, 0xff, 0xf0, 0xfe, 0xff,
    0xff, 0x7, 0xff, 0xff, 0xf0, 0x7f, 0xff, 0xff,
    0x7, 0xff, 0xff, 0xf0, 0x7f, 0xff, 0xff, 0x3,
    0xff, 0xff, 0xf0, 0x3f, 0xff, 0xff, 0x3, 0xff,
    0xff, 0xf0, 0x3f, 0xff, 0xff, 0x1, 0xff, 0xff,
    0xf0, 0x1f, 0xff, 0xff, 0x1, 0xff, 0xff, 0xf0,
    0xf, 0xff, 0xff, 0x0, 0xff, 0xff, 0xf0, 0xf,
    0xff, 0xff, 0x0, 0xff, 0xff, 0xf0, 0x7, 0xff,
    0xff, 0x0, 0x7f, 0xff, 0xf0, 0x7, 0xff, 0xff,
    0x0, 0x7f, 0xff, 0xf0, 0x3, 0xff, 0xff, 0x0,
    0x3f, 0xff, 0xf0, 0x3, 0xff, 0xff, 0x0, 0x3f,
    0xff, 0xf0, 0x1, 0xff,

    /* U+004F "O" */
    0x0, 0x7f, 0xc0, 0x0, 0x7f, 0xff, 0x0, 0x1f,
    0xff, 0xf0, 0x7, 0xff, 0xff, 0x1, 0xff, 0xff,
    0xf0, 0x7f, 0xff, 0xff, 0xf, 0xff, 0xff, 0xe3,
    0xff, 0xff, 0xfe, 0x7f, 0xe0, 0xff, 0xdf, 0xf8,
    0xf, 0xfb, 0xfe, 0x1, 0xff, 0xff, 0xc0, 0x1f,
    0xff, 0xf8, 0x3, 0xff, 0xff, 0x0, 0x7f, 0xff,
    0xe0, 0xf, 0xff, 0xfc, 0x1, 0xff, 0xff, 0x80,
    0x3f, 0xff, 0xf0, 0x7, 0xff, 0xfe, 0x0, 0xff,
    0xff, 0xc0, 0x1f, 0xff, 0xf8, 0x3, 0xff, 0xff,
    0x0, 0x7f, 0xff, 0xe0, 0xf, 0xff, 0xfc, 0x1,
    0xff, 0xff, 0x80, 0x3f, 0xff, 0xf0, 0x7, 0xff,
    0xfe, 0x0, 0xff, 0xff, 0xc0, 0x1f, 0xff, 0xf8,
    0x3, 0xff, 0xff, 0x0, 0x7f, 0xff, 0xe0, 0xf,
    0xff, 0xfc, 0x1, 0xff, 0xff, 0x80, 0x3f, 0xff,
    0xf0, 0x7, 0xff, 0xfe, 0x0, 0xff, 0xff, 0xc0,
    0x1f, 0xff, 0xf8, 0x3, 0xff, 0xff, 0x0, 0x7f,
    0xff, 0xe0, 0xf, 0xff, 0xfc, 0x1, 0xff, 0xff,
    0x80, 0x3f, 0xff, 0xf0, 0x7, 0xff, 0xfe, 0x0,
    0xff, 0xff, 0xc0, 0x1f, 0xff, 0xf8, 0x3, 0xff,
    0xff, 0x0, 0x7f, 0xff, 0xe0, 0xf, 0xff, 0xfe,
    0x3, 0xff, 0xff, 0xc0, 0x7f, 0xef, 0xfc, 0x1f,
    0xf9, 0xff, 0xff, 0xff, 0x1f, 0xff, 0xff, 0xc3,
    0xff, 0xff, 0xf8, 0x3f, 0xff, 0xfe, 0x3, 0xff,
    0xff, 0x80, 0x3f, 0xff, 0xe0, 0x3, 0xff, 0xf8,
    0x0, 0xf, 0xf8, 0x0,

    /* U+0050 "P" */
    0xff, 0xff, 0x80, 0x3f, 0xff, 0xfc, 0xf, 0xff,
    0xff, 0xc3, 0xff, 0xff, 0xf8, 0xff, 0xff, 0xff,
    0x3f, 0xff, 0xff, 0xcf, 0xff, 0xff, 0xfb, 0xff,
    0xff, 0xfe, 0xff, 0x81, 0xff, 0xbf, 0xe0, 0x3f,
    0xff, 0xf8, 0x7, 0xff, 0xfe, 0x1, 0xff, 0xff,
    0x80, 0x7f, 0xff, 0xe0, 0x1f, 0xff, 0xf8, 0x7,
    0xff, 0xfe, 0x1, 0xff, 0xff, 0x80, 0x7f, 0xff,
    0xe0, 0x1f, 0xff, 0xf8, 0x7, 0xff, 0xfe, 0x1,
    0xff, 0xff, 0x80, 0x7f, 0xff, 0xe0, 0x1f, 0xff,
    0xf8, 0x7, 0xff, 0xfe, 0x3, 0xff, 0xff, 0x81,
    0xff, 0xbf, 0xff, 0xff, 0xef, 0xff, 0xff, 0xfb,
    0xff, 0xff, 0xfc, 0xff, 0xff, 0xff, 0x3f, 0xff,
    0xff, 0x8f, 0xff, 0xff, 0xc3, 0xff, 0xff, 0xc0,
    0xff, 0xff, 0x80, 0x3f, 0xe0, 0x0, 0xf, 0xf8,
    0x0, 0x3, 0xfe, 0x0, 0x0, 0xff, 0x80, 0x0,
    0x3f, 0xe0, 0x0, 0xf, 0xf8, 0x0, 0x3, 0xfe,
    0x0, 0x0, 0xff, 0x80, 0x0, 0x3f, 0xe0, 0x0,
    0xf, 0xf8, 0x0, 0x3, 0xfe, 0x0, 0x0, 0xff,
    0x80, 0x0, 0x3f, 0xe0, 0x0, 0xf, 0xf8, 0x0,
    0x3, 0xfe, 0x0, 0x0, 0xff, 0x80, 0x0, 0x3f,
    0xe0, 0x0, 0xf, 0xf8, 0x0, 0x3, 0xfe, 0x0,
    0x0, 0xff, 0x80, 0x0, 0x3f, 0xe0, 0x0, 0xf,
    0xf8, 0x0, 0x3, 0xfe, 0x0, 0x0,

    /* U+0051 "Q" */
    0x0, 0x7f, 0xc0, 0x0, 0x1f, 0xff, 0xc0, 0x1,
    0xff, 0xff, 0x0, 0x1f, 0xff, 0xfc, 0x1, 0xff,
    0xff, 0xf0, 0x1f, 0xff, 0xff, 0xc0, 0xff, 0xff,
    0xfe, 0xf, 0xff, 0xff, 0xf8, 0x7f, 0xe0, 0xff,
    0xc7, 0xfe, 0x3, 0xff, 0x3f, 0xe0, 0x1f, 0xf9,
    0xff, 0x0, 0x7f, 0xcf, 0xf8, 0x3, 0xfe, 0x7f,
    0xc0, 0x1f, 0xf3, 0xfe, 0x0, 0xff, 0x9f, 0xf0,
    0x7, 0xfc, 0xff, 0x80, 0x3f, 0xe7, 0xfc, 0x1,
    0xff, 0x3f, 0xe0, 0xf, 0xf9, 0xff, 0x0, 0x7f,
    0xcf, 0xf8, 0x3, 0xfe, 0x7f, 0xc0, 0x1f, 0xf3,
    0xfe, 0x0, 0xff, 0x9f, 0xf0, 0x7, 0xfc, 0xff,
    0x80, 0x3f, 0xe7, 0xfc, 0x1, 0xff, 0x3f, 0xe0,
    0xf, 0xf9, 0xff, 0x0, 0x7f, 0xcf, 0xf8, 0x3,
    0xfe, 0x7f, 0xc0, 0x1f, 0xf3, 0xfe, 0x0, 0xff,
    0x9f, 0xf0, 0x7, 0xfc, 0xff, 0x80, 0x3f, 0xe7,
    0xfc, 0x1, 0xff, 0x3f, 0xe0, 0xf, 0xf9, 0xff,
    0x0, 0x7f, 0xcf, 0xf8, 0x3, 0xfe, 0x7f, 0xc0,
    0x1f, 0xf3, 0xfe, 0x0, 0xff, 0x9f, 0xf0, 0x7,
    0xfc, 0xff, 0x80, 0x3f, 0xe7, 0xfc, 0x1, 0xff,
    0x3f, 0xe0, 0xf, 0xf9, 0xff, 0x0, 0x7f, 0xcf,
    0xf8, 0x3, 0xfe, 0x7f, 0xc0, 0x1f, 0xf3, 0xfe,
    0x0, 0xff, 0x9f, 0xf8, 0xf, 0xfc, 0xff, 0xc0,
    0x7f, 0xc3, 0xff, 0x7, 0xfe, 0x1f, 0xff, 0xff,
    0xf0, 0x7f, 0xff, 0xff, 0x3, 0xff, 0xff, 0xf8,
    0xf, 0xff, 0xff, 0xc0, 0x3f, 0xff, 0xff, 0xe0,
    0xff, 0xff, 0xff, 0x3, 0xff, 0xff, 0xf8, 0x3,
    0xfe, 0xff, 0xc0, 0x0, 0x3, 0xfe, 0x0, 0x0,
    0xf, 0xf0, 0x0, 0x0, 0x3f, 0x80, 0x0, 0x0,
    0xfc,

    /* U+0052 "R" */
    0xff, 0xff, 0xc0, 0x1f, 0xff, 0xff, 0x3, 0xff,
    0xff, 0xf0, 0x7f, 0xff, 0xff, 0xf, 0xff, 0xff,
    0xf1, 0xff, 0xff, 0xff, 0x3f, 0xff, 0xff, 0xe7,
    0xff, 0xff, 0xfc, 0xff, 0x81, 0xff, 0xdf, 0xf0,
    0x1f, 0xfb, 0xfe, 0x1, 0xff, 0x7f, 0xc0, 0x3f,
    0xef, 0xf8, 0x7, 0xfd, 0xff, 0x0, 0xff, 0xbf,
    0xe0, 0x1f, 0xf7, 0xfc, 0x3, 0xfe, 0xff, 0x80,
    0x7f, 0xdf, 0xf0, 0xf, 0xfb, 0xfe, 0x1, 0xff,
    0x7f, 0xc0, 0x3f, 0xef, 0xf8, 0x7, 0xfd, 0xff,
    0x1, 0xff, 0x3f, 0xe0, 0x3f, 0xe7, 0xfc, 0xf,
    0xf8, 0xff, 0xff, 0xff, 0x1f, 0xff, 0xff, 0xc3,
    0xff, 0xff, 0xf0, 0x7f, 0xff, 0xf8, 0xf, 0xff,
    0xff, 0xc1, 0xff, 0xff, 0xfc, 0x3f, 0xff, 0xff,
    0xc7, 0xff, 0xff, 0xfc, 0xff, 0x83, 0xff, 0x9f,
    0xf0, 0x1f, 0xf3, 0xfe, 0x3, 0xff, 0x7f, 0xc0,
    0x3f, 0xef, 0xf8, 0x7, 0xfd, 0xff, 0x0, 0xff,
    0xbf, 0xe0, 0x1f, 0xf7, 0xfc, 0x3, 0xfe, 0xff,
    0x80, 0x7f, 0xdf, 0xf0, 0xf, 0xfb, 0xfe, 0x1,
    0xff, 0x7f, 0xc0, 0x3f, 0xef, 0xf8, 0x7, 0xfd,
    0xff, 0x0, 0xff, 0xbf, 0xe0, 0x1f, 0xf7, 0xfc,
    0x3, 0xfe, 0xff, 0x80, 0x7f, 0xdf, 0xf0, 0xf,
    0xfb, 0xfe, 0x1, 0xff, 0x7f, 0xc0, 0x3f, 0xef,
    0xf8, 0x7, 0xfd, 0xff, 0x0, 0xff, 0xbf, 0xe0,
    0x1f, 0xf7, 0xfc, 0x1, 0xff,

    /* U+0053 "S" */
    0x0, 0x7f, 0x80, 0x0, 0xff, 0xfc, 0x0, 0x7f,
    0xff, 0xc0, 0x3f, 0xff, 0xf8, 0x1f, 0xff, 0xfe,
    0xf, 0xff, 0xff, 0xc7, 0xff, 0xff, 0xf9, 0xff,
    0xff, 0xfe, 0x7f, 0xe1, 0xff, 0xbf, 0xf0, 0x3f,
    0xff, 0xf8, 0x7, 0xff, 0xfe, 0x1, 0xff, 0xff,
    0x80, 0x7f, 0xff, 0xe0, 0x1f, 0xff, 0xf8, 0x7,
    0xff, 0xfe, 0x1, 0xff, 0xff, 0x80, 0x0, 0x3f,
    0xf0, 0x0, 0xf, 0xfc, 0x0, 0x1, 0xff, 0x80,
    0x0, 0x7f, 0xf0, 0x0, 0x1f, 0xfc, 0x0, 0x3,
    0xff, 0x80, 0x0, 0xff, 0xf0, 0x0, 0x1f, 0xfe,
    0x0, 0x3, 0xff, 0xc0, 0x0, 0x7f, 0xf8, 0x0,
    0x1f, 0xff, 0x80, 0x3, 0xff, 0xf0, 0x0, 0x7f,
    0xfc, 0x0, 0xf, 0xff, 0x80, 0x1, 0xff, 0xf0,
    0x0, 0x1f, 0xfe, 0x0, 0x3, 0xff, 0x80, 0x0,
    0x7f, 0xf0, 0x0, 0x1f, 0xfc, 0x0, 0x3, 0xff,
    0x80, 0x0, 0x7f, 0xe0, 0x0, 0xf, 0xf8, 0x0,
    0x3, 0xff, 0x0, 0x0, 0xff, 0xff, 0xe0, 0x1f,
    0xff, 0xf8, 0x7, 0xff, 0xfe, 0x1, 0xff, 0xff,
    0x80, 0x7f, 0xff, 0xe0, 0x1f, 0xff, 0xf8, 0x7,
    0xff, 0xfe, 0x1, 0xff, 0xff, 0xc0, 0xff, 0xdf,
    0xf8, 0x7f, 0xe7, 0xff, 0xff, 0xf9, 0xff, 0xff,
    0xfe, 0x3f, 0xff, 0xff, 0x7, 0xff, 0xff, 0x81,
    0xff, 0xff, 0xc0, 0x3f, 0xff, 0xe0, 0x3, 0xff,
    0xf0, 0x0, 0x3f, 0xe0, 0x0,

    /* U+0054 "T" */
    0xff, 0xff, 0xff, 0xff, 0xff, 0xff, 0xff, 0xff,
    0xff, 0xff, 0xff, 0xff, 0xff, 0xff, 0xff, 0xff,
    0xff, 0xff, 0xff, 0xff, 0xff, 0xff, 0xff, 0xff,
    0xff, 0xff, 0xff, 0x0, 0x7f, 0xc0, 0x0, 0xf,
    0xf8, 0x0, 0x1, 0xff, 0x0, 0x0, 0x3f, 0xe0,
    0x0, 0x7, 0xfc, 0x0, 0x0, 0xff, 0x80, 0x0,
    0x1f, 0xf0, 0x0, 0x3, 0xfe, 0x0, 0x0, 0x7f,
    0xc0, 0x0, 0xf, 0xf8, 0x0, 0x1, 0xff, 0x0,
    0x0, 0x3f, 0xe0, 0x0, 0x7, 0xfc, 0x0, 0x0,
    0xff, 0x80, 0x0, 0x1f, 0xf0, 0x0, 0x3, 0xfe,
    0x0, 0x0, 0x7f, 0xc0, 0x0, 0xf, 0xf8, 0x0,
    0x1, 0xff, 0x0, 0x0, 0x3f, 0xe0, 0x0, 0x7,
    0xfc, 0x0, 0x0, 0xff, 0x80, 0x0, 0x1f, 0xf0,
    0x0, 0x3, 0xfe, 0x0, 0x0, 0x7f, 0xc0, 0x0,
    0xf, 0xf8, 0x0, 0x1, 0xff, 0x0, 0x0, 0x3f,
    0xe0, 0x0, 0x7, 0xfc, 0x0, 0x0, 0xff, 0x80,
    0x0, 0x1f, 0xf0, 0x0, 0x3, 0xfe, 0x0, 0x0,
    0x7f, 0xc0, 0x0, 0xf, 0xf8, 0x0, 0x1, 0xff,
    0x0, 0x0, 0x3f, 0xe0, 0x0, 0x7, 0xfc, 0x0,
    0x0, 0xff, 0x80, 0x0, 0x1f, 0xf0, 0x0, 0x3,
    0xfe, 0x0, 0x0, 0x7f, 0xc0, 0x0, 0xf, 0xf8,
    0x0, 0x1, 0xff, 0x0, 0x0, 0x3f, 0xe0, 0x0,
    0x7, 0xfc, 0x0, 0x0, 0xff, 0x80, 0x0, 0x1f,
    0xf0, 0x0, 0x3, 0xfe, 0x0,

    /* U+0055 "U" */
    0xff, 0x80, 0x7f, 0xff, 0xe0, 0x1f, 0xff, 0xf8,
    0x7, 0xff, 0xfe, 0x1, 0xff, 0xff, 0x80, 0x7f,
    0xff, 0xe0, 0x1f, 0xff, 0xf8, 0x7, 0xff, 0xfe,
    0x1, 0xff, 0xff, 0x80, 0x7f, 0xff, 0xe0, 0x1f,
    0xff, 0xf8, 0x7, 0xff, 0xfe, 0x1, 0xff, 0xff,
    0x80, 0x7f, 0xff, 0xe0, 0x1f, 0xff, 0xf8, 0x7,
    0xff, 0xfe, 0x1, 0xff, 0xff, 0x80, 0x7f, 0xff,
    0xe0, 0x1f, 0xff, 0xf8, 0x7, 0xff, 0xfe, 0x1,
    0xff, 0xff, 0x80, 0x7f, 0xff, 0xe0, 0x1f, 0xff,
    0xf8, 0x7, 0xff, 0xfe, 0x1, 0xff, 0xff, 0x80,
    0x7f, 0xff, 0xe0, 0x1f, 0xff, 0xf8, 0x7, 0xff,
    0xfe, 0x1, 0xff, 0xff, 0x80, 0x7f, 0xff, 0xe0,
    0x1f, 0xff, 0xf8, 0x7, 0xff, 0xfe, 0x1, 0xff,
    0xff, 0x80, 0x7f, 0xff, 0xe0, 0x1f, 0xff, 0xf8,
    0x7, 0xff, 0xfe, 0x1, 0xff, 0xff, 0x80, 0x7f,
    0xff, 0xe0, 0x1f, 0xff, 0xf8, 0x7, 0xff, 0xfe,
    0x1, 0xff, 0xff, 0x80, 0x7f, 0xff, 0xe0, 0x1f,
    0xff, 0xf8, 0x7, 0xff, 0xfe, 0x1, 0xff, 0xff,
    0x80, 0x7f, 0xff, 0xe0, 0x1f, 0xff, 0xf8, 0x7,
    0xff, 0xff, 0x3, 0xff, 0x7f, 0xe1, 0xff, 0x9f,
    0xff, 0xff, 0xe7, 0xff, 0xff, 0xf8, 0xff, 0xff,
    0xfc, 0x1f, 0xff, 0xfe, 0x7, 0xff, 0xff, 0x80,
    0x7f, 0xff, 0x80, 0xf, 0xff, 0xc0, 0x0, 0x7f,
    0x80, 0x0,

    /* U+0056 "V" */
    0xff, 0x80, 0xf, 0xff, 0xfc, 0x0, 0x7f, 0xbf,
    0xe0, 0x3, 0xfd, 0xff, 0x0, 0x1f, 0xe7, 0xf8,
    0x0, 0xff, 0x3f, 0xe0, 0x7, 0xf9, 0xff, 0x0,
    0x3f, 0xcf, 0xf8, 0x1, 0xfc, 0x7f, 0xc0, 0x1f,
    0xe3, 0xfe, 0x0, 0xff, 0xf, 0xf0, 0x7, 0xf8,
    0x7f, 0x80, 0x3f, 0xc3, 0xfe, 0x1, 0xfe, 0x1f,
    0xf0, 0xf, 0xf0, 0xff, 0x80, 0x7f, 0x7, 0xfc,
    0x7, 0xf8, 0x3f, 0xe0, 0x3f, 0xc0, 0xff, 0x1,
    0xfe, 0x7, 0xf8, 0xf, 0xf0, 0x3f, 0xc0, 0x7f,
    0x81, 0xff, 0x3, 0xfc, 0xf, 0xf8, 0x1f, 0xc0,
    0x7f, 0xc0, 0xfe, 0x1, 0xfe, 0xf, 0xf0, 0xf,
    0xf0, 0x7f, 0x80, 0x7f, 0x83, 0xfc, 0x3, 0xfc,
    0x1f, 0xe0, 0x1f, 0xe0, 0xfe, 0x0, 0xff, 0x87,
    0xf0, 0x7, 0xfc, 0x3f, 0x80, 0x1f, 0xe3, 0xfc,
    0x0, 0xff, 0x1f, 0xe0, 0x7, 0xf8, 0xff, 0x0,
    0x3f, 0xc7, 0xf8, 0x1, 0xfe, 0x3f, 0x80, 0xf,
    0xf9, 0xfc, 0x0, 0x7f, 0xcf, 0xe0, 0x1, 0xfe,
    0x7f, 0x0, 0xf, 0xf7, 0xf8, 0x0, 0x7f, 0xbf,
    0xc0, 0x3, 0xfd, 0xfc, 0x0, 0x1f, 0xef, 0xe0,
    0x0, 0xff, 0x7f, 0x0, 0x3, 0xff, 0xf8, 0x0,
    0x1f, 0xff, 0xc0, 0x0, 0xff, 0xfe, 0x0, 0x7,
    0xff, 0xf0, 0x0, 0x3f, 0xff, 0x0, 0x1, 0xff,
    0xf8, 0x0, 0xf, 0xff, 0xc0, 0x0, 0x3f, 0xfe,
    0x0, 0x1, 0xff, 0xf0, 0x0, 0xf, 0xff, 0x80,
    0x0, 0x7f, 0xfc, 0x0, 0x3, 0xff, 0xc0, 0x0,
    0x1f, 0xfe, 0x0,

    /* U+0057 "W" */
    0xff, 0x80, 0x7f, 0xe0, 0x1f, 0xff, 0xe0, 0x1f,
    0xf8, 0x7, 0xff, 0xf8, 0x7, 0xfe, 0x1, 0xfd,
    0xfe, 0x1, 0xff, 0x80, 0xff, 0x7f, 0x80, 0xff,
    0xe0, 0x3f, 0xdf, 0xe0, 0x3f, 0xf8, 0xf, 0xf7,
    0xf8, 0xf, 0xfe, 0x3, 0xfd, 0xfe, 0x3, 0xff,
    0x80, 0xff, 0x7f, 0x80, 0xff, 0xe0, 0x3f, 0xdf,
    0xf0, 0x3f, 0xf8, 0xf, 0xe7, 0xfc, 0xf, 0xff,
    0x3, 0xf9, 0xff, 0x3, 0xff, 0xc0, 0xfe, 0x7f,
    0xc0, 0xff, 0xf0, 0x3f, 0x8f, 0xf0, 0x3f, 0xfc,
    0xf, 0xe3, 0xfc, 0xf, 0xff, 0x7, 0xf8, 0xff,
    0x7, 0xff, 0xc1, 0xfe, 0x3f, 0xc1, 0xff, 0xf0,
    0x7f, 0x8f, 0xf0, 0x7f, 0xfc, 0x1f, 0xe3, 0xfc,
    0x1f, 0xff, 0x7, 0xf8, 0xff, 0x7, 0xef, 0xc1,
    0xfc, 0x3f, 0xe1, 0xfb, 0xf8, 0x7f, 0xf, 0xf8,
    0x7e, 0xfe, 0x1f, 0xc3, 0xfe, 0x1f, 0xbf, 0x87,
    0xf0, 0x7f, 0x87, 0xef, 0xe1, 0xfc, 0x1f, 0xe1,
    0xfb, 0xf8, 0x7f, 0x7, 0xf8, 0xfe, 0xfe, 0x3f,
    0xc1, 0xfe, 0x3f, 0x9f, 0x8f, 0xf0, 0x7f, 0x8f,
    0xe7, 0xe3, 0xfc, 0x1f, 0xe3, 0xf1, 0xf8, 0xfe,
    0x7, 0xf8, 0xfc, 0x7e, 0x3f, 0x81, 0xfe, 0x3f,
    0x1f, 0x8f, 0xe0, 0x7f, 0xcf, 0xc7, 0xf3, 0xf8,
    0x1f, 0xf3, 0xf1, 0xfc, 0xfe, 0x3, 0xfc, 0xfc,
    0x7f, 0x3f, 0x80, 0xff, 0x3f, 0x1f, 0xcf, 0xe0,
    0x3f, 0xdf, 0xc3, 0xf3, 0xf8, 0xf, 0xf7, 0xf0,
    0xfd, 0xfe, 0x3, 0xfd, 0xfc, 0x3f, 0x7f, 0x80,
    0xff, 0x7e, 0xf, 0xdf, 0xc0, 0x3f, 0xdf, 0x83,
    0xf7, 0xf0, 0xf, 0xf7, 0xe0, 0xfd, 0xfc, 0x3,
    0xfd, 0xf8, 0x3f, 0xff, 0x0, 0x7f, 0xfe, 0xf,
    0xff, 0xc0, 0x1f, 0xff, 0x83, 0xff, 0xf0, 0x7,
    0xff, 0xe0, 0xff, 0xfc, 0x1, 0xff, 0xf8, 0x1f,
    0xff, 0x0, 0x7f, 0xfe, 0x7, 0xff, 0xc0, 0x1f,
    0xff, 0x1, 0xff, 0xf0, 0x7, 0xff, 0xc0, 0x7f,
    0xf8, 0x1, 0xff, 0xf0, 0x1f, 0xfe, 0x0, 0x7f,
    0xfc, 0x7, 0xff, 0x80, 0x1f, 0xff, 0x1, 0xff,
    0xe0, 0x3, 0xff, 0xc0, 0x7f, 0xf8, 0x0, 0xff,
    0xf0, 0x1f, 0xfe, 0x0, 0x3f, 0xfc, 0x3, 0xff,
    0x80, 0xf, 0xff, 0x0, 0xff, 0xe0,

    /* U+0058 "X" */
    0x7f, 0xc0, 0x3, 0xfc, 0xff, 0x80, 0xf, 0xf9,
    0xff, 0x0, 0x1f, 0xe1, 0xff, 0x0, 0x3f, 0xc3,
    0xfe, 0x0, 0xff, 0x87, 0xfc, 0x1, 0xfe, 0x7,
    0xfc, 0x3, 0xfc, 0xf, 0xf8, 0xf, 0xf0, 0x1f,
    0xf0, 0x1f, 0xe0, 0x1f, 0xf0, 0x3f, 0xc0, 0x3f,
    0xe0, 0xff, 0x0, 0x7f, 0xc1, 0xfe, 0x0, 0x7f,
    0xc3, 0xfc, 0x0, 0xff, 0x8f, 0xf0, 0x0, 0xff,
    0x1f, 0xe0, 0x1, 0xff, 0x3f, 0xc0, 0x3, 0xfe,
    0xff, 0x0, 0x3, 0xfd, 0xfe, 0x0, 0x7, 0xff,
    0xfc, 0x0, 0xf, 0xff, 0xf0, 0x0, 0xf, 0xff,
    0xe0, 0x0, 0x1f, 0xff, 0xc0, 0x0, 0x3f, 0xff,
    0x0, 0x0, 0x3f, 0xfe, 0x0, 0x0, 0x7f, 0xf8,
    0x0, 0x0, 0xff, 0xf0, 0x0, 0x0, 0xff, 0xe0,
    0x0, 0x1, 0xff, 0x80, 0x0, 0x3, 0xff, 0x80,
    0x0, 0xf, 0xff, 0x0, 0x0, 0x1f, 0xff, 0x0,
    0x0, 0x3f, 0xfe, 0x0, 0x0, 0xff, 0xfc, 0x0,
    0x1, 0xff, 0xfc, 0x0, 0x7, 0xff, 0xf8, 0x0,
    0xf, 0xff, 0xf0, 0x0, 0x1f, 0xff, 0xf0, 0x0,
    0x7f, 0xbf, 0xe0, 0x0, 0xff, 0x3f, 0xc0, 0x1,
    0xfe, 0x7f, 0xc0, 0x7, 0xf8, 0xff, 0x80, 0xf,
    0xf0, 0xff, 0x0, 0x1f, 0xe1, 0xff, 0x0, 0x7f,
    0x83, 0xfe, 0x0, 0xff, 0x3, 0xfe, 0x1, 0xfe,
    0x7, 0xfc, 0x7, 0xf8, 0xf, 0xf8, 0xf, 0xf0,
    0xf, 0xf8, 0x1f, 0xe0, 0x1f, 0xf0, 0x7f, 0x80,
    0x3f, 0xe0, 0xff, 0x0, 0x3f, 0xe3, 0xfe, 0x0,
    0x7f, 0xc7, 0xf8, 0x0, 0xff, 0x8f, 0xf0, 0x0,
    0xff, 0xbf, 0xe0, 0x1, 0xff, 0x7f, 0x80, 0x3,
    0xfe,

    /* U+0059 "Y" */
    0x7f, 0xc0, 0x3, 0xfc, 0xff, 0x80, 0x7, 0xf9,
    0xff, 0x0, 0x1f, 0xf1, 0xff, 0x0, 0x3f, 0xc3,
    0xfe, 0x0, 0x7f, 0x87, 0xfc, 0x1, 0xff, 0x7,
    0xfc, 0x3, 0xfc, 0xf, 0xf8, 0x7, 0xf8, 0x1f,
    0xf0, 0xf, 0xf0, 0x3f, 0xf0, 0x3f, 0xe0, 0x3f,
    0xe0, 0x7f, 0x80, 0x7f, 0xc0, 0xff, 0x0, 0xff,
    0x83, 0xfe, 0x0, 0xff, 0x87, 0xf8, 0x1, 0xff,
    0xf, 0xf0, 0x3, 0xfe, 0x3f, 0xe0, 0x3, 0xfe,
    0x7f, 0x80, 0x7, 0xfc, 0xff, 0x0, 0xf, 0xf9,
    0xfe, 0x0, 0xf, 0xff, 0xf8, 0x0, 0x1f, 0xff,
    0xf0, 0x0, 0x3f, 0xff, 0xe0, 0x0, 0x3f, 0xff,
    0x80, 0x0, 0x7f, 0xff, 0x0, 0x0, 0xff, 0xfe,
    0x0, 0x0, 0xff, 0xf8, 0x0, 0x1, 0xff, 0xf0,
    0x0, 0x3, 0xff, 0xe0, 0x0, 0x3, 0xff, 0x80,
    0x0, 0x7, 0xff, 0x0, 0x0, 0xf, 0xfe, 0x0,
    0x0, 0xf, 0xf8, 0x0, 0x0, 0x1f, 0xf0, 0x0,
    0x0, 0x3f, 0xe0, 0x0, 0x0, 0x7f, 0xc0, 0x0,
    0x0, 0xff, 0x80, 0x0, 0x1, 0xff, 0x0, 0x0,
    0x3, 0xfe, 0x0, 0x0, 0x7, 0xfc, 0x0, 0x0,
    0xf, 0xf8, 0x0, 0x0, 0x1f, 0xf0, 0x0, 0x0,
    0x3f, 0xe0, 0x0, 0x0, 0x7f, 0xc0, 0x0, 0x0,
    0xff, 0x80, 0x0, 0x1, 0xff, 0x0, 0x0, 0x3,
    0xfe, 0x0, 0x0, 0x7, 0xfc, 0x0, 0x0, 0xf,
    0xf8, 0x0, 0x0, 0x1f, 0xf0, 0x0, 0x0, 0x3f,
    0xe0, 0x0, 0x0, 0x7f, 0xc0, 0x0, 0x0, 0xff,
    0x80, 0x0, 0x1, 0xff, 0x0, 0x0, 0x3, 0xfe,
    0x0, 0x0, 0x7, 0xfc, 0x0, 0x0, 0xf, 0xf8,
    0x0,

    /* U+005A "Z" */
    0x7f, 0xff, 0xff, 0xdf, 0xff, 0xff, 0xf7, 0xff,
    0xff, 0xfd, 0xff, 0xff, 0xff, 0x7f, 0xff, 0xff,
    0xdf, 0xff, 0xff, 0xf7, 0xff, 0xff, 0xfd, 0xff,
    0xff, 0xff, 0x0, 0x0, 0xff, 0xc0, 0x0, 0x3f,
    0xe0, 0x0, 0x1f, 0xf8, 0x0, 0x7, 0xfe, 0x0,
    0x1, 0xff, 0x0, 0x0, 0xff, 0xc0, 0x0, 0x3f,
    0xe0, 0x0, 0x1f, 0xf8, 0x0, 0x7, 0xfc, 0x0,
    0x1, 0xff, 0x0, 0x0, 0xff, 0xc0, 0x0, 0x3f,
    0xe0, 0x0, 0x1f, 0xf8, 0x0, 0x7, 0xfc, 0x0,
    0x1, 0xff, 0x0, 0x0, 0xff, 0xc0, 0x0, 0x3f,
    0xe0, 0x0, 0x1f, 0xf8, 0x0, 0x7, 0xfc, 0x0,
    0x3, 0xff, 0x0, 0x0, 0xff, 0xc0, 0x0, 0x3f,
    0xe0, 0x0, 0x1f, 0xf8, 0x0, 0x7, 0xfc, 0x0,
    0x3, 0xff, 0x0, 0x0, 0xff, 0xc0, 0x0, 0x3f,
    0xe0, 0x0, 0x1f, 0xf8, 0x0, 0x7, 0xfc, 0x0,
    0x3, 0xff, 0x0, 0x0, 0xff, 0xc0, 0x0, 0x3f,
    0xe0, 0x0, 0x1f, 0xf8, 0x0, 0x7, 0xfc, 0x0,
    0x3, 0xff, 0x0, 0x0, 0xff, 0xc0, 0x0, 0x7f,
    0xe0, 0x0, 0x1f, 0xf8, 0x0, 0x7, 0xfc, 0x0,
    0x3, 0xff, 0x0, 0x0, 0xff, 0xff, 0xff, 0xff,
    0xff, 0xff, 0xff, 0xff, 0xff, 0xff, 0xff, 0xff,
    0xff, 0xff, 0xff, 0xff, 0xff, 0xff, 0xff, 0xff,
    0xff, 0xff, 0xff, 0xff, 0xff, 0xff,

    /* U+005B "[" */
    0xff, 0xff, 0xff, 0xff, 0xff, 0xff, 0xff, 0xff,
    0xff, 0xff, 0xff, 0xff, 0xff, 0xff, 0xc0, 0xff,
    0x81, 0xff, 0x3, 0xfe, 0x7, 0xfc, 0xf, 0xf8,
    0x1f, 0xf0, 0x3f, 0xe0, 0x7f, 0xc0, 0xff, 0x81,
    0xff, 0x3, 0xfe, 0x7, 0xfc, 0xf, 0xf8, 0x1f,
    0xf0, 0x3f, 0xe0, 0x7f, 0xc0, 0xff, 0x81, 0xff,
    0x3, 0xfe, 0x7, 0xfc, 0xf, 0xf8, 0x1f, 0xf0,
    0x3f, 0xe0, 0x7f, 0xc0, 0xff, 0x81, 0xff, 0x3,
    0xfe, 0x7, 0xfc, 0xf, 0xf8, 0x1f, 0xf0, 0x3f,
    0xe0, 0x7f, 0xc0, 0xff, 0x81, 0xff, 0x3, 0xfe,
    0x7, 0xfc, 0xf, 0xf8, 0x1f, 0xf0, 0x3f, 0xe0,
    0x7f, 0xc0, 0xff, 0x81, 0xff, 0x3, 0xfe, 0x7,
    0xfc, 0xf, 0xf8, 0x1f, 0xf0, 0x3f, 0xe0, 0x7f,
    0xc0, 0xff, 0x81, 0xff, 0xff, 0xff, 0xff, 0xff,
    0xff, 0xff, 0xff, 0xff, 0xff, 0xff, 0xff, 0xff,

    /* U+005C "\\" */
    0xff, 0x0, 0x0, 0x7, 0xf8, 0x0, 0x0, 0x1f,
    0xc0, 0x0, 0x0, 0xff, 0x0, 0x0, 0x7, 0xf8,
    0x0, 0x0, 0x1f, 0xc0, 0x0, 0x0, 0xff, 0x0,
    0x0, 0x3, 0xf8, 0x0, 0x0, 0x1f, 0xe0, 0x0,
    0x0, 0xff, 0x0, 0x0, 0x3, 0xf8, 0x0, 0x0,
    0x1f, 0xe0, 0x0, 0x0, 0x7f, 0x0, 0x0, 0x3,
    0xfc, 0x0, 0x0, 0x1f, 0xe0, 0x0, 0x0, 0x7f,
    0x0, 0x0, 0x3, 0xfc, 0x0, 0x0, 0xf, 0xe0,
    0x0, 0x0, 0x7f, 0x80, 0x0, 0x3, 0xfc, 0x0,
    0x0, 0xf, 0xe0, 0x0, 0x0, 0x7f, 0x80, 0x0,
    0x1, 0xfc, 0x0, 0x0, 0xf, 0xf0, 0x0, 0x0,
    0x7f, 0x80, 0x0, 0x1, 0xfc, 0x0, 0x0, 0xf,
    0xf0, 0x0, 0x0, 0x3f, 0x80, 0x0, 0x1, 0xfe,
    0x0, 0x0, 0xf, 0xf0, 0x0, 0x0, 0x3f, 0x80,
    0x0, 0x1, 0xfe, 0x0, 0x0, 0x7, 0xf0, 0x0,
    0x0, 0x3f, 0xc0, 0x0, 0x1, 0xfe, 0x0, 0x0,
    0x7, 0xf0, 0x0, 0x0, 0x3f, 0xc0, 0x0, 0x1,
    0xfe, 0x0, 0x0, 0x7, 0xf8, 0x0, 0x0, 0x3f,
    0xc0, 0x0, 0x0, 0xfe, 0x0, 0x0, 0x7, 0xf8,
    0x0, 0x0, 0x3f, 0xc0, 0x0, 0x0, 0xfe, 0x0,
    0x0, 0x7, 0xf8, 0x0, 0x0, 0x1f, 0xc0, 0x0,
    0x0, 0xff, 0x0, 0x0, 0x7, 0xf8, 0x0, 0x0,
    0x1f, 0xc0, 0x0, 0x0, 0xff, 0x0, 0x0, 0x3,
    0xf8, 0x0, 0x0, 0x1f, 0xe0, 0x0, 0x0, 0xff,
    0x0, 0x0, 0x3, 0xf8, 0x0, 0x0, 0x1f, 0xe0,
    0x0, 0x0, 0x7f,

    /* U+005D "]" */
    0xff, 0xff, 0xff, 0xff, 0xff, 0xff, 0xff, 0xff,
    0xff, 0xff, 0xff, 0xff, 0xff, 0x81, 0xff, 0x3,
    0xfe, 0x7, 0xfc, 0xf, 0xf8, 0x1f, 0xf0, 0x3f,
    0xe0, 0x7f, 0xc0, 0xff, 0x81, 0xff, 0x3, 0xfe,
    0x7, 0xfc, 0xf, 0xf8, 0x1f, 0xf0, 0x3f, 0xe0,
    0x7f, 0xc0, 0xff, 0x81, 0xff, 0x3, 0xfe, 0x7,
    0xfc, 0xf, 0xf8, 0x1f, 0xf0, 0x3f, 0xe0, 0x7f,
    0xc0, 0xff, 0x81, 0xff, 0x3, 0xfe, 0x7, 0xfc,
    0xf, 0xf8, 0x1f, 0xf0, 0x3f, 0xe0, 0x7f, 0xc0,
    0xff, 0x81, 0xff, 0x3, 0xfe, 0x7, 0xfc, 0xf,
    0xf8, 0x1f, 0xf0, 0x3f, 0xe0, 0x7f, 0xc0, 0xff,
    0x81, 0xff, 0x3, 0xfe, 0x7, 0xfc, 0xf, 0xf8,
    0x1f, 0xf0, 0x3f, 0xe0, 0x7f, 0xc0, 0xff, 0x81,
    0xff, 0x3, 0xff, 0xff, 0xff, 0xff, 0xff, 0xff,
    0xff, 0xff, 0xff, 0xff, 0xff, 0xff, 0xff, 0xff,

    /* U+005E "^" */
    0x0, 0x1f, 0x80, 0x0, 0x3, 0xf8, 0x0, 0x0,
    0x3f, 0xc0, 0x0, 0x7, 0xfc, 0x0, 0x0, 0x7f,
    0xe0, 0x0, 0xf, 0xff, 0x0, 0x0, 0xff, 0xf0,
    0x0, 0x1f, 0xff, 0x80, 0x1, 0xff, 0xf8, 0x0,
    0x3f, 0xbf, 0xc0, 0x3, 0xf9, 0xfc, 0x0, 0x7f,
    0xf, 0xe0, 0x7, 0xf0, 0xfe, 0x0, 0xfe, 0x7,
    0xf0, 0x1f, 0xe0, 0x7f, 0x1, 0xfc, 0x3, 0xf8,
    0x3f, 0xc0, 0x3f, 0x83, 0xf8, 0x1, 0xfc, 0x7f,
    0x80, 0x1f, 0xc7, 0xf0, 0x0, 0xfe, 0xff, 0x0,
    0xf, 0xff, 0xe0, 0x0, 0x7f,

    /* U+005F "_" */
    0xff, 0xff, 0xff, 0xff, 0xff, 0xff, 0xff, 0xff,
    0xff, 0xff, 0xff, 0xff, 0xff, 0xff, 0xff, 0xff,
    0xff, 0xff,

    /* U+0060 "`" */
    0xff, 0xc0, 0xff, 0x80, 0xff, 0x80, 0xff, 0x0,
    0xff, 0x0, 0xff, 0x0, 0xfe, 0x0, 0xfe, 0x0,
    0xfc,

    /* U+0061 "a" */
    0x0, 0x7f, 0xf8, 0x0, 0x1, 0xff, 0xe0, 0x0,
    0x7, 0xff, 0x80, 0x0, 0x3f, 0xff, 0x0, 0x0,
    0xff, 0xfc, 0x0, 0x3, 0xff, 0xf0, 0x0, 0xf,
    0xff, 0xc0, 0x0, 0x3f, 0xff, 0x0, 0x0, 0xff,
    0xfc, 0x0, 0x3, 0xff, 0xf8, 0x0, 0x1f, 0xdf,
    0xe0, 0x0, 0x7f, 0x7f, 0x80, 0x1, 0xfd, 0xfe,
    0x0, 0x7, 0xf7, 0xf8, 0x0, 0x1f, 0xdf, 0xe0,
    0x0, 0x7f, 0x3f, 0xc0, 0x3, 0xfc, 0xff, 0x0,
    0xf, 0xf3, 0xfc, 0x0, 0x3f, 0x8f, 0xf0, 0x0,
    0xfe, 0x3f, 0xc0, 0x3, 0xf8, 0xff, 0x0, 0xf,
    0xe3, 0xfe, 0x0, 0x7f, 0x87, 0xf8, 0x1, 0xfe,
    0x1f, 0xe0, 0x7, 0xf8, 0x7f, 0x80, 0x1f, 0xc1,
    0xfe, 0x0, 0x7f, 0x7, 0xf8, 0x1, 0xfc, 0x1f,
    0xe0, 0xf, 0xf0, 0x7f, 0xc0, 0x3f, 0xc0, 0xff,
    0x0, 0xff, 0x3, 0xfc, 0x3, 0xfc, 0xf, 0xf0,
    0xf, 0xe0, 0x3f, 0xc0, 0x3f, 0x80, 0xff, 0x1,
    0xfe, 0x3, 0xfe, 0x7, 0xf8, 0xf, 0xf8, 0x1f,
    0xe0, 0x1f, 0xe0, 0x7f, 0xff, 0xff, 0x81, 0xff,
    0xff, 0xfe, 0x7, 0xff, 0xff, 0xf8, 0x3f, 0xff,
    0xff, 0xf0, 0xff, 0xff, 0xff, 0xc3, 0xff, 0xff,
    0xff, 0xf, 0xff, 0xff, 0xfc, 0x3f, 0xff, 0xff,
    0xf0, 0xff, 0x0, 0x3f, 0xc7, 0xfc, 0x0, 0xff,
    0x9f, 0xe0, 0x3, 0xfe, 0x7f, 0x80, 0xf, 0xf9,
    0xfe, 0x0, 0x3f, 0xe7, 0xf8, 0x0, 0x7f, 0x9f,
    0xe0, 0x1, 0xfe, 0x7f, 0x80, 0x7, 0xff, 0xfc,
    0x0, 0x1f, 0xff, 0xf0, 0x0, 0x7f, 0xff, 0xc0,
    0x1, 0xff,

    /* U+0062 "b" */
    0xff, 0xff, 0xc0, 0x1f, 0xff, 0xff, 0x3, 0xff,
    0xff, 0xf0, 0x7f, 0xff, 0xff, 0xf, 0xff, 0xff,
    0xf1, 0xff, 0xff, 0xff, 0x3f, 0xff, 0xff, 0xe7,
    0xff, 0xff, 0xfc, 0xff, 0x81, 0xff, 0xdf, 0xf0,
    0x1f, 0xfb, 0xfe, 0x1, 0xff, 0x7f, 0xc0, 0x3f,
    0xef, 0xf8, 0x7, 0xfd, 0xff, 0x0, 0xff, 0xbf,
    0xe0, 0x1f, 0xf7, 0xfc, 0x3, 0xfe, 0xff, 0x80,
    0x7f, 0xdf, 0xf0, 0xf, 0xfb, 0xfe, 0x1, 0xff,
    0x7f, 0xc0, 0x3f, 0xef, 0xf8, 0xf, 0xf9, 0xff,
    0x1, 0xff, 0x3f, 0xe0, 0x7f, 0xc7, 0xff, 0xff,
    0xf8, 0xff, 0xff, 0xfe, 0x1f, 0xff, 0xff, 0x83,
    0xff, 0xff, 0xc0, 0x7f, 0xff, 0xff, 0xf, 0xff,
    0xff, 0xf1, 0xff, 0xff, 0xff, 0x3f, 0xff, 0xff,
    0xe7, 0xfc, 0xf, 0xfe, 0xff, 0x80, 0x7f, 0xdf,
    0xf0, 0xf, 0xff, 0xfe, 0x0, 0xff, 0xff, 0xc0,
    0x1f, 0xff, 0xf8, 0x3, 0xff, 0xff, 0x0, 0x7f,
    0xff, 0xe0, 0xf, 0xff, 0xfc, 0x1, 0xff, 0xff,
    0x80, 0x3f, 0xff, 0xf0, 0x7, 0xff, 0xfe, 0x0,
    0xff, 0xff, 0xc0, 0x1f, 0xff, 0xf8, 0x3, 0xff,
    0xff, 0x0, 0x7f, 0xff, 0xe0, 0x1f, 0xff, 0xfc,
    0x7, 0xfe, 0xff, 0xff, 0xff, 0xdf, 0xff, 0xff,
    0xfb, 0xff, 0xff, 0xfe, 0x7f, 0xff, 0xff, 0xcf,
    0xff, 0xff, 0xf1, 0xff, 0xff, 0xfc, 0x3f, 0xff,
    0xfe, 0x7, 0xff, 0xfe, 0x0,

    /* U+0063 "c" */
    0x0, 0x7f, 0x80, 0x0, 0xff, 0xfc, 0x0, 0x7f,
    0xff, 0x80, 0x7f, 0xff, 0xf8, 0x1f, 0xff, 0xfe,
    0xf, 0xff, 0xff, 0xc7, 0xff, 0xff, 0xf9, 0xff,
    0xff, 0xfe, 0x7f, 0xe1, 0xff, 0xbf, 0xf0, 0x3f,
    0xff, 0xf8, 0x7, 0xff, 0xfe, 0x1, 0xff, 0xff,
    0x80, 0x7f, 0xff, 0xe0, 0x1f, 0xff, 0xf8, 0x7,
    0xff, 0xfe, 0x1, 0xff, 0xff, 0x80, 0x7f, 0xff,
    0xe0, 0x1f, 0xff, 0xf8, 0x7, 0xff, 0xfe, 0x1,
    0xff, 0xff, 0x80, 0x0, 0x3f, 0xe0, 0x0, 0xf,
    0xf8, 0x0, 0x3, 0xfe, 0x0, 0x0, 0xff, 0x80,
    0x0, 0x3f, 0xe0, 0x0, 0xf, 0xf8, 0x0, 0x3,
    0xfe, 0x0, 0x0, 0xff, 0x80, 0x0, 0x3f, 0xe0,
    0x0, 0xf, 0xf8, 0x0, 0x3, 0xfe, 0x0, 0x0,
    0xff, 0x80, 0x0, 0x3f, 0xe0, 0x0, 0xf, 0xf8,
    0x0, 0x3, 0xfe, 0x0, 0x0, 0xff, 0x80, 0x7f,
    0xff, 0xe0, 0x1f, 0xff, 0xf8, 0x7, 0xff, 0xfe,
    0x1, 0xff, 0xff, 0x80, 0x7f, 0xff, 0xe0, 0x1f,
    0xff, 0xf8, 0x7, 0xff, 0xfe, 0x1, 0xff, 0xff,
    0x80, 0x7f, 0xff, 0xe0, 0x1f, 0xff, 0xf8, 0x7,
    0xff, 0xfe, 0x1, 0xff, 0xff, 0xc0, 0xff, 0xdf,
    0xf8, 0x7f, 0xe7, 0xff, 0xff, 0xf9, 0xff, 0xff,
    0xfe, 0x3f, 0xff, 0xff, 0x7, 0xff, 0xff, 0x81,
    0xff, 0xff, 0xe0, 0x1f, 0xff, 0xe0, 0x3, 0xff,
    0xf0, 0x0, 0x1f, 0xe0, 0x0,

    /* U+0064 "d" */
    0xff, 0xff, 0xc0, 0x1f, 0xff, 0xff, 0x3, 0xff,
    0xff, 0xf8, 0x7f, 0xff, 0xff, 0x8f, 0xff, 0xff,
    0xf1, 0xff, 0xff, 0xff, 0x3f, 0xff, 0xff, 0xf7,
    0xff, 0xff, 0xfe, 0xff, 0x80, 0xff, 0xdf, 0xf0,
    0xf, 0xff, 0xfe, 0x0, 0xff, 0xff, 0xc0, 0x1f,
    0xff, 0xf8, 0x3, 0xff, 0xff, 0x0, 0x7f, 0xff,
    0xe0, 0xf, 0xff, 0xfc, 0x1, 0xff, 0xff, 0x80,
    0x3f, 0xff, 0xf0, 0x7, 0xff, 0xfe, 0x0, 0xff,
    0xff, 0xc0, 0x1f, 0xff, 0xf8, 0x3, 0xff, 0xff,
    0x0, 0x7f, 0xff, 0xe0, 0xf, 0xff, 0xfc, 0x1,
    0xff, 0xff, 0x80, 0x3f, 0xff, 0xf0, 0x7, 0xff,
    0xfe, 0x0, 0xff, 0xff, 0xc0, 0x1f, 0xff, 0xf8,
    0x3, 0xff, 0xff, 0x0, 0x7f, 0xff, 0xe0, 0xf,
    0xff, 0xfc, 0x1, 0xff, 0xff, 0x80, 0x3f, 0xff,
    0xf0, 0x7, 0xff, 0xfe, 0x0, 0xff, 0xff, 0xc0,
    0x1f, 0xff, 0xf8, 0x3, 0xff, 0xff, 0x0, 0x7f,
    0xff, 0xe0, 0xf, 0xff, 0xfc, 0x1, 0xff, 0xff,
    0x80, 0x3f, 0xff, 0xf0, 0x7, 0xff, 0xfe, 0x0,
    0xff, 0xff, 0xc0, 0x1f, 0xff, 0xf8, 0x3, 0xff,
    0xff, 0x0, 0x7f, 0xff, 0xe0, 0x1f, 0xff, 0xfc,
    0x7, 0xfe, 0xff, 0xff, 0xff, 0xdf, 0xff, 0xff,
    0xfb, 0xff, 0xff, 0xfe, 0x7f, 0xff, 0xff, 0x8f,
    0xff, 0xff, 0xf1, 0xff, 0xff, 0xfc, 0x3f, 0xff,
    0xfe, 0x7, 0xff, 0xfe, 0x0,

    /* U+0065 "e" */
    0xff, 0xff, 0xff, 0xff, 0xff, 0xff, 0xff, 0xff,
    0xff, 0xff, 0xff, 0xff, 0xff, 0xff, 0xff, 0xff,
    0xff, 0xff, 0xff, 0xff, 0xff, 0xff, 0xff, 0xff,
    0xff, 0x80, 0x0, 0xff, 0x80, 0x0, 0xff, 0x80,
    0x0, 0xff, 0x80, 0x0, 0xff, 0x80, 0x0, 0xff,
    0x80, 0x0, 0xff, 0x80, 0x0, 0xff, 0x80, 0x0,
    0xff, 0x80, 0x0, 0xff, 0x80, 0x0, 0xff, 0x80,
    0x0, 0xff, 0x80, 0x0, 0xff, 0x80, 0x0, 0xff,
    0x80, 0x0, 0xff, 0x80, 0x0, 0xff, 0xff, 0xf8,
    0xff, 0xff, 0xf8, 0xff, 0xff, 0xf8, 0xff, 0xff,
    0xf8, 0xff, 0xff, 0xf8, 0xff, 0xff, 0xf8, 0xff,
    0xff, 0xf8, 0xff, 0xff, 0xf8, 0xff, 0x80, 0x0,
    0xff, 0x80, 0x0, 0xff, 0x80, 0x0, 0xff, 0x80,
    0x0, 0xff, 0x80, 0x0, 0xff, 0x80, 0x0, 0xff,
    0x80, 0x0, 0xff, 0x80, 0x0, 0xff, 0x80, 0x0,
    0xff, 0x80, 0x0, 0xff, 0x80, 0x0, 0xff, 0x80,
    0x0, 0xff, 0x80, 0x0, 0xff, 0x80, 0x0, 0xff,
    0x80, 0x0, 0xff, 0x80, 0x0, 0xff, 0x80, 0x0,
    0xff, 0xff, 0xff, 0xff, 0xff, 0xff, 0xff, 0xff,
    0xff, 0xff, 0xff, 0xff, 0xff, 0xff, 0xff, 0xff,
    0xff, 0xff, 0xff, 0xff, 0xff, 0xff, 0xff, 0xff,

    /* U+0066 "f" */
    0xff, 0xff, 0xff, 0xff, 0xff, 0xff, 0xff, 0xff,
    0xff, 0xff, 0xff, 0xff, 0xff, 0xff, 0xff, 0xff,
    0xff, 0xff, 0xff, 0xff, 0xff, 0xff, 0xff, 0xff,
    0xff, 0x80, 0x0, 0xff, 0x80, 0x0, 0xff, 0x80,
    0x0, 0xff, 0x80, 0x0, 0xff, 0x80, 0x0, 0xff,
    0x80, 0x0, 0xff, 0x80, 0x0, 0xff, 0x80, 0x0,
    0xff, 0x80, 0x0, 0xff, 0x80, 0x0, 0xff, 0x80,
    0x0, 0xff, 0x80, 0x0, 0xff, 0x80, 0x0, 0xff,
    0x80, 0x0, 0xff, 0x80, 0x0, 0xff, 0x80, 0x0,
    0xff, 0xff, 0xf0, 0xff, 0xff, 0xf0, 0xff, 0xff,
    0xf0, 0xff, 0xff, 0xf0, 0xff, 0xff, 0xf0, 0xff,
    0xff, 0xf0, 0xff, 0xff, 0xf0, 0xff, 0xff, 0xf0,
    0xff, 0x80, 0x0, 0xff, 0x80, 0x0, 0xff, 0x80,
    0x0, 0xff, 0x80, 0x0, 0xff, 0x80, 0x0, 0xff,
    0x80, 0x0, 0xff, 0x80, 0x0, 0xff, 0x80, 0x0,
    0xff, 0x80, 0x0, 0xff, 0x80, 0x0, 0xff, 0x80,
    0x0, 0xff, 0x80, 0x0, 0xff, 0x80, 0x0, 0xff,
    0x80, 0x0, 0xff, 0x80, 0x0, 0xff, 0x80, 0x0,
    0xff, 0x80, 0x0, 0xff, 0x80, 0x0, 0xff, 0x80,
    0x0, 0xff, 0x80, 0x0, 0xff, 0x80, 0x0, 0xff,
    0x80, 0x0, 0xff, 0x80, 0x0, 0xff, 0x80, 0x0,

    /* U+0067 "g" */
    0x0, 0x7f, 0xc0, 0x0, 0x7f, 0xff, 0x0, 0x1f,
    0xff, 0xf0, 0x7, 0xff, 0xff, 0x1, 0xff, 0xff,
    0xf0, 0x7f, 0xff, 0xff, 0x1f, 0xff, 0xff, 0xf3,
    0xff, 0xff, 0xfe, 0x7f, 0xe0, 0xff, 0xdf, 0xf8,
    0xf, 0xff, 0xfe, 0x1, 0xff, 0xff, 0xc0, 0x1f,
    0xff, 0xf8, 0x3, 0xff, 0xff, 0x0, 0x7f, 0xff,
    0xe0, 0xf, 0xff, 0xfc, 0x1, 0xff, 0xff, 0x80,
    0x3f, 0xff, 0xf0, 0x7, 0xff, 0xfe, 0x0, 0xff,
    0xff, 0xc0, 0x0, 0xf, 0xf8, 0x0, 0x1, 0xff,
    0x0, 0x0, 0x3f, 0xe0, 0x0, 0x7, 0xfc, 0x0,
    0x0, 0xff, 0x80, 0x0, 0x1f, 0xf0, 0x7f, 0xff,
    0xfe, 0xf, 0xff, 0xff, 0xc1, 0xff, 0xff, 0xf8,
    0x3f, 0xff, 0xff, 0x7, 0xff, 0xff, 0xe0, 0xff,
    0xff, 0xfc, 0x1f, 0xff, 0xff, 0x83, 0xff, 0xff,
    0xf0, 0x7, 0xff, 0xfe, 0x0, 0xff, 0xff, 0xc0,
    0x1f, 0xff, 0xf8, 0x3, 0xff, 0xff, 0x0, 0x7f,
    0xff, 0xe0, 0xf, 0xff, 0xfc, 0x1, 0xff, 0xff,
    0x80, 0x3f, 0xff, 0xf0, 0x7, 0xff, 0xfe, 0x0,
    0xff, 0xff, 0xc0, 0x1f, 0xff, 0xf8, 0x3, 0xff,
    0xff, 0x0, 0x7f, 0xff, 0xe0, 0xf, 0xff, 0xfe,
    0x3, 0xff, 0xff, 0xc0, 0x7f, 0xcf, 0xfc, 0x1f,
    0xf9, 0xff, 0xff, 0xff, 0x3f, 0xff, 0xff, 0xc3,
    0xff, 0xff, 0xf8, 0x3f, 0xff, 0xfe, 0x3, 0xff,
    0xff, 0x80, 0x3f, 0xff, 0xe0, 0x3, 0xff, 0xf8,
    0x0, 0xf, 0xf8, 0x0,

    /* U+0068 "h" */
    0xff, 0x80, 0x3f, 0xff, 0xf0, 0x7, 0xff, 0xfe,
    0x0, 0xff, 0xff, 0xc0, 0x1f, 0xff, 0xf8, 0x3,
    0xff, 0xff, 0x0, 0x7f, 0xff, 0xe0, 0xf, 0xff,
    0xfc, 0x1, 0xff, 0xff, 0x80, 0x3f, 0xff, 0xf0,
    0x7, 0xff, 0xfe, 0x0, 0xff, 0xff, 0xc0, 0x1f,
    0xff, 0xf8, 0x3, 0xff, 0xff, 0x0, 0x7f, 0xff,
    0xe0, 0xf, 0xff, 0xfc, 0x1, 0xff, 0xff, 0x80,
    0x3f, 0xff, 0xf0, 0x7, 0xff, 0xfe, 0x0, 0xff,
    0xff, 0xc0, 0x1f, 0xff, 0xf8, 0x3, 0xff, 0xff,
    0x0, 0x7f, 0xff, 0xe0, 0xf, 0xff, 0xff, 0xff,
    0xff, 0xff, 0xff, 0xff, 0xff, 0xff, 0xff, 0xff,
    0xff, 0xff, 0xff, 0xff, 0xff, 0xff, 0xff, 0xff,
    0xff, 0xff, 0xff, 0xff, 0xff, 0xff, 0xff, 0xff,
    0xff, 0xfc, 0x1, 0xff, 0xff, 0x80, 0x3f, 0xff,
    0xf0, 0x7, 0xff, 0xfe, 0x0, 0xff, 0xff, 0xc0,
    0x1f, 0xff, 0xf8, 0x3, 0xff, 0xff, 0x0, 0x7f,
    0xff, 0xe0, 0xf, 0xff, 0xfc, 0x1, 0xff, 0xff,
    0x80, 0x3f, 0xff, 0xf0, 0x7, 0xff, 0xfe, 0x0,
    0xff, 0xff, 0xc0, 0x1f, 0xff, 0xf8, 0x3, 0xff,
    0xff, 0x0, 0x7f, 0xff, 0xe0, 0xf, 0xff, 0xfc,
    0x1, 0xff, 0xff, 0x80, 0x3f, 0xff, 0xf0, 0x7,
    0xff, 0xfe, 0x0, 0xff, 0xff, 0xc0, 0x1f, 0xff,
    0xf8, 0x3, 0xff, 0xff, 0x0, 0x7f, 0xff, 0xe0,
    0xf, 0xff, 0xfc, 0x1, 0xff,

    /* U+0069 "i" */
    0xff, 0xff, 0xff, 0xff, 0xff, 0xff, 0xff, 0xff,
    0xff, 0xff, 0xff, 0xff, 0xff, 0xff, 0xff, 0xff,
    0xff, 0xff, 0xff, 0xff, 0xff, 0xff, 0xff, 0xff,
    0xff, 0xff, 0xff, 0xff, 0xff, 0xff, 0xff, 0xff,
    0xff, 0xff, 0xff, 0xff, 0xff, 0xff, 0xff, 0xff,
    0xff, 0xff, 0xff, 0xff, 0xff, 0xff, 0xff, 0xff,
    0xff, 0xff, 0xff, 0xff, 0xff, 0xff, 0xff, 0xff,
    0xff, 0xff, 0xff, 0xff, 0xff, 0xff, 0xff,

    /* U+006A "j" */
    0x0, 0xff, 0x80, 0x7f, 0xc0, 0x3f, 0xe0, 0x1f,
    0xf0, 0xf, 0xf8, 0x7, 0xfc, 0x3, 0xfe, 0x1,
    0xff, 0x0, 0xff, 0x80, 0x7f, 0xc0, 0x3f, 0xe0,
    0x1f, 0xf0, 0xf, 0xf8, 0x7, 0xfc, 0x3, 0xfe,
    0x1, 0xff, 0x0, 0xff, 0x80, 0x7f, 0xc0, 0x3f,
    0xe0, 0x1f, 0xf0, 0xf, 0xf8, 0x7, 0xfc, 0x3,
    0xfe, 0x1, 0xff, 0x0, 0xff, 0x80, 0x7f, 0xc0,
    0x3f, 0xe0, 0x1f, 0xf0, 0xf, 0xf8, 0x7, 0xfc,
    0x3, 0xfe, 0x1, 0xff, 0x0, 0xff, 0x80, 0x7f,
    0xc0, 0x3f, 0xe0, 0x1f, 0xf0, 0xf, 0xf8, 0x7,
    0xfc, 0x3, 0xfe, 0x1, 0xff, 0x0, 0xff, 0x80,
    0x7f, 0xc0, 0x3f, 0xe0, 0x1f, 0xf0, 0xf, 0xf8,
    0x7, 0xfc, 0x7, 0xfe, 0x3, 0xff, 0x7, 0xff,
    0x7f, 0xff, 0xbf, 0xff, 0xdf, 0xff, 0xcf, 0xff,
    0xe7, 0xff, 0xe3, 0xff, 0xe1, 0xff, 0xc0, 0xff,
    0x80, 0x0,

    /* U+006B "k" */
    0xff, 0x80, 0xf, 0xff, 0xfc, 0x0, 0xff, 0xbf,
    0xe0, 0x7, 0xfd, 0xff, 0x0, 0x3f, 0xcf, 0xf8,
    0x3, 0xfe, 0x7f, 0xc0, 0x1f, 0xe3, 0xfe, 0x1,
    0xff, 0x1f, 0xf0, 0xf, 0xf0, 0xff, 0x80, 0xff,
    0x87, 0xfc, 0x7, 0xf8, 0x3f, 0xe0, 0x7f, 0xc1,
    0xff, 0x3, 0xfc, 0xf, 0xf8, 0x3f, 0xe0, 0x7f,
    0xc1, 0xfe, 0x3, 0xfe, 0x1f, 0xf0, 0x1f, 0xf0,
    0xff, 0x0, 0xff, 0x8f, 0xf8, 0x7, 0xfc, 0x7f,
    0x80, 0x3f, 0xe7, 0xfc, 0x1, 0xff, 0x3f, 0xc0,
    0xf, 0xfb, 0xfe, 0x0, 0x7f, 0xdf, 0xf0, 0x3,
    0xfe, 0xff, 0x80, 0x1f, 0xff, 0xfc, 0x0, 0xff,
    0xff, 0xf0, 0x7, 0xff, 0xff, 0x80, 0x3f, 0xff,
    0xfc, 0x1, 0xff, 0xff, 0xf0, 0xf, 0xff, 0xff,
    0x80, 0x7f, 0xff, 0xfc, 0x3, 0xff, 0xff, 0xf0,
    0x1f, 0xfe, 0xff, 0x80, 0xff, 0xf7, 0xfc, 0x7,
    0xff, 0x3f, 0xe0, 0x3f, 0xf8, 0xff, 0x81, 0xff,
    0x87, 0xfc, 0xf, 0xfc, 0x3f, 0xe0, 0x7f, 0xc1,
    0xff, 0x83, 0xfe, 0x7, 0xfc, 0x1f, 0xf0, 0x3f,
    0xe0, 0xff, 0x81, 0xff, 0x87, 0xfc, 0x7, 0xfc,
    0x3f, 0xe0, 0x3f, 0xe1, 0xff, 0x1, 0xff, 0xf,
    0xf8, 0x7, 0xfc, 0x7f, 0xc0, 0x3f, 0xe3, 0xfe,
    0x1, 0xff, 0x1f, 0xf0, 0xf, 0xfc, 0xff, 0x80,
    0x3f, 0xe7, 0xfc, 0x1, 0xff, 0x3f, 0xe0, 0xf,
    0xfd, 0xff, 0x0, 0x3f, 0xef, 0xf8, 0x1, 0xff,
    0x7f, 0xc0, 0xf, 0xfb, 0xfe, 0x0, 0x3f, 0xff,
    0xf0, 0x1, 0xff,

    /* U+006C "l" */
    0xff, 0x80, 0x0, 0xff, 0x80, 0x0, 0xff, 0x80,
    0x0, 0xff, 0x80, 0x0, 0xff, 0x80, 0x0, 0xff,
    0x80, 0x0, 0xff, 0x80, 0x0, 0xff, 0x80, 0x0,
    0xff, 0x80, 0x0, 0xff, 0x80, 0x0, 0xff, 0x80,
    0x0, 0xff, 0x80, 0x0, 0xff, 0x80, 0x0, 0xff,
    0x80, 0x0, 0xff, 0x80, 0x0, 0xff, 0x80, 0x0,
    0xff, 0x80, 0x0, 0xff, 0x80, 0x0, 0xff, 0x80,
    0x0, 0xff, 0x80, 0x0, 0xff, 0x80, 0x0, 0xff,
    0x80, 0x0, 0xff, 0x80, 0x0, 0xff, 0x80, 0x0,
    0xff, 0x80, 0x0, 0xff, 0x80, 0x0, 0xff, 0x80,
    0x0, 0xff, 0x80, 0x0, 0xff, 0x80, 0x0, 0xff,
    0x80, 0x0, 0xff, 0x80, 0x0, 0xff, 0x80, 0x0,
    0xff, 0x80, 0x0, 0xff, 0x80, 0x0, 0xff, 0x80,
    0x0, 0xff, 0x80, 0x0, 0xff, 0x80, 0x0, 0xff,
    0x80, 0x0, 0xff, 0x80, 0x0, 0xff, 0x80, 0x0,
    0xff, 0x80, 0x0, 0xff, 0x80, 0x0, 0xff, 0x80,
    0x0, 0xff, 0x80, 0x0, 0xff, 0x80, 0x0, 0xff,
    0x80, 0x0, 0xff, 0x80, 0x0, 0xff, 0x80, 0x0,
    0xff, 0xff, 0xff, 0xff, 0xff, 0xff, 0xff, 0xff,
    0xff, 0xff, 0xff, 0xff, 0xff, 0xff, 0xff, 0xff,
    0xff, 0xff, 0xff, 0xff, 0xff, 0xff, 0xff, 0xff,

    /* U+006D "m" */
    0xff, 0xf8, 0x0, 0xff, 0xff, 0xff, 0xc0, 0x7,
    0xff, 0xff, 0xfe, 0x0, 0x7f, 0xff, 0xff, 0xf0,
    0x3, 0xff, 0xff, 0xff, 0x80, 0x1f, 0xff, 0xff,
    0xfc, 0x0, 0xff, 0xff, 0xff, 0xf0, 0x7, 0xff,
    0xff, 0xff, 0x80, 0x3f, 0xff, 0xff, 0xfc, 0x1,
    0xff, 0xff, 0xff, 0xe0, 0xf, 0xff, 0xff, 0xff,
    0x0, 0xff, 0xff, 0xff, 0xf8, 0x7, 0xff, 0xff,
    0xff, 0xc0, 0x3f, 0xff, 0xff, 0xff, 0x1, 0xff,
    0xff, 0xff, 0xf8, 0xf, 0xff, 0xff, 0xff, 0xc0,
    0x7f, 0xff, 0xff, 0xfe, 0x3, 0xef, 0xff, 0xfb,
    0xf0, 0x3f, 0x7f, 0xff, 0xdf, 0x81, 0xfb, 0xff,
    0xfe, 0xfc, 0xf, 0xdf, 0xff, 0xf7, 0xf0, 0x7e,
    0xff, 0xff, 0xbf, 0x83, 0xf7, 0xff, 0xfd, 0xfc,
    0x1f, 0xbf, 0xff, 0xef, 0xe0, 0xf9, 0xff, 0xff,
    0x3f, 0xf, 0xcf, 0xff, 0xf9, 0xf8, 0x7e, 0x7f,
    0xff, 0xcf, 0xc3, 0xf3, 0xff, 0xfe, 0x7e, 0x1f,
    0x9f, 0xff, 0xf3, 0xf8, 0xfc, 0xff, 0xff, 0x9f,
    0xc7, 0xc7, 0xff, 0xfc, 0x7e, 0x3e, 0x3f, 0xff,
    0xe3, 0xf1, 0xf1, 0xff, 0xff, 0x1f, 0x9f, 0x8f,
    0xff, 0xf8, 0xfc, 0xfc, 0x7f, 0xff, 0xc7, 0xe7,
    0xe3, 0xff, 0xfe, 0x3f, 0xbf, 0x1f, 0xff, 0xf1,
    0xfd, 0xf0, 0xff, 0xff, 0x87, 0xef, 0x87, 0xff,
    0xfc, 0x3f, 0x7c, 0x3f, 0xff, 0xe1, 0xff, 0xe1,
    0xff, 0xff, 0xf, 0xff, 0xf, 0xff, 0xf8, 0x7f,
    0xf8, 0x7f, 0xff, 0xc3, 0xff, 0xc3, 0xff, 0xfe,
    0x1f, 0xfc, 0x1f, 0xff, 0xf0, 0x7f, 0xe0, 0xff,
    0xff, 0x83, 0xff, 0x7, 0xff, 0xfc, 0x1f, 0xf8,
    0x3f, 0xff, 0xe0, 0xff, 0xc1, 0xff, 0xff, 0x7,
    0xfe, 0xf, 0xff, 0xf8, 0x3f, 0xf0, 0x7f, 0xff,
    0xc0, 0xff, 0x3, 0xff, 0xfe, 0x7, 0xf8, 0x1f,
    0xff, 0xf0, 0x3f, 0xc0, 0xff, 0xff, 0x81, 0xfe,
    0x7, 0xff, 0xfc, 0xf, 0xf0, 0x3f, 0xff, 0xe0,
    0x7f, 0x81, 0xff,

    /* U+006E "n" */
    0xff, 0xe0, 0xf, 0xff, 0xff, 0x0, 0xff, 0xff,
    0xf0, 0xf, 0xff, 0xff, 0x0, 0xff, 0xff, 0xf0,
    0xf, 0xff, 0xff, 0x80, 0xff, 0xff, 0xf8, 0xf,
    0xff, 0xff, 0x80, 0xff, 0xff, 0xf8, 0xf, 0xff,
    0xff, 0xc0, 0xff, 0xff, 0xfc, 0xf, 0xff, 0xff,
    0xc0, 0xff, 0xff, 0xfc, 0xf, 0xff, 0xff, 0xe0,
    0xff, 0xff, 0xfe, 0xf, 0xff, 0xff, 0xe0, 0xff,
    0xff, 0xff, 0xf, 0xff, 0xf7, 0xf0, 0xff, 0xff,
    0x7f, 0xf, 0xff, 0xf7, 0xf0, 0xff, 0xff, 0x7f,
    0x8f, 0xff, 0xf3, 0xf8, 0xff, 0xff, 0x3f, 0x8f,
    0xff, 0xf3, 0xf8, 0xff, 0xff, 0x3f, 0xcf, 0xff,
    0xf1, 0xfc, 0xff, 0xff, 0x1f, 0xcf, 0xff, 0xf1,
    0xfc, 0xff, 0xff, 0xf, 0xef, 0xff, 0xf0, 0xfe,
    0xff, 0xff, 0xf, 0xef, 0xff, 0xf0, 0xfe, 0xff,
    0xff, 0x7, 0xff, 0xff, 0xf0, 0x7f, 0xff, 0xff,
    0x7, 0xff, 0xff, 0xf0, 0x7f, 0xff, 0xff, 0x3,
    0xff, 0xff, 0xf0, 0x3f, 0xff, 0xff, 0x3, 0xff,
    0xff, 0xf0, 0x3f, 0xff, 0xff, 0x1, 0xff, 0xff,
    0xf0, 0x1f, 0xff, 0xff, 0x1, 0xff, 0xff, 0xf0,
    0xf, 0xff, 0xff, 0x0, 0xff, 0xff, 0xf0, 0xf,
    0xff, 0xff, 0x0, 0xff, 0xff, 0xf0, 0x7, 0xff,
    0xff, 0x0, 0x7f, 0xff, 0xf0, 0x7, 0xff, 0xff,
    0x0, 0x7f, 0xff, 0xf0, 0x3, 0xff, 0xff, 0x0,
    0x3f, 0xff, 0xf0, 0x3, 0xff, 0xff, 0x0, 0x3f,
    0xff, 0xf0, 0x1, 0xff,

    /* U+006F "o" */
    0x0, 0x7f, 0xc0, 0x0, 0x7f, 0xff, 0x0, 0x1f,
    0xff, 0xf0, 0x7, 0xff, 0xff, 0x1, 0xff, 0xff,
    0xf0, 0x7f, 0xff, 0xff, 0xf, 0xff, 0xff, 0xe3,
    0xff, 0xff, 0xfe, 0x7f, 0xe0, 0xff, 0xdf, 0xf8,
    0xf, 0xfb, 0xfe, 0x1, 0xff, 0xff, 0xc0, 0x1f,
    0xff, 0xf8, 0x3, 0xff, 0xff, 0x0, 0x7f, 0xff,
    0xe0, 0xf, 0xff, 0xfc, 0x1, 0xff, 0xff, 0x80,
    0x3f, 0xff, 0xf0, 0x7, 0xff, 0xfe, 0x0, 0xff,
    0xff, 0xc0, 0x1f, 0xff, 0xf8, 0x3, 0xff, 0xff,
    0x0, 0x7f, 0xff, 0xe0, 0xf, 0xff, 0xfc, 0x1,
    0xff, 0xff, 0x80, 0x3f, 0xff, 0xf0, 0x7, 0xff,
    0xfe, 0x0, 0xff, 0xff, 0xc0, 0x1f, 0xff, 0xf8,
    0x3, 0xff, 0xff, 0x0, 0x7f, 0xff, 0xe0, 0xf,
    0xff, 0xfc, 0x1, 0xff, 0xff, 0x80, 0x3f, 0xff,
    0xf0, 0x7, 0xff, 0xfe, 0x0, 0xff, 0xff, 0xc0,
    0x1f, 0xff, 0xf8, 0x3, 0xff, 0xff, 0x0, 0x7f,
    0xff, 0xe0, 0xf, 0xff, 0xfc, 0x1, 0xff, 0xff,
    0x80, 0x3f, 0xff, 0xf0, 0x7, 0xff, 0xfe, 0x0,
    0xff, 0xff, 0xc0, 0x1f, 0xff, 0xf8, 0x3, 0xff,
    0xff, 0x0, 0x7f, 0xff, 0xe0, 0xf, 0xff, 0xfe,
    0x3, 0xff, 0xff, 0xc0, 0x7f, 0xef, 0xfc, 0x1f,
    0xf9, 0xff, 0xff, 0xff, 0x1f, 0xff, 0xff, 0xc3,
    0xff, 0xff, 0xf8, 0x3f, 0xff, 0xfe, 0x3, 0xff,
    0xff, 0x80, 0x3f, 0xff, 0xe0, 0x3, 0xff, 0xf8,
    0x0, 0xf, 0xf8, 0x0,

    /* U+0070 "p" */
    0xff, 0xff, 0x80, 0x3f, 0xff, 0xfc, 0xf, 0xff,
    0xff, 0xc3, 0xff, 0xff, 0xf8, 0xff, 0xff, 0xff,
    0x3f, 0xff, 0xff, 0xcf, 0xff, 0xff, 0xfb, 0xff,
    0xff, 0xfe, 0xff, 0x81, 0xff, 0xbf, 0xe0, 0x3f,
    0xff, 0xf8, 0x7, 0xff, 0xfe, 0x1, 0xff, 0xff,
    0x80, 0x7f, 0xff, 0xe0, 0x1f, 0xff, 0xf8, 0x7,
    0xff, 0xfe, 0x1, 0xff, 0xff, 0x80, 0x7f, 0xff,
    0xe0, 0x1f, 0xff, 0xf8, 0x7, 0xff, 0xfe, 0x1,
    0xff, 0xff, 0x80, 0x7f, 0xff, 0xe0, 0x1f, 0xff,
    0xf8, 0x7, 0xff, 0xfe, 0x3, 0xff, 0xff, 0x81,
    0xff, 0xbf, 0xff, 0xff, 0xef, 0xff, 0xff, 0xfb,
    0xff, 0xff, 0xfc, 0xff, 0xff, 0xff, 0x3f, 0xff,
    0xff, 0x8f, 0xff, 0xff, 0xc3, 0xff, 0xff, 0xc0,
    0xff, 0xff, 0x80, 0x3f, 0xe0, 0x0, 0xf, 0xf8,
    0x0, 0x3, 0xfe, 0x0, 0x0, 0xff, 0x80, 0x0,
    0x3f, 0xe0, 0x0, 0xf, 0xf8, 0x0, 0x3, 0xfe,
    0x0, 0x0, 0xff, 0x80, 0x0, 0x3f, 0xe0, 0x0,
    0xf, 0xf8, 0x0, 0x3, 0xfe, 0x0, 0x0, 0xff,
    0x80, 0x0, 0x3f, 0xe0, 0x0, 0xf, 0xf8, 0x0,
    0x3, 0xfe, 0x0, 0x0, 0xff, 0x80, 0x0, 0x3f,
    0xe0, 0x0, 0xf, 0xf8, 0x0, 0x3, 0xfe, 0x0,
    0x0, 0xff, 0x80, 0x0, 0x3f, 0xe0, 0x0, 0xf,
    0xf8, 0x0, 0x3, 0xfe, 0x0, 0x0,

    /* U+0071 "q" */
    0x0, 0x7f, 0xc0, 0x0, 0x1f, 0xff, 0xc0, 0x1,
    0xff, 0xff, 0x0, 0x1f, 0xff, 0xfc, 0x1, 0xff,
    0xff, 0xf0, 0x1f, 0xff, 0xff, 0xc0, 0xff, 0xff,
    0xfe, 0xf, 0xff, 0xff, 0xf8, 0x7f, 0xe0, 0xff,
    0xc7, 0xfe, 0x3, 0xff, 0x3f, 0xe0, 0x1f, 0xf9,
    0xff, 0x0, 0x7f, 0xcf, 0xf8, 0x3, 0xfe, 0x7f,
    0xc0, 0x1f, 0xf3, 0xfe, 0x0, 0xff, 0x9f, 0xf0,
    0x7, 0xfc, 0xff, 0x80, 0x3f, 0xe7, 0xfc, 0x1,
    0xff, 0x3f, 0xe0, 0xf, 0xf9, 0xff, 0x0, 0x7f,
    0xcf, 0xf8, 0x3, 0xfe, 0x7f, 0xc0, 0x1f, 0xf3,
    0xfe, 0x0, 0xff, 0x9f, 0xf0, 0x7, 0xfc, 0xff,
    0x80, 0x3f, 0xe7, 0xfc, 0x1, 0xff, 0x3f, 0xe0,
    0xf, 0xf9, 0xff, 0x0, 0x7f, 0xcf, 0xf8, 0x3,
    0xfe, 0x7f, 0xc0, 0x1f, 0xf3, 0xfe, 0x0, 0xff,
    0x9f, 0xf0, 0x7, 0xfc, 0xff, 0x80, 0x3f, 0xe7,
    0xfc, 0x1, 0xff, 0x3f, 0xe0, 0xf, 0xf9, 0xff,
    0x0, 0x7f, 0xcf, 0xf8, 0x3, 0xfe, 0x7f, 0xc0,
    0x1f, 0xf3, 0xfe, 0x0, 0xff, 0x9f, 0xf0, 0x7,
    0xfc, 0xff, 0x80, 0x3f, 0xe7, 0xfc, 0x1, 0xff,
    0x3f, 0xe0, 0xf, 0xf9, 0xff, 0x0, 0x7f, 0xcf,
    0xf8, 0x3, 0xfe, 0x7f, 0xc0, 0x1f, 0xf3, 0xfe,
    0x0, 0xff, 0x9f, 0xf8, 0xf, 0xfc, 0xff, 0xc0,
    0x7f, 0xc3, 0xff, 0x7, 0xfe, 0x1f, 0xff, 0xff,
    0xf0, 0x7f, 0xff, 0xff, 0x3, 0xff, 0xff, 0xf8,
    0xf, 0xff, 0xff, 0xc0, 0x3f, 0xff, 0xff, 0xe0,
    0xff, 0xff, 0xff, 0x3, 0xff, 0xff, 0xf8, 0x3,
    0xfe, 0xff, 0xc0, 0x0, 0x3, 0xfe, 0x0, 0x0,
    0xf, 0xf0, 0x0, 0x0, 0x3f, 0x80, 0x0, 0x0,
    0xfc,

    /* U+0072 "r" */
    0xff, 0xff, 0xc0, 0x1f, 0xff, 0xff, 0x3, 0xff,
    0xff, 0xf0, 0x7f, 0xff, 0xff, 0xf, 0xff, 0xff,
    0xf1, 0xff, 0xff, 0xff, 0x3f, 0xff, 0xff, 0xe7,
    0xff, 0xff, 0xfc, 0xff, 0x81, 0xff, 0xdf, 0xf0,
    0x1f, 0xfb, 0xfe, 0x1, 0xff, 0x7f, 0xc0, 0x3f,
    0xef, 0xf8, 0x7, 0xfd, 0xff, 0x0, 0xff, 0xbf,
    0xe0, 0x1f, 0xf7, 0xfc, 0x3, 0xfe, 0xff, 0x80,
    0x7f, 0xdf, 0xf0, 0xf, 0xfb, 0xfe, 0x1, 0xff,
    0x7f, 0xc0, 0x3f, 0xef, 0xf8, 0x7, 0xfd, 0xff,
    0x1, 0xff, 0x3f, 0xe0, 0x3f, 0xe7, 0xfc, 0xf,
    0xf8, 0xff, 0xff, 0xff, 0x1f, 0xff, 0xff, 0xc3,
    0xff, 0xff, 0xf0, 0x7f, 0xff, 0xf8, 0xf, 0xff,
    0xff, 0xc1, 0xff, 0xff, 0xfc, 0x3f, 0xff, 0xff,
    0xc7, 0xff, 0xff, 0xfc, 0xff, 0x83, 0xff, 0x9f,
    0xf0, 0x1f, 0xf3, 0xfe, 0x3, 0xff, 0x7f, 0xc0,
    0x3f, 0xef, 0xf8, 0x7, 0xfd, 0xff, 0x0, 0xff,
    0xbf, 0xe0, 0x1f, 0xf7, 0xfc, 0x3, 0xfe, 0xff,
    0x80, 0x7f, 0xdf, 0xf0, 0xf, 0xfb, 0xfe, 0x1,
    0xff, 0x7f, 0xc0, 0x3f, 0xef, 0xf8, 0x7, 0xfd,
    0xff, 0x0, 0xff, 0xbf, 0xe0, 0x1f, 0xf7, 0xfc,
    0x3, 0xfe, 0xff, 0x80, 0x7f, 0xdf, 0xf0, 0xf,
    0xfb, 0xfe, 0x1, 0xff, 0x7f, 0xc0, 0x3f, 0xef,
    0xf8, 0x7, 0xfd, 0xff, 0x0, 0xff, 0xbf, 0xe0,
    0x1f, 0xf7, 0xfc, 0x1, 0xff,

    /* U+0073 "s" */
    0x0, 0x7f, 0x80, 0x0, 0xff, 0xfc, 0x0, 0x7f,
    0xff, 0xc0, 0x3f, 0xff, 0xf8, 0x1f, 0xff, 0xfe,
    0xf, 0xff, 0xff, 0xc7, 0xff, 0xff, 0xf9, 0xff,
    0xff, 0xfe, 0x7f, 0xe1, 0xff, 0xbf, 0xf0, 0x3f,
    0xff, 0xf8, 0x7, 0xff, 0xfe, 0x1, 0xff, 0xff,
    0x80, 0x7f, 0xff, 0xe0, 0x1f, 0xff, 0xf8, 0x7,
    0xff, 0xfe, 0x1, 0xff, 0xff, 0x80, 0x0, 0x3f,
    0xf0, 0x0, 0xf, 0xfc, 0x0, 0x1, 0xff, 0x80,
    0x0, 0x7f, 0xf0, 0x0, 0x1f, 0xfc, 0x0, 0x3,
    0xff, 0x80, 0x0, 0xff, 0xf0, 0x0, 0x1f, 0xfe,
    0x0, 0x3, 0xff, 0xc0, 0x0, 0x7f, 0xf8, 0x0,
    0x1f, 0xff, 0x80, 0x3, 0xff, 0xf0, 0x0, 0x7f,
    0xfc, 0x0, 0xf, 0xff, 0x80, 0x1, 0xff, 0xf0,
    0x0, 0x1f, 0xfe, 0x0, 0x3, 0xff, 0x80, 0x0,
    0x7f, 0xf0, 0x0, 0x1f, 0xfc, 0x0, 0x3, 0xff,
    0x80, 0x0, 0x7f, 0xe0, 0x0, 0xf, 0xf8, 0x0,
    0x3, 0xff, 0x0, 0x0, 0xff, 0xff, 0xe0, 0x1f,
    0xff, 0xf8, 0x7, 0xff, 0xfe, 0x1, 0xff, 0xff,
    0x80, 0x7f, 0xff, 0xe0, 0x1f, 0xff, 0xf8, 0x7,
    0xff, 0xfe, 0x1, 0xff, 0xff, 0xc0, 0xff, 0xdf,
    0xf8, 0x7f, 0xe7, 0xff, 0xff, 0xf9, 0xff, 0xff,
    0xfe, 0x3f, 0xff, 0xff, 0x7, 0xff, 0xff, 0x81,
    0xff, 0xff, 0xc0, 0x3f, 0xff, 0xe0, 0x3, 0xff,
    0xf0, 0x0, 0x3f, 0xe0, 0x0,

    /* U+0074 "t" */
    0xff, 0xff, 0xff, 0xff, 0xff, 0xff, 0xff, 0xff,
    0xff, 0xff, 0xff, 0xff, 0xff, 0xff, 0xff, 0xff,
    0xff, 0xff, 0xff, 0xff, 0xff, 0xff, 0xff, 0xff,
    0xff, 0xff, 0xff, 0x0, 0x7f, 0xc0, 0x0, 0xf,
    0xf8, 0x0, 0x1, 0xff, 0x0, 0x0, 0x3f, 0xe0,
    0x0, 0x7, 0xfc, 0x0, 0x0, 0xff, 0x80, 0x0,
    0x1f, 0xf0, 0x0, 0x3, 0xfe, 0x0, 0x0, 0x7f,
    0xc0, 0x0, 0xf, 0xf8, 0x0, 0x1, 0xff, 0x0,
    0x0, 0x3f, 0xe0, 0x0, 0x7, 0xfc, 0x0, 0x0,
    0xff, 0x80, 0x0, 0x1f, 0xf0, 0x0, 0x3, 0xfe,
    0x0, 0x0, 0x7f, 0xc0, 0x0, 0xf, 0xf8, 0x0,
    0x1, 0xff, 0x0, 0x0, 0x3f, 0xe0, 0x0, 0x7,
    0xfc, 0x0, 0x0, 0xff, 0x80, 0x0, 0x1f, 0xf0,
    0x0, 0x3, 0xfe, 0x0, 0x0, 0x7f, 0xc0, 0x0,
    0xf, 0xf8, 0x0, 0x1, 0xff, 0x0, 0x0, 0x3f,
    0xe0, 0x0, 0x7, 0xfc, 0x0, 0x0, 0xff, 0x80,
    0x0, 0x1f, 0xf0, 0x0, 0x3, 0xfe, 0x0, 0x0,
    0x7f, 0xc0, 0x0, 0xf, 0xf8, 0x0, 0x1, 0xff,
    0x0, 0x0, 0x3f, 0xe0, 0x0, 0x7, 0xfc, 0x0,
    0x0, 0xff, 0x80, 0x0, 0x1f, 0xf0, 0x0, 0x3,
    0xfe, 0x0, 0x0, 0x7f, 0xc0, 0x0, 0xf, 0xf8,
    0x0, 0x1, 0xff, 0x0, 0x0, 0x3f, 0xe0, 0x0,
    0x7, 0xfc, 0x0, 0x0, 0xff, 0x80, 0x0, 0x1f,
    0xf0, 0x0, 0x3, 0xfe, 0x0,

    /* U+0075 "u" */
    0xff, 0x80, 0x7f, 0xff, 0xe0, 0x1f, 0xff, 0xf8,
    0x7, 0xff, 0xfe, 0x1, 0xff, 0xff, 0x80, 0x7f,
    0xff, 0xe0, 0x1f, 0xff, 0xf8, 0x7, 0xff, 0xfe,
    0x1, 0xff, 0xff, 0x80, 0x7f, 0xff, 0xe0, 0x1f,
    0xff, 0xf8, 0x7, 0xff, 0xfe, 0x1, 0xff, 0xff,
    0x80, 0x7f, 0xff, 0xe0, 0x1f, 0xff, 0xf8, 0x7,
    0xff, 0xfe, 0x1, 0xff, 0xff, 0x80, 0x7f, 0xff,
    0xe0, 0x1f, 0xff, 0xf8, 0x7, 0xff, 0xfe, 0x1,
    0xff, 0xff, 0x80, 0x7f, 0xff, 0xe0, 0x1f, 0xff,
    0xf8, 0x7, 0xff, 0xfe, 0x1, 0xff, 0xff, 0x80,
    0x7f, 0xff, 0xe0, 0x1f, 0xff, 0xf8, 0x7, 0xff,
    0xfe, 0x1, 0xff, 0xff, 0x80, 0x7f, 0xff, 0xe0,
    0x1f, 0xff, 0xf8, 0x7, 0xff, 0xfe, 0x1, 0xff,
    0xff, 0x80, 0x7f, 0xff, 0xe0, 0x1f, 0xff, 0xf8,
    0x7, 0xff, 0xfe, 0x1, 0xff, 0xff, 0x80, 0x7f,
    0xff, 0xe0, 0x1f, 0xff, 0xf8, 0x7, 0xff, 0xfe,
    0x1, 0xff, 0xff, 0x80, 0x7f, 0xff, 0xe0, 0x1f,
    0xff, 0xf8, 0x7, 0xff, 0xfe, 0x1, 0xff, 0xff,
    0x80, 0x7f, 0xff, 0xe0, 0x1f, 0xff, 0xf8, 0x7,
    0xff, 0xff, 0x3, 0xff, 0x7f, 0xe1, 0xff, 0x9f,
    0xff, 0xff, 0xe7, 0xff, 0xff, 0xf8, 0xff, 0xff,
    0xfc, 0x1f, 0xff, 0xfe, 0x7, 0xff, 0xff, 0x80,
    0x7f, 0xff, 0x80, 0xf, 0xff, 0xc0, 0x0, 0x7f,
    0x80, 0x0,

    /* U+0076 "v" */
    0xff, 0x80, 0xf, 0xff, 0xfc, 0x0, 0x7f, 0xbf,
    0xe0, 0x3, 0xfd, 0xff, 0x0, 0x1f, 0xe7, 0xf8,
    0x0, 0xff, 0x3f, 0xe0, 0x7, 0xf9, 0xff, 0x0,
    0x3f, 0xcf, 0xf8, 0x1, 0xfc, 0x7f, 0xc0, 0x1f,
    0xe3, 0xfe, 0x0, 0xff, 0xf, 0xf0, 0x7, 0xf8,
    0x7f, 0x80, 0x3f, 0xc3, 0xfe, 0x1, 0xfe, 0x1f,
    0xf0, 0xf, 0xf0, 0xff, 0x80, 0x7f, 0x7, 0xfc,
    0x7, 0xf8, 0x3f, 0xe0, 0x3f, 0xc0, 0xff, 0x1,
    0xfe, 0x7, 0xf8, 0xf, 0xf0, 0x3f, 0xc0, 0x7f,
    0x81, 0xff, 0x3, 0xfc, 0xf, 0xf8, 0x1f, 0xc0,
    0x7f, 0xc0, 0xfe, 0x1, 0xfe, 0xf, 0xf0, 0xf,
    0xf0, 0x7f, 0x80, 0x7f, 0x83, 0xfc, 0x3, 0xfc,
    0x1f, 0xe0, 0x1f, 0xe0, 0xfe, 0x0, 0xff, 0x87,
    0xf0, 0x7, 0xfc, 0x3f, 0x80, 0x1f, 0xe3, 0xfc,
    0x0, 0xff, 0x1f, 0xe0, 0x7, 0xf8, 0xff, 0x0,
    0x3f, 0xc7, 0xf8, 0x1, 0xfe, 0x3f, 0x80, 0xf,
    0xf9, 0xfc, 0x0, 0x7f, 0xcf, 0xe0, 0x1, 0xfe,
    0x7f, 0x0, 0xf, 0xf7, 0xf8, 0x0, 0x7f, 0xbf,
    0xc0, 0x3, 0xfd, 0xfc, 0x0, 0x1f, 0xef, 0xe0,
    0x0, 0xff, 0x7f, 0x0, 0x3, 0xff, 0xf8, 0x0,
    0x1f, 0xff, 0xc0, 0x0, 0xff, 0xfe, 0x0, 0x7,
    0xff, 0xf0, 0x0, 0x3f, 0xff, 0x0, 0x1, 0xff,
    0xf8, 0x0, 0xf, 0xff, 0xc0, 0x0, 0x3f, 0xfe,
    0x0, 0x1, 0xff, 0xf0, 0x0, 0xf, 0xff, 0x80,
    0x0, 0x7f, 0xfc, 0x0, 0x3, 0xff, 0xc0, 0x0,
    0x1f, 0xfe, 0x0,

    /* U+0077 "w" */
    0xff, 0x80, 0x7f, 0xe0, 0x1f, 0xff, 0xe0, 0x1f,
    0xf8, 0x7, 0xff, 0xf8, 0x7, 0xfe, 0x1, 0xfd,
    0xfe, 0x1, 0xff, 0x80, 0xff, 0x7f, 0x80, 0xff,
    0xe0, 0x3f, 0xdf, 0xe0, 0x3f, 0xf8, 0xf, 0xf7,
    0xf8, 0xf, 0xfe, 0x3, 0xfd, 0xfe, 0x3, 0xff,
    0x80, 0xff, 0x7f, 0x80, 0xff, 0xe0, 0x3f, 0xdf,
    0xf0, 0x3f, 0xf8, 0xf, 0xe7, 0xfc, 0xf, 0xff,
    0x3, 0xf9, 0xff, 0x3, 0xff, 0xc0, 0xfe, 0x7f,
    0xc0, 0xff, 0xf0, 0x3f, 0x8f, 0xf0, 0x3f, 0xfc,
    0xf, 0xe3, 0xfc, 0xf, 0xff, 0x7, 0xf8, 0xff,
    0x7, 0xff, 0xc1, 0xfe, 0x3f, 0xc1, 0xff, 0xf0,
    0x7f, 0x8f, 0xf0, 0x7f, 0xfc, 0x1f, 0xe3, 0xfc,
    0x1f, 0xff, 0x7, 0xf8, 0xff, 0x7, 0xef, 0xc1,
    0xfc, 0x3f, 0xe1, 0xfb, 0xf8, 0x7f, 0xf, 0xf8,
    0x7e, 0xfe, 0x1f, 0xc3, 0xfe, 0x1f, 0xbf, 0x87,
    0xf0, 0x7f, 0x87, 0xef, 0xe1, 0xfc, 0x1f, 0xe1,
    0xfb, 0xf8, 0x7f, 0x7, 0xf8, 0xfe, 0xfe, 0x3f,
    0xc1, 0xfe, 0x3f, 0x9f, 0x8f, 0xf0, 0x7f, 0x8f,
    0xe7, 0xe3, 0xfc, 0x1f, 0xe3, 0xf1, 0xf8, 0xfe,
    0x7, 0xf8, 0xfc, 0x7e, 0x3f, 0x81, 0xfe, 0x3f,
    0x1f, 0x8f, 0xe0, 0x7f, 0xcf, 0xc7, 0xf3, 0xf8,
    0x1f, 0xf3, 0xf1, 0xfc, 0xfe, 0x3, 0xfc, 0xfc,
    0x7f, 0x3f, 0x80, 0xff, 0x3f, 0x1f, 0xcf, 0xe0,
    0x3f, 0xdf, 0xc3, 0xf3, 0xf8, 0xf, 0xf7, 0xf0,
    0xfd, 0xfe, 0x3, 0xfd, 0xfc, 0x3f, 0x7f, 0x80,
    0xff, 0x7e, 0xf, 0xdf, 0xc0, 0x3f, 0xdf, 0x83,
    0xf7, 0xf0, 0xf, 0xf7, 0xe0, 0xfd, 0xfc, 0x3,
    0xfd, 0xf8, 0x3f, 0xff, 0x0, 0x7f, 0xfe, 0xf,
    0xff, 0xc0, 0x1f, 0xff, 0x83, 0xff, 0xf0, 0x7,
    0xff, 0xe0, 0xff, 0xfc, 0x1, 0xff, 0xf8, 0x1f,
    0xff, 0x0, 0x7f, 0xfe, 0x7, 0xff, 0xc0, 0x1f,
    0xff, 0x1, 0xff, 0xf0, 0x7, 0xff, 0xc0, 0x7f,
    0xf8, 0x1, 0xff, 0xf0, 0x1f, 0xfe, 0x0, 0x7f,
    0xfc, 0x7, 0xff, 0x80, 0x1f, 0xff, 0x1, 0xff,
    0xe0, 0x3, 0xff, 0xc0, 0x7f, 0xf8, 0x0, 0xff,
    0xf0, 0x1f, 0xfe, 0x0, 0x3f, 0xfc, 0x3, 0xff,
    0x80, 0xf, 0xff, 0x0, 0xff, 0xe0,

    /* U+0078 "x" */
    0x7f, 0xc0, 0x3, 0xfc, 0xff, 0x80, 0xf, 0xf9,
    0xff, 0x0, 0x1f, 0xe1, 0xff, 0x0, 0x3f, 0xc3,
    0xfe, 0x0, 0xff, 0x87, 0xfc, 0x1, 0xfe, 0x7,
    0xfc, 0x3, 0xfc, 0xf, 0xf8, 0xf, 0xf0, 0x1f,
    0xf0, 0x1f, 0xe0, 0x1f, 0xf0, 0x3f, 0xc0, 0x3f,
    0xe0, 0xff, 0x0, 0x7f, 0xc1, 0xfe, 0x0, 0x7f,
    0xc3, 0xfc, 0x0, 0xff, 0x8f, 0xf0, 0x0, 0xff,
    0x1f, 0xe0, 0x1, 0xff, 0x3f, 0xc0, 0x3, 0xfe,
    0xff, 0x0, 0x3, 0xfd, 0xfe, 0x0, 0x7, 0xff,
    0xfc, 0x0, 0xf, 0xff, 0xf0, 0x0, 0xf, 0xff,
    0xe0, 0x0, 0x1f, 0xff, 0xc0, 0x0, 0x3f, 0xff,
    0x0, 0x0, 0x3f, 0xfe, 0x0, 0x0, 0x7f, 0xf8,
    0x0, 0x0, 0xff, 0xf0, 0x0, 0x0, 0xff, 0xe0,
    0x0, 0x1, 0xff, 0x80, 0x0, 0x3, 0xff, 0x80,
    0x0, 0xf, 0xff, 0x0, 0x0, 0x1f, 0xff, 0x0,
    0x0, 0x3f, 0xfe, 0x0, 0x0, 0xff, 0xfc, 0x0,
    0x1, 0xff, 0xfc, 0x0, 0x7, 0xff, 0xf8, 0x0,
    0xf, 0xff, 0xf0, 0x0, 0x1f, 0xff, 0xf0, 0x0,
    0x7f, 0xbf, 0xe0, 0x0, 0xff, 0x3f, 0xc0, 0x1,
    0xfe, 0x7f, 0xc0, 0x7, 0xf8, 0xff, 0x80, 0xf,
    0xf0, 0xff, 0x0, 0x1f, 0xe1, 0xff, 0x0, 0x7f,
    0x83, 0xfe, 0x0, 0xff, 0x3, 0xfe, 0x1, 0xfe,
    0x7, 0xfc, 0x7, 0xf8, 0xf, 0xf8, 0xf, 0xf0,
    0xf, 0xf8, 0x1f, 0xe0, 0x1f, 0xf0, 0x7f, 0x80,
    0x3f, 0xe0, 0xff, 0x0, 0x3f, 0xe3, 0xfe, 0x0,
    0x7f, 0xc7, 0xf8, 0x0, 0xff, 0x8f, 0xf0, 0x0,
    0xff, 0xbf, 0xe0, 0x1, 0xff, 0x7f, 0x80, 0x3,
    0xfe,

    /* U+0079 "y" */
    0x7f, 0xc0, 0x3, 0xfc, 0xff, 0x80, 0x7, 0xf9,
    0xff, 0x0, 0x1f, 0xf1, 0xff, 0x0, 0x3f, 0xc3,
    0xfe, 0x0, 0x7f, 0x87, 0xfc, 0x1, 0xff, 0x7,
    0xfc, 0x3, 0xfc, 0xf, 0xf8, 0x7, 0xf8, 0x1f,
    0xf0, 0xf, 0xf0, 0x3f, 0xf0, 0x3f, 0xe0, 0x3f,
    0xe0, 0x7f, 0x80, 0x7f, 0xc0, 0xff, 0x0, 0xff,
    0x83, 0xfe, 0x0, 0xff, 0x87, 0xf8, 0x1, 0xff,
    0xf, 0xf0, 0x3, 0xfe, 0x3f, 0xe0, 0x3, 0xfe,
    0x7f, 0x80, 0x7, 0xfc, 0xff, 0x0, 0xf, 0xf9,
    0xfe, 0x0, 0xf, 0xff, 0xf8, 0x0, 0x1f, 0xff,
    0xf0, 0x0, 0x3f, 0xff, 0xe0, 0x0, 0x3f, 0xff,
    0x80, 0x0, 0x7f, 0xff, 0x0, 0x0, 0xff, 0xfe,
    0x0, 0x0, 0xff, 0xf8, 0x0, 0x1, 0xff, 0xf0,
    0x0, 0x3, 0xff, 0xe0, 0x0, 0x3, 0xff, 0x80,
    0x0, 0x7, 0xff, 0x0, 0x0, 0xf, 0xfe, 0x0,
    0x0, 0xf, 0xf8, 0x0, 0x0, 0x1f, 0xf0, 0x0,
    0x0, 0x3f, 0xe0, 0x0, 0x0, 0x7f, 0xc0, 0x0,
    0x0, 0xff, 0x80, 0x0, 0x1, 0xff, 0x0, 0x0,
    0x3, 0xfe, 0x0, 0x0, 0x7, 0xfc, 0x0, 0x0,
    0xf, 0xf8, 0x0, 0x0, 0x1f, 0xf0, 0x0, 0x0,
    0x3f, 0xe0, 0x0, 0x0, 0x7f, 0xc0, 0x0, 0x0,
    0xff, 0x80, 0x0, 0x1, 0xff, 0x0, 0x0, 0x3,
    0xfe, 0x0, 0x0, 0x7, 0xfc, 0x0, 0x0, 0xf,
    0xf8, 0x0, 0x0, 0x1f, 0xf0, 0x0, 0x0, 0x3f,
    0xe0, 0x0, 0x0, 0x7f, 0xc0, 0x0, 0x0, 0xff,
    0x80, 0x0, 0x1, 0xff, 0x0, 0x0, 0x3, 0xfe,
    0x0, 0x0, 0x7, 0xfc, 0x0, 0x0, 0xf, 0xf8,
    0x0,

    /* U+007A "z" */
    0x7f, 0xff, 0xff, 0xdf, 0xff, 0xff, 0xf7, 0xff,
    0xff, 0xfd, 0xff, 0xff, 0xff, 0x7f, 0xff, 0xff,
    0xdf, 0xff, 0xff, 0xf7, 0xff, 0xff, 0xfd, 0xff,
    0xff, 0xff, 0x0, 0x0, 0xff, 0xc0, 0x0, 0x3f,
    0xe0, 0x0, 0x1f, 0xf8, 0x0, 0x7, 0xfe, 0x0,
    0x1, 0xff, 0x0, 0x0, 0xff, 0xc0, 0x0, 0x3f,
    0xe0, 0x0, 0x1f, 0xf8, 0x0, 0x7, 0xfc, 0x0,
    0x1, 0xff, 0x0, 0x0, 0xff, 0xc0, 0x0, 0x3f,
    0xe0, 0x0, 0x1f, 0xf8, 0x0, 0x7, 0xfc, 0x0,
    0x1, 0xff, 0x0, 0x0, 0xff, 0xc0, 0x0, 0x3f,
    0xe0, 0x0, 0x1f, 0xf8, 0x0, 0x7, 0xfc, 0x0,
    0x3, 0xff, 0x0, 0x0, 0xff, 0xc0, 0x0, 0x3f,
    0xe0, 0x0, 0x1f, 0xf8, 0x0, 0x7, 0xfc, 0x0,
    0x3, 0xff, 0x0, 0x0, 0xff, 0xc0, 0x0, 0x3f,
    0xe0, 0x0, 0x1f, 0xf8, 0x0, 0x7, 0xfc, 0x0,
    0x3, 0xff, 0x0, 0x0, 0xff, 0xc0, 0x0, 0x3f,
    0xe0, 0x0, 0x1f, 0xf8, 0x0, 0x7, 0xfc, 0x0,
    0x3, 0xff, 0x0, 0x0, 0xff, 0xc0, 0x0, 0x7f,
    0xe0, 0x0, 0x1f, 0xf8, 0x0, 0x7, 0xfc, 0x0,
    0x3, 0xff, 0x0, 0x0, 0xff, 0xff, 0xff, 0xff,
    0xff, 0xff, 0xff, 0xff, 0xff, 0xff, 0xff, 0xff,
    0xff, 0xff, 0xff, 0xff, 0xff, 0xff, 0xff, 0xff,
    0xff, 0xff, 0xff, 0xff, 0xff, 0xff,

    /* U+007B "{" */
    0x0, 0x1f, 0xe0, 0x1f, 0xfc, 0x7, 0xff, 0x81,
    0xff, 0xf0, 0x3f, 0xfe, 0xf, 0xff, 0xc1, 0xff,
    0xf8, 0x3f, 0xf0, 0x7, 0xfc, 0x0, 0xff, 0x0,
    0x1f, 0xe0, 0x3, 0xfc, 0x0, 0x7f, 0x80, 0xf,
    0xf0, 0x1, 0xfe, 0x0, 0x3f, 0xc0, 0x7, 0xf8,
    0x0, 0xff, 0x0, 0x1f, 0xe0, 0x3, 0xfc, 0x0,
    0x7f, 0x80, 0xf, 0xf0, 0x1, 0xfe, 0x0, 0x3f,
    0xc0, 0x7, 0xf8, 0x0, 0xff, 0x0, 0x3f, 0xe0,
    0xf, 0xfc, 0xf, 0xff, 0x1, 0xff, 0xc0, 0x3f,
    0xf0, 0x7, 0xf8, 0x0, 0xff, 0xc0, 0x1f, 0xfc,
    0x3, 0xff, 0xc0, 0xf, 0xf8, 0x0, 0xff, 0x80,
    0xf, 0xf0, 0x1, 0xfe, 0x0, 0x3f, 0xc0, 0x7,
    0xf8, 0x0, 0xff, 0x0, 0x1f, 0xe0, 0x3, 0xfc,
    0x0, 0x7f, 0x80, 0xf, 0xf0, 0x1, 0xfe, 0x0,
    0x3f, 0xc0, 0x7, 0xf8, 0x0, 0xff, 0x0, 0x1f,
    0xe0, 0x3, 0xfc, 0x0, 0x7f, 0x80, 0xf, 0xf0,
    0x1, 0xfe, 0x0, 0x3f, 0xe0, 0x7, 0xfe, 0x0,
    0xff, 0xfc, 0x1f, 0xff, 0x81, 0xff, 0xf0, 0x3f,
    0xfe, 0x3, 0xff, 0xc0, 0x1f, 0xf8, 0x0, 0xff,

    /* U+007C "|" */
    0xff, 0xff, 0xff, 0xff, 0xff, 0xff, 0xff, 0xff,
    0xff, 0xff, 0xff, 0xff, 0xff, 0xff, 0xff, 0xff,
    0xff, 0xff, 0xff, 0xff, 0xff, 0xff, 0xff, 0xff,
    0xff, 0xff, 0xff, 0xff, 0xff, 0xff, 0xff, 0xff,
    0xff, 0xff, 0xff, 0xff, 0xff, 0xff, 0xff, 0xff,
    0xff, 0xff, 0xff, 0xff, 0xff, 0xff, 0xff, 0xff,
    0xff, 0xff, 0xff, 0xff, 0xff, 0xff, 0xff, 0xff,
    0xff, 0xff, 0xff, 0xff, 0xff, 0xff, 0xff, 0xff,
    0xff, 0xff, 0xff, 0xff, 0xff, 0xff,

    /* U+007D "}" */
    0xff, 0x0, 0x1f, 0xfc, 0x3, 0xff, 0xc0, 0x7f,
    0xfc, 0xf, 0xff, 0x81, 0xff, 0xf8, 0x3f, 0xff,
    0x0, 0x7f, 0xe0, 0x7, 0xfc, 0x0, 0x7f, 0x80,
    0xf, 0xf0, 0x1, 0xfe, 0x0, 0x3f, 0xc0, 0x7,
    0xf8, 0x0, 0xff, 0x0, 0x1f, 0xe0, 0x3, 0xfc,
    0x0, 0x7f, 0x80, 0xf, 0xf0, 0x1, 0xfe, 0x0,
    0x3f, 0xc0, 0x7, 0xf8, 0x0, 0xff, 0x0, 0x1f,
    0xe0, 0x3, 0xfc, 0x0, 0x7f, 0x80, 0xf, 0xf8,
    0x1, 0xff, 0x80, 0x1f, 0xfe, 0x1, 0xff, 0xc0,
    0x1f, 0xf8, 0x0, 0xff, 0x0, 0x7f, 0xe0, 0x1f,
    0xfc, 0x7, 0xff, 0x80, 0xff, 0x80, 0x3f, 0xe0,
    0x7, 0xf8, 0x0, 0xff, 0x0, 0x1f, 0xe0, 0x3,
    0xfc, 0x0, 0x7f, 0x80, 0xf, 0xf0, 0x1, 0xfe,
    0x0, 0x3f, 0xc0, 0x7, 0xf8, 0x0, 0xff, 0x0,
    0x1f, 0xe0, 0x3, 0xfc, 0x0, 0x7f, 0x80, 0xf,
    0xf0, 0x1, 0xfe, 0x0, 0x3f, 0xc0, 0x7, 0xf8,
    0x0, 0xff, 0x0, 0x3f, 0xe0, 0xf, 0xfc, 0x1f,
    0xff, 0x83, 0xff, 0xf0, 0x7f, 0xfc, 0xf, 0xff,
    0x81, 0xff, 0xe0, 0x3f, 0xf0, 0x7, 0xf8, 0x0,

    /* U+007E "~" */
    0x1, 0xf0, 0x0, 0x40, 0x1f, 0xf0, 0x3, 0xc0,
    0xff, 0xf0, 0xf, 0x87, 0xff, 0xe0, 0x7f, 0x3f,
    0xff, 0xe3, 0xf9, 0xff, 0xff, 0xff, 0xe7, 0xf1,
    0xff, 0xff, 0x3f, 0x81, 0xff, 0xf8, 0x7c, 0x3,
    0xff, 0xc0, 0xf0, 0x3, 0xfe, 0x1, 0x80, 0x3,
    0xe0, 0x0
};


/*---------------------
 *  GLYPH DESCRIPTION
 *--------------------*/

static const lv_font_fmt_txt_glyph_dsc_t glyph_dsc[] = {
    {.bitmap_index = 0, .adv_w = 0, .box_w = 0, .box_h = 0, .ofs_x = 0, .ofs_y = 0} /* id = 0 reserved */,
    {.bitmap_index = 0, .adv_w = 205, .box_w = 1, .box_h = 1, .ofs_x = 0, .ofs_y = 0},
    {.bitmap_index = 1, .adv_w = 269, .box_w = 9, .box_h = 56, .ofs_x = 4, .ofs_y = 0},
    {.bitmap_index = 64, .adv_w = 430, .box_w = 21, .box_h = 18, .ofs_x = 3, .ofs_y = 38},
    {.bitmap_index = 112, .adv_w = 527, .box_w = 31, .box_h = 56, .ofs_x = 1, .ofs_y = 0},
    {.bitmap_index = 329, .adv_w = 512, .box_w = 26, .box_h = 64, .ofs_x = 3, .ofs_y = -4},
    {.bitmap_index = 537, .adv_w = 754, .box_w = 42, .box_h = 58, .ofs_x = 3, .ofs_y = -1},
    {.bitmap_index = 842, .adv_w = 534, .box_w = 29, .box_h = 57, .ofs_x = 3, .ofs_y = -1},
    {.bitmap_index = 1049, .adv_w = 241, .box_w = 9, .box_h = 18, .ofs_x = 3, .ofs_y = 38},
    {.bitmap_index = 1070, .adv_w = 353, .box_w = 15, .box_h = 64, .ofs_x = 4, .ofs_y = -4},
    {.bitmap_index = 1190, .adv_w = 353, .box_w = 15, .box_h = 64, .ofs_x = 3, .ofs_y = -4},
    {.bitmap_index = 1310, .adv_w = 540, .box_w = 32, .box_h = 30, .ofs_x = 1, .ofs_y = 26},
    {.bitmap_index = 1430, .adv_w = 512, .box_w = 28, .box_h = 28, .ofs_x = 2, .ofs_y = 14},
    {.bitmap_index = 1528, .adv_w = 241, .box_w = 9, .box_h = 18, .ofs_x = 3, .ofs_y = -10},
    {.bitmap_index = 1549, .adv_w = 346, .box_w = 18, .box_h = 8, .ofs_x = 2, .ofs_y = 24},
    {.bitmap_index = 1567, .adv_w = 241, .box_w = 9, .box_h = 8, .ofs_x = 3, .ofs_y = 0},
    {.bitmap_index = 1576, .adv_w = 498, .box_w = 29, .box_h = 56, .ofs_x = 1, .ofs_y = 0},
    {.bitmap_index = 1779, .adv_w = 512, .box_w = 27, .box_h = 58, .ofs_x = 3, .ofs_y = -1},
    {.bitmap_index = 1975, .adv_w = 512, .box_w = 18, .box_h = 56, .ofs_x = 6, .ofs_y = 0},
    {.bitmap_index = 2101, .adv_w = 512, .box_w = 26, .box_h = 57, .ofs_x = 3, .ofs_y = 0},
    {.bitmap_index = 2287, .adv_w = 512, .box_w = 26, .box_h = 58, .ofs_x = 3, .ofs_y = -1},
    {.bitmap_index = 2476, .adv_w = 512, .box_w = 30, .box_h = 56, .ofs_x = 1, .ofs_y = 0},
    {.bitmap_index = 2686, .adv_w = 512, .box_w = 26, .box_h = 57, .ofs_x = 3, .ofs_y = -1},
    {.bitmap_index = 2872, .adv_w = 512, .box_w = 27, .box_h = 58, .ofs_x = 3, .ofs_y = -1},
    {.bitmap_index = 3068, .adv_w = 512, .box_w = 26, .box_h = 56, .ofs_x = 3, .ofs_y = 0},
    {.bitmap_index = 3250, .adv_w = 512, .box_w = 28, .box_h = 58, .ofs_x = 2, .ofs_y = -1},
    {.bitmap_index = 3453, .adv_w = 512, .box_w = 27, .box_h = 58, .ofs_x = 3, .ofs_y = -1},
    {.bitmap_index = 3649, .adv_w = 241, .box_w = 9, .box_h = 39, .ofs_x = 3, .ofs_y = 0},
    {.bitmap_index = 3693, .adv_w = 241, .box_w = 9, .box_h = 49, .ofs_x = 3, .ofs_y = -10},
    {.bitmap_index = 3749, .adv_w = 512, .box_w = 25, .box_h = 27, .ofs_x = 3, .ofs_y = 15},
    {.bitmap_index = 3834, .adv_w = 512, .box_w = 26, .box_h = 19, .ofs_x = 3, .ofs_y = 18},
    {.bitmap_index = 3896, .adv_w = 512, .box_w = 25, .box_h = 27, .ofs_x = 4, .ofs_y = 15},
    {.bitmap_index = 3981, .adv_w = 465, .box_w = 26, .box_h = 57, .ofs_x = 2, .ofs_y = 0},
    {.bitmap_index = 4167, .adv_w = 891, .box_w = 52, .box_h = 64, .ofs_x = 2, .ofs_y = -5},
    {.bitmap_index = 4583, .adv_w = 513, .box_w = 30, .box_h = 56, .ofs_x = 1, .ofs_y = 0},
    {.bitmap_index = 4793, .adv_w = 517, .box_w = 27, .box_h = 56, .ofs_x = 3, .ofs_y = 0},
    {.bitmap_index = 4982, .adv_w = 490, .box_w = 26, .box_h = 58, .ofs_x = 3, .ofs_y = -1},
    {.bitmap_index = 5171, .adv_w = 520, .box_w = 27, .box_h = 56, .ofs_x = 3, .ofs_y = 0},
    {.bitmap_index = 5360, .adv_w = 465, .box_w = 24, .box_h = 56, .ofs_x = 3, .ofs_y = 0},
    {.bitmap_index = 5528, .adv_w = 440, .box_w = 24, .box_h = 56, .ofs_x = 3, .ofs_y = 0},
    {.bitmap_index = 5696, .adv_w = 500, .box_w = 27, .box_h = 58, .ofs_x = 3, .ofs_y = -1},
    {.bitmap_index = 5892, .adv_w = 538, .box_w = 27, .box_h = 56, .ofs_x = 3, .ofs_y = 0},
    {.bitmap_index = 6081, .adv_w = 246, .box_w = 9, .box_h = 56, .ofs_x = 3, .ofs_y = 0},
    {.bitmap_index = 6144, .adv_w = 339, .box_w = 17, .box_h = 57, .ofs_x = 1, .ofs_y = -1},
    {.bitmap_index = 6266, .adv_w = 530, .box_w = 29, .box_h = 56, .ofs_x = 3, .ofs_y = 0},
    {.bitmap_index = 6469, .adv_w = 440, .box_w = 24, .box_h = 56, .ofs_x = 3, .ofs_y = 0},
    {.bitmap_index = 6637, .adv_w = 689, .box_w = 37, .box_h = 56, .ofs_x = 3, .ofs_y = 0},
    {.bitmap_index = 6896, .adv_w = 547, .box_w = 28, .box_h = 56, .ofs_x = 3, .ofs_y = 0},
    {.bitmap_index = 7092, .adv_w = 512, .box_w = 27, .box_h = 58, .ofs_x = 3, .ofs_y = -1},
    {.bitmap_index = 7288, .adv_w = 494, .box_w = 26, .box_h = 56, .ofs_x = 3, .ofs_y = 0},
    {.bitmap_index = 7470, .adv_w = 512, .box_w = 29, .box_h = 62, .ofs_x = 3, .ofs_y = -5},
    {.bitmap_index = 7695, .adv_w = 516, .box_w = 27, .box_h = 56, .ofs_x = 3, .ofs_y = 0},
    {.bitmap_index = 7884, .adv_w = 476, .box_w = 26, .box_h = 58, .ofs_x = 2, .ofs_y = -1},
    {.bitmap_index = 8073, .adv_w = 466, .box_w = 27, .box_h = 56, .ofs_x = 1, .ofs_y = 0},
    {.bitmap_index = 8262, .adv_w = 515, .box_w = 26, .box_h = 57, .ofs_x = 3, .ofs_y = -1},
    {.bitmap_index = 8448, .adv_w = 489, .box_w = 29, .box_h = 56, .ofs_x = 1, .ofs_y = 0},
    {.bitmap_index = 8651, .adv_w = 713, .box_w = 42, .box_h = 56, .ofs_x = 1, .ofs_y = 0},
    {.bitmap_index = 8945, .adv_w = 520, .box_w = 31, .box_h = 56, .ofs_x = 1, .ofs_y = 0},
    {.bitmap_index = 9162, .adv_w = 504, .box_w = 31, .box_h = 56, .ofs_x = 0, .ofs_y = 0},
    {.bitmap_index = 9379, .adv_w = 463, .box_w = 26, .box_h = 56, .ofs_x = 2, .ofs_y = 0},
    {.bitmap_index = 9561, .adv_w = 353, .box_w = 15, .box_h = 64, .ofs_x = 5, .ofs_y = -4},
    {.bitmap_index = 9681, .adv_w = 498, .box_w = 29, .box_h = 56, .ofs_x = 1, .ofs_y = 0},
    {.bitmap_index = 9884, .adv_w = 353, .box_w = 15, .box_h = 64, .ofs_x = 3, .ofs_y = -4},
    {.bitmap_index = 10004, .adv_w = 512, .box_w = 28, .box_h = 22, .ofs_x = 2, .ofs_y = 35},
    {.bitmap_index = 10081, .adv_w = 384, .box_w = 24, .box_h = 6, .ofs_x = 0, .ofs_y = -7},
    {.bitmap_index = 10099, .adv_w = 640, .box_w = 15, .box_h = 9, .ofs_x = 10, .ofs_y = 60},
    {.bitmap_index = 10116, .adv_w = 513, .box_w = 30, .box_h = 56, .ofs_x = 1, .ofs_y = 0},
    {.bitmap_index = 10326, .adv_w = 517, .box_w = 27, .box_h = 56, .ofs_x = 3, .ofs_y = 0},
    {.bitmap_index = 10515, .adv_w = 490, .box_w = 26, .box_h = 58, .ofs_x = 3, .ofs_y = -1},
    {.bitmap_index = 10704, .adv_w = 520, .box_w = 27, .box_h = 56, .ofs_x = 3, .ofs_y = 0},
    {.bitmap_index = 10893, .adv_w = 465, .box_w = 24, .box_h = 56, .ofs_x = 3, .ofs_y = 0},
    {.bitmap_index = 11061, .adv_w = 440, .box_w = 24, .box_h = 56, .ofs_x = 3, .ofs_y = 0},
    {.bitmap_index = 11229, .adv_w = 500, .box_w = 27, .box_h = 58, .ofs_x = 3, .ofs_y = -1},
    {.bitmap_index = 11425, .adv_w = 538, .box_w = 27, .box_h = 56, .ofs_x = 3, .ofs_y = 0},
    {.bitmap_index = 11614, .adv_w = 246, .box_w = 9, .box_h = 56, .ofs_x = 3, .ofs_y = 0},
    {.bitmap_index = 11677, .adv_w = 339, .box_w = 17, .box_h = 57, .ofs_x = 1, .ofs_y = -1},
    {.bitmap_index = 11799, .adv_w = 530, .box_w = 29, .box_h = 56, .ofs_x = 3, .ofs_y = 0},
    {.bitmap_index = 12002, .adv_w = 440, .box_w = 24, .box_h = 56, .ofs_x = 3, .ofs_y = 0},
    {.bitmap_index = 12170, .adv_w = 689, .box_w = 37, .box_h = 56, .ofs_x = 3, .ofs_y = 0},
    {.bitmap_index = 12429, .adv_w = 547, .box_w = 28, .box_h = 56, .ofs_x = 3, .ofs_y = 0},
    {.bitmap_index = 12625, .adv_w = 512, .box_w = 27, .box_h = 58, .ofs_x = 3, .ofs_y = -1},
    {.bitmap_index = 12821, .adv_w = 494, .box_w = 26, .box_h = 56, .ofs_x = 3, .ofs_y = 0},
    {.bitmap_index = 13003, .adv_w = 512, .box_w = 29, .box_h = 62, .ofs_x = 3, .ofs_y = -5},
    {.bitmap_index = 13228, .adv_w = 516, .box_w = 27, .box_h = 56, .ofs_x = 3, .ofs_y = 0},
    {.bitmap_index = 13417, .adv_w = 476, .box_w = 26, .box_h = 58, .ofs_x = 2, .ofs_y = -1},
    {.bitmap_index = 13606, .adv_w = 466, .box_w = 27, .box_h = 56, .ofs_x = 1, .ofs_y = 0},
    {.bitmap_index = 13795, .adv_w = 515, .box_w = 26, .box_h = 57, .ofs_x = 3, .ofs_y = -1},
    {.bitmap_index = 13981, .adv_w = 489, .box_w = 29, .box_h = 56, .ofs_x = 1, .ofs_y = 0},
    {.bitmap_index = 14184, .adv_w = 713, .box_w = 42, .box_h = 56, .ofs_x = 1, .ofs_y = 0},
    {.bitmap_index = 14478, .adv_w = 520, .box_w = 31, .box_h = 56, .ofs_x = 1, .ofs_y = 0},
    {.bitmap_index = 14695, .adv_w = 504, .box_w = 31, .box_h = 56, .ofs_x = 0, .ofs_y = 0},
    {.bitmap_index = 14912, .adv_w = 463, .box_w = 26, .box_h = 56, .ofs_x = 2, .ofs_y = 0},
    {.bitmap_index = 15094, .adv_w = 353, .box_w = 19, .box_h = 64, .ofs_x = 2, .ofs_y = -4},
    {.bitmap_index = 15246, .adv_w = 640, .box_w = 7, .box_h = 80, .ofs_x = 16, .ofs_y = -16},
    {.bitmap_index = 15316, .adv_w = 353, .box_w = 19, .box_h = 64, .ofs_x = 1, .ofs_y = -4},
    {.bitmap_index = 15468, .adv_w = 512, .box_w = 30, .box_h = 11, .ofs_x = 1, .ofs_y = 22}
};

/*---------------------
 *  CHARACTER MAPPING
 *--------------------*/



/*Collect the unicode lists and glyph_id offsets*/
static const lv_font_fmt_txt_cmap_t cmaps[] =
{
    {
        .range_start = 32, .range_length = 95, .glyph_id_start = 1,
        .unicode_list = NULL, .glyph_id_ofs_list = NULL, .list_length = 0, .type = LV_FONT_FMT_TXT_CMAP_FORMAT0_TINY
    }
};

/*-----------------
 *    KERNING
 *----------------*/


/*Map glyph_ids to kern left classes*/
static const uint8_t kern_left_class_mapping[] =
{
    0, 0, 0, 0, 0, 0, 0, 1,
    0, 2, 0, 0, 0, 0, 3, 0,
    4, 0, 0, 0, 0, 0, 0, 0,
    0, 0, 0, 0, 0, 0, 0, 0,
    0, 5, 6, 7, 8, 9, 10, 11,
    12, 0, 0, 13, 14, 15, 0, 0,
    9, 16, 9, 17, 18, 19, 20, 21,
    22, 23, 24, 25, 2, 0, 0, 0,
    0, 0, 6, 7, 8, 9, 10, 11,
    12, 0, 0, 0, 14, 15, 0, 0,
    9, 16, 9, 17, 18, 19, 20, 21,
    22, 23, 24, 25, 2, 0, 0, 0
};

/*Map glyph_ids to kern right classes*/
static const uint8_t kern_right_class_mapping[] =
{
    0, 0, 0, 1, 0, 0, 0, 2,
    1, 0, 3, 4, 0, 5, 6, 5,
    7, 0, 0, 0, 0, 0, 0, 0,
    0, 0, 0, 8, 8, 0, 0, 0,
    9, 10, 11, 0, 12, 0, 0, 0,
    12, 0, 0, 13, 0, 0, 0, 0,
    12, 0, 12, 0, 14, 15, 16, 17,
    18, 19, 20, 21, 0, 0, 3, 0,
    0, 0, 11, 0, 12, 0, 0, 0,
    12, 0, 0, 0, 0, 0, 0, 0,
    12, 0, 12, 0, 14, 15, 16, 17,
    18, 19, 20, 21, 0, 0, 3, 0
};

/*Kern values between classes*/
static const int8_t kern_class_values[] =
{
    0, 0, 0, 0, 0, 0, 0, 0,
    0, 0, 0, 0, 0, 0, -9, 0,
    0, 0, 0, -11, 0, 0, 0, 0,
    0, 0, 0, 0, 0, 0, 0, 9,
    0, 9, 0, 13, 0, 9, 9, 4,
    9, 0, 0, 0, 0, 0, 0, 0,
    0, 0, 0, 0, -17, 0, -54, 0,
    -62, 0, -17, -7, -30, -43, -13, 0,
    0, 0, 0, 0, 0, -119, 0, 0,
    0, -21, 0, -38, 0, 9, 0, 9,
    9, 0, 4, 0, 0, 0, 0, 0,
    0, 0, 0, 0, 0, 0, -13, 0,
    -9, 0, 0, 0, 0, 0, -17, -13,
    0, -45, 0, 9, -38, 9, -17, 9,
    9, -26, -4, 4, -2, 0, -3, -39,
    -2, -24, -12, 2, -39, 3, -5, 0,
    0, 0, 0, 0, 0, 0, 0, 0,
    0, 0, 0, 0, 0, 0, -3, -1,
    -6, -14, 0, 0, 0, 0, 4, 0,
    0, 0, 0, 4, 4, 0, 2, 0,
    2, 0, 0, 0, 0, -6, -8, 0,
    -5, 0, 0, 0, -5, 0, 0, 0,
    0, 0, -2, 0, -3, 0, -3, 0,
    -2, 0, -14, -15, 0, 0, 0, 9,
    0, 4, 0, 0, 0, 0, 0, 0,
    0, 0, 2, 0, 0, 0, 0, 2,
    0, 2, 9, 0, 13, 9, -62, -4,
    -26, 0, 4, -4, -27, 0, -44, 0,
    9, 0, 4, 4, 0, 0, 0, 0,
    0, 0, 0, 0, 0, 0, 0, 0,
    0, 0, 0, 0, 0, 0, 0, 0,
    0, -11, -13, 0, 0, 0, 0, 0,
    -2, 0, -9, 0, 0, 0, -2, 0,
    0, 0, 0, 0, 0, 0, 0, 0,
    0, 0, -4, 4, -17, 4, -30, 0,
    4, -9, -7, 0, -14, 0, -6, 0,
    -1, 0, 0, 0, 0, 0, -62, 9,
    13, -85, 9, -62, 9, 9, -38, 0,
    3, -3, 9, 0, -67, 0, -39, -15,
    0, -75, 0, 0, 0, 0, 9, -79,
    0, -55, 0, 9, 0, -30, 0, -49,
    3, 2, 0, 0, 0, -10, -4, -2,
    -4, 0, 0, 0, 4, 0, 9, 4,
    0, 0, 0, 0, 0, 0, -2, 0,
    -3, -2, 0, -14, 0, 0, 0, 0,
    0, 0, -3, 0, 0, 0, 0, -3,
    0, 0, 0, 0, 0, 0, 0, -5,
    -5, 0, 9, 0, 13, 9, -62, -62,
    -38, -30, 4, -21, -39, -3, -44, 0,
    9, 0, 3, 3, 0, 3, 0, 0,
    0, 0, 0, -2, 0, -9, 0, 0,
    0, -2, 0, 0, 0, 0, 0, 0,
    0, -1, 0, 0, 9, -4, 9, 0,
    -45, -17, -21, -13, 0, -9, -24, -2,
    -41, 0, 3, 0, 4, 4, 0, 0,
    0, 9, 0, 9, 0, -21, -7, 0,
    -4, 0, -4, -12, 0, -18, 0, 3,
    0, 4, 4, 0, 0, 0, 0, -4,
    4, -17, 4, -30, 9, 4, -9, -7,
    2, -14, 0, -5, 0, -1, 0, 0,
    0, 0, 0, 9, -17, 9, -9, -79,
    -43, -47, -34, -9, -34, -39, -15, -49,
    -14, 3, 0, 0, 0, 0, 0, 0,
    0, 0, 0, 0, 9, -13, 0, 9,
    0, 0, 0, 0, 0, 0, 0, 0,
    0, 0, 0, 0, 4
};


/*Collect the kern class' data in one place*/
static const lv_font_fmt_txt_kern_classes_t kern_classes =
{
    .class_pair_values   = kern_class_values,
    .left_class_mapping  = kern_left_class_mapping,
    .right_class_mapping = kern_right_class_mapping,
    .left_class_cnt      = 25,
    .right_class_cnt     = 21,
};

/*--------------------
 *  ALL CUSTOM DATA
 *--------------------*/

#if LVGL_VERSION_MAJOR == 8
/*Store all the custom data of the font*/
static  lv_font_fmt_txt_glyph_cache_t cache;
#endif

#if LVGL_VERSION_MAJOR >= 8
static const lv_font_fmt_txt_dsc_t font_dsc = {
#else
static lv_font_fmt_txt_dsc_t font_dsc = {
#endif
    .glyph_bitmap = glyph_bitmap,
    .glyph_dsc = glyph_dsc,
    .cmaps = cmaps,
    .kern_dsc = &kern_classes,
    .kern_scale = 24,
    .cmap_num = 1,
    .bpp = 1,
    .kern_classes = 1,
    .bitmap_format = 0,
#if LVGL_VERSION_MAJOR == 8
    .cache = &cache
#endif
};



/*-----------------
 *  PUBLIC FONT
 *----------------*/

/*Initialize a public general font descriptor*/
#if LVGL_VERSION_MAJOR >= 8
const lv_font_t ui_font_BebasNeueFont80 = {
#else
lv_font_t ui_font_BebasNeueFont80 = {
#endif
    .get_glyph_dsc = lv_font_get_glyph_dsc_fmt_txt,    /*Function pointer to get glyph's data*/
    .get_glyph_bitmap = lv_font_get_bitmap_fmt_txt,    /*Function pointer to get glyph's bitmap*/
    .line_height = 85,          /*The maximum line height required by the font*/
    .base_line = 16,             /*Baseline measured from the bottom of the line*/
#if !(LVGL_VERSION_MAJOR == 6 && LVGL_VERSION_MINOR == 0)
    .subpx = LV_FONT_SUBPX_NONE,
#endif
#if LV_VERSION_CHECK(7, 4, 0) || LVGL_VERSION_MAJOR >= 8
    .underline_position = -3,
    .underline_thickness = 6,
#endif
    .dsc = &font_dsc,          /*The custom font data. Will be accessed by `get_glyph_bitmap/dsc` */
#if LV_VERSION_CHECK(8, 2, 0) || LVGL_VERSION_MAJOR >= 9
    .fallback = NULL,
#endif
    .user_data = NULL,
};



#endif /*#if UI_FONT_BEBASNEUEFONT80*/

