ISO-10303-21;
HEADER;
/* Generated by software containing ST-Developer
 * from STEP Tools, Inc. (www.steptools.com) 
 */

FILE_DESCRIPTION(
/* description */ (''),
/* implementation_level */ '2;1');

FILE_NAME(
/* name */ 'Bottom v173.step',
/* time_stamp */ '2026-05-30T18:50:25+08:00',
/* author */ (''),
/* organization */ (''),
/* preprocessor_version */ 'ST-DEVELOPER v20.1',
/* originating_system */ 'Autodesk Translation Framework v15.8.0.0',
/* authorisation */ '');

FILE_SCHEMA (('AUTOMOTIVE_DESIGN { 1 0 10303 214 3 1 1 }'));
ENDSEC;

DATA;
#10=MECHANICAL_DESIGN_GEOMETRIC_PRESENTATION_REPRESENTATION('',(#13),#5083);
#11=SHAPE_REPRESENTATION_RELATIONSHIP('SRR','None',#5090,#12);
#12=ADVANCED_BREP_SHAPE_REPRESENTATION('',(#14),#5082);
#13=STYLED_ITEM('',(#5100),#14);
#14=MANIFOLD_SOLID_BREP('\X2\5B9E4F53\X0\1',#2943);
#15=B_SPLINE_CURVE_WITH_KNOTS('',3,(#4079,#4080,#4081,#4082,#4083,#4084),
 .UNSPECIFIED.,.F.,.F.,(4,1,1,4),(-7.5781248683523E-16,0.673198425769242,
1.12199737628207,1.5707963267949),.UNSPECIFIED.);
#16=B_SPLINE_CURVE_WITH_KNOTS('',3,(#4087,#4088,#4089,#4090,#4091,#4092),
 .UNSPECIFIED.,.F.,.F.,(4,1,1,4),(-1.5707963267949,-1.12199737628207,-0.673198425769242,
7.5781248683523E-16),.UNSPECIFIED.);
#17=B_SPLINE_CURVE_WITH_KNOTS('',3,(#4122,#4123,#4124,#4125,#4126),
 .UNSPECIFIED.,.F.,.F.,(4,1,4),(-1.5707963267949,-0.897597901025656,8.05526872945298E-17),
 .UNSPECIFIED.);
#18=B_SPLINE_CURVE_WITH_KNOTS('',3,(#4127,#4128,#4129,#4130,#4131),
 .UNSPECIFIED.,.F.,.F.,(4,1,4),(-8.05526872945298E-17,0.897597901025656,
1.5707963267949),.UNSPECIFIED.);
#19=B_SPLINE_CURVE_WITH_KNOTS('',3,(#4157,#4158,#4159,#4160),
 .UNSPECIFIED.,.F.,.F.,(4,4),(3.12947071095687,3.14345607334557),
 .UNSPECIFIED.);
#20=B_SPLINE_CURVE_WITH_KNOTS('',3,(#4161,#4162,#4163,#4164),
 .UNSPECIFIED.,.F.,.F.,(4,4),(-3.14345607334557,-3.12947071095687),
 .UNSPECIFIED.);
#21=B_SPLINE_CURVE_WITH_KNOTS('',3,(#4193,#4194,#4195,#4196,#4197,#4198),
 .UNSPECIFIED.,.F.,.F.,(4,1,1,4),(-1.54754833617098,-0.884313334954845,
-0.442156667477423,7.29829568055145E-32),.UNSPECIFIED.);
#22=B_SPLINE_CURVE_WITH_KNOTS('',3,(#4201,#4202,#4203,#4204,#4205,#4206),
 .UNSPECIFIED.,.F.,.F.,(4,1,1,4),(-7.29829568055145E-32,0.442156667477423,
0.884313334954845,1.54754833617098),.UNSPECIFIED.);
#23=B_SPLINE_CURVE_WITH_KNOTS('',3,(#4240,#4241,#4242,#4243,#4244,#4245),
 .UNSPECIFIED.,.F.,.F.,(4,1,1,4),(-1.54754833617098,-0.884313334954844,
-0.442156667477422,8.53168946192353E-17),.UNSPECIFIED.);
#24=B_SPLINE_CURVE_WITH_KNOTS('',3,(#4246,#4247,#4248,#4249,#4250,#4251),
 .UNSPECIFIED.,.F.,.F.,(4,1,1,4),(-8.53168946192353E-17,0.442156667477422,
0.884313334954844,1.54754833617098),.UNSPECIFIED.);
#25=B_SPLINE_CURVE_WITH_KNOTS('',3,(#4268,#4269,#4270,#4271),
 .UNSPECIFIED.,.F.,.F.,(4,4),(1.54754833617098,1.57079632679489),
 .UNSPECIFIED.);
#26=B_SPLINE_CURVE_WITH_KNOTS('',3,(#4272,#4273,#4274,#4275),
 .UNSPECIFIED.,.F.,.F.,(4,4),(-1.57079632679489,-1.54754833617098),
 .UNSPECIFIED.);
#27=B_SPLINE_CURVE_WITH_KNOTS('',3,(#4301,#4302,#4303,#4304),
 .UNSPECIFIED.,.F.,.F.,(4,4),(-1.5707963267949,-1.54754833617098),
 .UNSPECIFIED.);
#28=B_SPLINE_CURVE_WITH_KNOTS('',3,(#4305,#4306,#4307,#4308),
 .UNSPECIFIED.,.F.,.F.,(4,4),(1.54754833617098,1.5707963267949),
 .UNSPECIFIED.);
#29=B_SPLINE_CURVE_WITH_KNOTS('',3,(#4325,#4326,#4327,#4328),
 .UNSPECIFIED.,.F.,.F.,(4,4),(-9.42810958998247,-9.41412422759376),
 .UNSPECIFIED.);
#30=B_SPLINE_CURVE_WITH_KNOTS('',3,(#4329,#4330,#4331,#4332),
 .UNSPECIFIED.,.F.,.F.,(4,4),(9.41412422759376,9.42810958998247),
 .UNSPECIFIED.);
#31=B_SPLINE_SURFACE_WITH_KNOTS('',3,3,((#4051,#4052,#4053,#4054,#4055,
#4056),(#4057,#4058,#4059,#4060,#4061,#4062),(#4063,#4064,#4065,#4066,#4067,
#4068),(#4069,#4070,#4071,#4072,#4073,#4074)),.UNSPECIFIED.,.F.,.F.,.F.,
(4,4),(4,1,1,4),(0.,1.),(-1.5707963267949,-1.12199737628207,-0.673198425769242,
7.5781248683523E-16),.UNSPECIFIED.);
#32=B_SPLINE_SURFACE_WITH_KNOTS('',3,3,((#4099,#4100,#4101,#4102,#4103),
(#4104,#4105,#4106,#4107,#4108),(#4109,#4110,#4111,#4112,#4113),(#4114,
#4115,#4116,#4117,#4118)),.UNSPECIFIED.,.F.,.F.,.F.,(4,4),(4,1,4),(0.,1.),
(-8.05526872945298E-17,0.897597901025656,1.5707963267949),.UNSPECIFIED.);
#33=B_SPLINE_SURFACE_WITH_KNOTS('',3,3,((#4141,#4142,#4143,#4144),(#4145,
#4146,#4147,#4148),(#4149,#4150,#4151,#4152),(#4153,#4154,#4155,#4156)),
 .UNSPECIFIED.,.F.,.F.,.F.,(4,4),(4,4),(0.,1.),(-3.14345607334557,-3.12947071095687),
 .UNSPECIFIED.);
#34=B_SPLINE_SURFACE_WITH_KNOTS('',3,3,((#4165,#4166,#4167,#4168,#4169,
#4170),(#4171,#4172,#4173,#4174,#4175,#4176),(#4177,#4178,#4179,#4180,#4181,
#4182),(#4183,#4184,#4185,#4186,#4187,#4188)),.UNSPECIFIED.,.F.,.F.,.F.,
(4,4),(4,1,1,4),(0.,1.),(-1.54754833617098,-0.884313334954845,-0.442156667477423,
7.29829568055145E-32),.UNSPECIFIED.);
#35=B_SPLINE_SURFACE_WITH_KNOTS('',3,3,((#4213,#4214,#4215,#4216,#4217,
#4218),(#4219,#4220,#4221,#4222,#4223,#4224),(#4225,#4226,#4227,#4228,#4229,
#4230),(#4231,#4232,#4233,#4234,#4235,#4236)),.UNSPECIFIED.,.F.,.F.,.F.,
(4,4),(4,1,1,4),(0.,1.),(-8.53168946192353E-17,0.442156667477422,0.884313334954844,
1.54754833617098),.UNSPECIFIED.);
#36=B_SPLINE_SURFACE_WITH_KNOTS('',3,3,((#4252,#4253,#4254,#4255),(#4256,
#4257,#4258,#4259),(#4260,#4261,#4262,#4263),(#4264,#4265,#4266,#4267)),
 .UNSPECIFIED.,.F.,.F.,.F.,(4,4),(4,4),(0.,1.),(-1.57079632679489,-1.54754833617098),
 .UNSPECIFIED.);
#37=B_SPLINE_SURFACE_WITH_KNOTS('',3,3,((#4285,#4286,#4287,#4288),(#4289,
#4290,#4291,#4292),(#4293,#4294,#4295,#4296),(#4297,#4298,#4299,#4300)),
 .UNSPECIFIED.,.F.,.F.,.F.,(4,4),(4,4),(0.,1.),(1.54754833617098,1.5707963267949),
 .UNSPECIFIED.);
#38=B_SPLINE_SURFACE_WITH_KNOTS('',3,3,((#4309,#4310,#4311,#4312),(#4313,
#4314,#4315,#4316),(#4317,#4318,#4319,#4320),(#4321,#4322,#4323,#4324)),
 .UNSPECIFIED.,.F.,.F.,.F.,(4,4),(4,4),(0.,1.),(9.41412422759376,9.42810958998247),
 .UNSPECIFIED.);
#39=ELLIPSE('',#2966,3.00732569424352,3.);
#40=ELLIPSE('',#3060,3.00732569424351,3.);
#41=ELLIPSE('',#3061,3.00732569424351,3.);
#42=ELLIPSE('',#3062,3.00732569424352,3.);
#43=ELLIPSE('',#3063,3.00732569424351,3.);
#44=ELLIPSE('',#3064,3.00732569424351,3.);
#45=ELLIPSE('',#3065,3.00732569424352,3.);
#46=ELLIPSE('',#3066,3.00732569424352,3.);
#47=ELLIPSE('',#3067,3.00732569424352,3.);
#48=ELLIPSE('',#3068,3.00732569424352,3.);
#49=ELLIPSE('',#3136,1.25305237260147,1.25);
#50=ELLIPSE('',#3142,1.25305237260147,1.25);
#51=CYLINDRICAL_SURFACE('',#2965,3.);
#52=CYLINDRICAL_SURFACE('',#2976,6.);
#53=CYLINDRICAL_SURFACE('',#2979,5.99999999999999);
#54=CYLINDRICAL_SURFACE('',#2995,1.65);
#55=CYLINDRICAL_SURFACE('',#3000,1.65);
#56=CYLINDRICAL_SURFACE('',#3026,2.00000000000001);
#57=CYLINDRICAL_SURFACE('',#3028,2.00000000000001);
#58=CYLINDRICAL_SURFACE('',#3032,2.00000000000001);
#59=CYLINDRICAL_SURFACE('',#3039,2.00000000000001);
#60=CYLINDRICAL_SURFACE('',#3041,2.00000000000001);
#61=CYLINDRICAL_SURFACE('',#3044,2.00000000000001);
#62=CYLINDRICAL_SURFACE('',#3049,5.99999999999998);
#63=CYLINDRICAL_SURFACE('',#3052,1.25);
#64=CYLINDRICAL_SURFACE('',#3074,3.);
#65=CYLINDRICAL_SURFACE('',#3087,2.);
#66=CYLINDRICAL_SURFACE('',#3090,2.);
#67=CYLINDRICAL_SURFACE('',#3093,2.);
#68=CYLINDRICAL_SURFACE('',#3113,2.);
#69=CYLINDRICAL_SURFACE('',#3116,1.7);
#70=CYLINDRICAL_SURFACE('',#3120,1.65);
#71=CYLINDRICAL_SURFACE('',#3122,1.65);
#72=CYLINDRICAL_SURFACE('',#3125,1.65);
#73=CYLINDRICAL_SURFACE('',#3130,1.65);
#74=CYLINDRICAL_SURFACE('',#3133,3.);
#75=CYLINDRICAL_SURFACE('',#3135,1.25);
#76=CYLINDRICAL_SURFACE('',#3141,1.25);
#77=CYLINDRICAL_SURFACE('',#3147,2.00000000000001);
#78=CYLINDRICAL_SURFACE('',#3150,2.00000000000001);
#79=CYLINDRICAL_SURFACE('',#3153,1.25);
#80=CYLINDRICAL_SURFACE('',#3156,1.25);
#81=CYLINDRICAL_SURFACE('',#3157,1.);
#82=CYLINDRICAL_SURFACE('',#3159,1.);
#83=CYLINDRICAL_SURFACE('',#3162,0.80000000000001);
#84=CYLINDRICAL_SURFACE('',#3165,0.80000000000001);
#85=CYLINDRICAL_SURFACE('',#3168,0.800000000000005);
#86=CYLINDRICAL_SURFACE('',#3171,0.800000000000005);
#87=CYLINDRICAL_SURFACE('',#3173,1.);
#88=CYLINDRICAL_SURFACE('',#3175,1.);
#89=CYLINDRICAL_SURFACE('',#3177,1.);
#90=CYLINDRICAL_SURFACE('',#3179,0.999999999999999);
#91=CYLINDRICAL_SURFACE('',#3182,0.800000000000001);
#92=CYLINDRICAL_SURFACE('',#3185,0.800000000000003);
#93=CYLINDRICAL_SURFACE('',#3188,0.800000000000007);
#94=CYLINDRICAL_SURFACE('',#3191,0.8);
#95=CYLINDRICAL_SURFACE('',#3193,1.);
#96=CYLINDRICAL_SURFACE('',#3195,1.);
#97=CYLINDRICAL_SURFACE('',#3197,1.);
#98=CYLINDRICAL_SURFACE('',#3199,3.);
#99=CYLINDRICAL_SURFACE('',#3202,3.);
#100=CYLINDRICAL_SURFACE('',#3205,3.);
#101=CYLINDRICAL_SURFACE('',#3208,3.);
#102=CYLINDRICAL_SURFACE('',#3213,5.99999999999999);
#103=LINE('',#4033,#395);
#104=LINE('',#4035,#396);
#105=LINE('',#4038,#397);
#106=LINE('',#4043,#398);
#107=LINE('',#4045,#399);
#108=LINE('',#4046,#400);
#109=LINE('',#4049,#401);
#110=LINE('',#4077,#402);
#111=LINE('',#4086,#403);
#112=LINE('',#4096,#404);
#113=LINE('',#4097,#405);
#114=LINE('',#4098,#406);
#115=LINE('',#4121,#407);
#116=LINE('',#4135,#408);
#117=LINE('',#4137,#409);
#118=LINE('',#4139,#410);
#119=LINE('',#4140,#411);
#120=LINE('',#4191,#412);
#121=LINE('',#4200,#413);
#122=LINE('',#4210,#414);
#123=LINE('',#4211,#415);
#124=LINE('',#4212,#416);
#125=LINE('',#4239,#417);
#126=LINE('',#4279,#418);
#127=LINE('',#4281,#419);
#128=LINE('',#4283,#420);
#129=LINE('',#4284,#421);
#130=LINE('',#4335,#422);
#131=LINE('',#4337,#423);
#132=LINE('',#4339,#424);
#133=LINE('',#4343,#425);
#134=LINE('',#4347,#426);
#135=LINE('',#4349,#427);
#136=LINE('',#4351,#428);
#137=LINE('',#4355,#429);
#138=LINE('',#4359,#430);
#139=LINE('',#4361,#431);
#140=LINE('',#4362,#432);
#141=LINE('',#4365,#433);
#142=LINE('',#4369,#434);
#143=LINE('',#4370,#435);
#144=LINE('',#4373,#436);
#145=LINE('',#4377,#437);
#146=LINE('',#4379,#438);
#147=LINE('',#4381,#439);
#148=LINE('',#4385,#440);
#149=LINE('',#4389,#441);
#150=LINE('',#4391,#442);
#151=LINE('',#4393,#443);
#152=LINE('',#4397,#444);
#153=LINE('',#4401,#445);
#154=LINE('',#4402,#446);
#155=LINE('',#4407,#447);
#156=LINE('',#4409,#448);
#157=LINE('',#4411,#449);
#158=LINE('',#4412,#450);
#159=LINE('',#4415,#451);
#160=LINE('',#4417,#452);
#161=LINE('',#4418,#453);
#162=LINE('',#4421,#454);
#163=LINE('',#4423,#455);
#164=LINE('',#4424,#456);
#165=LINE('',#4426,#457);
#166=LINE('',#4427,#458);
#167=LINE('',#4436,#459);
#168=LINE('',#4445,#460);
#169=LINE('',#4450,#461);
#170=LINE('',#4452,#462);
#171=LINE('',#4454,#463);
#172=LINE('',#4456,#464);
#173=LINE('',#4458,#465);
#174=LINE('',#4460,#466);
#175=LINE('',#4462,#467);
#176=LINE('',#4466,#468);
#177=LINE('',#4470,#469);
#178=LINE('',#4472,#470);
#179=LINE('',#4473,#471);
#180=LINE('',#4476,#472);
#181=LINE('',#4478,#473);
#182=LINE('',#4479,#474);
#183=LINE('',#4481,#475);
#184=LINE('',#4485,#476);
#185=LINE('',#4487,#477);
#186=LINE('',#4489,#478);
#187=LINE('',#4490,#479);
#188=LINE('',#4494,#480);
#189=LINE('',#4498,#481);
#190=LINE('',#4502,#482);
#191=LINE('',#4504,#483);
#192=LINE('',#4506,#484);
#193=LINE('',#4507,#485);
#194=LINE('',#4508,#486);
#195=LINE('',#4511,#487);
#196=LINE('',#4513,#488);
#197=LINE('',#4514,#489);
#198=LINE('',#4516,#490);
#199=LINE('',#4520,#491);
#200=LINE('',#4522,#492);
#201=LINE('',#4524,#493);
#202=LINE('',#4526,#494);
#203=LINE('',#4528,#495);
#204=LINE('',#4530,#496);
#205=LINE('',#4532,#497);
#206=LINE('',#4536,#498);
#207=LINE('',#4540,#499);
#208=LINE('',#4542,#500);
#209=LINE('',#4543,#501);
#210=LINE('',#4546,#502);
#211=LINE('',#4548,#503);
#212=LINE('',#4549,#504);
#213=LINE('',#4551,#505);
#214=LINE('',#4555,#506);
#215=LINE('',#4557,#507);
#216=LINE('',#4559,#508);
#217=LINE('',#4561,#509);
#218=LINE('',#4563,#510);
#219=LINE('',#4565,#511);
#220=LINE('',#4567,#512);
#221=LINE('',#4571,#513);
#222=LINE('',#4575,#514);
#223=LINE('',#4577,#515);
#224=LINE('',#4578,#516);
#225=LINE('',#4581,#517);
#226=LINE('',#4583,#518);
#227=LINE('',#4584,#519);
#228=LINE('',#4586,#520);
#229=LINE('',#4588,#521);
#230=LINE('',#4589,#522);
#231=LINE('',#4591,#523);
#232=LINE('',#4593,#524);
#233=LINE('',#4595,#525);
#234=LINE('',#4597,#526);
#235=LINE('',#4598,#527);
#236=LINE('',#4600,#528);
#237=LINE('',#4601,#529);
#238=LINE('',#4603,#530);
#239=LINE('',#4604,#531);
#240=LINE('',#4607,#532);
#241=LINE('',#4611,#533);
#242=LINE('',#4614,#534);
#243=LINE('',#4615,#535);
#244=LINE('',#4619,#536);
#245=LINE('',#4622,#537);
#246=LINE('',#4624,#538);
#247=LINE('',#4626,#539);
#248=LINE('',#4628,#540);
#249=LINE('',#4629,#541);
#250=LINE('',#4631,#542);
#251=LINE('',#4632,#543);
#252=LINE('',#4634,#544);
#253=LINE('',#4636,#545);
#254=LINE('',#4638,#546);
#255=LINE('',#4640,#547);
#256=LINE('',#4642,#548);
#257=LINE('',#4646,#549);
#258=LINE('',#4649,#550);
#259=LINE('',#4651,#551);
#260=LINE('',#4657,#552);
#261=LINE('',#4662,#553);
#262=LINE('',#4664,#554);
#263=LINE('',#4666,#555);
#264=LINE('',#4667,#556);
#265=LINE('',#4672,#557);
#266=LINE('',#4673,#558);
#267=LINE('',#4676,#559);
#268=LINE('',#4677,#560);
#269=LINE('',#4680,#561);
#270=LINE('',#4681,#562);
#271=LINE('',#4684,#563);
#272=LINE('',#4688,#564);
#273=LINE('',#4690,#565);
#274=LINE('',#4692,#566);
#275=LINE('',#4696,#567);
#276=LINE('',#4700,#568);
#277=LINE('',#4704,#569);
#278=LINE('',#4707,#570);
#279=LINE('',#4708,#571);
#280=LINE('',#4712,#572);
#281=LINE('',#4714,#573);
#282=LINE('',#4716,#574);
#283=LINE('',#4720,#575);
#284=LINE('',#4722,#576);
#285=LINE('',#4724,#577);
#286=LINE('',#4728,#578);
#287=LINE('',#4730,#579);
#288=LINE('',#4732,#580);
#289=LINE('',#4736,#581);
#290=LINE('',#4738,#582);
#291=LINE('',#4739,#583);
#292=LINE('',#4742,#584);
#293=LINE('',#4743,#585);
#294=LINE('',#4746,#586);
#295=LINE('',#4747,#587);
#296=LINE('',#4754,#588);
#297=LINE('',#4757,#589);
#298=LINE('',#4759,#590);
#299=LINE('',#4762,#591);
#300=LINE('',#4764,#592);
#301=LINE('',#4768,#593);
#302=LINE('',#4769,#594);
#303=LINE('',#4772,#595);
#304=LINE('',#4773,#596);
#305=LINE('',#4775,#597);
#306=LINE('',#4779,#598);
#307=LINE('',#4781,#599);
#308=LINE('',#4782,#600);
#309=LINE('',#4784,#601);
#310=LINE('',#4786,#602);
#311=LINE('',#4792,#603);
#312=LINE('',#4793,#604);
#313=LINE('',#4795,#605);
#314=LINE('',#4797,#606);
#315=LINE('',#4799,#607);
#316=LINE('',#4800,#608);
#317=LINE('',#4802,#609);
#318=LINE('',#4803,#610);
#319=LINE('',#4808,#611);
#320=LINE('',#4809,#612);
#321=LINE('',#4812,#613);
#322=LINE('',#4813,#614);
#323=LINE('',#4815,#615);
#324=LINE('',#4816,#616);
#325=LINE('',#4821,#617);
#326=LINE('',#4822,#618);
#327=LINE('',#4825,#619);
#328=LINE('',#4826,#620);
#329=LINE('',#4827,#621);
#330=LINE('',#4834,#622);
#331=LINE('',#4838,#623);
#332=LINE('',#4842,#624);
#333=LINE('',#4846,#625);
#334=LINE('',#4858,#626);
#335=LINE('',#4862,#627);
#336=LINE('',#4866,#628);
#337=LINE('',#4870,#629);
#338=LINE('',#4884,#630);
#339=LINE('',#4891,#631);
#340=LINE('',#4894,#632);
#341=LINE('',#4900,#633);
#342=LINE('',#4909,#634);
#343=LINE('',#4913,#635);
#344=LINE('',#4915,#636);
#345=LINE('',#4916,#637);
#346=LINE('',#4921,#638);
#347=LINE('',#4925,#639);
#348=LINE('',#4926,#640);
#349=LINE('',#4928,#641);
#350=LINE('',#4931,#642);
#351=LINE('',#4932,#643);
#352=LINE('',#4934,#644);
#353=LINE('',#4936,#645);
#354=LINE('',#4937,#646);
#355=LINE('',#4941,#647);
#356=LINE('',#4948,#648);
#357=LINE('',#4950,#649);
#358=LINE('',#4952,#650);
#359=LINE('',#4958,#651);
#360=LINE('',#4963,#652);
#361=LINE('',#4967,#653);
#362=LINE('',#4971,#654);
#363=LINE('',#4974,#655);
#364=LINE('',#4976,#656);
#365=LINE('',#4977,#657);
#366=LINE('',#4981,#658);
#367=LINE('',#4984,#659);
#368=LINE('',#4985,#660);
#369=LINE('',#4989,#661);
#370=LINE('',#4992,#662);
#371=LINE('',#4993,#663);
#372=LINE('',#4997,#664);
#373=LINE('',#5000,#665);
#374=LINE('',#5001,#666);
#375=LINE('',#5007,#667);
#376=LINE('',#5011,#668);
#377=LINE('',#5015,#669);
#378=LINE('',#5019,#670);
#379=LINE('',#5022,#671);
#380=LINE('',#5024,#672);
#381=LINE('',#5025,#673);
#382=LINE('',#5029,#674);
#383=LINE('',#5032,#675);
#384=LINE('',#5033,#676);
#385=LINE('',#5037,#677);
#386=LINE('',#5040,#678);
#387=LINE('',#5041,#679);
#388=LINE('',#5045,#680);
#389=LINE('',#5048,#681);
#390=LINE('',#5049,#682);
#391=LINE('',#5055,#683);
#392=LINE('',#5059,#684);
#393=LINE('',#5063,#685);
#394=LINE('',#5078,#686);
#395=VECTOR('',#3226,10.);
#396=VECTOR('',#3227,10.);
#397=VECTOR('',#3230,10.);
#398=VECTOR('',#3235,10.);
#399=VECTOR('',#3236,10.);
#400=VECTOR('',#3237,10.);
#401=VECTOR('',#3240,10.);
#402=VECTOR('',#3243,10.);
#403=VECTOR('',#3244,10.);
#404=VECTOR('',#3247,10.);
#405=VECTOR('',#3248,10.);
#406=VECTOR('',#3249,10.);
#407=VECTOR('',#3250,10.);
#408=VECTOR('',#3253,10.);
#409=VECTOR('',#3254,10.);
#410=VECTOR('',#3255,10.);
#411=VECTOR('',#3256,10.);
#412=VECTOR('',#3257,10.);
#413=VECTOR('',#3258,10.);
#414=VECTOR('',#3261,10.);
#415=VECTOR('',#3262,10.);
#416=VECTOR('',#3263,10.);
#417=VECTOR('',#3264,10.);
#418=VECTOR('',#3267,10.);
#419=VECTOR('',#3268,10.);
#420=VECTOR('',#3269,10.);
#421=VECTOR('',#3270,10.);
#422=VECTOR('',#3273,10.);
#423=VECTOR('',#3274,10.);
#424=VECTOR('',#3275,10.);
#425=VECTOR('',#3278,10.);
#426=VECTOR('',#3281,10.);
#427=VECTOR('',#3282,10.);
#428=VECTOR('',#3283,10.);
#429=VECTOR('',#3286,10.);
#430=VECTOR('',#3289,10.);
#431=VECTOR('',#3290,10.);
#432=VECTOR('',#3291,10.);
#433=VECTOR('',#3294,10.);
#434=VECTOR('',#3299,10.);
#435=VECTOR('',#3300,10.);
#436=VECTOR('',#3303,10.);
#437=VECTOR('',#3308,10.);
#438=VECTOR('',#3309,10.);
#439=VECTOR('',#3310,10.);
#440=VECTOR('',#3313,10.);
#441=VECTOR('',#3316,10.);
#442=VECTOR('',#3317,10.);
#443=VECTOR('',#3318,10.);
#444=VECTOR('',#3321,10.);
#445=VECTOR('',#3324,10.);
#446=VECTOR('',#3325,10.);
#447=VECTOR('',#3330,10.);
#448=VECTOR('',#3331,10.);
#449=VECTOR('',#3332,10.);
#450=VECTOR('',#3333,10.);
#451=VECTOR('',#3336,10.);
#452=VECTOR('',#3337,10.);
#453=VECTOR('',#3338,10.);
#454=VECTOR('',#3341,10.);
#455=VECTOR('',#3342,10.);
#456=VECTOR('',#3343,10.);
#457=VECTOR('',#3346,10.);
#458=VECTOR('',#3347,10.);
#459=VECTOR('',#3358,1.65);
#460=VECTOR('',#3369,1.65);
#461=VECTOR('',#3374,10.);
#462=VECTOR('',#3375,10.);
#463=VECTOR('',#3376,10.);
#464=VECTOR('',#3377,10.);
#465=VECTOR('',#3378,10.);
#466=VECTOR('',#3379,10.);
#467=VECTOR('',#3380,10.);
#468=VECTOR('',#3383,10.);
#469=VECTOR('',#3388,10.);
#470=VECTOR('',#3389,10.);
#471=VECTOR('',#3390,10.);
#472=VECTOR('',#3393,10.);
#473=VECTOR('',#3394,10.);
#474=VECTOR('',#3395,10.);
#475=VECTOR('',#3398,10.);
#476=VECTOR('',#3401,10.);
#477=VECTOR('',#3402,10.);
#478=VECTOR('',#3403,10.);
#479=VECTOR('',#3404,10.);
#480=VECTOR('',#3407,10.);
#481=VECTOR('',#3410,10.);
#482=VECTOR('',#3413,10.);
#483=VECTOR('',#3414,10.);
#484=VECTOR('',#3415,10.);
#485=VECTOR('',#3416,10.);
#486=VECTOR('',#3417,10.);
#487=VECTOR('',#3420,10.);
#488=VECTOR('',#3421,10.);
#489=VECTOR('',#3422,10.);
#490=VECTOR('',#3425,10.);
#491=VECTOR('',#3428,10.);
#492=VECTOR('',#3429,10.);
#493=VECTOR('',#3430,10.);
#494=VECTOR('',#3431,10.);
#495=VECTOR('',#3432,10.);
#496=VECTOR('',#3433,10.);
#497=VECTOR('',#3434,10.);
#498=VECTOR('',#3437,10.);
#499=VECTOR('',#3442,10.);
#500=VECTOR('',#3443,10.);
#501=VECTOR('',#3444,10.);
#502=VECTOR('',#3447,10.);
#503=VECTOR('',#3448,10.);
#504=VECTOR('',#3449,10.);
#505=VECTOR('',#3452,10.);
#506=VECTOR('',#3455,10.);
#507=VECTOR('',#3456,10.);
#508=VECTOR('',#3457,10.);
#509=VECTOR('',#3458,10.);
#510=VECTOR('',#3459,10.);
#511=VECTOR('',#3460,10.);
#512=VECTOR('',#3461,10.);
#513=VECTOR('',#3464,10.);
#514=VECTOR('',#3469,10.);
#515=VECTOR('',#3470,10.);
#516=VECTOR('',#3471,10.);
#517=VECTOR('',#3474,10.);
#518=VECTOR('',#3475,10.);
#519=VECTOR('',#3476,10.);
#520=VECTOR('',#3479,10.);
#521=VECTOR('',#3482,10.);
#522=VECTOR('',#3483,10.);
#523=VECTOR('',#3486,10.);
#524=VECTOR('',#3489,10.);
#525=VECTOR('',#3492,10.);
#526=VECTOR('',#3495,10.);
#527=VECTOR('',#3496,10.);
#528=VECTOR('',#3499,10.);
#529=VECTOR('',#3500,10.);
#530=VECTOR('',#3503,10.);
#531=VECTOR('',#3504,10.);
#532=VECTOR('',#3507,10.);
#533=VECTOR('',#3510,10.);
#534=VECTOR('',#3513,10.);
#535=VECTOR('',#3514,10.);
#536=VECTOR('',#3517,10.);
#537=VECTOR('',#3522,10.);
#538=VECTOR('',#3525,10.);
#539=VECTOR('',#3528,10.);
#540=VECTOR('',#3531,10.);
#541=VECTOR('',#3532,10.);
#542=VECTOR('',#3535,10.);
#543=VECTOR('',#3536,10.);
#544=VECTOR('',#3539,10.);
#545=VECTOR('',#3542,10.);
#546=VECTOR('',#3545,10.);
#547=VECTOR('',#3548,10.);
#548=VECTOR('',#3549,10.);
#549=VECTOR('',#3552,10.);
#550=VECTOR('',#3555,10.);
#551=VECTOR('',#3558,10.);
#552=VECTOR('',#3565,1.25);
#553=VECTOR('',#3570,10.);
#554=VECTOR('',#3571,10.);
#555=VECTOR('',#3572,10.);
#556=VECTOR('',#3573,10.);
#557=VECTOR('',#3578,10.);
#558=VECTOR('',#3579,10.);
#559=VECTOR('',#3582,10.);
#560=VECTOR('',#3583,10.);
#561=VECTOR('',#3586,10.);
#562=VECTOR('',#3587,10.);
#563=VECTOR('',#3590,10.);
#564=VECTOR('',#3593,10.);
#565=VECTOR('',#3594,10.);
#566=VECTOR('',#3595,10.);
#567=VECTOR('',#3598,10.);
#568=VECTOR('',#3601,10.);
#569=VECTOR('',#3604,10.);
#570=VECTOR('',#3607,10.);
#571=VECTOR('',#3608,10.);
#572=VECTOR('',#3611,10.);
#573=VECTOR('',#3612,10.);
#574=VECTOR('',#3613,10.);
#575=VECTOR('',#3616,10.);
#576=VECTOR('',#3617,10.);
#577=VECTOR('',#3618,10.);
#578=VECTOR('',#3621,10.);
#579=VECTOR('',#3622,10.);
#580=VECTOR('',#3623,10.);
#581=VECTOR('',#3628,10.);
#582=VECTOR('',#3629,10.);
#583=VECTOR('',#3630,10.);
#584=VECTOR('',#3633,10.);
#585=VECTOR('',#3634,10.);
#586=VECTOR('',#3637,10.);
#587=VECTOR('',#3638,10.);
#588=VECTOR('',#3647,3.);
#589=VECTOR('',#3650,10.);
#590=VECTOR('',#3651,10.);
#591=VECTOR('',#3654,10.);
#592=VECTOR('',#3655,10.);
#593=VECTOR('',#3660,10.);
#594=VECTOR('',#3661,10.);
#595=VECTOR('',#3664,10.);
#596=VECTOR('',#3665,10.);
#597=VECTOR('',#3668,10.);
#598=VECTOR('',#3673,10.);
#599=VECTOR('',#3674,10.);
#600=VECTOR('',#3675,10.);
#601=VECTOR('',#3678,10.);
#602=VECTOR('',#3681,10.);
#603=VECTOR('',#3688,10.);
#604=VECTOR('',#3689,10.);
#605=VECTOR('',#3692,10.);
#606=VECTOR('',#3693,10.);
#607=VECTOR('',#3694,10.);
#608=VECTOR('',#3695,10.);
#609=VECTOR('',#3696,10.);
#610=VECTOR('',#3697,10.);
#611=VECTOR('',#3702,10.);
#612=VECTOR('',#3703,10.);
#613=VECTOR('',#3706,10.);
#614=VECTOR('',#3707,10.);
#615=VECTOR('',#3708,10.);
#616=VECTOR('',#3709,10.);
#617=VECTOR('',#3714,10.);
#618=VECTOR('',#3715,10.);
#619=VECTOR('',#3718,10.);
#620=VECTOR('',#3719,10.);
#621=VECTOR('',#3720,10.);
#622=VECTOR('',#3725,10.);
#623=VECTOR('',#3728,10.);
#624=VECTOR('',#3731,10.);
#625=VECTOR('',#3734,10.);
#626=VECTOR('',#3745,10.);
#627=VECTOR('',#3748,10.);
#628=VECTOR('',#3751,10.);
#629=VECTOR('',#3754,10.);
#630=VECTOR('',#3771,1.7);
#631=VECTOR('',#3780,1.65);
#632=VECTOR('',#3785,1.65);
#633=VECTOR('',#3792,1.65);
#634=VECTOR('',#3803,1.65);
#635=VECTOR('',#3808,10.);
#636=VECTOR('',#3809,10.);
#637=VECTOR('',#3810,10.);
#638=VECTOR('',#3817,1.25);
#639=VECTOR('',#3822,10.);
#640=VECTOR('',#3823,10.);
#641=VECTOR('',#3826,10.);
#642=VECTOR('',#3829,10.);
#643=VECTOR('',#3830,10.);
#644=VECTOR('',#3831,10.);
#645=VECTOR('',#3832,10.);
#646=VECTOR('',#3833,10.);
#647=VECTOR('',#3838,1.25);
#648=VECTOR('',#3851,10.);
#649=VECTOR('',#3854,10.);
#650=VECTOR('',#3857,10.);
#651=VECTOR('',#3866,1.25);
#652=VECTOR('',#3873,1.25);
#653=VECTOR('',#3878,1.);
#654=VECTOR('',#3883,1.);
#655=VECTOR('',#3886,10.);
#656=VECTOR('',#3887,10.);
#657=VECTOR('',#3888,10.);
#658=VECTOR('',#3893,10.);
#659=VECTOR('',#3896,10.);
#660=VECTOR('',#3897,10.);
#661=VECTOR('',#3902,10.);
#662=VECTOR('',#3905,10.);
#663=VECTOR('',#3906,10.);
#664=VECTOR('',#3911,10.);
#665=VECTOR('',#3914,10.);
#666=VECTOR('',#3915,10.);
#667=VECTOR('',#3924,1.);
#668=VECTOR('',#3929,1.);
#669=VECTOR('',#3934,1.);
#670=VECTOR('',#3939,0.999999999999999);
#671=VECTOR('',#3942,10.);
#672=VECTOR('',#3943,10.);
#673=VECTOR('',#3944,10.);
#674=VECTOR('',#3949,10.);
#675=VECTOR('',#3952,10.);
#676=VECTOR('',#3953,10.);
#677=VECTOR('',#3958,10.);
#678=VECTOR('',#3961,10.);
#679=VECTOR('',#3962,10.);
#680=VECTOR('',#3967,10.);
#681=VECTOR('',#3970,10.);
#682=VECTOR('',#3971,10.);
#683=VECTOR('',#3980,1.);
#684=VECTOR('',#3985,1.);
#685=VECTOR('',#3990,1.);
#686=VECTOR('',#4019,10.);
#687=FACE_BOUND('',#880,.T.);
#688=FACE_BOUND('',#882,.T.);
#689=FACE_BOUND('',#909,.T.);
#690=FACE_BOUND('',#912,.T.);
#691=FACE_BOUND('',#955,.T.);
#692=FACE_BOUND('',#975,.T.);
#693=FACE_BOUND('',#976,.T.);
#694=FACE_BOUND('',#977,.T.);
#695=FACE_BOUND('',#978,.T.);
#696=FACE_BOUND('',#979,.T.);
#697=FACE_BOUND('',#980,.T.);
#698=FACE_BOUND('',#981,.T.);
#699=FACE_BOUND('',#982,.T.);
#700=FACE_BOUND('',#983,.T.);
#701=FACE_BOUND('',#984,.T.);
#702=FACE_BOUND('',#985,.T.);
#703=FACE_BOUND('',#988,.T.);
#704=FACE_BOUND('',#996,.T.);
#705=FACE_BOUND('',#1003,.T.);
#706=FACE_BOUND('',#1046,.T.);
#707=FACE_BOUND('',#1049,.T.);
#708=FACE_BOUND('',#1052,.T.);
#709=FACE_BOUND('',#1055,.T.);
#710=FACE_BOUND('',#1057,.T.);
#711=FACE_BOUND('',#1059,.T.);
#712=FACE_BOUND('',#1060,.T.);
#713=FACE_BOUND('',#1061,.T.);
#714=FACE_BOUND('',#1062,.T.);
#715=FACE_BOUND('',#1063,.T.);
#716=FACE_BOUND('',#1064,.T.);
#717=FACE_BOUND('',#1065,.T.);
#718=FACE_BOUND('',#1066,.T.);
#719=FACE_BOUND('',#1067,.T.);
#720=FACE_BOUND('',#1068,.T.);
#721=FACE_BOUND('',#1069,.T.);
#722=FACE_OUTER_BOUND('',#879,.T.);
#723=FACE_OUTER_BOUND('',#881,.T.);
#724=FACE_OUTER_BOUND('',#883,.T.);
#725=FACE_OUTER_BOUND('',#884,.T.);
#726=FACE_OUTER_BOUND('',#885,.T.);
#727=FACE_OUTER_BOUND('',#886,.T.);
#728=FACE_OUTER_BOUND('',#887,.T.);
#729=FACE_OUTER_BOUND('',#888,.T.);
#730=FACE_OUTER_BOUND('',#889,.T.);
#731=FACE_OUTER_BOUND('',#890,.T.);
#732=FACE_OUTER_BOUND('',#891,.T.);
#733=FACE_OUTER_BOUND('',#892,.T.);
#734=FACE_OUTER_BOUND('',#893,.T.);
#735=FACE_OUTER_BOUND('',#894,.T.);
#736=FACE_OUTER_BOUND('',#895,.T.);
#737=FACE_OUTER_BOUND('',#896,.T.);
#738=FACE_OUTER_BOUND('',#897,.T.);
#739=FACE_OUTER_BOUND('',#898,.T.);
#740=FACE_OUTER_BOUND('',#899,.T.);
#741=FACE_OUTER_BOUND('',#900,.T.);
#742=FACE_OUTER_BOUND('',#901,.T.);
#743=FACE_OUTER_BOUND('',#902,.T.);
#744=FACE_OUTER_BOUND('',#903,.T.);
#745=FACE_OUTER_BOUND('',#904,.T.);
#746=FACE_OUTER_BOUND('',#905,.T.);
#747=FACE_OUTER_BOUND('',#906,.T.);
#748=FACE_OUTER_BOUND('',#907,.T.);
#749=FACE_OUTER_BOUND('',#908,.T.);
#750=FACE_OUTER_BOUND('',#910,.T.);
#751=FACE_OUTER_BOUND('',#911,.T.);
#752=FACE_OUTER_BOUND('',#913,.T.);
#753=FACE_OUTER_BOUND('',#914,.T.);
#754=FACE_OUTER_BOUND('',#915,.T.);
#755=FACE_OUTER_BOUND('',#916,.T.);
#756=FACE_OUTER_BOUND('',#917,.T.);
#757=FACE_OUTER_BOUND('',#918,.T.);
#758=FACE_OUTER_BOUND('',#919,.T.);
#759=FACE_OUTER_BOUND('',#920,.T.);
#760=FACE_OUTER_BOUND('',#921,.T.);
#761=FACE_OUTER_BOUND('',#922,.T.);
#762=FACE_OUTER_BOUND('',#923,.T.);
#763=FACE_OUTER_BOUND('',#924,.T.);
#764=FACE_OUTER_BOUND('',#925,.T.);
#765=FACE_OUTER_BOUND('',#926,.T.);
#766=FACE_OUTER_BOUND('',#927,.T.);
#767=FACE_OUTER_BOUND('',#928,.T.);
#768=FACE_OUTER_BOUND('',#929,.T.);
#769=FACE_OUTER_BOUND('',#930,.T.);
#770=FACE_OUTER_BOUND('',#931,.T.);
#771=FACE_OUTER_BOUND('',#932,.T.);
#772=FACE_OUTER_BOUND('',#933,.T.);
#773=FACE_OUTER_BOUND('',#934,.T.);
#774=FACE_OUTER_BOUND('',#935,.T.);
#775=FACE_OUTER_BOUND('',#936,.T.);
#776=FACE_OUTER_BOUND('',#937,.T.);
#777=FACE_OUTER_BOUND('',#938,.T.);
#778=FACE_OUTER_BOUND('',#939,.T.);
#779=FACE_OUTER_BOUND('',#940,.T.);
#780=FACE_OUTER_BOUND('',#941,.T.);
#781=FACE_OUTER_BOUND('',#942,.T.);
#782=FACE_OUTER_BOUND('',#943,.T.);
#783=FACE_OUTER_BOUND('',#944,.T.);
#784=FACE_OUTER_BOUND('',#945,.T.);
#785=FACE_OUTER_BOUND('',#946,.T.);
#786=FACE_OUTER_BOUND('',#947,.T.);
#787=FACE_OUTER_BOUND('',#948,.T.);
#788=FACE_OUTER_BOUND('',#949,.T.);
#789=FACE_OUTER_BOUND('',#950,.T.);
#790=FACE_OUTER_BOUND('',#951,.T.);
#791=FACE_OUTER_BOUND('',#952,.T.);
#792=FACE_OUTER_BOUND('',#953,.T.);
#793=FACE_OUTER_BOUND('',#954,.T.);
#794=FACE_OUTER_BOUND('',#956,.T.);
#795=FACE_OUTER_BOUND('',#957,.T.);
#796=FACE_OUTER_BOUND('',#958,.T.);
#797=FACE_OUTER_BOUND('',#959,.T.);
#798=FACE_OUTER_BOUND('',#960,.T.);
#799=FACE_OUTER_BOUND('',#961,.T.);
#800=FACE_OUTER_BOUND('',#962,.T.);
#801=FACE_OUTER_BOUND('',#963,.T.);
#802=FACE_OUTER_BOUND('',#964,.T.);
#803=FACE_OUTER_BOUND('',#965,.T.);
#804=FACE_OUTER_BOUND('',#966,.T.);
#805=FACE_OUTER_BOUND('',#967,.T.);
#806=FACE_OUTER_BOUND('',#968,.T.);
#807=FACE_OUTER_BOUND('',#969,.T.);
#808=FACE_OUTER_BOUND('',#970,.T.);
#809=FACE_OUTER_BOUND('',#971,.T.);
#810=FACE_OUTER_BOUND('',#972,.T.);
#811=FACE_OUTER_BOUND('',#973,.T.);
#812=FACE_OUTER_BOUND('',#974,.T.);
#813=FACE_OUTER_BOUND('',#986,.T.);
#814=FACE_OUTER_BOUND('',#987,.T.);
#815=FACE_OUTER_BOUND('',#989,.T.);
#816=FACE_OUTER_BOUND('',#990,.T.);
#817=FACE_OUTER_BOUND('',#991,.T.);
#818=FACE_OUTER_BOUND('',#992,.T.);
#819=FACE_OUTER_BOUND('',#993,.T.);
#820=FACE_OUTER_BOUND('',#994,.T.);
#821=FACE_OUTER_BOUND('',#995,.T.);
#822=FACE_OUTER_BOUND('',#997,.T.);
#823=FACE_OUTER_BOUND('',#998,.T.);
#824=FACE_OUTER_BOUND('',#999,.T.);
#825=FACE_OUTER_BOUND('',#1000,.T.);
#826=FACE_OUTER_BOUND('',#1001,.T.);
#827=FACE_OUTER_BOUND('',#1002,.T.);
#828=FACE_OUTER_BOUND('',#1004,.T.);
#829=FACE_OUTER_BOUND('',#1005,.T.);
#830=FACE_OUTER_BOUND('',#1006,.T.);
#831=FACE_OUTER_BOUND('',#1007,.T.);
#832=FACE_OUTER_BOUND('',#1008,.T.);
#833=FACE_OUTER_BOUND('',#1009,.T.);
#834=FACE_OUTER_BOUND('',#1010,.T.);
#835=FACE_OUTER_BOUND('',#1011,.T.);
#836=FACE_OUTER_BOUND('',#1012,.T.);
#837=FACE_OUTER_BOUND('',#1013,.T.);
#838=FACE_OUTER_BOUND('',#1014,.T.);
#839=FACE_OUTER_BOUND('',#1015,.T.);
#840=FACE_OUTER_BOUND('',#1016,.T.);
#841=FACE_OUTER_BOUND('',#1017,.T.);
#842=FACE_OUTER_BOUND('',#1018,.T.);
#843=FACE_OUTER_BOUND('',#1019,.T.);
#844=FACE_OUTER_BOUND('',#1020,.T.);
#845=FACE_OUTER_BOUND('',#1021,.T.);
#846=FACE_OUTER_BOUND('',#1022,.T.);
#847=FACE_OUTER_BOUND('',#1023,.T.);
#848=FACE_OUTER_BOUND('',#1024,.T.);
#849=FACE_OUTER_BOUND('',#1025,.T.);
#850=FACE_OUTER_BOUND('',#1026,.T.);
#851=FACE_OUTER_BOUND('',#1027,.T.);
#852=FACE_OUTER_BOUND('',#1028,.T.);
#853=FACE_OUTER_BOUND('',#1029,.T.);
#854=FACE_OUTER_BOUND('',#1030,.T.);
#855=FACE_OUTER_BOUND('',#1031,.T.);
#856=FACE_OUTER_BOUND('',#1032,.T.);
#857=FACE_OUTER_BOUND('',#1033,.T.);
#858=FACE_OUTER_BOUND('',#1034,.T.);
#859=FACE_OUTER_BOUND('',#1035,.T.);
#860=FACE_OUTER_BOUND('',#1036,.T.);
#861=FACE_OUTER_BOUND('',#1037,.T.);
#862=FACE_OUTER_BOUND('',#1038,.T.);
#863=FACE_OUTER_BOUND('',#1039,.T.);
#864=FACE_OUTER_BOUND('',#1040,.T.);
#865=FACE_OUTER_BOUND('',#1041,.T.);
#866=FACE_OUTER_BOUND('',#1042,.T.);
#867=FACE_OUTER_BOUND('',#1043,.T.);
#868=FACE_OUTER_BOUND('',#1044,.T.);
#869=FACE_OUTER_BOUND('',#1045,.T.);
#870=FACE_OUTER_BOUND('',#1047,.T.);
#871=FACE_OUTER_BOUND('',#1048,.T.);
#872=FACE_OUTER_BOUND('',#1050,.T.);
#873=FACE_OUTER_BOUND('',#1051,.T.);
#874=FACE_OUTER_BOUND('',#1053,.T.);
#875=FACE_OUTER_BOUND('',#1054,.T.);
#876=FACE_OUTER_BOUND('',#1056,.T.);
#877=FACE_OUTER_BOUND('',#1058,.T.);
#878=FACE_OUTER_BOUND('',#1070,.T.);
#879=EDGE_LOOP('',(#1857));
#880=EDGE_LOOP('',(#1858));
#881=EDGE_LOOP('',(#1859,#1860,#1861,#1862,#1863));
#882=EDGE_LOOP('',(#1864));
#883=EDGE_LOOP('',(#1865,#1866,#1867,#1868));
#884=EDGE_LOOP('',(#1869,#1870,#1871,#1872));
#885=EDGE_LOOP('',(#1873,#1874,#1875,#1876));
#886=EDGE_LOOP('',(#1877,#1878,#1879,#1880));
#887=EDGE_LOOP('',(#1881,#1882,#1883,#1884));
#888=EDGE_LOOP('',(#1885,#1886,#1887,#1888));
#889=EDGE_LOOP('',(#1889,#1890,#1891,#1892));
#890=EDGE_LOOP('',(#1893,#1894,#1895,#1896));
#891=EDGE_LOOP('',(#1897,#1898,#1899,#1900));
#892=EDGE_LOOP('',(#1901,#1902,#1903,#1904));
#893=EDGE_LOOP('',(#1905,#1906,#1907,#1908));
#894=EDGE_LOOP('',(#1909,#1910,#1911,#1912));
#895=EDGE_LOOP('',(#1913,#1914,#1915,#1916));
#896=EDGE_LOOP('',(#1917,#1918,#1919,#1920));
#897=EDGE_LOOP('',(#1921,#1922,#1923,#1924,#1925,#1926,#1927,#1928,#1929,
#1930,#1931,#1932,#1933,#1934,#1935,#1936,#1937));
#898=EDGE_LOOP('',(#1938,#1939,#1940,#1941));
#899=EDGE_LOOP('',(#1942,#1943,#1944,#1945));
#900=EDGE_LOOP('',(#1946,#1947,#1948,#1949));
#901=EDGE_LOOP('',(#1950,#1951,#1952,#1953,#1954,#1955,#1956,#1957,#1958,
#1959,#1960,#1961,#1962,#1963,#1964,#1965,#1966));
#902=EDGE_LOOP('',(#1967,#1968,#1969,#1970,#1971,#1972,#1973,#1974,#1975,
#1976,#1977,#1978));
#903=EDGE_LOOP('',(#1979,#1980,#1981,#1982));
#904=EDGE_LOOP('',(#1983,#1984,#1985,#1986));
#905=EDGE_LOOP('',(#1987,#1988,#1989,#1990));
#906=EDGE_LOOP('',(#1991,#1992,#1993,#1994));
#907=EDGE_LOOP('',(#1995,#1996,#1997,#1998));
#908=EDGE_LOOP('',(#1999));
#909=EDGE_LOOP('',(#2000));
#910=EDGE_LOOP('',(#2001,#2002,#2003,#2004));
#911=EDGE_LOOP('',(#2005));
#912=EDGE_LOOP('',(#2006));
#913=EDGE_LOOP('',(#2007,#2008,#2009,#2010));
#914=EDGE_LOOP('',(#2011,#2012,#2013,#2014,#2015,#2016,#2017,#2018,#2019,
#2020));
#915=EDGE_LOOP('',(#2021,#2022,#2023,#2024));
#916=EDGE_LOOP('',(#2025,#2026,#2027,#2028));
#917=EDGE_LOOP('',(#2029,#2030,#2031,#2032));
#918=EDGE_LOOP('',(#2033,#2034,#2035,#2036));
#919=EDGE_LOOP('',(#2037,#2038,#2039,#2040,#2041,#2042,#2043,#2044,#2045,
#2046));
#920=EDGE_LOOP('',(#2047,#2048,#2049,#2050));
#921=EDGE_LOOP('',(#2051,#2052,#2053,#2054));
#922=EDGE_LOOP('',(#2055,#2056,#2057,#2058,#2059,#2060,#2061,#2062,#2063,
#2064));
#923=EDGE_LOOP('',(#2065,#2066,#2067,#2068));
#924=EDGE_LOOP('',(#2069,#2070,#2071,#2072));
#925=EDGE_LOOP('',(#2073,#2074,#2075,#2076));
#926=EDGE_LOOP('',(#2077,#2078,#2079,#2080,#2081,#2082,#2083,#2084,#2085,
#2086));
#927=EDGE_LOOP('',(#2087,#2088,#2089,#2090));
#928=EDGE_LOOP('',(#2091,#2092,#2093,#2094));
#929=EDGE_LOOP('',(#2095,#2096,#2097,#2098));
#930=EDGE_LOOP('',(#2099,#2100,#2101,#2102));
#931=EDGE_LOOP('',(#2103,#2104,#2105,#2106));
#932=EDGE_LOOP('',(#2107,#2108,#2109,#2110));
#933=EDGE_LOOP('',(#2111,#2112,#2113,#2114));
#934=EDGE_LOOP('',(#2115,#2116,#2117,#2118));
#935=EDGE_LOOP('',(#2119,#2120,#2121,#2122,#2123,#2124,#2125,#2126));
#936=EDGE_LOOP('',(#2127,#2128,#2129,#2130));
#937=EDGE_LOOP('',(#2131,#2132,#2133,#2134,#2135,#2136,#2137,#2138,#2139,
#2140,#2141,#2142,#2143,#2144,#2145,#2146));
#938=EDGE_LOOP('',(#2147,#2148,#2149,#2150));
#939=EDGE_LOOP('',(#2151,#2152,#2153,#2154));
#940=EDGE_LOOP('',(#2155,#2156,#2157,#2158));
#941=EDGE_LOOP('',(#2159,#2160,#2161,#2162));
#942=EDGE_LOOP('',(#2163,#2164,#2165,#2166,#2167,#2168,#2169,#2170));
#943=EDGE_LOOP('',(#2171,#2172,#2173,#2174));
#944=EDGE_LOOP('',(#2175,#2176,#2177,#2178));
#945=EDGE_LOOP('',(#2179,#2180,#2181,#2182));
#946=EDGE_LOOP('',(#2183,#2184,#2185,#2186,#2187,#2188,#2189,#2190,#2191,
#2192,#2193,#2194,#2195,#2196,#2197,#2198));
#947=EDGE_LOOP('',(#2199,#2200,#2201,#2202,#2203));
#948=EDGE_LOOP('',(#2204));
#949=EDGE_LOOP('',(#2205,#2206,#2207,#2208));
#950=EDGE_LOOP('',(#2209,#2210,#2211,#2212));
#951=EDGE_LOOP('',(#2213,#2214,#2215,#2216));
#952=EDGE_LOOP('',(#2217,#2218,#2219,#2220));
#953=EDGE_LOOP('',(#2221,#2222,#2223,#2224));
#954=EDGE_LOOP('',(#2225,#2226,#2227,#2228,#2229,#2230,#2231,#2232,#2233,
#2234,#2235,#2236,#2237,#2238,#2239,#2240,#2241,#2242,#2243));
#955=EDGE_LOOP('',(#2244,#2245,#2246,#2247,#2248,#2249,#2250,#2251,#2252,
#2253,#2254,#2255,#2256,#2257,#2258,#2259));
#956=EDGE_LOOP('',(#2260,#2261,#2262,#2263));
#957=EDGE_LOOP('',(#2264,#2265,#2266,#2267));
#958=EDGE_LOOP('',(#2268,#2269,#2270,#2271));
#959=EDGE_LOOP('',(#2272,#2273,#2274,#2275));
#960=EDGE_LOOP('',(#2276,#2277,#2278,#2279,#2280,#2281,#2282,#2283,#2284,
#2285,#2286,#2287,#2288,#2289,#2290,#2291,#2292,#2293,#2294,#2295));
#961=EDGE_LOOP('',(#2296,#2297,#2298,#2299));
#962=EDGE_LOOP('',(#2300,#2301,#2302,#2303));
#963=EDGE_LOOP('',(#2304,#2305,#2306,#2307));
#964=EDGE_LOOP('',(#2308,#2309,#2310,#2311));
#965=EDGE_LOOP('',(#2312,#2313,#2314,#2315,#2316));
#966=EDGE_LOOP('',(#2317,#2318,#2319,#2320));
#967=EDGE_LOOP('',(#2321,#2322,#2323,#2324));
#968=EDGE_LOOP('',(#2325,#2326,#2327,#2328));
#969=EDGE_LOOP('',(#2329,#2330,#2331,#2332));
#970=EDGE_LOOP('',(#2333,#2334,#2335,#2336,#2337,#2338,#2339,#2340,#2341,
#2342,#2343,#2344,#2345,#2346,#2347,#2348,#2349,#2350,#2351,#2352));
#971=EDGE_LOOP('',(#2353,#2354,#2355,#2356));
#972=EDGE_LOOP('',(#2357,#2358,#2359,#2360,#2361,#2362,#2363,#2364));
#973=EDGE_LOOP('',(#2365,#2366,#2367,#2368));
#974=EDGE_LOOP('',(#2369,#2370,#2371,#2372,#2373,#2374,#2375,#2376,#2377,
#2378));
#975=EDGE_LOOP('',(#2379));
#976=EDGE_LOOP('',(#2380));
#977=EDGE_LOOP('',(#2381,#2382,#2383,#2384,#2385,#2386,#2387,#2388));
#978=EDGE_LOOP('',(#2389));
#979=EDGE_LOOP('',(#2390));
#980=EDGE_LOOP('',(#2391));
#981=EDGE_LOOP('',(#2392));
#982=EDGE_LOOP('',(#2393,#2394,#2395,#2396,#2397,#2398,#2399,#2400));
#983=EDGE_LOOP('',(#2401));
#984=EDGE_LOOP('',(#2402));
#985=EDGE_LOOP('',(#2403));
#986=EDGE_LOOP('',(#2404,#2405,#2406,#2407));
#987=EDGE_LOOP('',(#2408));
#988=EDGE_LOOP('',(#2409));
#989=EDGE_LOOP('',(#2410,#2411,#2412,#2413));
#990=EDGE_LOOP('',(#2414));
#991=EDGE_LOOP('',(#2415,#2416,#2417,#2418));
#992=EDGE_LOOP('',(#2419,#2420,#2421,#2422));
#993=EDGE_LOOP('',(#2423));
#994=EDGE_LOOP('',(#2424,#2425,#2426,#2427));
#995=EDGE_LOOP('',(#2428));
#996=EDGE_LOOP('',(#2429));
#997=EDGE_LOOP('',(#2430,#2431,#2432,#2433));
#998=EDGE_LOOP('',(#2434,#2435,#2436,#2437));
#999=EDGE_LOOP('',(#2438,#2439,#2440,#2441));
#1000=EDGE_LOOP('',(#2442,#2443,#2444,#2445));
#1001=EDGE_LOOP('',(#2446,#2447,#2448,#2449));
#1002=EDGE_LOOP('',(#2450,#2451,#2452,#2453,#2454,#2455));
#1003=EDGE_LOOP('',(#2456));
#1004=EDGE_LOOP('',(#2457,#2458,#2459,#2460,#2461,#2462,#2463,#2464,#2465,
#2466,#2467,#2468,#2469,#2470,#2471,#2472,#2473,#2474,#2475,#2476));
#1005=EDGE_LOOP('',(#2477));
#1006=EDGE_LOOP('',(#2478,#2479,#2480,#2481));
#1007=EDGE_LOOP('',(#2482));
#1008=EDGE_LOOP('',(#2483,#2484,#2485,#2486));
#1009=EDGE_LOOP('',(#2487,#2488,#2489,#2490));
#1010=EDGE_LOOP('',(#2491,#2492,#2493,#2494));
#1011=EDGE_LOOP('',(#2495,#2496,#2497,#2498));
#1012=EDGE_LOOP('',(#2499,#2500,#2501,#2502));
#1013=EDGE_LOOP('',(#2503,#2504,#2505,#2506));
#1014=EDGE_LOOP('',(#2507,#2508,#2509,#2510));
#1015=EDGE_LOOP('',(#2511));
#1016=EDGE_LOOP('',(#2512,#2513,#2514,#2515));
#1017=EDGE_LOOP('',(#2516));
#1018=EDGE_LOOP('',(#2517,#2518,#2519,#2520));
#1019=EDGE_LOOP('',(#2521,#2522,#2523,#2524));
#1020=EDGE_LOOP('',(#2525,#2526,#2527,#2528));
#1021=EDGE_LOOP('',(#2529,#2530,#2531,#2532));
#1022=EDGE_LOOP('',(#2533,#2534,#2535,#2536));
#1023=EDGE_LOOP('',(#2537,#2538,#2539,#2540));
#1024=EDGE_LOOP('',(#2541,#2542,#2543,#2544));
#1025=EDGE_LOOP('',(#2545,#2546,#2547,#2548));
#1026=EDGE_LOOP('',(#2549,#2550,#2551,#2552));
#1027=EDGE_LOOP('',(#2553,#2554,#2555,#2556));
#1028=EDGE_LOOP('',(#2557,#2558,#2559,#2560));
#1029=EDGE_LOOP('',(#2561,#2562,#2563,#2564));
#1030=EDGE_LOOP('',(#2565,#2566,#2567,#2568));
#1031=EDGE_LOOP('',(#2569,#2570,#2571,#2572));
#1032=EDGE_LOOP('',(#2573,#2574,#2575,#2576));
#1033=EDGE_LOOP('',(#2577,#2578,#2579,#2580));
#1034=EDGE_LOOP('',(#2581,#2582,#2583,#2584));
#1035=EDGE_LOOP('',(#2585,#2586,#2587,#2588));
#1036=EDGE_LOOP('',(#2589,#2590,#2591,#2592));
#1037=EDGE_LOOP('',(#2593,#2594,#2595,#2596));
#1038=EDGE_LOOP('',(#2597,#2598,#2599,#2600));
#1039=EDGE_LOOP('',(#2601,#2602,#2603,#2604));
#1040=EDGE_LOOP('',(#2605,#2606,#2607,#2608));
#1041=EDGE_LOOP('',(#2609,#2610,#2611,#2612));
#1042=EDGE_LOOP('',(#2613,#2614,#2615,#2616));
#1043=EDGE_LOOP('',(#2617,#2618,#2619,#2620));
#1044=EDGE_LOOP('',(#2621,#2622,#2623,#2624));
#1045=EDGE_LOOP('',(#2625,#2626,#2627,#2628));
#1046=EDGE_LOOP('',(#2629));
#1047=EDGE_LOOP('',(#2630,#2631,#2632,#2633));
#1048=EDGE_LOOP('',(#2634,#2635,#2636,#2637));
#1049=EDGE_LOOP('',(#2638));
#1050=EDGE_LOOP('',(#2639,#2640,#2641,#2642));
#1051=EDGE_LOOP('',(#2643,#2644));
#1052=EDGE_LOOP('',(#2645));
#1053=EDGE_LOOP('',(#2646,#2647,#2648,#2649));
#1054=EDGE_LOOP('',(#2650,#2651));
#1055=EDGE_LOOP('',(#2652));
#1056=EDGE_LOOP('',(#2653));
#1057=EDGE_LOOP('',(#2654));
#1058=EDGE_LOOP('',(#2655,#2656,#2657,#2658));
#1059=EDGE_LOOP('',(#2659));
#1060=EDGE_LOOP('',(#2660));
#1061=EDGE_LOOP('',(#2661,#2662,#2663,#2664,#2665,#2666,#2667,#2668));
#1062=EDGE_LOOP('',(#2669));
#1063=EDGE_LOOP('',(#2670));
#1064=EDGE_LOOP('',(#2671));
#1065=EDGE_LOOP('',(#2672));
#1066=EDGE_LOOP('',(#2673,#2674,#2675,#2676,#2677,#2678,#2679,#2680));
#1067=EDGE_LOOP('',(#2681));
#1068=EDGE_LOOP('',(#2682));
#1069=EDGE_LOOP('',(#2683));
#1070=EDGE_LOOP('',(#2684,#2685,#2686,#2687,#2688));
#1071=CIRCLE('',#2958,1.65);
#1072=CIRCLE('',#2959,1.25);
#1073=CIRCLE('',#2961,3.);
#1074=CIRCLE('',#2962,2.00000000000001);
#1075=CIRCLE('',#2963,1.65);
#1076=CIRCLE('',#2972,2.00000000000001);
#1077=CIRCLE('',#2973,2.00000000000001);
#1078=CIRCLE('',#2974,2.00000000000001);
#1079=CIRCLE('',#2975,2.00000000000001);
#1080=CIRCLE('',#2977,6.);
#1081=CIRCLE('',#2980,5.99999999999999);
#1082=CIRCLE('',#2982,2.00000000000001);
#1083=CIRCLE('',#2983,2.00000000000001);
#1084=CIRCLE('',#2984,2.00000000000001);
#1085=CIRCLE('',#2985,2.00000000000001);
#1086=CIRCLE('',#2993,1.65);
#1087=CIRCLE('',#2994,1.25);
#1088=CIRCLE('',#2996,1.65);
#1089=CIRCLE('',#2998,1.65);
#1090=CIRCLE('',#2999,1.25);
#1091=CIRCLE('',#3001,1.65);
#1092=CIRCLE('',#3003,2.00000000000001);
#1093=CIRCLE('',#3004,2.00000000000001);
#1094=CIRCLE('',#3010,2.00000000000001);
#1095=CIRCLE('',#3011,2.00000000000001);
#1096=CIRCLE('',#3015,2.00000000000001);
#1097=CIRCLE('',#3016,2.00000000000001);
#1098=CIRCLE('',#3021,2.00000000000001);
#1099=CIRCLE('',#3022,2.00000000000001);
#1100=CIRCLE('',#3034,2.);
#1101=CIRCLE('',#3035,2.);
#1102=CIRCLE('',#3036,5.99999999999998);
#1103=CIRCLE('',#3037,5.99999999999999);
#1104=CIRCLE('',#3047,2.);
#1105=CIRCLE('',#3048,2.);
#1106=CIRCLE('',#3051,1.25);
#1107=CIRCLE('',#3053,1.25);
#1108=CIRCLE('',#3056,3.);
#1109=CIRCLE('',#3073,3.);
#1110=CIRCLE('',#3075,3.);
#1111=CIRCLE('',#3076,3.);
#1112=CIRCLE('',#3077,3.);
#1113=CIRCLE('',#3078,3.);
#1114=CIRCLE('',#3088,2.);
#1115=CIRCLE('',#3091,2.);
#1116=CIRCLE('',#3094,2.00000000000001);
#1117=CIRCLE('',#3096,1.);
#1118=CIRCLE('',#3097,1.);
#1119=CIRCLE('',#3098,0.800000000000005);
#1120=CIRCLE('',#3099,0.800000000000005);
#1121=CIRCLE('',#3100,0.80000000000001);
#1122=CIRCLE('',#3101,0.80000000000001);
#1123=CIRCLE('',#3102,1.);
#1124=CIRCLE('',#3103,1.);
#1125=CIRCLE('',#3104,1.);
#1126=CIRCLE('',#3105,0.999999999999999);
#1127=CIRCLE('',#3106,0.800000000000007);
#1128=CIRCLE('',#3107,0.8);
#1129=CIRCLE('',#3108,0.800000000000001);
#1130=CIRCLE('',#3109,0.800000000000003);
#1131=CIRCLE('',#3110,1.);
#1132=CIRCLE('',#3111,1.);
#1133=CIRCLE('',#3112,1.);
#1134=CIRCLE('',#3115,1.7);
#1135=CIRCLE('',#3117,1.7);
#1136=CIRCLE('',#3119,1.65);
#1137=CIRCLE('',#3121,1.65);
#1138=CIRCLE('',#3124,1.65);
#1139=CIRCLE('',#3126,1.65);
#1140=CIRCLE('',#3128,1.65);
#1141=CIRCLE('',#3129,1.25);
#1142=CIRCLE('',#3131,1.65);
#1143=CIRCLE('',#3134,3.);
#1144=CIRCLE('',#3152,1.25);
#1145=CIRCLE('',#3155,1.25);
#1146=CIRCLE('',#3158,1.);
#1147=CIRCLE('',#3160,1.);
#1148=CIRCLE('',#3163,0.80000000000001);
#1149=CIRCLE('',#3166,0.80000000000001);
#1150=CIRCLE('',#3169,0.800000000000005);
#1151=CIRCLE('',#3172,0.800000000000005);
#1152=CIRCLE('',#3174,1.);
#1153=CIRCLE('',#3176,1.);
#1154=CIRCLE('',#3178,1.);
#1155=CIRCLE('',#3180,0.999999999999999);
#1156=CIRCLE('',#3183,0.800000000000001);
#1157=CIRCLE('',#3186,0.800000000000003);
#1158=CIRCLE('',#3189,0.800000000000007);
#1159=CIRCLE('',#3192,0.8);
#1160=CIRCLE('',#3194,1.);
#1161=CIRCLE('',#3196,1.);
#1162=CIRCLE('',#3198,1.);
#1163=CIRCLE('',#3200,3.);
#1164=CIRCLE('',#3203,3.);
#1165=CIRCLE('',#3206,3.);
#1166=CIRCLE('',#3209,3.);
#1167=VERTEX_POINT('',#4024);
#1168=VERTEX_POINT('',#4026);
#1169=VERTEX_POINT('',#4029);
#1170=VERTEX_POINT('',#4030);
#1171=VERTEX_POINT('',#4032);
#1172=VERTEX_POINT('',#4034);
#1173=VERTEX_POINT('',#4036);
#1174=VERTEX_POINT('',#4039);
#1175=VERTEX_POINT('',#4042);
#1176=VERTEX_POINT('',#4044);
#1177=VERTEX_POINT('',#4048);
#1178=VERTEX_POINT('',#4075);
#1179=VERTEX_POINT('',#4076);
#1180=VERTEX_POINT('',#4078);
#1181=VERTEX_POINT('',#4085);
#1182=VERTEX_POINT('',#4094);
#1183=VERTEX_POINT('',#4095);
#1184=VERTEX_POINT('',#4119);
#1185=VERTEX_POINT('',#4120);
#1186=VERTEX_POINT('',#4133);
#1187=VERTEX_POINT('',#4134);
#1188=VERTEX_POINT('',#4136);
#1189=VERTEX_POINT('',#4138);
#1190=VERTEX_POINT('',#4189);
#1191=VERTEX_POINT('',#4190);
#1192=VERTEX_POINT('',#4192);
#1193=VERTEX_POINT('',#4199);
#1194=VERTEX_POINT('',#4208);
#1195=VERTEX_POINT('',#4209);
#1196=VERTEX_POINT('',#4237);
#1197=VERTEX_POINT('',#4238);
#1198=VERTEX_POINT('',#4277);
#1199=VERTEX_POINT('',#4278);
#1200=VERTEX_POINT('',#4280);
#1201=VERTEX_POINT('',#4282);
#1202=VERTEX_POINT('',#4334);
#1203=VERTEX_POINT('',#4336);
#1204=VERTEX_POINT('',#4338);
#1205=VERTEX_POINT('',#4340);
#1206=VERTEX_POINT('',#4342);
#1207=VERTEX_POINT('',#4344);
#1208=VERTEX_POINT('',#4346);
#1209=VERTEX_POINT('',#4348);
#1210=VERTEX_POINT('',#4350);
#1211=VERTEX_POINT('',#4352);
#1212=VERTEX_POINT('',#4354);
#1213=VERTEX_POINT('',#4356);
#1214=VERTEX_POINT('',#4358);
#1215=VERTEX_POINT('',#4360);
#1216=VERTEX_POINT('',#4364);
#1217=VERTEX_POINT('',#4368);
#1218=VERTEX_POINT('',#4372);
#1219=VERTEX_POINT('',#4376);
#1220=VERTEX_POINT('',#4378);
#1221=VERTEX_POINT('',#4380);
#1222=VERTEX_POINT('',#4382);
#1223=VERTEX_POINT('',#4384);
#1224=VERTEX_POINT('',#4386);
#1225=VERTEX_POINT('',#4388);
#1226=VERTEX_POINT('',#4390);
#1227=VERTEX_POINT('',#4392);
#1228=VERTEX_POINT('',#4394);
#1229=VERTEX_POINT('',#4396);
#1230=VERTEX_POINT('',#4398);
#1231=VERTEX_POINT('',#4400);
#1232=VERTEX_POINT('',#4405);
#1233=VERTEX_POINT('',#4406);
#1234=VERTEX_POINT('',#4408);
#1235=VERTEX_POINT('',#4410);
#1236=VERTEX_POINT('',#4414);
#1237=VERTEX_POINT('',#4416);
#1238=VERTEX_POINT('',#4420);
#1239=VERTEX_POINT('',#4422);
#1240=VERTEX_POINT('',#4430);
#1241=VERTEX_POINT('',#4432);
#1242=VERTEX_POINT('',#4435);
#1243=VERTEX_POINT('',#4439);
#1244=VERTEX_POINT('',#4441);
#1245=VERTEX_POINT('',#4444);
#1246=VERTEX_POINT('',#4448);
#1247=VERTEX_POINT('',#4449);
#1248=VERTEX_POINT('',#4451);
#1249=VERTEX_POINT('',#4453);
#1250=VERTEX_POINT('',#4455);
#1251=VERTEX_POINT('',#4457);
#1252=VERTEX_POINT('',#4459);
#1253=VERTEX_POINT('',#4461);
#1254=VERTEX_POINT('',#4463);
#1255=VERTEX_POINT('',#4465);
#1256=VERTEX_POINT('',#4469);
#1257=VERTEX_POINT('',#4471);
#1258=VERTEX_POINT('',#4475);
#1259=VERTEX_POINT('',#4477);
#1260=VERTEX_POINT('',#4483);
#1261=VERTEX_POINT('',#4484);
#1262=VERTEX_POINT('',#4486);
#1263=VERTEX_POINT('',#4488);
#1264=VERTEX_POINT('',#4492);
#1265=VERTEX_POINT('',#4493);
#1266=VERTEX_POINT('',#4495);
#1267=VERTEX_POINT('',#4497);
#1268=VERTEX_POINT('',#4499);
#1269=VERTEX_POINT('',#4501);
#1270=VERTEX_POINT('',#4503);
#1271=VERTEX_POINT('',#4505);
#1272=VERTEX_POINT('',#4510);
#1273=VERTEX_POINT('',#4512);
#1274=VERTEX_POINT('',#4518);
#1275=VERTEX_POINT('',#4519);
#1276=VERTEX_POINT('',#4521);
#1277=VERTEX_POINT('',#4523);
#1278=VERTEX_POINT('',#4525);
#1279=VERTEX_POINT('',#4527);
#1280=VERTEX_POINT('',#4529);
#1281=VERTEX_POINT('',#4531);
#1282=VERTEX_POINT('',#4533);
#1283=VERTEX_POINT('',#4535);
#1284=VERTEX_POINT('',#4539);
#1285=VERTEX_POINT('',#4541);
#1286=VERTEX_POINT('',#4545);
#1287=VERTEX_POINT('',#4547);
#1288=VERTEX_POINT('',#4553);
#1289=VERTEX_POINT('',#4554);
#1290=VERTEX_POINT('',#4556);
#1291=VERTEX_POINT('',#4558);
#1292=VERTEX_POINT('',#4560);
#1293=VERTEX_POINT('',#4562);
#1294=VERTEX_POINT('',#4564);
#1295=VERTEX_POINT('',#4566);
#1296=VERTEX_POINT('',#4568);
#1297=VERTEX_POINT('',#4570);
#1298=VERTEX_POINT('',#4574);
#1299=VERTEX_POINT('',#4576);
#1300=VERTEX_POINT('',#4580);
#1301=VERTEX_POINT('',#4582);
#1302=VERTEX_POINT('',#4606);
#1303=VERTEX_POINT('',#4608);
#1304=VERTEX_POINT('',#4610);
#1305=VERTEX_POINT('',#4612);
#1306=VERTEX_POINT('',#4616);
#1307=VERTEX_POINT('',#4618);
#1308=VERTEX_POINT('',#4641);
#1309=VERTEX_POINT('',#4643);
#1310=VERTEX_POINT('',#4645);
#1311=VERTEX_POINT('',#4647);
#1312=VERTEX_POINT('',#4653);
#1313=VERTEX_POINT('',#4656);
#1314=VERTEX_POINT('',#4660);
#1315=VERTEX_POINT('',#4661);
#1316=VERTEX_POINT('',#4663);
#1317=VERTEX_POINT('',#4665);
#1318=VERTEX_POINT('',#4669);
#1319=VERTEX_POINT('',#4671);
#1320=VERTEX_POINT('',#4675);
#1321=VERTEX_POINT('',#4679);
#1322=VERTEX_POINT('',#4683);
#1323=VERTEX_POINT('',#4685);
#1324=VERTEX_POINT('',#4687);
#1325=VERTEX_POINT('',#4689);
#1326=VERTEX_POINT('',#4691);
#1327=VERTEX_POINT('',#4693);
#1328=VERTEX_POINT('',#4695);
#1329=VERTEX_POINT('',#4697);
#1330=VERTEX_POINT('',#4699);
#1331=VERTEX_POINT('',#4701);
#1332=VERTEX_POINT('',#4703);
#1333=VERTEX_POINT('',#4705);
#1334=VERTEX_POINT('',#4709);
#1335=VERTEX_POINT('',#4711);
#1336=VERTEX_POINT('',#4713);
#1337=VERTEX_POINT('',#4715);
#1338=VERTEX_POINT('',#4717);
#1339=VERTEX_POINT('',#4719);
#1340=VERTEX_POINT('',#4721);
#1341=VERTEX_POINT('',#4723);
#1342=VERTEX_POINT('',#4725);
#1343=VERTEX_POINT('',#4727);
#1344=VERTEX_POINT('',#4729);
#1345=VERTEX_POINT('',#4731);
#1346=VERTEX_POINT('',#4735);
#1347=VERTEX_POINT('',#4737);
#1348=VERTEX_POINT('',#4741);
#1349=VERTEX_POINT('',#4745);
#1350=VERTEX_POINT('',#4751);
#1351=VERTEX_POINT('',#4753);
#1352=VERTEX_POINT('',#4755);
#1353=VERTEX_POINT('',#4758);
#1354=VERTEX_POINT('',#4760);
#1355=VERTEX_POINT('',#4763);
#1356=VERTEX_POINT('',#4767);
#1357=VERTEX_POINT('',#4771);
#1358=VERTEX_POINT('',#4778);
#1359=VERTEX_POINT('',#4780);
#1360=VERTEX_POINT('',#4789);
#1361=VERTEX_POINT('',#4790);
#1362=VERTEX_POINT('',#4796);
#1363=VERTEX_POINT('',#4798);
#1364=VERTEX_POINT('',#4801);
#1365=VERTEX_POINT('',#4805);
#1366=VERTEX_POINT('',#4806);
#1367=VERTEX_POINT('',#4811);
#1368=VERTEX_POINT('',#4814);
#1369=VERTEX_POINT('',#4818);
#1370=VERTEX_POINT('',#4819);
#1371=VERTEX_POINT('',#4824);
#1372=VERTEX_POINT('',#4828);
#1373=VERTEX_POINT('',#4830);
#1374=VERTEX_POINT('',#4832);
#1375=VERTEX_POINT('',#4833);
#1376=VERTEX_POINT('',#4835);
#1377=VERTEX_POINT('',#4837);
#1378=VERTEX_POINT('',#4839);
#1379=VERTEX_POINT('',#4841);
#1380=VERTEX_POINT('',#4843);
#1381=VERTEX_POINT('',#4845);
#1382=VERTEX_POINT('',#4848);
#1383=VERTEX_POINT('',#4850);
#1384=VERTEX_POINT('',#4852);
#1385=VERTEX_POINT('',#4854);
#1386=VERTEX_POINT('',#4856);
#1387=VERTEX_POINT('',#4857);
#1388=VERTEX_POINT('',#4859);
#1389=VERTEX_POINT('',#4861);
#1390=VERTEX_POINT('',#4863);
#1391=VERTEX_POINT('',#4865);
#1392=VERTEX_POINT('',#4867);
#1393=VERTEX_POINT('',#4869);
#1394=VERTEX_POINT('',#4872);
#1395=VERTEX_POINT('',#4874);
#1396=VERTEX_POINT('',#4876);
#1397=VERTEX_POINT('',#4880);
#1398=VERTEX_POINT('',#4883);
#1399=VERTEX_POINT('',#4887);
#1400=VERTEX_POINT('',#4890);
#1401=VERTEX_POINT('',#4896);
#1402=VERTEX_POINT('',#4899);
#1403=VERTEX_POINT('',#4903);
#1404=VERTEX_POINT('',#4905);
#1405=VERTEX_POINT('',#4908);
#1406=VERTEX_POINT('',#4912);
#1407=VERTEX_POINT('',#4914);
#1408=VERTEX_POINT('',#4920);
#1409=VERTEX_POINT('',#4924);
#1410=VERTEX_POINT('',#4930);
#1411=VERTEX_POINT('',#4933);
#1412=VERTEX_POINT('',#4935);
#1413=VERTEX_POINT('',#4940);
#1414=VERTEX_POINT('',#4955);
#1415=VERTEX_POINT('',#4960);
#1416=VERTEX_POINT('',#4965);
#1417=VERTEX_POINT('',#4969);
#1418=VERTEX_POINT('',#4973);
#1419=VERTEX_POINT('',#4975);
#1420=VERTEX_POINT('',#4979);
#1421=VERTEX_POINT('',#4983);
#1422=VERTEX_POINT('',#4987);
#1423=VERTEX_POINT('',#4991);
#1424=VERTEX_POINT('',#4995);
#1425=VERTEX_POINT('',#4999);
#1426=VERTEX_POINT('',#5005);
#1427=VERTEX_POINT('',#5009);
#1428=VERTEX_POINT('',#5013);
#1429=VERTEX_POINT('',#5017);
#1430=VERTEX_POINT('',#5021);
#1431=VERTEX_POINT('',#5023);
#1432=VERTEX_POINT('',#5027);
#1433=VERTEX_POINT('',#5031);
#1434=VERTEX_POINT('',#5035);
#1435=VERTEX_POINT('',#5039);
#1436=VERTEX_POINT('',#5043);
#1437=VERTEX_POINT('',#5047);
#1438=VERTEX_POINT('',#5053);
#1439=VERTEX_POINT('',#5057);
#1440=VERTEX_POINT('',#5061);
#1441=EDGE_CURVE('',#1167,#1167,#1071,.T.);
#1442=EDGE_CURVE('',#1168,#1168,#1072,.T.);
#1443=EDGE_CURVE('',#1169,#1170,#1073,.T.);
#1444=EDGE_CURVE('',#1171,#1169,#103,.T.);
#1445=EDGE_CURVE('',#1172,#1171,#104,.T.);
#1446=EDGE_CURVE('',#1173,#1172,#1074,.T.);
#1447=EDGE_CURVE('',#1170,#1173,#105,.T.);
#1448=EDGE_CURVE('',#1174,#1174,#1075,.T.);
#1449=EDGE_CURVE('',#1175,#1169,#106,.T.);
#1450=EDGE_CURVE('',#1176,#1175,#107,.T.);
#1451=EDGE_CURVE('',#1171,#1176,#108,.T.);
#1452=EDGE_CURVE('',#1177,#1170,#109,.T.);
#1453=EDGE_CURVE('',#1175,#1177,#39,.T.);
#1454=EDGE_CURVE('',#1178,#1179,#110,.T.);
#1455=EDGE_CURVE('',#1179,#1180,#15,.T.);
#1456=EDGE_CURVE('',#1180,#1181,#111,.T.);
#1457=EDGE_CURVE('',#1181,#1178,#16,.T.);
#1458=EDGE_CURVE('',#1182,#1183,#112,.T.);
#1459=EDGE_CURVE('',#1183,#1179,#113,.T.);
#1460=EDGE_CURVE('',#1178,#1182,#114,.T.);
#1461=EDGE_CURVE('',#1184,#1185,#115,.T.);
#1462=EDGE_CURVE('',#1185,#1183,#17,.T.);
#1463=EDGE_CURVE('',#1182,#1184,#18,.T.);
#1464=EDGE_CURVE('',#1186,#1187,#116,.T.);
#1465=EDGE_CURVE('',#1187,#1188,#117,.T.);
#1466=EDGE_CURVE('',#1188,#1189,#118,.T.);
#1467=EDGE_CURVE('',#1189,#1186,#119,.T.);
#1468=EDGE_CURVE('',#1186,#1185,#19,.T.);
#1469=EDGE_CURVE('',#1184,#1187,#20,.T.);
#1470=EDGE_CURVE('',#1190,#1191,#120,.T.);
#1471=EDGE_CURVE('',#1191,#1192,#21,.T.);
#1472=EDGE_CURVE('',#1192,#1193,#121,.T.);
#1473=EDGE_CURVE('',#1193,#1190,#22,.T.);
#1474=EDGE_CURVE('',#1194,#1195,#122,.T.);
#1475=EDGE_CURVE('',#1195,#1193,#123,.T.);
#1476=EDGE_CURVE('',#1192,#1194,#124,.T.);
#1477=EDGE_CURVE('',#1196,#1197,#125,.T.);
#1478=EDGE_CURVE('',#1197,#1195,#23,.T.);
#1479=EDGE_CURVE('',#1194,#1196,#24,.T.);
#1480=EDGE_CURVE('',#1190,#1189,#25,.T.);
#1481=EDGE_CURVE('',#1188,#1191,#26,.T.);
#1482=EDGE_CURVE('',#1198,#1199,#126,.T.);
#1483=EDGE_CURVE('',#1199,#1200,#127,.T.);
#1484=EDGE_CURVE('',#1200,#1201,#128,.T.);
#1485=EDGE_CURVE('',#1201,#1198,#129,.T.);
#1486=EDGE_CURVE('',#1200,#1197,#27,.T.);
#1487=EDGE_CURVE('',#1196,#1201,#28,.T.);
#1488=EDGE_CURVE('',#1180,#1199,#29,.T.);
#1489=EDGE_CURVE('',#1198,#1181,#30,.T.);
#1490=EDGE_CURVE('',#1190,#1202,#130,.T.);
#1491=EDGE_CURVE('',#1203,#1202,#131,.T.);
#1492=EDGE_CURVE('',#1203,#1204,#132,.T.);
#1493=EDGE_CURVE('',#1204,#1205,#1076,.T.);
#1494=EDGE_CURVE('',#1205,#1206,#133,.T.);
#1495=EDGE_CURVE('',#1206,#1207,#1077,.T.);
#1496=EDGE_CURVE('',#1207,#1208,#134,.T.);
#1497=EDGE_CURVE('',#1209,#1208,#135,.T.);
#1498=EDGE_CURVE('',#1209,#1210,#136,.T.);
#1499=EDGE_CURVE('',#1210,#1211,#1078,.T.);
#1500=EDGE_CURVE('',#1211,#1212,#137,.T.);
#1501=EDGE_CURVE('',#1212,#1213,#1079,.T.);
#1502=EDGE_CURVE('',#1213,#1214,#138,.T.);
#1503=EDGE_CURVE('',#1215,#1214,#139,.T.);
#1504=EDGE_CURVE('',#1186,#1215,#140,.T.);
#1505=EDGE_CURVE('',#1193,#1216,#141,.T.);
#1506=EDGE_CURVE('',#1202,#1216,#1080,.T.);
#1507=EDGE_CURVE('',#1195,#1217,#142,.T.);
#1508=EDGE_CURVE('',#1216,#1217,#143,.T.);
#1509=EDGE_CURVE('',#1197,#1218,#144,.T.);
#1510=EDGE_CURVE('',#1217,#1218,#1081,.T.);
#1511=EDGE_CURVE('',#1199,#1219,#145,.T.);
#1512=EDGE_CURVE('',#1220,#1219,#146,.T.);
#1513=EDGE_CURVE('',#1220,#1221,#147,.T.);
#1514=EDGE_CURVE('',#1221,#1222,#1082,.T.);
#1515=EDGE_CURVE('',#1222,#1223,#148,.T.);
#1516=EDGE_CURVE('',#1223,#1224,#1083,.T.);
#1517=EDGE_CURVE('',#1224,#1225,#149,.T.);
#1518=EDGE_CURVE('',#1226,#1225,#150,.T.);
#1519=EDGE_CURVE('',#1226,#1227,#151,.T.);
#1520=EDGE_CURVE('',#1227,#1228,#1084,.T.);
#1521=EDGE_CURVE('',#1228,#1229,#152,.T.);
#1522=EDGE_CURVE('',#1229,#1230,#1085,.T.);
#1523=EDGE_CURVE('',#1230,#1231,#153,.T.);
#1524=EDGE_CURVE('',#1218,#1231,#154,.T.);
#1525=EDGE_CURVE('',#1232,#1233,#155,.T.);
#1526=EDGE_CURVE('',#1232,#1234,#156,.T.);
#1527=EDGE_CURVE('',#1234,#1235,#157,.T.);
#1528=EDGE_CURVE('',#1233,#1235,#158,.T.);
#1529=EDGE_CURVE('',#1236,#1232,#159,.T.);
#1530=EDGE_CURVE('',#1236,#1237,#160,.T.);
#1531=EDGE_CURVE('',#1237,#1234,#161,.T.);
#1532=EDGE_CURVE('',#1238,#1236,#162,.T.);
#1533=EDGE_CURVE('',#1238,#1239,#163,.T.);
#1534=EDGE_CURVE('',#1239,#1237,#164,.T.);
#1535=EDGE_CURVE('',#1233,#1238,#165,.T.);
#1536=EDGE_CURVE('',#1235,#1239,#166,.T.);
#1537=EDGE_CURVE('',#1240,#1240,#1086,.T.);
#1538=EDGE_CURVE('',#1241,#1241,#1087,.T.);
#1539=EDGE_CURVE('',#1240,#1242,#167,.T.);
#1540=EDGE_CURVE('',#1242,#1242,#1088,.T.);
#1541=EDGE_CURVE('',#1243,#1243,#1089,.T.);
#1542=EDGE_CURVE('',#1244,#1244,#1090,.T.);
#1543=EDGE_CURVE('',#1243,#1245,#168,.T.);
#1544=EDGE_CURVE('',#1245,#1245,#1091,.T.);
#1545=EDGE_CURVE('',#1246,#1247,#169,.T.);
#1546=EDGE_CURVE('',#1248,#1246,#170,.T.);
#1547=EDGE_CURVE('',#1248,#1249,#171,.T.);
#1548=EDGE_CURVE('',#1249,#1250,#172,.T.);
#1549=EDGE_CURVE('',#1251,#1250,#173,.T.);
#1550=EDGE_CURVE('',#1252,#1251,#174,.T.);
#1551=EDGE_CURVE('',#1253,#1252,#175,.T.);
#1552=EDGE_CURVE('',#1254,#1253,#1092,.T.);
#1553=EDGE_CURVE('',#1255,#1254,#176,.T.);
#1554=EDGE_CURVE('',#1247,#1255,#1093,.T.);
#1555=EDGE_CURVE('',#1256,#1248,#177,.T.);
#1556=EDGE_CURVE('',#1257,#1256,#178,.T.);
#1557=EDGE_CURVE('',#1257,#1249,#179,.T.);
#1558=EDGE_CURVE('',#1251,#1258,#180,.T.);
#1559=EDGE_CURVE('',#1250,#1259,#181,.T.);
#1560=EDGE_CURVE('',#1258,#1259,#182,.T.);
#1561=EDGE_CURVE('',#1259,#1257,#183,.T.);
#1562=EDGE_CURVE('',#1260,#1261,#184,.T.);
#1563=EDGE_CURVE('',#1260,#1262,#185,.T.);
#1564=EDGE_CURVE('',#1262,#1263,#186,.T.);
#1565=EDGE_CURVE('',#1261,#1263,#187,.T.);
#1566=EDGE_CURVE('',#1264,#1265,#188,.T.);
#1567=EDGE_CURVE('',#1266,#1264,#1094,.T.);
#1568=EDGE_CURVE('',#1267,#1266,#189,.T.);
#1569=EDGE_CURVE('',#1268,#1267,#1095,.T.);
#1570=EDGE_CURVE('',#1269,#1268,#190,.T.);
#1571=EDGE_CURVE('',#1270,#1269,#191,.T.);
#1572=EDGE_CURVE('',#1270,#1271,#192,.T.);
#1573=EDGE_CURVE('',#1271,#1262,#193,.T.);
#1574=EDGE_CURVE('',#1265,#1260,#194,.T.);
#1575=EDGE_CURVE('',#1272,#1270,#195,.T.);
#1576=EDGE_CURVE('',#1273,#1272,#196,.T.);
#1577=EDGE_CURVE('',#1273,#1271,#197,.T.);
#1578=EDGE_CURVE('',#1263,#1273,#198,.T.);
#1579=EDGE_CURVE('',#1274,#1275,#199,.T.);
#1580=EDGE_CURVE('',#1276,#1274,#200,.T.);
#1581=EDGE_CURVE('',#1276,#1277,#201,.T.);
#1582=EDGE_CURVE('',#1277,#1278,#202,.T.);
#1583=EDGE_CURVE('',#1279,#1278,#203,.T.);
#1584=EDGE_CURVE('',#1280,#1279,#204,.T.);
#1585=EDGE_CURVE('',#1281,#1280,#205,.T.);
#1586=EDGE_CURVE('',#1282,#1281,#1096,.T.);
#1587=EDGE_CURVE('',#1283,#1282,#206,.T.);
#1588=EDGE_CURVE('',#1275,#1283,#1097,.T.);
#1589=EDGE_CURVE('',#1279,#1284,#207,.T.);
#1590=EDGE_CURVE('',#1278,#1285,#208,.T.);
#1591=EDGE_CURVE('',#1284,#1285,#209,.T.);
#1592=EDGE_CURVE('',#1286,#1276,#210,.T.);
#1593=EDGE_CURVE('',#1287,#1286,#211,.T.);
#1594=EDGE_CURVE('',#1287,#1277,#212,.T.);
#1595=EDGE_CURVE('',#1285,#1287,#213,.T.);
#1596=EDGE_CURVE('',#1288,#1289,#214,.T.);
#1597=EDGE_CURVE('',#1290,#1288,#215,.T.);
#1598=EDGE_CURVE('',#1290,#1291,#216,.T.);
#1599=EDGE_CURVE('',#1291,#1292,#217,.T.);
#1600=EDGE_CURVE('',#1293,#1292,#218,.T.);
#1601=EDGE_CURVE('',#1294,#1293,#219,.T.);
#1602=EDGE_CURVE('',#1295,#1294,#220,.T.);
#1603=EDGE_CURVE('',#1296,#1295,#1098,.T.);
#1604=EDGE_CURVE('',#1297,#1296,#221,.T.);
#1605=EDGE_CURVE('',#1289,#1297,#1099,.T.);
#1606=EDGE_CURVE('',#1293,#1298,#222,.T.);
#1607=EDGE_CURVE('',#1292,#1299,#223,.T.);
#1608=EDGE_CURVE('',#1298,#1299,#224,.T.);
#1609=EDGE_CURVE('',#1300,#1290,#225,.T.);
#1610=EDGE_CURVE('',#1301,#1300,#226,.T.);
#1611=EDGE_CURVE('',#1301,#1291,#227,.T.);
#1612=EDGE_CURVE('',#1299,#1301,#228,.T.);
#1613=EDGE_CURVE('',#1255,#1211,#229,.T.);
#1614=EDGE_CURVE('',#1247,#1210,#230,.T.);
#1615=EDGE_CURVE('',#1254,#1212,#231,.T.);
#1616=EDGE_CURVE('',#1253,#1213,#232,.T.);
#1617=EDGE_CURVE('',#1214,#1252,#233,.T.);
#1618=EDGE_CURVE('',#1208,#1265,#234,.T.);
#1619=EDGE_CURVE('',#1264,#1207,#235,.T.);
#1620=EDGE_CURVE('',#1246,#1209,#236,.T.);
#1621=EDGE_CURVE('',#1261,#1256,#237,.T.);
#1622=EDGE_CURVE('',#1222,#1283,#238,.T.);
#1623=EDGE_CURVE('',#1221,#1275,#239,.T.);
#1624=EDGE_CURVE('',#1258,#1302,#240,.T.);
#1625=EDGE_CURVE('',#1303,#1302,#1100,.T.);
#1626=EDGE_CURVE('',#1303,#1304,#241,.T.);
#1627=EDGE_CURVE('',#1305,#1304,#1101,.T.);
#1628=EDGE_CURVE('',#1305,#1286,#242,.T.);
#1629=EDGE_CURVE('',#1274,#1220,#243,.T.);
#1630=EDGE_CURVE('',#1219,#1306,#1102,.T.);
#1631=EDGE_CURVE('',#1306,#1307,#244,.T.);
#1632=EDGE_CURVE('',#1307,#1215,#1103,.T.);
#1633=EDGE_CURVE('',#1223,#1282,#245,.T.);
#1634=EDGE_CURVE('',#1224,#1281,#246,.T.);
#1635=EDGE_CURVE('',#1225,#1280,#247,.T.);
#1636=EDGE_CURVE('',#1228,#1297,#248,.T.);
#1637=EDGE_CURVE('',#1227,#1289,#249,.T.);
#1638=EDGE_CURVE('',#1284,#1300,#250,.T.);
#1639=EDGE_CURVE('',#1288,#1226,#251,.T.);
#1640=EDGE_CURVE('',#1229,#1296,#252,.T.);
#1641=EDGE_CURVE('',#1230,#1295,#253,.T.);
#1642=EDGE_CURVE('',#1231,#1294,#254,.T.);
#1643=EDGE_CURVE('',#1269,#1203,#255,.T.);
#1644=EDGE_CURVE('',#1298,#1308,#256,.T.);
#1645=EDGE_CURVE('',#1309,#1308,#1104,.T.);
#1646=EDGE_CURVE('',#1309,#1310,#257,.T.);
#1647=EDGE_CURVE('',#1311,#1310,#1105,.T.);
#1648=EDGE_CURVE('',#1311,#1272,#258,.T.);
#1649=EDGE_CURVE('',#1179,#1306,#259,.T.);
#1650=EDGE_CURVE('',#1312,#1312,#1106,.T.);
#1651=EDGE_CURVE('',#1312,#1313,#260,.T.);
#1652=EDGE_CURVE('',#1313,#1313,#1107,.T.);
#1653=EDGE_CURVE('',#1314,#1315,#261,.T.);
#1654=EDGE_CURVE('',#1316,#1314,#262,.T.);
#1655=EDGE_CURVE('',#1317,#1316,#263,.T.);
#1656=EDGE_CURVE('',#1315,#1317,#264,.T.);
#1657=EDGE_CURVE('',#1318,#1316,#1108,.T.);
#1658=EDGE_CURVE('',#1318,#1319,#265,.T.);
#1659=EDGE_CURVE('',#1319,#1317,#266,.T.);
#1660=EDGE_CURVE('',#1315,#1320,#267,.T.);
#1661=EDGE_CURVE('',#1320,#1319,#268,.T.);
#1662=EDGE_CURVE('',#1320,#1321,#269,.T.);
#1663=EDGE_CURVE('',#1321,#1318,#270,.T.);
#1664=EDGE_CURVE('',#1322,#1236,#271,.T.);
#1665=EDGE_CURVE('',#1322,#1323,#40,.T.);
#1666=EDGE_CURVE('',#1323,#1324,#272,.T.);
#1667=EDGE_CURVE('',#1324,#1325,#273,.T.);
#1668=EDGE_CURVE('',#1326,#1325,#274,.T.);
#1669=EDGE_CURVE('',#1326,#1327,#41,.T.);
#1670=EDGE_CURVE('',#1328,#1327,#275,.T.);
#1671=EDGE_CURVE('',#1328,#1329,#42,.T.);
#1672=EDGE_CURVE('',#1329,#1330,#276,.T.);
#1673=EDGE_CURVE('',#1330,#1331,#43,.T.);
#1674=EDGE_CURVE('',#1331,#1332,#277,.T.);
#1675=EDGE_CURVE('',#1332,#1333,#44,.T.);
#1676=EDGE_CURVE('',#1333,#1176,#278,.T.);
#1677=EDGE_CURVE('',#1232,#1177,#279,.T.);
#1678=EDGE_CURVE('',#1321,#1334,#45,.T.);
#1679=EDGE_CURVE('',#1334,#1335,#280,.T.);
#1680=EDGE_CURVE('',#1335,#1336,#281,.T.);
#1681=EDGE_CURVE('',#1336,#1337,#282,.T.);
#1682=EDGE_CURVE('',#1337,#1338,#46,.T.);
#1683=EDGE_CURVE('',#1338,#1339,#283,.T.);
#1684=EDGE_CURVE('',#1339,#1340,#284,.T.);
#1685=EDGE_CURVE('',#1340,#1341,#285,.T.);
#1686=EDGE_CURVE('',#1341,#1342,#47,.T.);
#1687=EDGE_CURVE('',#1342,#1343,#286,.T.);
#1688=EDGE_CURVE('',#1343,#1344,#287,.T.);
#1689=EDGE_CURVE('',#1344,#1345,#288,.T.);
#1690=EDGE_CURVE('',#1345,#1314,#48,.T.);
#1691=EDGE_CURVE('',#1339,#1346,#289,.T.);
#1692=EDGE_CURVE('',#1347,#1346,#290,.T.);
#1693=EDGE_CURVE('',#1340,#1347,#291,.T.);
#1694=EDGE_CURVE('',#1348,#1338,#292,.T.);
#1695=EDGE_CURVE('',#1346,#1348,#293,.T.);
#1696=EDGE_CURVE('',#1349,#1347,#294,.T.);
#1697=EDGE_CURVE('',#1341,#1349,#295,.T.);
#1698=EDGE_CURVE('',#1349,#1348,#1109,.T.);
#1699=EDGE_CURVE('',#1350,#1350,#1110,.T.);
#1700=EDGE_CURVE('',#1350,#1351,#296,.T.);
#1701=EDGE_CURVE('',#1351,#1352,#1111,.T.);
#1702=EDGE_CURVE('',#1352,#1334,#297,.T.);
#1703=EDGE_CURVE('',#1345,#1353,#298,.T.);
#1704=EDGE_CURVE('',#1353,#1354,#1112,.T.);
#1705=EDGE_CURVE('',#1354,#1342,#299,.T.);
#1706=EDGE_CURVE('',#1337,#1355,#300,.T.);
#1707=EDGE_CURVE('',#1355,#1351,#1113,.T.);
#1708=EDGE_CURVE('',#1344,#1356,#301,.T.);
#1709=EDGE_CURVE('',#1353,#1356,#302,.T.);
#1710=EDGE_CURVE('',#1343,#1357,#303,.T.);
#1711=EDGE_CURVE('',#1356,#1357,#304,.T.);
#1712=EDGE_CURVE('',#1357,#1354,#305,.T.);
#1713=EDGE_CURVE('',#1355,#1358,#306,.T.);
#1714=EDGE_CURVE('',#1358,#1359,#307,.T.);
#1715=EDGE_CURVE('',#1359,#1352,#308,.T.);
#1716=EDGE_CURVE('',#1336,#1358,#309,.T.);
#1717=EDGE_CURVE('',#1335,#1359,#310,.T.);
#1718=EDGE_CURVE('',#1360,#1361,#1114,.T.);
#1719=EDGE_CURVE('',#1360,#1309,#311,.T.);
#1720=EDGE_CURVE('',#1308,#1361,#312,.T.);
#1721=EDGE_CURVE('',#1172,#1305,#313,.T.);
#1722=EDGE_CURVE('',#1333,#1362,#314,.T.);
#1723=EDGE_CURVE('',#1362,#1363,#315,.T.);
#1724=EDGE_CURVE('',#1363,#1332,#316,.T.);
#1725=EDGE_CURVE('',#1331,#1364,#317,.T.);
#1726=EDGE_CURVE('',#1364,#1361,#318,.T.);
#1727=EDGE_CURVE('',#1365,#1366,#1115,.T.);
#1728=EDGE_CURVE('',#1365,#1311,#319,.T.);
#1729=EDGE_CURVE('',#1310,#1366,#320,.T.);
#1730=EDGE_CURVE('',#1360,#1367,#321,.T.);
#1731=EDGE_CURVE('',#1367,#1330,#322,.T.);
#1732=EDGE_CURVE('',#1329,#1368,#323,.T.);
#1733=EDGE_CURVE('',#1368,#1366,#324,.T.);
#1734=EDGE_CURVE('',#1369,#1370,#1116,.T.);
#1735=EDGE_CURVE('',#1369,#1303,#325,.T.);
#1736=EDGE_CURVE('',#1302,#1370,#326,.T.);
#1737=EDGE_CURVE('',#1369,#1371,#327,.T.);
#1738=EDGE_CURVE('',#1371,#1322,#328,.T.);
#1739=EDGE_CURVE('',#1304,#1173,#329,.T.);
#1740=EDGE_CURVE('',#1372,#1372,#1117,.T.);
#1741=EDGE_CURVE('',#1373,#1373,#1118,.T.);
#1742=EDGE_CURVE('',#1374,#1375,#330,.T.);
#1743=EDGE_CURVE('',#1375,#1376,#1119,.T.);
#1744=EDGE_CURVE('',#1376,#1377,#331,.T.);
#1745=EDGE_CURVE('',#1377,#1378,#1120,.T.);
#1746=EDGE_CURVE('',#1378,#1379,#332,.T.);
#1747=EDGE_CURVE('',#1379,#1380,#1121,.T.);
#1748=EDGE_CURVE('',#1380,#1381,#333,.T.);
#1749=EDGE_CURVE('',#1381,#1374,#1122,.T.);
#1750=EDGE_CURVE('',#1382,#1382,#1123,.T.);
#1751=EDGE_CURVE('',#1383,#1383,#1124,.T.);
#1752=EDGE_CURVE('',#1384,#1384,#1125,.T.);
#1753=EDGE_CURVE('',#1385,#1385,#1126,.T.);
#1754=EDGE_CURVE('',#1386,#1387,#334,.T.);
#1755=EDGE_CURVE('',#1387,#1388,#1127,.T.);
#1756=EDGE_CURVE('',#1388,#1389,#335,.T.);
#1757=EDGE_CURVE('',#1389,#1390,#1128,.T.);
#1758=EDGE_CURVE('',#1390,#1391,#336,.T.);
#1759=EDGE_CURVE('',#1391,#1392,#1129,.T.);
#1760=EDGE_CURVE('',#1392,#1393,#337,.T.);
#1761=EDGE_CURVE('',#1393,#1386,#1130,.T.);
#1762=EDGE_CURVE('',#1394,#1394,#1131,.T.);
#1763=EDGE_CURVE('',#1395,#1395,#1132,.T.);
#1764=EDGE_CURVE('',#1396,#1396,#1133,.T.);
#1765=EDGE_CURVE('',#1397,#1397,#1134,.T.);
#1766=EDGE_CURVE('',#1397,#1398,#338,.T.);
#1767=EDGE_CURVE('',#1398,#1398,#1135,.T.);
#1768=EDGE_CURVE('',#1399,#1399,#1136,.T.);
#1769=EDGE_CURVE('',#1399,#1400,#339,.T.);
#1770=EDGE_CURVE('',#1400,#1400,#1137,.T.);
#1771=EDGE_CURVE('',#1167,#1174,#340,.T.);
#1772=EDGE_CURVE('',#1401,#1401,#1138,.T.);
#1773=EDGE_CURVE('',#1401,#1402,#341,.T.);
#1774=EDGE_CURVE('',#1402,#1402,#1139,.T.);
#1775=EDGE_CURVE('',#1403,#1403,#1140,.T.);
#1776=EDGE_CURVE('',#1404,#1404,#1141,.T.);
#1777=EDGE_CURVE('',#1403,#1405,#342,.T.);
#1778=EDGE_CURVE('',#1405,#1405,#1142,.T.);
#1779=EDGE_CURVE('',#1323,#1406,#343,.T.);
#1780=EDGE_CURVE('',#1407,#1406,#344,.T.);
#1781=EDGE_CURVE('',#1324,#1407,#345,.T.);
#1782=EDGE_CURVE('',#1406,#1371,#1143,.T.);
#1783=EDGE_CURVE('',#1404,#1408,#346,.T.);
#1784=EDGE_CURVE('',#1408,#1408,#49,.T.);
#1785=EDGE_CURVE('',#1409,#1407,#347,.T.);
#1786=EDGE_CURVE('',#1325,#1409,#348,.T.);
#1787=EDGE_CURVE('',#1409,#1370,#349,.T.);
#1788=EDGE_CURVE('',#1365,#1410,#350,.T.);
#1789=EDGE_CURVE('',#1410,#1328,#351,.T.);
#1790=EDGE_CURVE('',#1327,#1411,#352,.T.);
#1791=EDGE_CURVE('',#1411,#1412,#353,.T.);
#1792=EDGE_CURVE('',#1412,#1326,#354,.T.);
#1793=EDGE_CURVE('',#1168,#1413,#355,.T.);
#1794=EDGE_CURVE('',#1413,#1413,#50,.T.);
#1795=EDGE_CURVE('',#1266,#1206,#356,.T.);
#1796=EDGE_CURVE('',#1267,#1205,#357,.T.);
#1797=EDGE_CURVE('',#1268,#1204,#358,.T.);
#1798=EDGE_CURVE('',#1414,#1414,#1144,.T.);
#1799=EDGE_CURVE('',#1414,#1244,#359,.T.);
#1800=EDGE_CURVE('',#1415,#1415,#1145,.T.);
#1801=EDGE_CURVE('',#1415,#1241,#360,.T.);
#1802=EDGE_CURVE('',#1416,#1416,#1146,.T.);
#1803=EDGE_CURVE('',#1416,#1372,#361,.T.);
#1804=EDGE_CURVE('',#1417,#1417,#1147,.T.);
#1805=EDGE_CURVE('',#1417,#1373,#362,.T.);
#1806=EDGE_CURVE('',#1378,#1418,#363,.T.);
#1807=EDGE_CURVE('',#1419,#1418,#364,.T.);
#1808=EDGE_CURVE('',#1379,#1419,#365,.T.);
#1809=EDGE_CURVE('',#1420,#1419,#1148,.T.);
#1810=EDGE_CURVE('',#1380,#1420,#366,.T.);
#1811=EDGE_CURVE('',#1421,#1420,#367,.T.);
#1812=EDGE_CURVE('',#1421,#1381,#368,.T.);
#1813=EDGE_CURVE('',#1422,#1421,#1149,.T.);
#1814=EDGE_CURVE('',#1374,#1422,#369,.T.);
#1815=EDGE_CURVE('',#1423,#1422,#370,.T.);
#1816=EDGE_CURVE('',#1375,#1423,#371,.T.);
#1817=EDGE_CURVE('',#1424,#1423,#1150,.T.);
#1818=EDGE_CURVE('',#1376,#1424,#372,.T.);
#1819=EDGE_CURVE('',#1425,#1424,#373,.T.);
#1820=EDGE_CURVE('',#1377,#1425,#374,.T.);
#1821=EDGE_CURVE('',#1418,#1425,#1151,.T.);
#1822=EDGE_CURVE('',#1426,#1426,#1152,.T.);
#1823=EDGE_CURVE('',#1426,#1382,#375,.T.);
#1824=EDGE_CURVE('',#1427,#1427,#1153,.T.);
#1825=EDGE_CURVE('',#1427,#1383,#376,.T.);
#1826=EDGE_CURVE('',#1428,#1428,#1154,.T.);
#1827=EDGE_CURVE('',#1428,#1384,#377,.T.);
#1828=EDGE_CURVE('',#1429,#1429,#1155,.T.);
#1829=EDGE_CURVE('',#1429,#1385,#378,.T.);
#1830=EDGE_CURVE('',#1390,#1430,#379,.T.);
#1831=EDGE_CURVE('',#1431,#1430,#380,.T.);
#1832=EDGE_CURVE('',#1391,#1431,#381,.T.);
#1833=EDGE_CURVE('',#1432,#1431,#1156,.T.);
#1834=EDGE_CURVE('',#1392,#1432,#382,.T.);
#1835=EDGE_CURVE('',#1433,#1432,#383,.T.);
#1836=EDGE_CURVE('',#1433,#1393,#384,.T.);
#1837=EDGE_CURVE('',#1434,#1433,#1157,.T.);
#1838=EDGE_CURVE('',#1386,#1434,#385,.T.);
#1839=EDGE_CURVE('',#1435,#1434,#386,.T.);
#1840=EDGE_CURVE('',#1387,#1435,#387,.T.);
#1841=EDGE_CURVE('',#1436,#1435,#1158,.T.);
#1842=EDGE_CURVE('',#1388,#1436,#388,.T.);
#1843=EDGE_CURVE('',#1437,#1436,#389,.T.);
#1844=EDGE_CURVE('',#1389,#1437,#390,.T.);
#1845=EDGE_CURVE('',#1430,#1437,#1159,.T.);
#1846=EDGE_CURVE('',#1438,#1438,#1160,.T.);
#1847=EDGE_CURVE('',#1438,#1394,#391,.T.);
#1848=EDGE_CURVE('',#1439,#1439,#1161,.T.);
#1849=EDGE_CURVE('',#1439,#1395,#392,.T.);
#1850=EDGE_CURVE('',#1440,#1440,#1162,.T.);
#1851=EDGE_CURVE('',#1440,#1396,#393,.T.);
#1852=EDGE_CURVE('',#1364,#1367,#1163,.T.);
#1853=EDGE_CURVE('',#1368,#1410,#1164,.T.);
#1854=EDGE_CURVE('',#1362,#1363,#1165,.T.);
#1855=EDGE_CURVE('',#1411,#1412,#1166,.T.);
#1856=EDGE_CURVE('',#1183,#1307,#394,.T.);
#1857=ORIENTED_EDGE('',*,*,#1441,.F.);
#1858=ORIENTED_EDGE('',*,*,#1442,.F.);
#1859=ORIENTED_EDGE('',*,*,#1443,.F.);
#1860=ORIENTED_EDGE('',*,*,#1444,.F.);
#1861=ORIENTED_EDGE('',*,*,#1445,.F.);
#1862=ORIENTED_EDGE('',*,*,#1446,.F.);
#1863=ORIENTED_EDGE('',*,*,#1447,.F.);
#1864=ORIENTED_EDGE('',*,*,#1448,.F.);
#1865=ORIENTED_EDGE('',*,*,#1444,.T.);
#1866=ORIENTED_EDGE('',*,*,#1449,.F.);
#1867=ORIENTED_EDGE('',*,*,#1450,.F.);
#1868=ORIENTED_EDGE('',*,*,#1451,.F.);
#1869=ORIENTED_EDGE('',*,*,#1443,.T.);
#1870=ORIENTED_EDGE('',*,*,#1452,.F.);
#1871=ORIENTED_EDGE('',*,*,#1453,.F.);
#1872=ORIENTED_EDGE('',*,*,#1449,.T.);
#1873=ORIENTED_EDGE('',*,*,#1454,.T.);
#1874=ORIENTED_EDGE('',*,*,#1455,.T.);
#1875=ORIENTED_EDGE('',*,*,#1456,.T.);
#1876=ORIENTED_EDGE('',*,*,#1457,.T.);
#1877=ORIENTED_EDGE('',*,*,#1458,.T.);
#1878=ORIENTED_EDGE('',*,*,#1459,.T.);
#1879=ORIENTED_EDGE('',*,*,#1454,.F.);
#1880=ORIENTED_EDGE('',*,*,#1460,.T.);
#1881=ORIENTED_EDGE('',*,*,#1461,.T.);
#1882=ORIENTED_EDGE('',*,*,#1462,.T.);
#1883=ORIENTED_EDGE('',*,*,#1458,.F.);
#1884=ORIENTED_EDGE('',*,*,#1463,.T.);
#1885=ORIENTED_EDGE('',*,*,#1464,.T.);
#1886=ORIENTED_EDGE('',*,*,#1465,.T.);
#1887=ORIENTED_EDGE('',*,*,#1466,.T.);
#1888=ORIENTED_EDGE('',*,*,#1467,.T.);
#1889=ORIENTED_EDGE('',*,*,#1464,.F.);
#1890=ORIENTED_EDGE('',*,*,#1468,.T.);
#1891=ORIENTED_EDGE('',*,*,#1461,.F.);
#1892=ORIENTED_EDGE('',*,*,#1469,.T.);
#1893=ORIENTED_EDGE('',*,*,#1470,.T.);
#1894=ORIENTED_EDGE('',*,*,#1471,.T.);
#1895=ORIENTED_EDGE('',*,*,#1472,.T.);
#1896=ORIENTED_EDGE('',*,*,#1473,.T.);
#1897=ORIENTED_EDGE('',*,*,#1474,.T.);
#1898=ORIENTED_EDGE('',*,*,#1475,.T.);
#1899=ORIENTED_EDGE('',*,*,#1472,.F.);
#1900=ORIENTED_EDGE('',*,*,#1476,.T.);
#1901=ORIENTED_EDGE('',*,*,#1477,.T.);
#1902=ORIENTED_EDGE('',*,*,#1478,.T.);
#1903=ORIENTED_EDGE('',*,*,#1474,.F.);
#1904=ORIENTED_EDGE('',*,*,#1479,.T.);
#1905=ORIENTED_EDGE('',*,*,#1470,.F.);
#1906=ORIENTED_EDGE('',*,*,#1480,.T.);
#1907=ORIENTED_EDGE('',*,*,#1466,.F.);
#1908=ORIENTED_EDGE('',*,*,#1481,.T.);
#1909=ORIENTED_EDGE('',*,*,#1482,.T.);
#1910=ORIENTED_EDGE('',*,*,#1483,.T.);
#1911=ORIENTED_EDGE('',*,*,#1484,.T.);
#1912=ORIENTED_EDGE('',*,*,#1485,.T.);
#1913=ORIENTED_EDGE('',*,*,#1484,.F.);
#1914=ORIENTED_EDGE('',*,*,#1486,.T.);
#1915=ORIENTED_EDGE('',*,*,#1477,.F.);
#1916=ORIENTED_EDGE('',*,*,#1487,.T.);
#1917=ORIENTED_EDGE('',*,*,#1456,.F.);
#1918=ORIENTED_EDGE('',*,*,#1488,.T.);
#1919=ORIENTED_EDGE('',*,*,#1482,.F.);
#1920=ORIENTED_EDGE('',*,*,#1489,.T.);
#1921=ORIENTED_EDGE('',*,*,#1467,.F.);
#1922=ORIENTED_EDGE('',*,*,#1480,.F.);
#1923=ORIENTED_EDGE('',*,*,#1490,.T.);
#1924=ORIENTED_EDGE('',*,*,#1491,.F.);
#1925=ORIENTED_EDGE('',*,*,#1492,.T.);
#1926=ORIENTED_EDGE('',*,*,#1493,.T.);
#1927=ORIENTED_EDGE('',*,*,#1494,.T.);
#1928=ORIENTED_EDGE('',*,*,#1495,.T.);
#1929=ORIENTED_EDGE('',*,*,#1496,.T.);
#1930=ORIENTED_EDGE('',*,*,#1497,.F.);
#1931=ORIENTED_EDGE('',*,*,#1498,.T.);
#1932=ORIENTED_EDGE('',*,*,#1499,.T.);
#1933=ORIENTED_EDGE('',*,*,#1500,.T.);
#1934=ORIENTED_EDGE('',*,*,#1501,.T.);
#1935=ORIENTED_EDGE('',*,*,#1502,.T.);
#1936=ORIENTED_EDGE('',*,*,#1503,.F.);
#1937=ORIENTED_EDGE('',*,*,#1504,.F.);
#1938=ORIENTED_EDGE('',*,*,#1473,.F.);
#1939=ORIENTED_EDGE('',*,*,#1505,.T.);
#1940=ORIENTED_EDGE('',*,*,#1506,.F.);
#1941=ORIENTED_EDGE('',*,*,#1490,.F.);
#1942=ORIENTED_EDGE('',*,*,#1475,.F.);
#1943=ORIENTED_EDGE('',*,*,#1507,.T.);
#1944=ORIENTED_EDGE('',*,*,#1508,.F.);
#1945=ORIENTED_EDGE('',*,*,#1505,.F.);
#1946=ORIENTED_EDGE('',*,*,#1478,.F.);
#1947=ORIENTED_EDGE('',*,*,#1509,.T.);
#1948=ORIENTED_EDGE('',*,*,#1510,.F.);
#1949=ORIENTED_EDGE('',*,*,#1507,.F.);
#1950=ORIENTED_EDGE('',*,*,#1486,.F.);
#1951=ORIENTED_EDGE('',*,*,#1483,.F.);
#1952=ORIENTED_EDGE('',*,*,#1511,.T.);
#1953=ORIENTED_EDGE('',*,*,#1512,.F.);
#1954=ORIENTED_EDGE('',*,*,#1513,.T.);
#1955=ORIENTED_EDGE('',*,*,#1514,.T.);
#1956=ORIENTED_EDGE('',*,*,#1515,.T.);
#1957=ORIENTED_EDGE('',*,*,#1516,.T.);
#1958=ORIENTED_EDGE('',*,*,#1517,.T.);
#1959=ORIENTED_EDGE('',*,*,#1518,.F.);
#1960=ORIENTED_EDGE('',*,*,#1519,.T.);
#1961=ORIENTED_EDGE('',*,*,#1520,.T.);
#1962=ORIENTED_EDGE('',*,*,#1521,.T.);
#1963=ORIENTED_EDGE('',*,*,#1522,.T.);
#1964=ORIENTED_EDGE('',*,*,#1523,.T.);
#1965=ORIENTED_EDGE('',*,*,#1524,.F.);
#1966=ORIENTED_EDGE('',*,*,#1509,.F.);
#1967=ORIENTED_EDGE('',*,*,#1485,.F.);
#1968=ORIENTED_EDGE('',*,*,#1487,.F.);
#1969=ORIENTED_EDGE('',*,*,#1479,.F.);
#1970=ORIENTED_EDGE('',*,*,#1476,.F.);
#1971=ORIENTED_EDGE('',*,*,#1471,.F.);
#1972=ORIENTED_EDGE('',*,*,#1481,.F.);
#1973=ORIENTED_EDGE('',*,*,#1465,.F.);
#1974=ORIENTED_EDGE('',*,*,#1469,.F.);
#1975=ORIENTED_EDGE('',*,*,#1463,.F.);
#1976=ORIENTED_EDGE('',*,*,#1460,.F.);
#1977=ORIENTED_EDGE('',*,*,#1457,.F.);
#1978=ORIENTED_EDGE('',*,*,#1489,.F.);
#1979=ORIENTED_EDGE('',*,*,#1525,.F.);
#1980=ORIENTED_EDGE('',*,*,#1526,.T.);
#1981=ORIENTED_EDGE('',*,*,#1527,.T.);
#1982=ORIENTED_EDGE('',*,*,#1528,.F.);
#1983=ORIENTED_EDGE('',*,*,#1529,.F.);
#1984=ORIENTED_EDGE('',*,*,#1530,.T.);
#1985=ORIENTED_EDGE('',*,*,#1531,.T.);
#1986=ORIENTED_EDGE('',*,*,#1526,.F.);
#1987=ORIENTED_EDGE('',*,*,#1532,.F.);
#1988=ORIENTED_EDGE('',*,*,#1533,.T.);
#1989=ORIENTED_EDGE('',*,*,#1534,.T.);
#1990=ORIENTED_EDGE('',*,*,#1530,.F.);
#1991=ORIENTED_EDGE('',*,*,#1535,.F.);
#1992=ORIENTED_EDGE('',*,*,#1528,.T.);
#1993=ORIENTED_EDGE('',*,*,#1536,.T.);
#1994=ORIENTED_EDGE('',*,*,#1533,.F.);
#1995=ORIENTED_EDGE('',*,*,#1536,.F.);
#1996=ORIENTED_EDGE('',*,*,#1527,.F.);
#1997=ORIENTED_EDGE('',*,*,#1531,.F.);
#1998=ORIENTED_EDGE('',*,*,#1534,.F.);
#1999=ORIENTED_EDGE('',*,*,#1537,.T.);
#2000=ORIENTED_EDGE('',*,*,#1538,.F.);
#2001=ORIENTED_EDGE('',*,*,#1537,.F.);
#2002=ORIENTED_EDGE('',*,*,#1539,.T.);
#2003=ORIENTED_EDGE('',*,*,#1540,.F.);
#2004=ORIENTED_EDGE('',*,*,#1539,.F.);
#2005=ORIENTED_EDGE('',*,*,#1541,.T.);
#2006=ORIENTED_EDGE('',*,*,#1542,.F.);
#2007=ORIENTED_EDGE('',*,*,#1541,.F.);
#2008=ORIENTED_EDGE('',*,*,#1543,.T.);
#2009=ORIENTED_EDGE('',*,*,#1544,.F.);
#2010=ORIENTED_EDGE('',*,*,#1543,.F.);
#2011=ORIENTED_EDGE('',*,*,#1545,.F.);
#2012=ORIENTED_EDGE('',*,*,#1546,.F.);
#2013=ORIENTED_EDGE('',*,*,#1547,.T.);
#2014=ORIENTED_EDGE('',*,*,#1548,.T.);
#2015=ORIENTED_EDGE('',*,*,#1549,.F.);
#2016=ORIENTED_EDGE('',*,*,#1550,.F.);
#2017=ORIENTED_EDGE('',*,*,#1551,.F.);
#2018=ORIENTED_EDGE('',*,*,#1552,.F.);
#2019=ORIENTED_EDGE('',*,*,#1553,.F.);
#2020=ORIENTED_EDGE('',*,*,#1554,.F.);
#2021=ORIENTED_EDGE('',*,*,#1555,.F.);
#2022=ORIENTED_EDGE('',*,*,#1556,.F.);
#2023=ORIENTED_EDGE('',*,*,#1557,.T.);
#2024=ORIENTED_EDGE('',*,*,#1547,.F.);
#2025=ORIENTED_EDGE('',*,*,#1558,.F.);
#2026=ORIENTED_EDGE('',*,*,#1549,.T.);
#2027=ORIENTED_EDGE('',*,*,#1559,.T.);
#2028=ORIENTED_EDGE('',*,*,#1560,.F.);
#2029=ORIENTED_EDGE('',*,*,#1559,.F.);
#2030=ORIENTED_EDGE('',*,*,#1548,.F.);
#2031=ORIENTED_EDGE('',*,*,#1557,.F.);
#2032=ORIENTED_EDGE('',*,*,#1561,.F.);
#2033=ORIENTED_EDGE('',*,*,#1562,.F.);
#2034=ORIENTED_EDGE('',*,*,#1563,.T.);
#2035=ORIENTED_EDGE('',*,*,#1564,.T.);
#2036=ORIENTED_EDGE('',*,*,#1565,.F.);
#2037=ORIENTED_EDGE('',*,*,#1566,.F.);
#2038=ORIENTED_EDGE('',*,*,#1567,.F.);
#2039=ORIENTED_EDGE('',*,*,#1568,.F.);
#2040=ORIENTED_EDGE('',*,*,#1569,.F.);
#2041=ORIENTED_EDGE('',*,*,#1570,.F.);
#2042=ORIENTED_EDGE('',*,*,#1571,.F.);
#2043=ORIENTED_EDGE('',*,*,#1572,.T.);
#2044=ORIENTED_EDGE('',*,*,#1573,.T.);
#2045=ORIENTED_EDGE('',*,*,#1563,.F.);
#2046=ORIENTED_EDGE('',*,*,#1574,.F.);
#2047=ORIENTED_EDGE('',*,*,#1575,.F.);
#2048=ORIENTED_EDGE('',*,*,#1576,.F.);
#2049=ORIENTED_EDGE('',*,*,#1577,.T.);
#2050=ORIENTED_EDGE('',*,*,#1572,.F.);
#2051=ORIENTED_EDGE('',*,*,#1578,.F.);
#2052=ORIENTED_EDGE('',*,*,#1564,.F.);
#2053=ORIENTED_EDGE('',*,*,#1573,.F.);
#2054=ORIENTED_EDGE('',*,*,#1577,.F.);
#2055=ORIENTED_EDGE('',*,*,#1579,.F.);
#2056=ORIENTED_EDGE('',*,*,#1580,.F.);
#2057=ORIENTED_EDGE('',*,*,#1581,.T.);
#2058=ORIENTED_EDGE('',*,*,#1582,.T.);
#2059=ORIENTED_EDGE('',*,*,#1583,.F.);
#2060=ORIENTED_EDGE('',*,*,#1584,.F.);
#2061=ORIENTED_EDGE('',*,*,#1585,.F.);
#2062=ORIENTED_EDGE('',*,*,#1586,.F.);
#2063=ORIENTED_EDGE('',*,*,#1587,.F.);
#2064=ORIENTED_EDGE('',*,*,#1588,.F.);
#2065=ORIENTED_EDGE('',*,*,#1589,.F.);
#2066=ORIENTED_EDGE('',*,*,#1583,.T.);
#2067=ORIENTED_EDGE('',*,*,#1590,.T.);
#2068=ORIENTED_EDGE('',*,*,#1591,.F.);
#2069=ORIENTED_EDGE('',*,*,#1592,.F.);
#2070=ORIENTED_EDGE('',*,*,#1593,.F.);
#2071=ORIENTED_EDGE('',*,*,#1594,.T.);
#2072=ORIENTED_EDGE('',*,*,#1581,.F.);
#2073=ORIENTED_EDGE('',*,*,#1595,.F.);
#2074=ORIENTED_EDGE('',*,*,#1590,.F.);
#2075=ORIENTED_EDGE('',*,*,#1582,.F.);
#2076=ORIENTED_EDGE('',*,*,#1594,.F.);
#2077=ORIENTED_EDGE('',*,*,#1596,.F.);
#2078=ORIENTED_EDGE('',*,*,#1597,.F.);
#2079=ORIENTED_EDGE('',*,*,#1598,.T.);
#2080=ORIENTED_EDGE('',*,*,#1599,.T.);
#2081=ORIENTED_EDGE('',*,*,#1600,.F.);
#2082=ORIENTED_EDGE('',*,*,#1601,.F.);
#2083=ORIENTED_EDGE('',*,*,#1602,.F.);
#2084=ORIENTED_EDGE('',*,*,#1603,.F.);
#2085=ORIENTED_EDGE('',*,*,#1604,.F.);
#2086=ORIENTED_EDGE('',*,*,#1605,.F.);
#2087=ORIENTED_EDGE('',*,*,#1606,.F.);
#2088=ORIENTED_EDGE('',*,*,#1600,.T.);
#2089=ORIENTED_EDGE('',*,*,#1607,.T.);
#2090=ORIENTED_EDGE('',*,*,#1608,.F.);
#2091=ORIENTED_EDGE('',*,*,#1609,.F.);
#2092=ORIENTED_EDGE('',*,*,#1610,.F.);
#2093=ORIENTED_EDGE('',*,*,#1611,.T.);
#2094=ORIENTED_EDGE('',*,*,#1598,.F.);
#2095=ORIENTED_EDGE('',*,*,#1612,.F.);
#2096=ORIENTED_EDGE('',*,*,#1607,.F.);
#2097=ORIENTED_EDGE('',*,*,#1599,.F.);
#2098=ORIENTED_EDGE('',*,*,#1611,.F.);
#2099=ORIENTED_EDGE('',*,*,#1554,.T.);
#2100=ORIENTED_EDGE('',*,*,#1613,.T.);
#2101=ORIENTED_EDGE('',*,*,#1499,.F.);
#2102=ORIENTED_EDGE('',*,*,#1614,.F.);
#2103=ORIENTED_EDGE('',*,*,#1553,.T.);
#2104=ORIENTED_EDGE('',*,*,#1615,.T.);
#2105=ORIENTED_EDGE('',*,*,#1500,.F.);
#2106=ORIENTED_EDGE('',*,*,#1613,.F.);
#2107=ORIENTED_EDGE('',*,*,#1552,.T.);
#2108=ORIENTED_EDGE('',*,*,#1616,.T.);
#2109=ORIENTED_EDGE('',*,*,#1501,.F.);
#2110=ORIENTED_EDGE('',*,*,#1615,.F.);
#2111=ORIENTED_EDGE('',*,*,#1551,.T.);
#2112=ORIENTED_EDGE('',*,*,#1617,.F.);
#2113=ORIENTED_EDGE('',*,*,#1502,.F.);
#2114=ORIENTED_EDGE('',*,*,#1616,.F.);
#2115=ORIENTED_EDGE('',*,*,#1566,.T.);
#2116=ORIENTED_EDGE('',*,*,#1618,.F.);
#2117=ORIENTED_EDGE('',*,*,#1496,.F.);
#2118=ORIENTED_EDGE('',*,*,#1619,.F.);
#2119=ORIENTED_EDGE('',*,*,#1555,.T.);
#2120=ORIENTED_EDGE('',*,*,#1546,.T.);
#2121=ORIENTED_EDGE('',*,*,#1620,.T.);
#2122=ORIENTED_EDGE('',*,*,#1497,.T.);
#2123=ORIENTED_EDGE('',*,*,#1618,.T.);
#2124=ORIENTED_EDGE('',*,*,#1574,.T.);
#2125=ORIENTED_EDGE('',*,*,#1562,.T.);
#2126=ORIENTED_EDGE('',*,*,#1621,.T.);
#2127=ORIENTED_EDGE('',*,*,#1588,.T.);
#2128=ORIENTED_EDGE('',*,*,#1622,.F.);
#2129=ORIENTED_EDGE('',*,*,#1514,.F.);
#2130=ORIENTED_EDGE('',*,*,#1623,.T.);
#2131=ORIENTED_EDGE('',*,*,#1550,.T.);
#2132=ORIENTED_EDGE('',*,*,#1558,.T.);
#2133=ORIENTED_EDGE('',*,*,#1624,.T.);
#2134=ORIENTED_EDGE('',*,*,#1625,.F.);
#2135=ORIENTED_EDGE('',*,*,#1626,.T.);
#2136=ORIENTED_EDGE('',*,*,#1627,.F.);
#2137=ORIENTED_EDGE('',*,*,#1628,.T.);
#2138=ORIENTED_EDGE('',*,*,#1592,.T.);
#2139=ORIENTED_EDGE('',*,*,#1580,.T.);
#2140=ORIENTED_EDGE('',*,*,#1629,.T.);
#2141=ORIENTED_EDGE('',*,*,#1512,.T.);
#2142=ORIENTED_EDGE('',*,*,#1630,.T.);
#2143=ORIENTED_EDGE('',*,*,#1631,.T.);
#2144=ORIENTED_EDGE('',*,*,#1632,.T.);
#2145=ORIENTED_EDGE('',*,*,#1503,.T.);
#2146=ORIENTED_EDGE('',*,*,#1617,.T.);
#2147=ORIENTED_EDGE('',*,*,#1587,.T.);
#2148=ORIENTED_EDGE('',*,*,#1633,.F.);
#2149=ORIENTED_EDGE('',*,*,#1515,.F.);
#2150=ORIENTED_EDGE('',*,*,#1622,.T.);
#2151=ORIENTED_EDGE('',*,*,#1586,.T.);
#2152=ORIENTED_EDGE('',*,*,#1634,.F.);
#2153=ORIENTED_EDGE('',*,*,#1516,.F.);
#2154=ORIENTED_EDGE('',*,*,#1633,.T.);
#2155=ORIENTED_EDGE('',*,*,#1585,.T.);
#2156=ORIENTED_EDGE('',*,*,#1635,.F.);
#2157=ORIENTED_EDGE('',*,*,#1517,.F.);
#2158=ORIENTED_EDGE('',*,*,#1634,.T.);
#2159=ORIENTED_EDGE('',*,*,#1605,.T.);
#2160=ORIENTED_EDGE('',*,*,#1636,.F.);
#2161=ORIENTED_EDGE('',*,*,#1520,.F.);
#2162=ORIENTED_EDGE('',*,*,#1637,.T.);
#2163=ORIENTED_EDGE('',*,*,#1584,.T.);
#2164=ORIENTED_EDGE('',*,*,#1589,.T.);
#2165=ORIENTED_EDGE('',*,*,#1638,.T.);
#2166=ORIENTED_EDGE('',*,*,#1609,.T.);
#2167=ORIENTED_EDGE('',*,*,#1597,.T.);
#2168=ORIENTED_EDGE('',*,*,#1639,.T.);
#2169=ORIENTED_EDGE('',*,*,#1518,.T.);
#2170=ORIENTED_EDGE('',*,*,#1635,.T.);
#2171=ORIENTED_EDGE('',*,*,#1604,.T.);
#2172=ORIENTED_EDGE('',*,*,#1640,.F.);
#2173=ORIENTED_EDGE('',*,*,#1521,.F.);
#2174=ORIENTED_EDGE('',*,*,#1636,.T.);
#2175=ORIENTED_EDGE('',*,*,#1603,.T.);
#2176=ORIENTED_EDGE('',*,*,#1641,.F.);
#2177=ORIENTED_EDGE('',*,*,#1522,.F.);
#2178=ORIENTED_EDGE('',*,*,#1640,.T.);
#2179=ORIENTED_EDGE('',*,*,#1602,.T.);
#2180=ORIENTED_EDGE('',*,*,#1642,.F.);
#2181=ORIENTED_EDGE('',*,*,#1523,.F.);
#2182=ORIENTED_EDGE('',*,*,#1641,.T.);
#2183=ORIENTED_EDGE('',*,*,#1575,.T.);
#2184=ORIENTED_EDGE('',*,*,#1571,.T.);
#2185=ORIENTED_EDGE('',*,*,#1643,.T.);
#2186=ORIENTED_EDGE('',*,*,#1491,.T.);
#2187=ORIENTED_EDGE('',*,*,#1506,.T.);
#2188=ORIENTED_EDGE('',*,*,#1508,.T.);
#2189=ORIENTED_EDGE('',*,*,#1510,.T.);
#2190=ORIENTED_EDGE('',*,*,#1524,.T.);
#2191=ORIENTED_EDGE('',*,*,#1642,.T.);
#2192=ORIENTED_EDGE('',*,*,#1601,.T.);
#2193=ORIENTED_EDGE('',*,*,#1606,.T.);
#2194=ORIENTED_EDGE('',*,*,#1644,.T.);
#2195=ORIENTED_EDGE('',*,*,#1645,.F.);
#2196=ORIENTED_EDGE('',*,*,#1646,.T.);
#2197=ORIENTED_EDGE('',*,*,#1647,.F.);
#2198=ORIENTED_EDGE('',*,*,#1648,.T.);
#2199=ORIENTED_EDGE('',*,*,#1455,.F.);
#2200=ORIENTED_EDGE('',*,*,#1649,.T.);
#2201=ORIENTED_EDGE('',*,*,#1630,.F.);
#2202=ORIENTED_EDGE('',*,*,#1511,.F.);
#2203=ORIENTED_EDGE('',*,*,#1488,.F.);
#2204=ORIENTED_EDGE('',*,*,#1650,.T.);
#2205=ORIENTED_EDGE('',*,*,#1650,.F.);
#2206=ORIENTED_EDGE('',*,*,#1651,.T.);
#2207=ORIENTED_EDGE('',*,*,#1652,.F.);
#2208=ORIENTED_EDGE('',*,*,#1651,.F.);
#2209=ORIENTED_EDGE('',*,*,#1653,.F.);
#2210=ORIENTED_EDGE('',*,*,#1654,.F.);
#2211=ORIENTED_EDGE('',*,*,#1655,.F.);
#2212=ORIENTED_EDGE('',*,*,#1656,.F.);
#2213=ORIENTED_EDGE('',*,*,#1657,.F.);
#2214=ORIENTED_EDGE('',*,*,#1658,.T.);
#2215=ORIENTED_EDGE('',*,*,#1659,.T.);
#2216=ORIENTED_EDGE('',*,*,#1655,.T.);
#2217=ORIENTED_EDGE('',*,*,#1660,.F.);
#2218=ORIENTED_EDGE('',*,*,#1656,.T.);
#2219=ORIENTED_EDGE('',*,*,#1659,.F.);
#2220=ORIENTED_EDGE('',*,*,#1661,.F.);
#2221=ORIENTED_EDGE('',*,*,#1662,.F.);
#2222=ORIENTED_EDGE('',*,*,#1661,.T.);
#2223=ORIENTED_EDGE('',*,*,#1658,.F.);
#2224=ORIENTED_EDGE('',*,*,#1663,.F.);
#2225=ORIENTED_EDGE('',*,*,#1532,.T.);
#2226=ORIENTED_EDGE('',*,*,#1664,.F.);
#2227=ORIENTED_EDGE('',*,*,#1665,.T.);
#2228=ORIENTED_EDGE('',*,*,#1666,.T.);
#2229=ORIENTED_EDGE('',*,*,#1667,.T.);
#2230=ORIENTED_EDGE('',*,*,#1668,.F.);
#2231=ORIENTED_EDGE('',*,*,#1669,.T.);
#2232=ORIENTED_EDGE('',*,*,#1670,.F.);
#2233=ORIENTED_EDGE('',*,*,#1671,.T.);
#2234=ORIENTED_EDGE('',*,*,#1672,.T.);
#2235=ORIENTED_EDGE('',*,*,#1673,.T.);
#2236=ORIENTED_EDGE('',*,*,#1674,.T.);
#2237=ORIENTED_EDGE('',*,*,#1675,.T.);
#2238=ORIENTED_EDGE('',*,*,#1676,.T.);
#2239=ORIENTED_EDGE('',*,*,#1450,.T.);
#2240=ORIENTED_EDGE('',*,*,#1453,.T.);
#2241=ORIENTED_EDGE('',*,*,#1677,.F.);
#2242=ORIENTED_EDGE('',*,*,#1525,.T.);
#2243=ORIENTED_EDGE('',*,*,#1535,.T.);
#2244=ORIENTED_EDGE('',*,*,#1653,.T.);
#2245=ORIENTED_EDGE('',*,*,#1660,.T.);
#2246=ORIENTED_EDGE('',*,*,#1662,.T.);
#2247=ORIENTED_EDGE('',*,*,#1678,.T.);
#2248=ORIENTED_EDGE('',*,*,#1679,.T.);
#2249=ORIENTED_EDGE('',*,*,#1680,.T.);
#2250=ORIENTED_EDGE('',*,*,#1681,.T.);
#2251=ORIENTED_EDGE('',*,*,#1682,.T.);
#2252=ORIENTED_EDGE('',*,*,#1683,.T.);
#2253=ORIENTED_EDGE('',*,*,#1684,.T.);
#2254=ORIENTED_EDGE('',*,*,#1685,.T.);
#2255=ORIENTED_EDGE('',*,*,#1686,.T.);
#2256=ORIENTED_EDGE('',*,*,#1687,.T.);
#2257=ORIENTED_EDGE('',*,*,#1688,.T.);
#2258=ORIENTED_EDGE('',*,*,#1689,.T.);
#2259=ORIENTED_EDGE('',*,*,#1690,.T.);
#2260=ORIENTED_EDGE('',*,*,#1684,.F.);
#2261=ORIENTED_EDGE('',*,*,#1691,.T.);
#2262=ORIENTED_EDGE('',*,*,#1692,.F.);
#2263=ORIENTED_EDGE('',*,*,#1693,.F.);
#2264=ORIENTED_EDGE('',*,*,#1683,.F.);
#2265=ORIENTED_EDGE('',*,*,#1694,.F.);
#2266=ORIENTED_EDGE('',*,*,#1695,.F.);
#2267=ORIENTED_EDGE('',*,*,#1691,.F.);
#2268=ORIENTED_EDGE('',*,*,#1685,.F.);
#2269=ORIENTED_EDGE('',*,*,#1693,.T.);
#2270=ORIENTED_EDGE('',*,*,#1696,.F.);
#2271=ORIENTED_EDGE('',*,*,#1697,.F.);
#2272=ORIENTED_EDGE('',*,*,#1698,.F.);
#2273=ORIENTED_EDGE('',*,*,#1696,.T.);
#2274=ORIENTED_EDGE('',*,*,#1692,.T.);
#2275=ORIENTED_EDGE('',*,*,#1695,.T.);
#2276=ORIENTED_EDGE('',*,*,#1699,.F.);
#2277=ORIENTED_EDGE('',*,*,#1700,.T.);
#2278=ORIENTED_EDGE('',*,*,#1701,.T.);
#2279=ORIENTED_EDGE('',*,*,#1702,.T.);
#2280=ORIENTED_EDGE('',*,*,#1678,.F.);
#2281=ORIENTED_EDGE('',*,*,#1663,.T.);
#2282=ORIENTED_EDGE('',*,*,#1657,.T.);
#2283=ORIENTED_EDGE('',*,*,#1654,.T.);
#2284=ORIENTED_EDGE('',*,*,#1690,.F.);
#2285=ORIENTED_EDGE('',*,*,#1703,.T.);
#2286=ORIENTED_EDGE('',*,*,#1704,.T.);
#2287=ORIENTED_EDGE('',*,*,#1705,.T.);
#2288=ORIENTED_EDGE('',*,*,#1686,.F.);
#2289=ORIENTED_EDGE('',*,*,#1697,.T.);
#2290=ORIENTED_EDGE('',*,*,#1698,.T.);
#2291=ORIENTED_EDGE('',*,*,#1694,.T.);
#2292=ORIENTED_EDGE('',*,*,#1682,.F.);
#2293=ORIENTED_EDGE('',*,*,#1706,.T.);
#2294=ORIENTED_EDGE('',*,*,#1707,.T.);
#2295=ORIENTED_EDGE('',*,*,#1700,.F.);
#2296=ORIENTED_EDGE('',*,*,#1703,.F.);
#2297=ORIENTED_EDGE('',*,*,#1689,.F.);
#2298=ORIENTED_EDGE('',*,*,#1708,.T.);
#2299=ORIENTED_EDGE('',*,*,#1709,.F.);
#2300=ORIENTED_EDGE('',*,*,#1688,.F.);
#2301=ORIENTED_EDGE('',*,*,#1710,.T.);
#2302=ORIENTED_EDGE('',*,*,#1711,.F.);
#2303=ORIENTED_EDGE('',*,*,#1708,.F.);
#2304=ORIENTED_EDGE('',*,*,#1705,.F.);
#2305=ORIENTED_EDGE('',*,*,#1712,.F.);
#2306=ORIENTED_EDGE('',*,*,#1710,.F.);
#2307=ORIENTED_EDGE('',*,*,#1687,.F.);
#2308=ORIENTED_EDGE('',*,*,#1704,.F.);
#2309=ORIENTED_EDGE('',*,*,#1709,.T.);
#2310=ORIENTED_EDGE('',*,*,#1711,.T.);
#2311=ORIENTED_EDGE('',*,*,#1712,.T.);
#2312=ORIENTED_EDGE('',*,*,#1707,.F.);
#2313=ORIENTED_EDGE('',*,*,#1713,.T.);
#2314=ORIENTED_EDGE('',*,*,#1714,.T.);
#2315=ORIENTED_EDGE('',*,*,#1715,.T.);
#2316=ORIENTED_EDGE('',*,*,#1701,.F.);
#2317=ORIENTED_EDGE('',*,*,#1706,.F.);
#2318=ORIENTED_EDGE('',*,*,#1681,.F.);
#2319=ORIENTED_EDGE('',*,*,#1716,.T.);
#2320=ORIENTED_EDGE('',*,*,#1713,.F.);
#2321=ORIENTED_EDGE('',*,*,#1680,.F.);
#2322=ORIENTED_EDGE('',*,*,#1717,.T.);
#2323=ORIENTED_EDGE('',*,*,#1714,.F.);
#2324=ORIENTED_EDGE('',*,*,#1716,.F.);
#2325=ORIENTED_EDGE('',*,*,#1702,.F.);
#2326=ORIENTED_EDGE('',*,*,#1715,.F.);
#2327=ORIENTED_EDGE('',*,*,#1717,.F.);
#2328=ORIENTED_EDGE('',*,*,#1679,.F.);
#2329=ORIENTED_EDGE('',*,*,#1718,.F.);
#2330=ORIENTED_EDGE('',*,*,#1719,.T.);
#2331=ORIENTED_EDGE('',*,*,#1645,.T.);
#2332=ORIENTED_EDGE('',*,*,#1720,.T.);
#2333=ORIENTED_EDGE('',*,*,#1593,.T.);
#2334=ORIENTED_EDGE('',*,*,#1628,.F.);
#2335=ORIENTED_EDGE('',*,*,#1721,.F.);
#2336=ORIENTED_EDGE('',*,*,#1445,.T.);
#2337=ORIENTED_EDGE('',*,*,#1451,.T.);
#2338=ORIENTED_EDGE('',*,*,#1676,.F.);
#2339=ORIENTED_EDGE('',*,*,#1722,.T.);
#2340=ORIENTED_EDGE('',*,*,#1723,.T.);
#2341=ORIENTED_EDGE('',*,*,#1724,.T.);
#2342=ORIENTED_EDGE('',*,*,#1674,.F.);
#2343=ORIENTED_EDGE('',*,*,#1725,.T.);
#2344=ORIENTED_EDGE('',*,*,#1726,.T.);
#2345=ORIENTED_EDGE('',*,*,#1720,.F.);
#2346=ORIENTED_EDGE('',*,*,#1644,.F.);
#2347=ORIENTED_EDGE('',*,*,#1608,.T.);
#2348=ORIENTED_EDGE('',*,*,#1612,.T.);
#2349=ORIENTED_EDGE('',*,*,#1610,.T.);
#2350=ORIENTED_EDGE('',*,*,#1638,.F.);
#2351=ORIENTED_EDGE('',*,*,#1591,.T.);
#2352=ORIENTED_EDGE('',*,*,#1595,.T.);
#2353=ORIENTED_EDGE('',*,*,#1727,.F.);
#2354=ORIENTED_EDGE('',*,*,#1728,.T.);
#2355=ORIENTED_EDGE('',*,*,#1647,.T.);
#2356=ORIENTED_EDGE('',*,*,#1729,.T.);
#2357=ORIENTED_EDGE('',*,*,#1719,.F.);
#2358=ORIENTED_EDGE('',*,*,#1730,.T.);
#2359=ORIENTED_EDGE('',*,*,#1731,.T.);
#2360=ORIENTED_EDGE('',*,*,#1672,.F.);
#2361=ORIENTED_EDGE('',*,*,#1732,.T.);
#2362=ORIENTED_EDGE('',*,*,#1733,.T.);
#2363=ORIENTED_EDGE('',*,*,#1729,.F.);
#2364=ORIENTED_EDGE('',*,*,#1646,.F.);
#2365=ORIENTED_EDGE('',*,*,#1734,.F.);
#2366=ORIENTED_EDGE('',*,*,#1735,.T.);
#2367=ORIENTED_EDGE('',*,*,#1625,.T.);
#2368=ORIENTED_EDGE('',*,*,#1736,.T.);
#2369=ORIENTED_EDGE('',*,*,#1735,.F.);
#2370=ORIENTED_EDGE('',*,*,#1737,.T.);
#2371=ORIENTED_EDGE('',*,*,#1738,.T.);
#2372=ORIENTED_EDGE('',*,*,#1664,.T.);
#2373=ORIENTED_EDGE('',*,*,#1529,.T.);
#2374=ORIENTED_EDGE('',*,*,#1677,.T.);
#2375=ORIENTED_EDGE('',*,*,#1452,.T.);
#2376=ORIENTED_EDGE('',*,*,#1447,.T.);
#2377=ORIENTED_EDGE('',*,*,#1739,.F.);
#2378=ORIENTED_EDGE('',*,*,#1626,.F.);
#2379=ORIENTED_EDGE('',*,*,#1740,.T.);
#2380=ORIENTED_EDGE('',*,*,#1741,.T.);
#2381=ORIENTED_EDGE('',*,*,#1742,.T.);
#2382=ORIENTED_EDGE('',*,*,#1743,.T.);
#2383=ORIENTED_EDGE('',*,*,#1744,.T.);
#2384=ORIENTED_EDGE('',*,*,#1745,.T.);
#2385=ORIENTED_EDGE('',*,*,#1746,.T.);
#2386=ORIENTED_EDGE('',*,*,#1747,.T.);
#2387=ORIENTED_EDGE('',*,*,#1748,.T.);
#2388=ORIENTED_EDGE('',*,*,#1749,.T.);
#2389=ORIENTED_EDGE('',*,*,#1750,.T.);
#2390=ORIENTED_EDGE('',*,*,#1751,.T.);
#2391=ORIENTED_EDGE('',*,*,#1752,.T.);
#2392=ORIENTED_EDGE('',*,*,#1753,.T.);
#2393=ORIENTED_EDGE('',*,*,#1754,.T.);
#2394=ORIENTED_EDGE('',*,*,#1755,.T.);
#2395=ORIENTED_EDGE('',*,*,#1756,.T.);
#2396=ORIENTED_EDGE('',*,*,#1757,.T.);
#2397=ORIENTED_EDGE('',*,*,#1758,.T.);
#2398=ORIENTED_EDGE('',*,*,#1759,.T.);
#2399=ORIENTED_EDGE('',*,*,#1760,.T.);
#2400=ORIENTED_EDGE('',*,*,#1761,.T.);
#2401=ORIENTED_EDGE('',*,*,#1762,.T.);
#2402=ORIENTED_EDGE('',*,*,#1763,.T.);
#2403=ORIENTED_EDGE('',*,*,#1764,.T.);
#2404=ORIENTED_EDGE('',*,*,#1721,.T.);
#2405=ORIENTED_EDGE('',*,*,#1627,.T.);
#2406=ORIENTED_EDGE('',*,*,#1739,.T.);
#2407=ORIENTED_EDGE('',*,*,#1446,.T.);
#2408=ORIENTED_EDGE('',*,*,#1765,.T.);
#2409=ORIENTED_EDGE('',*,*,#1652,.T.);
#2410=ORIENTED_EDGE('',*,*,#1765,.F.);
#2411=ORIENTED_EDGE('',*,*,#1766,.T.);
#2412=ORIENTED_EDGE('',*,*,#1767,.F.);
#2413=ORIENTED_EDGE('',*,*,#1766,.F.);
#2414=ORIENTED_EDGE('',*,*,#1768,.T.);
#2415=ORIENTED_EDGE('',*,*,#1768,.F.);
#2416=ORIENTED_EDGE('',*,*,#1769,.T.);
#2417=ORIENTED_EDGE('',*,*,#1770,.F.);
#2418=ORIENTED_EDGE('',*,*,#1769,.F.);
#2419=ORIENTED_EDGE('',*,*,#1441,.T.);
#2420=ORIENTED_EDGE('',*,*,#1771,.T.);
#2421=ORIENTED_EDGE('',*,*,#1448,.T.);
#2422=ORIENTED_EDGE('',*,*,#1771,.F.);
#2423=ORIENTED_EDGE('',*,*,#1772,.T.);
#2424=ORIENTED_EDGE('',*,*,#1772,.F.);
#2425=ORIENTED_EDGE('',*,*,#1773,.T.);
#2426=ORIENTED_EDGE('',*,*,#1774,.F.);
#2427=ORIENTED_EDGE('',*,*,#1773,.F.);
#2428=ORIENTED_EDGE('',*,*,#1775,.T.);
#2429=ORIENTED_EDGE('',*,*,#1776,.F.);
#2430=ORIENTED_EDGE('',*,*,#1775,.F.);
#2431=ORIENTED_EDGE('',*,*,#1777,.T.);
#2432=ORIENTED_EDGE('',*,*,#1778,.F.);
#2433=ORIENTED_EDGE('',*,*,#1777,.F.);
#2434=ORIENTED_EDGE('',*,*,#1666,.F.);
#2435=ORIENTED_EDGE('',*,*,#1779,.T.);
#2436=ORIENTED_EDGE('',*,*,#1780,.F.);
#2437=ORIENTED_EDGE('',*,*,#1781,.F.);
#2438=ORIENTED_EDGE('',*,*,#1665,.F.);
#2439=ORIENTED_EDGE('',*,*,#1738,.F.);
#2440=ORIENTED_EDGE('',*,*,#1782,.F.);
#2441=ORIENTED_EDGE('',*,*,#1779,.F.);
#2442=ORIENTED_EDGE('',*,*,#1776,.T.);
#2443=ORIENTED_EDGE('',*,*,#1783,.T.);
#2444=ORIENTED_EDGE('',*,*,#1784,.F.);
#2445=ORIENTED_EDGE('',*,*,#1783,.F.);
#2446=ORIENTED_EDGE('',*,*,#1667,.F.);
#2447=ORIENTED_EDGE('',*,*,#1781,.T.);
#2448=ORIENTED_EDGE('',*,*,#1785,.F.);
#2449=ORIENTED_EDGE('',*,*,#1786,.F.);
#2450=ORIENTED_EDGE('',*,*,#1782,.T.);
#2451=ORIENTED_EDGE('',*,*,#1737,.F.);
#2452=ORIENTED_EDGE('',*,*,#1734,.T.);
#2453=ORIENTED_EDGE('',*,*,#1787,.F.);
#2454=ORIENTED_EDGE('',*,*,#1785,.T.);
#2455=ORIENTED_EDGE('',*,*,#1780,.T.);
#2456=ORIENTED_EDGE('',*,*,#1778,.T.);
#2457=ORIENTED_EDGE('',*,*,#1556,.T.);
#2458=ORIENTED_EDGE('',*,*,#1621,.F.);
#2459=ORIENTED_EDGE('',*,*,#1565,.T.);
#2460=ORIENTED_EDGE('',*,*,#1578,.T.);
#2461=ORIENTED_EDGE('',*,*,#1576,.T.);
#2462=ORIENTED_EDGE('',*,*,#1648,.F.);
#2463=ORIENTED_EDGE('',*,*,#1728,.F.);
#2464=ORIENTED_EDGE('',*,*,#1788,.T.);
#2465=ORIENTED_EDGE('',*,*,#1789,.T.);
#2466=ORIENTED_EDGE('',*,*,#1670,.T.);
#2467=ORIENTED_EDGE('',*,*,#1790,.T.);
#2468=ORIENTED_EDGE('',*,*,#1791,.T.);
#2469=ORIENTED_EDGE('',*,*,#1792,.T.);
#2470=ORIENTED_EDGE('',*,*,#1668,.T.);
#2471=ORIENTED_EDGE('',*,*,#1786,.T.);
#2472=ORIENTED_EDGE('',*,*,#1787,.T.);
#2473=ORIENTED_EDGE('',*,*,#1736,.F.);
#2474=ORIENTED_EDGE('',*,*,#1624,.F.);
#2475=ORIENTED_EDGE('',*,*,#1560,.T.);
#2476=ORIENTED_EDGE('',*,*,#1561,.T.);
#2477=ORIENTED_EDGE('',*,*,#1784,.T.);
#2478=ORIENTED_EDGE('',*,*,#1442,.T.);
#2479=ORIENTED_EDGE('',*,*,#1793,.T.);
#2480=ORIENTED_EDGE('',*,*,#1794,.F.);
#2481=ORIENTED_EDGE('',*,*,#1793,.F.);
#2482=ORIENTED_EDGE('',*,*,#1794,.T.);
#2483=ORIENTED_EDGE('',*,*,#1579,.T.);
#2484=ORIENTED_EDGE('',*,*,#1623,.F.);
#2485=ORIENTED_EDGE('',*,*,#1513,.F.);
#2486=ORIENTED_EDGE('',*,*,#1629,.F.);
#2487=ORIENTED_EDGE('',*,*,#1545,.T.);
#2488=ORIENTED_EDGE('',*,*,#1614,.T.);
#2489=ORIENTED_EDGE('',*,*,#1498,.F.);
#2490=ORIENTED_EDGE('',*,*,#1620,.F.);
#2491=ORIENTED_EDGE('',*,*,#1596,.T.);
#2492=ORIENTED_EDGE('',*,*,#1637,.F.);
#2493=ORIENTED_EDGE('',*,*,#1519,.F.);
#2494=ORIENTED_EDGE('',*,*,#1639,.F.);
#2495=ORIENTED_EDGE('',*,*,#1567,.T.);
#2496=ORIENTED_EDGE('',*,*,#1619,.T.);
#2497=ORIENTED_EDGE('',*,*,#1495,.F.);
#2498=ORIENTED_EDGE('',*,*,#1795,.F.);
#2499=ORIENTED_EDGE('',*,*,#1568,.T.);
#2500=ORIENTED_EDGE('',*,*,#1795,.T.);
#2501=ORIENTED_EDGE('',*,*,#1494,.F.);
#2502=ORIENTED_EDGE('',*,*,#1796,.F.);
#2503=ORIENTED_EDGE('',*,*,#1570,.T.);
#2504=ORIENTED_EDGE('',*,*,#1797,.T.);
#2505=ORIENTED_EDGE('',*,*,#1492,.F.);
#2506=ORIENTED_EDGE('',*,*,#1643,.F.);
#2507=ORIENTED_EDGE('',*,*,#1569,.T.);
#2508=ORIENTED_EDGE('',*,*,#1796,.T.);
#2509=ORIENTED_EDGE('',*,*,#1493,.F.);
#2510=ORIENTED_EDGE('',*,*,#1797,.F.);
#2511=ORIENTED_EDGE('',*,*,#1798,.T.);
#2512=ORIENTED_EDGE('',*,*,#1798,.F.);
#2513=ORIENTED_EDGE('',*,*,#1799,.T.);
#2514=ORIENTED_EDGE('',*,*,#1542,.T.);
#2515=ORIENTED_EDGE('',*,*,#1799,.F.);
#2516=ORIENTED_EDGE('',*,*,#1800,.T.);
#2517=ORIENTED_EDGE('',*,*,#1800,.F.);
#2518=ORIENTED_EDGE('',*,*,#1801,.T.);
#2519=ORIENTED_EDGE('',*,*,#1538,.T.);
#2520=ORIENTED_EDGE('',*,*,#1801,.F.);
#2521=ORIENTED_EDGE('',*,*,#1802,.F.);
#2522=ORIENTED_EDGE('',*,*,#1803,.T.);
#2523=ORIENTED_EDGE('',*,*,#1740,.F.);
#2524=ORIENTED_EDGE('',*,*,#1803,.F.);
#2525=ORIENTED_EDGE('',*,*,#1804,.F.);
#2526=ORIENTED_EDGE('',*,*,#1805,.T.);
#2527=ORIENTED_EDGE('',*,*,#1741,.F.);
#2528=ORIENTED_EDGE('',*,*,#1805,.F.);
#2529=ORIENTED_EDGE('',*,*,#1746,.F.);
#2530=ORIENTED_EDGE('',*,*,#1806,.T.);
#2531=ORIENTED_EDGE('',*,*,#1807,.F.);
#2532=ORIENTED_EDGE('',*,*,#1808,.F.);
#2533=ORIENTED_EDGE('',*,*,#1747,.F.);
#2534=ORIENTED_EDGE('',*,*,#1808,.T.);
#2535=ORIENTED_EDGE('',*,*,#1809,.F.);
#2536=ORIENTED_EDGE('',*,*,#1810,.F.);
#2537=ORIENTED_EDGE('',*,*,#1748,.F.);
#2538=ORIENTED_EDGE('',*,*,#1810,.T.);
#2539=ORIENTED_EDGE('',*,*,#1811,.F.);
#2540=ORIENTED_EDGE('',*,*,#1812,.T.);
#2541=ORIENTED_EDGE('',*,*,#1749,.F.);
#2542=ORIENTED_EDGE('',*,*,#1812,.F.);
#2543=ORIENTED_EDGE('',*,*,#1813,.F.);
#2544=ORIENTED_EDGE('',*,*,#1814,.F.);
#2545=ORIENTED_EDGE('',*,*,#1742,.F.);
#2546=ORIENTED_EDGE('',*,*,#1814,.T.);
#2547=ORIENTED_EDGE('',*,*,#1815,.F.);
#2548=ORIENTED_EDGE('',*,*,#1816,.F.);
#2549=ORIENTED_EDGE('',*,*,#1743,.F.);
#2550=ORIENTED_EDGE('',*,*,#1816,.T.);
#2551=ORIENTED_EDGE('',*,*,#1817,.F.);
#2552=ORIENTED_EDGE('',*,*,#1818,.F.);
#2553=ORIENTED_EDGE('',*,*,#1744,.F.);
#2554=ORIENTED_EDGE('',*,*,#1818,.T.);
#2555=ORIENTED_EDGE('',*,*,#1819,.F.);
#2556=ORIENTED_EDGE('',*,*,#1820,.F.);
#2557=ORIENTED_EDGE('',*,*,#1745,.F.);
#2558=ORIENTED_EDGE('',*,*,#1820,.T.);
#2559=ORIENTED_EDGE('',*,*,#1821,.F.);
#2560=ORIENTED_EDGE('',*,*,#1806,.F.);
#2561=ORIENTED_EDGE('',*,*,#1822,.F.);
#2562=ORIENTED_EDGE('',*,*,#1823,.T.);
#2563=ORIENTED_EDGE('',*,*,#1750,.F.);
#2564=ORIENTED_EDGE('',*,*,#1823,.F.);
#2565=ORIENTED_EDGE('',*,*,#1824,.F.);
#2566=ORIENTED_EDGE('',*,*,#1825,.T.);
#2567=ORIENTED_EDGE('',*,*,#1751,.F.);
#2568=ORIENTED_EDGE('',*,*,#1825,.F.);
#2569=ORIENTED_EDGE('',*,*,#1826,.F.);
#2570=ORIENTED_EDGE('',*,*,#1827,.T.);
#2571=ORIENTED_EDGE('',*,*,#1752,.F.);
#2572=ORIENTED_EDGE('',*,*,#1827,.F.);
#2573=ORIENTED_EDGE('',*,*,#1828,.F.);
#2574=ORIENTED_EDGE('',*,*,#1829,.T.);
#2575=ORIENTED_EDGE('',*,*,#1753,.F.);
#2576=ORIENTED_EDGE('',*,*,#1829,.F.);
#2577=ORIENTED_EDGE('',*,*,#1758,.F.);
#2578=ORIENTED_EDGE('',*,*,#1830,.T.);
#2579=ORIENTED_EDGE('',*,*,#1831,.F.);
#2580=ORIENTED_EDGE('',*,*,#1832,.F.);
#2581=ORIENTED_EDGE('',*,*,#1759,.F.);
#2582=ORIENTED_EDGE('',*,*,#1832,.T.);
#2583=ORIENTED_EDGE('',*,*,#1833,.F.);
#2584=ORIENTED_EDGE('',*,*,#1834,.F.);
#2585=ORIENTED_EDGE('',*,*,#1760,.F.);
#2586=ORIENTED_EDGE('',*,*,#1834,.T.);
#2587=ORIENTED_EDGE('',*,*,#1835,.F.);
#2588=ORIENTED_EDGE('',*,*,#1836,.T.);
#2589=ORIENTED_EDGE('',*,*,#1761,.F.);
#2590=ORIENTED_EDGE('',*,*,#1836,.F.);
#2591=ORIENTED_EDGE('',*,*,#1837,.F.);
#2592=ORIENTED_EDGE('',*,*,#1838,.F.);
#2593=ORIENTED_EDGE('',*,*,#1754,.F.);
#2594=ORIENTED_EDGE('',*,*,#1838,.T.);
#2595=ORIENTED_EDGE('',*,*,#1839,.F.);
#2596=ORIENTED_EDGE('',*,*,#1840,.F.);
#2597=ORIENTED_EDGE('',*,*,#1755,.F.);
#2598=ORIENTED_EDGE('',*,*,#1840,.T.);
#2599=ORIENTED_EDGE('',*,*,#1841,.F.);
#2600=ORIENTED_EDGE('',*,*,#1842,.F.);
#2601=ORIENTED_EDGE('',*,*,#1756,.F.);
#2602=ORIENTED_EDGE('',*,*,#1842,.T.);
#2603=ORIENTED_EDGE('',*,*,#1843,.F.);
#2604=ORIENTED_EDGE('',*,*,#1844,.F.);
#2605=ORIENTED_EDGE('',*,*,#1757,.F.);
#2606=ORIENTED_EDGE('',*,*,#1844,.T.);
#2607=ORIENTED_EDGE('',*,*,#1845,.F.);
#2608=ORIENTED_EDGE('',*,*,#1830,.F.);
#2609=ORIENTED_EDGE('',*,*,#1846,.F.);
#2610=ORIENTED_EDGE('',*,*,#1847,.T.);
#2611=ORIENTED_EDGE('',*,*,#1762,.F.);
#2612=ORIENTED_EDGE('',*,*,#1847,.F.);
#2613=ORIENTED_EDGE('',*,*,#1848,.F.);
#2614=ORIENTED_EDGE('',*,*,#1849,.T.);
#2615=ORIENTED_EDGE('',*,*,#1763,.F.);
#2616=ORIENTED_EDGE('',*,*,#1849,.F.);
#2617=ORIENTED_EDGE('',*,*,#1850,.F.);
#2618=ORIENTED_EDGE('',*,*,#1851,.T.);
#2619=ORIENTED_EDGE('',*,*,#1764,.F.);
#2620=ORIENTED_EDGE('',*,*,#1851,.F.);
#2621=ORIENTED_EDGE('',*,*,#1725,.F.);
#2622=ORIENTED_EDGE('',*,*,#1673,.F.);
#2623=ORIENTED_EDGE('',*,*,#1731,.F.);
#2624=ORIENTED_EDGE('',*,*,#1852,.F.);
#2625=ORIENTED_EDGE('',*,*,#1718,.T.);
#2626=ORIENTED_EDGE('',*,*,#1726,.F.);
#2627=ORIENTED_EDGE('',*,*,#1852,.T.);
#2628=ORIENTED_EDGE('',*,*,#1730,.F.);
#2629=ORIENTED_EDGE('',*,*,#1770,.T.);
#2630=ORIENTED_EDGE('',*,*,#1732,.F.);
#2631=ORIENTED_EDGE('',*,*,#1671,.F.);
#2632=ORIENTED_EDGE('',*,*,#1789,.F.);
#2633=ORIENTED_EDGE('',*,*,#1853,.F.);
#2634=ORIENTED_EDGE('',*,*,#1727,.T.);
#2635=ORIENTED_EDGE('',*,*,#1733,.F.);
#2636=ORIENTED_EDGE('',*,*,#1853,.T.);
#2637=ORIENTED_EDGE('',*,*,#1788,.F.);
#2638=ORIENTED_EDGE('',*,*,#1774,.T.);
#2639=ORIENTED_EDGE('',*,*,#1675,.F.);
#2640=ORIENTED_EDGE('',*,*,#1724,.F.);
#2641=ORIENTED_EDGE('',*,*,#1854,.F.);
#2642=ORIENTED_EDGE('',*,*,#1722,.F.);
#2643=ORIENTED_EDGE('',*,*,#1854,.T.);
#2644=ORIENTED_EDGE('',*,*,#1723,.F.);
#2645=ORIENTED_EDGE('',*,*,#1540,.T.);
#2646=ORIENTED_EDGE('',*,*,#1669,.F.);
#2647=ORIENTED_EDGE('',*,*,#1792,.F.);
#2648=ORIENTED_EDGE('',*,*,#1855,.F.);
#2649=ORIENTED_EDGE('',*,*,#1790,.F.);
#2650=ORIENTED_EDGE('',*,*,#1855,.T.);
#2651=ORIENTED_EDGE('',*,*,#1791,.F.);
#2652=ORIENTED_EDGE('',*,*,#1544,.T.);
#2653=ORIENTED_EDGE('',*,*,#1699,.T.);
#2654=ORIENTED_EDGE('',*,*,#1767,.T.);
#2655=ORIENTED_EDGE('',*,*,#1459,.F.);
#2656=ORIENTED_EDGE('',*,*,#1856,.T.);
#2657=ORIENTED_EDGE('',*,*,#1631,.F.);
#2658=ORIENTED_EDGE('',*,*,#1649,.F.);
#2659=ORIENTED_EDGE('',*,*,#1802,.T.);
#2660=ORIENTED_EDGE('',*,*,#1804,.T.);
#2661=ORIENTED_EDGE('',*,*,#1815,.T.);
#2662=ORIENTED_EDGE('',*,*,#1813,.T.);
#2663=ORIENTED_EDGE('',*,*,#1811,.T.);
#2664=ORIENTED_EDGE('',*,*,#1809,.T.);
#2665=ORIENTED_EDGE('',*,*,#1807,.T.);
#2666=ORIENTED_EDGE('',*,*,#1821,.T.);
#2667=ORIENTED_EDGE('',*,*,#1819,.T.);
#2668=ORIENTED_EDGE('',*,*,#1817,.T.);
#2669=ORIENTED_EDGE('',*,*,#1822,.T.);
#2670=ORIENTED_EDGE('',*,*,#1824,.T.);
#2671=ORIENTED_EDGE('',*,*,#1826,.T.);
#2672=ORIENTED_EDGE('',*,*,#1828,.T.);
#2673=ORIENTED_EDGE('',*,*,#1839,.T.);
#2674=ORIENTED_EDGE('',*,*,#1837,.T.);
#2675=ORIENTED_EDGE('',*,*,#1835,.T.);
#2676=ORIENTED_EDGE('',*,*,#1833,.T.);
#2677=ORIENTED_EDGE('',*,*,#1831,.T.);
#2678=ORIENTED_EDGE('',*,*,#1845,.T.);
#2679=ORIENTED_EDGE('',*,*,#1843,.T.);
#2680=ORIENTED_EDGE('',*,*,#1841,.T.);
#2681=ORIENTED_EDGE('',*,*,#1846,.T.);
#2682=ORIENTED_EDGE('',*,*,#1848,.T.);
#2683=ORIENTED_EDGE('',*,*,#1850,.T.);
#2684=ORIENTED_EDGE('',*,*,#1468,.F.);
#2685=ORIENTED_EDGE('',*,*,#1504,.T.);
#2686=ORIENTED_EDGE('',*,*,#1632,.F.);
#2687=ORIENTED_EDGE('',*,*,#1856,.F.);
#2688=ORIENTED_EDGE('',*,*,#1462,.F.);
#2689=PLANE('',#2957);
#2690=PLANE('',#2960);
#2691=PLANE('',#2964);
#2692=PLANE('',#2967);
#2693=PLANE('',#2968);
#2694=PLANE('',#2969);
#2695=PLANE('',#2970);
#2696=PLANE('',#2971);
#2697=PLANE('',#2978);
#2698=PLANE('',#2981);
#2699=PLANE('',#2986);
#2700=PLANE('',#2987);
#2701=PLANE('',#2988);
#2702=PLANE('',#2989);
#2703=PLANE('',#2990);
#2704=PLANE('',#2991);
#2705=PLANE('',#2992);
#2706=PLANE('',#2997);
#2707=PLANE('',#3002);
#2708=PLANE('',#3005);
#2709=PLANE('',#3006);
#2710=PLANE('',#3007);
#2711=PLANE('',#3008);
#2712=PLANE('',#3009);
#2713=PLANE('',#3012);
#2714=PLANE('',#3013);
#2715=PLANE('',#3014);
#2716=PLANE('',#3017);
#2717=PLANE('',#3018);
#2718=PLANE('',#3019);
#2719=PLANE('',#3020);
#2720=PLANE('',#3023);
#2721=PLANE('',#3024);
#2722=PLANE('',#3025);
#2723=PLANE('',#3027);
#2724=PLANE('',#3029);
#2725=PLANE('',#3030);
#2726=PLANE('',#3031);
#2727=PLANE('',#3033);
#2728=PLANE('',#3038);
#2729=PLANE('',#3040);
#2730=PLANE('',#3042);
#2731=PLANE('',#3043);
#2732=PLANE('',#3045);
#2733=PLANE('',#3046);
#2734=PLANE('',#3050);
#2735=PLANE('',#3054);
#2736=PLANE('',#3055);
#2737=PLANE('',#3057);
#2738=PLANE('',#3058);
#2739=PLANE('',#3059);
#2740=PLANE('',#3069);
#2741=PLANE('',#3070);
#2742=PLANE('',#3071);
#2743=PLANE('',#3072);
#2744=PLANE('',#3079);
#2745=PLANE('',#3080);
#2746=PLANE('',#3081);
#2747=PLANE('',#3082);
#2748=PLANE('',#3083);
#2749=PLANE('',#3084);
#2750=PLANE('',#3085);
#2751=PLANE('',#3086);
#2752=PLANE('',#3089);
#2753=PLANE('',#3092);
#2754=PLANE('',#3095);
#2755=PLANE('',#3114);
#2756=PLANE('',#3118);
#2757=PLANE('',#3123);
#2758=PLANE('',#3127);
#2759=PLANE('',#3132);
#2760=PLANE('',#3137);
#2761=PLANE('',#3138);
#2762=PLANE('',#3139);
#2763=PLANE('',#3140);
#2764=PLANE('',#3143);
#2765=PLANE('',#3144);
#2766=PLANE('',#3145);
#2767=PLANE('',#3146);
#2768=PLANE('',#3148);
#2769=PLANE('',#3149);
#2770=PLANE('',#3151);
#2771=PLANE('',#3154);
#2772=PLANE('',#3161);
#2773=PLANE('',#3164);
#2774=PLANE('',#3167);
#2775=PLANE('',#3170);
#2776=PLANE('',#3181);
#2777=PLANE('',#3184);
#2778=PLANE('',#3187);
#2779=PLANE('',#3190);
#2780=PLANE('',#3201);
#2781=PLANE('',#3204);
#2782=PLANE('',#3207);
#2783=PLANE('',#3210);
#2784=PLANE('',#3211);
#2785=PLANE('',#3212);
#2786=ADVANCED_FACE('',(#722,#687),#2689,.T.);
#2787=ADVANCED_FACE('',(#723,#688),#2690,.T.);
#2788=ADVANCED_FACE('',(#724),#2691,.T.);
#2789=ADVANCED_FACE('',(#725),#51,.T.);
#2790=ADVANCED_FACE('',(#726),#31,.T.);
#2791=ADVANCED_FACE('',(#727),#2692,.T.);
#2792=ADVANCED_FACE('',(#728),#32,.T.);
#2793=ADVANCED_FACE('',(#729),#2693,.T.);
#2794=ADVANCED_FACE('',(#730),#33,.T.);
#2795=ADVANCED_FACE('',(#731),#34,.T.);
#2796=ADVANCED_FACE('',(#732),#2694,.T.);
#2797=ADVANCED_FACE('',(#733),#35,.T.);
#2798=ADVANCED_FACE('',(#734),#36,.T.);
#2799=ADVANCED_FACE('',(#735),#2695,.T.);
#2800=ADVANCED_FACE('',(#736),#37,.T.);
#2801=ADVANCED_FACE('',(#737),#38,.T.);
#2802=ADVANCED_FACE('',(#738),#2696,.T.);
#2803=ADVANCED_FACE('',(#739),#52,.T.);
#2804=ADVANCED_FACE('',(#740),#2697,.T.);
#2805=ADVANCED_FACE('',(#741),#53,.T.);
#2806=ADVANCED_FACE('',(#742),#2698,.T.);
#2807=ADVANCED_FACE('',(#743),#2699,.F.);
#2808=ADVANCED_FACE('',(#744),#2700,.F.);
#2809=ADVANCED_FACE('',(#745),#2701,.F.);
#2810=ADVANCED_FACE('',(#746),#2702,.F.);
#2811=ADVANCED_FACE('',(#747),#2703,.F.);
#2812=ADVANCED_FACE('',(#748),#2704,.F.);
#2813=ADVANCED_FACE('',(#749,#689),#2705,.T.);
#2814=ADVANCED_FACE('',(#750),#54,.F.);
#2815=ADVANCED_FACE('',(#751,#690),#2706,.T.);
#2816=ADVANCED_FACE('',(#752),#55,.F.);
#2817=ADVANCED_FACE('',(#753),#2707,.F.);
#2818=ADVANCED_FACE('',(#754),#2708,.F.);
#2819=ADVANCED_FACE('',(#755),#2709,.F.);
#2820=ADVANCED_FACE('',(#756),#2710,.F.);
#2821=ADVANCED_FACE('',(#757),#2711,.F.);
#2822=ADVANCED_FACE('',(#758),#2712,.F.);
#2823=ADVANCED_FACE('',(#759),#2713,.F.);
#2824=ADVANCED_FACE('',(#760),#2714,.F.);
#2825=ADVANCED_FACE('',(#761),#2715,.F.);
#2826=ADVANCED_FACE('',(#762),#2716,.F.);
#2827=ADVANCED_FACE('',(#763),#2717,.F.);
#2828=ADVANCED_FACE('',(#764),#2718,.F.);
#2829=ADVANCED_FACE('',(#765),#2719,.F.);
#2830=ADVANCED_FACE('',(#766),#2720,.F.);
#2831=ADVANCED_FACE('',(#767),#2721,.F.);
#2832=ADVANCED_FACE('',(#768),#2722,.F.);
#2833=ADVANCED_FACE('',(#769),#56,.F.);
#2834=ADVANCED_FACE('',(#770),#2723,.F.);
#2835=ADVANCED_FACE('',(#771),#57,.F.);
#2836=ADVANCED_FACE('',(#772),#2724,.F.);
#2837=ADVANCED_FACE('',(#773),#2725,.F.);
#2838=ADVANCED_FACE('',(#774),#2726,.T.);
#2839=ADVANCED_FACE('',(#775),#58,.F.);
#2840=ADVANCED_FACE('',(#776),#2727,.T.);
#2841=ADVANCED_FACE('',(#777),#2728,.F.);
#2842=ADVANCED_FACE('',(#778),#59,.F.);
#2843=ADVANCED_FACE('',(#779),#2729,.F.);
#2844=ADVANCED_FACE('',(#780),#60,.F.);
#2845=ADVANCED_FACE('',(#781),#2730,.T.);
#2846=ADVANCED_FACE('',(#782),#2731,.F.);
#2847=ADVANCED_FACE('',(#783),#61,.F.);
#2848=ADVANCED_FACE('',(#784),#2732,.F.);
#2849=ADVANCED_FACE('',(#785),#2733,.T.);
#2850=ADVANCED_FACE('',(#786),#62,.T.);
#2851=ADVANCED_FACE('',(#787),#2734,.T.);
#2852=ADVANCED_FACE('',(#788),#63,.F.);
#2853=ADVANCED_FACE('',(#789),#2735,.T.);
#2854=ADVANCED_FACE('',(#790),#2736,.T.);
#2855=ADVANCED_FACE('',(#791),#2737,.T.);
#2856=ADVANCED_FACE('',(#792),#2738,.T.);
#2857=ADVANCED_FACE('',(#793,#691),#2739,.F.);
#2858=ADVANCED_FACE('',(#794),#2740,.T.);
#2859=ADVANCED_FACE('',(#795),#2741,.T.);
#2860=ADVANCED_FACE('',(#796),#2742,.T.);
#2861=ADVANCED_FACE('',(#797),#2743,.T.);
#2862=ADVANCED_FACE('',(#798),#64,.T.);
#2863=ADVANCED_FACE('',(#799),#2744,.T.);
#2864=ADVANCED_FACE('',(#800),#2745,.T.);
#2865=ADVANCED_FACE('',(#801),#2746,.T.);
#2866=ADVANCED_FACE('',(#802),#2747,.T.);
#2867=ADVANCED_FACE('',(#803),#2748,.T.);
#2868=ADVANCED_FACE('',(#804),#2749,.T.);
#2869=ADVANCED_FACE('',(#805),#2750,.T.);
#2870=ADVANCED_FACE('',(#806),#2751,.T.);
#2871=ADVANCED_FACE('',(#807),#65,.F.);
#2872=ADVANCED_FACE('',(#808),#2752,.F.);
#2873=ADVANCED_FACE('',(#809),#66,.F.);
#2874=ADVANCED_FACE('',(#810),#2753,.F.);
#2875=ADVANCED_FACE('',(#811),#67,.F.);
#2876=ADVANCED_FACE('',(#812,#692,#693,#694,#695,#696,#697,#698,#699,#700,
#701,#702),#2754,.F.);
#2877=ADVANCED_FACE('',(#813),#68,.F.);
#2878=ADVANCED_FACE('',(#814,#703),#2755,.T.);
#2879=ADVANCED_FACE('',(#815),#69,.F.);
#2880=ADVANCED_FACE('',(#816),#2756,.T.);
#2881=ADVANCED_FACE('',(#817),#70,.F.);
#2882=ADVANCED_FACE('',(#818),#71,.F.);
#2883=ADVANCED_FACE('',(#819),#2757,.T.);
#2884=ADVANCED_FACE('',(#820),#72,.F.);
#2885=ADVANCED_FACE('',(#821,#704),#2758,.T.);
#2886=ADVANCED_FACE('',(#822),#73,.F.);
#2887=ADVANCED_FACE('',(#823),#2759,.T.);
#2888=ADVANCED_FACE('',(#824),#74,.T.);
#2889=ADVANCED_FACE('',(#825),#75,.F.);
#2890=ADVANCED_FACE('',(#826),#2760,.T.);
#2891=ADVANCED_FACE('',(#827,#705),#2761,.T.);
#2892=ADVANCED_FACE('',(#828),#2762,.T.);
#2893=ADVANCED_FACE('',(#829),#2763,.F.);
#2894=ADVANCED_FACE('',(#830),#76,.F.);
#2895=ADVANCED_FACE('',(#831),#2764,.F.);
#2896=ADVANCED_FACE('',(#832),#2765,.F.);
#2897=ADVANCED_FACE('',(#833),#2766,.F.);
#2898=ADVANCED_FACE('',(#834),#2767,.F.);
#2899=ADVANCED_FACE('',(#835),#77,.F.);
#2900=ADVANCED_FACE('',(#836),#2768,.F.);
#2901=ADVANCED_FACE('',(#837),#2769,.F.);
#2902=ADVANCED_FACE('',(#838),#78,.F.);
#2903=ADVANCED_FACE('',(#839),#2770,.T.);
#2904=ADVANCED_FACE('',(#840),#79,.F.);
#2905=ADVANCED_FACE('',(#841),#2771,.T.);
#2906=ADVANCED_FACE('',(#842),#80,.F.);
#2907=ADVANCED_FACE('',(#843),#81,.F.);
#2908=ADVANCED_FACE('',(#844),#82,.F.);
#2909=ADVANCED_FACE('',(#845),#2772,.F.);
#2910=ADVANCED_FACE('',(#846),#83,.F.);
#2911=ADVANCED_FACE('',(#847),#2773,.F.);
#2912=ADVANCED_FACE('',(#848),#84,.F.);
#2913=ADVANCED_FACE('',(#849),#2774,.F.);
#2914=ADVANCED_FACE('',(#850),#85,.F.);
#2915=ADVANCED_FACE('',(#851),#2775,.F.);
#2916=ADVANCED_FACE('',(#852),#86,.F.);
#2917=ADVANCED_FACE('',(#853),#87,.F.);
#2918=ADVANCED_FACE('',(#854),#88,.F.);
#2919=ADVANCED_FACE('',(#855),#89,.F.);
#2920=ADVANCED_FACE('',(#856),#90,.F.);
#2921=ADVANCED_FACE('',(#857),#2776,.F.);
#2922=ADVANCED_FACE('',(#858),#91,.F.);
#2923=ADVANCED_FACE('',(#859),#2777,.F.);
#2924=ADVANCED_FACE('',(#860),#92,.F.);
#2925=ADVANCED_FACE('',(#861),#2778,.F.);
#2926=ADVANCED_FACE('',(#862),#93,.F.);
#2927=ADVANCED_FACE('',(#863),#2779,.F.);
#2928=ADVANCED_FACE('',(#864),#94,.F.);
#2929=ADVANCED_FACE('',(#865),#95,.F.);
#2930=ADVANCED_FACE('',(#866),#96,.F.);
#2931=ADVANCED_FACE('',(#867),#97,.F.);
#2932=ADVANCED_FACE('',(#868),#98,.T.);
#2933=ADVANCED_FACE('',(#869,#706),#2780,.T.);
#2934=ADVANCED_FACE('',(#870),#99,.T.);
#2935=ADVANCED_FACE('',(#871,#707),#2781,.T.);
#2936=ADVANCED_FACE('',(#872),#100,.T.);
#2937=ADVANCED_FACE('',(#873,#708),#2782,.T.);
#2938=ADVANCED_FACE('',(#874),#101,.T.);
#2939=ADVANCED_FACE('',(#875,#709),#2783,.T.);
#2940=ADVANCED_FACE('',(#876,#710),#2784,.T.);
#2941=ADVANCED_FACE('',(#877,#711,#712,#713,#714,#715,#716,#717,#718,#719,
#720,#721),#2785,.T.);
#2942=ADVANCED_FACE('',(#878),#102,.T.);
#2943=CLOSED_SHELL('',(#2786,#2787,#2788,#2789,#2790,#2791,#2792,#2793,
#2794,#2795,#2796,#2797,#2798,#2799,#2800,#2801,#2802,#2803,#2804,#2805,
#2806,#2807,#2808,#2809,#2810,#2811,#2812,#2813,#2814,#2815,#2816,#2817,
#2818,#2819,#2820,#2821,#2822,#2823,#2824,#2825,#2826,#2827,#2828,#2829,
#2830,#2831,#2832,#2833,#2834,#2835,#2836,#2837,#2838,#2839,#2840,#2841,
#2842,#2843,#2844,#2845,#2846,#2847,#2848,#2849,#2850,#2851,#2852,#2853,
#2854,#2855,#2856,#2857,#2858,#2859,#2860,#2861,#2862,#2863,#2864,#2865,
#2866,#2867,#2868,#2869,#2870,#2871,#2872,#2873,#2874,#2875,#2876,#2877,
#2878,#2879,#2880,#2881,#2882,#2883,#2884,#2885,#2886,#2887,#2888,#2889,
#2890,#2891,#2892,#2893,#2894,#2895,#2896,#2897,#2898,#2899,#2900,#2901,
#2902,#2903,#2904,#2905,#2906,#2907,#2908,#2909,#2910,#2911,#2912,#2913,
#2914,#2915,#2916,#2917,#2918,#2919,#2920,#2921,#2922,#2923,#2924,#2925,
#2926,#2927,#2928,#2929,#2930,#2931,#2932,#2933,#2934,#2935,#2936,#2937,
#2938,#2939,#2940,#2941,#2942));
#2944=DERIVED_UNIT_ELEMENT(#2946,1.);
#2945=DERIVED_UNIT_ELEMENT(#5085,-3.);
#2946=(
MASS_UNIT()
NAMED_UNIT(*)
SI_UNIT(.KILO.,.GRAM.)
);
#2947=DERIVED_UNIT((#2944,#2945));
#2948=MEASURE_REPRESENTATION_ITEM('density measure',
POSITIVE_RATIO_MEASURE(1425.),#2947);
#2949=PROPERTY_DEFINITION_REPRESENTATION(#2954,#2951);
#2950=PROPERTY_DEFINITION_REPRESENTATION(#2955,#2952);
#2951=REPRESENTATION('material name',(#2953),#5082);
#2952=REPRESENTATION('density',(#2948),#5082);
#2953=DESCRIPTIVE_REPRESENTATION_ITEM('\X2\4E597F29919B68118102FF0C767D8272\X0\',
'\X2\4E597F29919B68118102FF0C767D8272\X0\');
#2954=PROPERTY_DEFINITION('material property','material name',#5092);
#2955=PROPERTY_DEFINITION('material property','density of part',#5092);
#2956=AXIS2_PLACEMENT_3D('',#4022,#3214,#3215);
#2957=AXIS2_PLACEMENT_3D('',#4023,#3216,#3217);
#2958=AXIS2_PLACEMENT_3D('',#4025,#3218,#3219);
#2959=AXIS2_PLACEMENT_3D('',#4027,#3220,#3221);
#2960=AXIS2_PLACEMENT_3D('',#4028,#3222,#3223);
#2961=AXIS2_PLACEMENT_3D('',#4031,#3224,#3225);
#2962=AXIS2_PLACEMENT_3D('',#4037,#3228,#3229);
#2963=AXIS2_PLACEMENT_3D('',#4040,#3231,#3232);
#2964=AXIS2_PLACEMENT_3D('',#4041,#3233,#3234);
#2965=AXIS2_PLACEMENT_3D('',#4047,#3238,#3239);
#2966=AXIS2_PLACEMENT_3D('',#4050,#3241,#3242);
#2967=AXIS2_PLACEMENT_3D('',#4093,#3245,#3246);
#2968=AXIS2_PLACEMENT_3D('',#4132,#3251,#3252);
#2969=AXIS2_PLACEMENT_3D('',#4207,#3259,#3260);
#2970=AXIS2_PLACEMENT_3D('',#4276,#3265,#3266);
#2971=AXIS2_PLACEMENT_3D('',#4333,#3271,#3272);
#2972=AXIS2_PLACEMENT_3D('',#4341,#3276,#3277);
#2973=AXIS2_PLACEMENT_3D('',#4345,#3279,#3280);
#2974=AXIS2_PLACEMENT_3D('',#4353,#3284,#3285);
#2975=AXIS2_PLACEMENT_3D('',#4357,#3287,#3288);
#2976=AXIS2_PLACEMENT_3D('',#4363,#3292,#3293);
#2977=AXIS2_PLACEMENT_3D('',#4366,#3295,#3296);
#2978=AXIS2_PLACEMENT_3D('',#4367,#3297,#3298);
#2979=AXIS2_PLACEMENT_3D('',#4371,#3301,#3302);
#2980=AXIS2_PLACEMENT_3D('',#4374,#3304,#3305);
#2981=AXIS2_PLACEMENT_3D('',#4375,#3306,#3307);
#2982=AXIS2_PLACEMENT_3D('',#4383,#3311,#3312);
#2983=AXIS2_PLACEMENT_3D('',#4387,#3314,#3315);
#2984=AXIS2_PLACEMENT_3D('',#4395,#3319,#3320);
#2985=AXIS2_PLACEMENT_3D('',#4399,#3322,#3323);
#2986=AXIS2_PLACEMENT_3D('',#4403,#3326,#3327);
#2987=AXIS2_PLACEMENT_3D('',#4404,#3328,#3329);
#2988=AXIS2_PLACEMENT_3D('',#4413,#3334,#3335);
#2989=AXIS2_PLACEMENT_3D('',#4419,#3339,#3340);
#2990=AXIS2_PLACEMENT_3D('',#4425,#3344,#3345);
#2991=AXIS2_PLACEMENT_3D('',#4428,#3348,#3349);
#2992=AXIS2_PLACEMENT_3D('',#4429,#3350,#3351);
#2993=AXIS2_PLACEMENT_3D('',#4431,#3352,#3353);
#2994=AXIS2_PLACEMENT_3D('',#4433,#3354,#3355);
#2995=AXIS2_PLACEMENT_3D('',#4434,#3356,#3357);
#2996=AXIS2_PLACEMENT_3D('',#4437,#3359,#3360);
#2997=AXIS2_PLACEMENT_3D('',#4438,#3361,#3362);
#2998=AXIS2_PLACEMENT_3D('',#4440,#3363,#3364);
#2999=AXIS2_PLACEMENT_3D('',#4442,#3365,#3366);
#3000=AXIS2_PLACEMENT_3D('',#4443,#3367,#3368);
#3001=AXIS2_PLACEMENT_3D('',#4446,#3370,#3371);
#3002=AXIS2_PLACEMENT_3D('',#4447,#3372,#3373);
#3003=AXIS2_PLACEMENT_3D('',#4464,#3381,#3382);
#3004=AXIS2_PLACEMENT_3D('',#4467,#3384,#3385);
#3005=AXIS2_PLACEMENT_3D('',#4468,#3386,#3387);
#3006=AXIS2_PLACEMENT_3D('',#4474,#3391,#3392);
#3007=AXIS2_PLACEMENT_3D('',#4480,#3396,#3397);
#3008=AXIS2_PLACEMENT_3D('',#4482,#3399,#3400);
#3009=AXIS2_PLACEMENT_3D('',#4491,#3405,#3406);
#3010=AXIS2_PLACEMENT_3D('',#4496,#3408,#3409);
#3011=AXIS2_PLACEMENT_3D('',#4500,#3411,#3412);
#3012=AXIS2_PLACEMENT_3D('',#4509,#3418,#3419);
#3013=AXIS2_PLACEMENT_3D('',#4515,#3423,#3424);
#3014=AXIS2_PLACEMENT_3D('',#4517,#3426,#3427);
#3015=AXIS2_PLACEMENT_3D('',#4534,#3435,#3436);
#3016=AXIS2_PLACEMENT_3D('',#4537,#3438,#3439);
#3017=AXIS2_PLACEMENT_3D('',#4538,#3440,#3441);
#3018=AXIS2_PLACEMENT_3D('',#4544,#3445,#3446);
#3019=AXIS2_PLACEMENT_3D('',#4550,#3450,#3451);
#3020=AXIS2_PLACEMENT_3D('',#4552,#3453,#3454);
#3021=AXIS2_PLACEMENT_3D('',#4569,#3462,#3463);
#3022=AXIS2_PLACEMENT_3D('',#4572,#3465,#3466);
#3023=AXIS2_PLACEMENT_3D('',#4573,#3467,#3468);
#3024=AXIS2_PLACEMENT_3D('',#4579,#3472,#3473);
#3025=AXIS2_PLACEMENT_3D('',#4585,#3477,#3478);
#3026=AXIS2_PLACEMENT_3D('',#4587,#3480,#3481);
#3027=AXIS2_PLACEMENT_3D('',#4590,#3484,#3485);
#3028=AXIS2_PLACEMENT_3D('',#4592,#3487,#3488);
#3029=AXIS2_PLACEMENT_3D('',#4594,#3490,#3491);
#3030=AXIS2_PLACEMENT_3D('',#4596,#3493,#3494);
#3031=AXIS2_PLACEMENT_3D('',#4599,#3497,#3498);
#3032=AXIS2_PLACEMENT_3D('',#4602,#3501,#3502);
#3033=AXIS2_PLACEMENT_3D('',#4605,#3505,#3506);
#3034=AXIS2_PLACEMENT_3D('',#4609,#3508,#3509);
#3035=AXIS2_PLACEMENT_3D('',#4613,#3511,#3512);
#3036=AXIS2_PLACEMENT_3D('',#4617,#3515,#3516);
#3037=AXIS2_PLACEMENT_3D('',#4620,#3518,#3519);
#3038=AXIS2_PLACEMENT_3D('',#4621,#3520,#3521);
#3039=AXIS2_PLACEMENT_3D('',#4623,#3523,#3524);
#3040=AXIS2_PLACEMENT_3D('',#4625,#3526,#3527);
#3041=AXIS2_PLACEMENT_3D('',#4627,#3529,#3530);
#3042=AXIS2_PLACEMENT_3D('',#4630,#3533,#3534);
#3043=AXIS2_PLACEMENT_3D('',#4633,#3537,#3538);
#3044=AXIS2_PLACEMENT_3D('',#4635,#3540,#3541);
#3045=AXIS2_PLACEMENT_3D('',#4637,#3543,#3544);
#3046=AXIS2_PLACEMENT_3D('',#4639,#3546,#3547);
#3047=AXIS2_PLACEMENT_3D('',#4644,#3550,#3551);
#3048=AXIS2_PLACEMENT_3D('',#4648,#3553,#3554);
#3049=AXIS2_PLACEMENT_3D('',#4650,#3556,#3557);
#3050=AXIS2_PLACEMENT_3D('',#4652,#3559,#3560);
#3051=AXIS2_PLACEMENT_3D('',#4654,#3561,#3562);
#3052=AXIS2_PLACEMENT_3D('',#4655,#3563,#3564);
#3053=AXIS2_PLACEMENT_3D('',#4658,#3566,#3567);
#3054=AXIS2_PLACEMENT_3D('',#4659,#3568,#3569);
#3055=AXIS2_PLACEMENT_3D('',#4668,#3574,#3575);
#3056=AXIS2_PLACEMENT_3D('',#4670,#3576,#3577);
#3057=AXIS2_PLACEMENT_3D('',#4674,#3580,#3581);
#3058=AXIS2_PLACEMENT_3D('',#4678,#3584,#3585);
#3059=AXIS2_PLACEMENT_3D('',#4682,#3588,#3589);
#3060=AXIS2_PLACEMENT_3D('',#4686,#3591,#3592);
#3061=AXIS2_PLACEMENT_3D('',#4694,#3596,#3597);
#3062=AXIS2_PLACEMENT_3D('',#4698,#3599,#3600);
#3063=AXIS2_PLACEMENT_3D('',#4702,#3602,#3603);
#3064=AXIS2_PLACEMENT_3D('',#4706,#3605,#3606);
#3065=AXIS2_PLACEMENT_3D('',#4710,#3609,#3610);
#3066=AXIS2_PLACEMENT_3D('',#4718,#3614,#3615);
#3067=AXIS2_PLACEMENT_3D('',#4726,#3619,#3620);
#3068=AXIS2_PLACEMENT_3D('',#4733,#3624,#3625);
#3069=AXIS2_PLACEMENT_3D('',#4734,#3626,#3627);
#3070=AXIS2_PLACEMENT_3D('',#4740,#3631,#3632);
#3071=AXIS2_PLACEMENT_3D('',#4744,#3635,#3636);
#3072=AXIS2_PLACEMENT_3D('',#4748,#3639,#3640);
#3073=AXIS2_PLACEMENT_3D('',#4749,#3641,#3642);
#3074=AXIS2_PLACEMENT_3D('',#4750,#3643,#3644);
#3075=AXIS2_PLACEMENT_3D('',#4752,#3645,#3646);
#3076=AXIS2_PLACEMENT_3D('',#4756,#3648,#3649);
#3077=AXIS2_PLACEMENT_3D('',#4761,#3652,#3653);
#3078=AXIS2_PLACEMENT_3D('',#4765,#3656,#3657);
#3079=AXIS2_PLACEMENT_3D('',#4766,#3658,#3659);
#3080=AXIS2_PLACEMENT_3D('',#4770,#3662,#3663);
#3081=AXIS2_PLACEMENT_3D('',#4774,#3666,#3667);
#3082=AXIS2_PLACEMENT_3D('',#4776,#3669,#3670);
#3083=AXIS2_PLACEMENT_3D('',#4777,#3671,#3672);
#3084=AXIS2_PLACEMENT_3D('',#4783,#3676,#3677);
#3085=AXIS2_PLACEMENT_3D('',#4785,#3679,#3680);
#3086=AXIS2_PLACEMENT_3D('',#4787,#3682,#3683);
#3087=AXIS2_PLACEMENT_3D('',#4788,#3684,#3685);
#3088=AXIS2_PLACEMENT_3D('',#4791,#3686,#3687);
#3089=AXIS2_PLACEMENT_3D('',#4794,#3690,#3691);
#3090=AXIS2_PLACEMENT_3D('',#4804,#3698,#3699);
#3091=AXIS2_PLACEMENT_3D('',#4807,#3700,#3701);
#3092=AXIS2_PLACEMENT_3D('',#4810,#3704,#3705);
#3093=AXIS2_PLACEMENT_3D('',#4817,#3710,#3711);
#3094=AXIS2_PLACEMENT_3D('',#4820,#3712,#3713);
#3095=AXIS2_PLACEMENT_3D('',#4823,#3716,#3717);
#3096=AXIS2_PLACEMENT_3D('',#4829,#3721,#3722);
#3097=AXIS2_PLACEMENT_3D('',#4831,#3723,#3724);
#3098=AXIS2_PLACEMENT_3D('',#4836,#3726,#3727);
#3099=AXIS2_PLACEMENT_3D('',#4840,#3729,#3730);
#3100=AXIS2_PLACEMENT_3D('',#4844,#3732,#3733);
#3101=AXIS2_PLACEMENT_3D('',#4847,#3735,#3736);
#3102=AXIS2_PLACEMENT_3D('',#4849,#3737,#3738);
#3103=AXIS2_PLACEMENT_3D('',#4851,#3739,#3740);
#3104=AXIS2_PLACEMENT_3D('',#4853,#3741,#3742);
#3105=AXIS2_PLACEMENT_3D('',#4855,#3743,#3744);
#3106=AXIS2_PLACEMENT_3D('',#4860,#3746,#3747);
#3107=AXIS2_PLACEMENT_3D('',#4864,#3749,#3750);
#3108=AXIS2_PLACEMENT_3D('',#4868,#3752,#3753);
#3109=AXIS2_PLACEMENT_3D('',#4871,#3755,#3756);
#3110=AXIS2_PLACEMENT_3D('',#4873,#3757,#3758);
#3111=AXIS2_PLACEMENT_3D('',#4875,#3759,#3760);
#3112=AXIS2_PLACEMENT_3D('',#4877,#3761,#3762);
#3113=AXIS2_PLACEMENT_3D('',#4878,#3763,#3764);
#3114=AXIS2_PLACEMENT_3D('',#4879,#3765,#3766);
#3115=AXIS2_PLACEMENT_3D('',#4881,#3767,#3768);
#3116=AXIS2_PLACEMENT_3D('',#4882,#3769,#3770);
#3117=AXIS2_PLACEMENT_3D('',#4885,#3772,#3773);
#3118=AXIS2_PLACEMENT_3D('',#4886,#3774,#3775);
#3119=AXIS2_PLACEMENT_3D('',#4888,#3776,#3777);
#3120=AXIS2_PLACEMENT_3D('',#4889,#3778,#3779);
#3121=AXIS2_PLACEMENT_3D('',#4892,#3781,#3782);
#3122=AXIS2_PLACEMENT_3D('',#4893,#3783,#3784);
#3123=AXIS2_PLACEMENT_3D('',#4895,#3786,#3787);
#3124=AXIS2_PLACEMENT_3D('',#4897,#3788,#3789);
#3125=AXIS2_PLACEMENT_3D('',#4898,#3790,#3791);
#3126=AXIS2_PLACEMENT_3D('',#4901,#3793,#3794);
#3127=AXIS2_PLACEMENT_3D('',#4902,#3795,#3796);
#3128=AXIS2_PLACEMENT_3D('',#4904,#3797,#3798);
#3129=AXIS2_PLACEMENT_3D('',#4906,#3799,#3800);
#3130=AXIS2_PLACEMENT_3D('',#4907,#3801,#3802);
#3131=AXIS2_PLACEMENT_3D('',#4910,#3804,#3805);
#3132=AXIS2_PLACEMENT_3D('',#4911,#3806,#3807);
#3133=AXIS2_PLACEMENT_3D('',#4917,#3811,#3812);
#3134=AXIS2_PLACEMENT_3D('',#4918,#3813,#3814);
#3135=AXIS2_PLACEMENT_3D('',#4919,#3815,#3816);
#3136=AXIS2_PLACEMENT_3D('',#4922,#3818,#3819);
#3137=AXIS2_PLACEMENT_3D('',#4923,#3820,#3821);
#3138=AXIS2_PLACEMENT_3D('',#4927,#3824,#3825);
#3139=AXIS2_PLACEMENT_3D('',#4929,#3827,#3828);
#3140=AXIS2_PLACEMENT_3D('',#4938,#3834,#3835);
#3141=AXIS2_PLACEMENT_3D('',#4939,#3836,#3837);
#3142=AXIS2_PLACEMENT_3D('',#4942,#3839,#3840);
#3143=AXIS2_PLACEMENT_3D('',#4943,#3841,#3842);
#3144=AXIS2_PLACEMENT_3D('',#4944,#3843,#3844);
#3145=AXIS2_PLACEMENT_3D('',#4945,#3845,#3846);
#3146=AXIS2_PLACEMENT_3D('',#4946,#3847,#3848);
#3147=AXIS2_PLACEMENT_3D('',#4947,#3849,#3850);
#3148=AXIS2_PLACEMENT_3D('',#4949,#3852,#3853);
#3149=AXIS2_PLACEMENT_3D('',#4951,#3855,#3856);
#3150=AXIS2_PLACEMENT_3D('',#4953,#3858,#3859);
#3151=AXIS2_PLACEMENT_3D('',#4954,#3860,#3861);
#3152=AXIS2_PLACEMENT_3D('',#4956,#3862,#3863);
#3153=AXIS2_PLACEMENT_3D('',#4957,#3864,#3865);
#3154=AXIS2_PLACEMENT_3D('',#4959,#3867,#3868);
#3155=AXIS2_PLACEMENT_3D('',#4961,#3869,#3870);
#3156=AXIS2_PLACEMENT_3D('',#4962,#3871,#3872);
#3157=AXIS2_PLACEMENT_3D('',#4964,#3874,#3875);
#3158=AXIS2_PLACEMENT_3D('',#4966,#3876,#3877);
#3159=AXIS2_PLACEMENT_3D('',#4968,#3879,#3880);
#3160=AXIS2_PLACEMENT_3D('',#4970,#3881,#3882);
#3161=AXIS2_PLACEMENT_3D('',#4972,#3884,#3885);
#3162=AXIS2_PLACEMENT_3D('',#4978,#3889,#3890);
#3163=AXIS2_PLACEMENT_3D('',#4980,#3891,#3892);
#3164=AXIS2_PLACEMENT_3D('',#4982,#3894,#3895);
#3165=AXIS2_PLACEMENT_3D('',#4986,#3898,#3899);
#3166=AXIS2_PLACEMENT_3D('',#4988,#3900,#3901);
#3167=AXIS2_PLACEMENT_3D('',#4990,#3903,#3904);
#3168=AXIS2_PLACEMENT_3D('',#4994,#3907,#3908);
#3169=AXIS2_PLACEMENT_3D('',#4996,#3909,#3910);
#3170=AXIS2_PLACEMENT_3D('',#4998,#3912,#3913);
#3171=AXIS2_PLACEMENT_3D('',#5002,#3916,#3917);
#3172=AXIS2_PLACEMENT_3D('',#5003,#3918,#3919);
#3173=AXIS2_PLACEMENT_3D('',#5004,#3920,#3921);
#3174=AXIS2_PLACEMENT_3D('',#5006,#3922,#3923);
#3175=AXIS2_PLACEMENT_3D('',#5008,#3925,#3926);
#3176=AXIS2_PLACEMENT_3D('',#5010,#3927,#3928);
#3177=AXIS2_PLACEMENT_3D('',#5012,#3930,#3931);
#3178=AXIS2_PLACEMENT_3D('',#5014,#3932,#3933);
#3179=AXIS2_PLACEMENT_3D('',#5016,#3935,#3936);
#3180=AXIS2_PLACEMENT_3D('',#5018,#3937,#3938);
#3181=AXIS2_PLACEMENT_3D('',#5020,#3940,#3941);
#3182=AXIS2_PLACEMENT_3D('',#5026,#3945,#3946);
#3183=AXIS2_PLACEMENT_3D('',#5028,#3947,#3948);
#3184=AXIS2_PLACEMENT_3D('',#5030,#3950,#3951);
#3185=AXIS2_PLACEMENT_3D('',#5034,#3954,#3955);
#3186=AXIS2_PLACEMENT_3D('',#5036,#3956,#3957);
#3187=AXIS2_PLACEMENT_3D('',#5038,#3959,#3960);
#3188=AXIS2_PLACEMENT_3D('',#5042,#3963,#3964);
#3189=AXIS2_PLACEMENT_3D('',#5044,#3965,#3966);
#3190=AXIS2_PLACEMENT_3D('',#5046,#3968,#3969);
#3191=AXIS2_PLACEMENT_3D('',#5050,#3972,#3973);
#3192=AXIS2_PLACEMENT_3D('',#5051,#3974,#3975);
#3193=AXIS2_PLACEMENT_3D('',#5052,#3976,#3977);
#3194=AXIS2_PLACEMENT_3D('',#5054,#3978,#3979);
#3195=AXIS2_PLACEMENT_3D('',#5056,#3981,#3982);
#3196=AXIS2_PLACEMENT_3D('',#5058,#3983,#3984);
#3197=AXIS2_PLACEMENT_3D('',#5060,#3986,#3987);
#3198=AXIS2_PLACEMENT_3D('',#5062,#3988,#3989);
#3199=AXIS2_PLACEMENT_3D('',#5064,#3991,#3992);
#3200=AXIS2_PLACEMENT_3D('',#5065,#3993,#3994);
#3201=AXIS2_PLACEMENT_3D('',#5066,#3995,#3996);
#3202=AXIS2_PLACEMENT_3D('',#5067,#3997,#3998);
#3203=AXIS2_PLACEMENT_3D('',#5068,#3999,#4000);
#3204=AXIS2_PLACEMENT_3D('',#5069,#4001,#4002);
#3205=AXIS2_PLACEMENT_3D('',#5070,#4003,#4004);
#3206=AXIS2_PLACEMENT_3D('',#5071,#4005,#4006);
#3207=AXIS2_PLACEMENT_3D('',#5072,#4007,#4008);
#3208=AXIS2_PLACEMENT_3D('',#5073,#4009,#4010);
#3209=AXIS2_PLACEMENT_3D('',#5074,#4011,#4012);
#3210=AXIS2_PLACEMENT_3D('',#5075,#4013,#4014);
#3211=AXIS2_PLACEMENT_3D('',#5076,#4015,#4016);
#3212=AXIS2_PLACEMENT_3D('',#5077,#4017,#4018);
#3213=AXIS2_PLACEMENT_3D('',#5079,#4020,#4021);
#3214=DIRECTION('axis',(0.,0.,1.));
#3215=DIRECTION('refdir',(1.,0.,0.));
#3216=DIRECTION('center_axis',(0.,1.,0.));
#3217=DIRECTION('ref_axis',(1.,0.,0.));
#3218=DIRECTION('center_axis',(0.,-1.,0.));
#3219=DIRECTION('ref_axis',(1.,0.,0.));
#3220=DIRECTION('center_axis',(0.,1.,0.));
#3221=DIRECTION('ref_axis',(1.,0.,0.));
#3222=DIRECTION('center_axis',(0.,1.,0.));
#3223=DIRECTION('ref_axis',(1.,0.,0.));
#3224=DIRECTION('center_axis',(0.,-1.,0.));
#3225=DIRECTION('ref_axis',(1.,0.,0.));
#3226=DIRECTION('',(1.,0.,0.));
#3227=DIRECTION('',(0.,0.,-1.));
#3228=DIRECTION('center_axis',(0.,-1.,0.));
#3229=DIRECTION('ref_axis',(-1.,0.,0.));
#3230=DIRECTION('',(-1.,0.,0.));
#3231=DIRECTION('center_axis',(0.,1.,0.));
#3232=DIRECTION('ref_axis',(1.,0.,0.));
#3233=DIRECTION('center_axis',(0.,0.,-1.));
#3234=DIRECTION('ref_axis',(-1.,0.,0.));
#3235=DIRECTION('',(0.,1.,0.));
#3236=DIRECTION('',(1.,0.,0.));
#3237=DIRECTION('',(0.,-1.,0.));
#3238=DIRECTION('center_axis',(0.,1.,0.));
#3239=DIRECTION('ref_axis',(1.,0.,0.));
#3240=DIRECTION('',(0.,1.,0.));
#3241=DIRECTION('center_axis',(0.,-0.997564050259824,-0.0697564737441234));
#3242=DIRECTION('ref_axis',(0.,0.0697564737441233,-0.997564050259824));
#3243=DIRECTION('',(0.,0.681998360062498,0.731353701619171));
#3244=DIRECTION('',(0.706819954660979,-0.705670316421093,-0.0493452755104925));
#3245=DIRECTION('center_axis',(0.,-0.73135370161917,0.681998360062499));
#3246=DIRECTION('ref_axis',(1.,0.,0.));
#3247=DIRECTION('',(-1.62789691242574E-15,0.681998360062499,0.73135370161917));
#3248=DIRECTION('',(-1.,0.,0.));
#3249=DIRECTION('',(1.,0.,0.));
#3250=DIRECTION('',(0.706819954660979,0.705670316421093,0.0493452755104957));
#3251=DIRECTION('center_axis',(0.707106781186547,-0.70538430460664,-0.049325275616132));
#3252=DIRECTION('ref_axis',(-0.0695873743166642,0.,-0.997575860441557));
#3253=DIRECTION('',(-0.707106781186548,-0.705384304606639,-0.0493252756161319));
#3254=DIRECTION('',(0.,0.0697564737441247,-0.997564050259824));
#3255=DIRECTION('',(0.707106781186548,0.705384304606639,0.049325275616132));
#3256=DIRECTION('',(0.,-0.0697564737441247,0.997564050259824));
#3257=DIRECTION('',(-0.707203190611187,-0.70624253603522,-0.0329412732586118));
#3258=DIRECTION('',(0.,0.731353701619169,-0.6819983600625));
#3259=DIRECTION('center_axis',(0.,-0.681998360062498,-0.731353701619171));
#3260=DIRECTION('ref_axis',(-1.,0.,0.));
#3261=DIRECTION('',(0.,0.731353701619171,-0.681998360062498));
#3262=DIRECTION('',(1.,0.,0.));
#3263=DIRECTION('',(-1.,0.,0.));
#3264=DIRECTION('',(-0.707203190611187,0.70624253603522,0.0329412732586086));
#3265=DIRECTION('center_axis',(-0.707106781186549,-0.705384304606638,-0.0493252756161319));
#3266=DIRECTION('ref_axis',(-0.0695873743166638,0.,0.997575860441557));
#3267=DIRECTION('',(-0.707106781186546,0.705384304606641,0.049325275616132));
#3268=DIRECTION('',(0.,0.0697564737441247,-0.997564050259824));
#3269=DIRECTION('',(0.707106781186546,-0.705384304606641,-0.049325275616132));
#3270=DIRECTION('',(0.,-0.0697564737441247,0.997564050259824));
#3271=DIRECTION('center_axis',(1.,0.,0.));
#3272=DIRECTION('ref_axis',(0.,0.,-1.));
#3273=DIRECTION('',(0.,1.,0.));
#3274=DIRECTION('',(0.,0.,-1.));
#3275=DIRECTION('',(0.,-1.,0.));
#3276=DIRECTION('center_axis',(-1.,0.,0.));
#3277=DIRECTION('ref_axis',(0.,0.,-1.));
#3278=DIRECTION('',(0.,-2.67523620391604E-16,1.));
#3279=DIRECTION('center_axis',(-1.,0.,0.));
#3280=DIRECTION('ref_axis',(0.,-1.,0.));
#3281=DIRECTION('',(0.,1.,0.));
#3282=DIRECTION('',(0.,0.,-1.));
#3283=DIRECTION('',(0.,-1.,0.));
#3284=DIRECTION('center_axis',(-1.,0.,0.));
#3285=DIRECTION('ref_axis',(0.,0.,-1.));
#3286=DIRECTION('',(0.,0.,1.));
#3287=DIRECTION('center_axis',(-1.,0.,0.));
#3288=DIRECTION('ref_axis',(0.,-1.,0.));
#3289=DIRECTION('',(0.,1.,0.));
#3290=DIRECTION('',(0.,0.,-1.));
#3291=DIRECTION('',(0.,1.,0.));
#3292=DIRECTION('center_axis',(0.,1.,0.));
#3293=DIRECTION('ref_axis',(1.,0.,0.));
#3294=DIRECTION('',(0.,1.,0.));
#3295=DIRECTION('center_axis',(0.,1.,0.));
#3296=DIRECTION('ref_axis',(1.,0.,0.));
#3297=DIRECTION('center_axis',(0.,0.,-1.));
#3298=DIRECTION('ref_axis',(-1.,0.,0.));
#3299=DIRECTION('',(0.,1.,0.));
#3300=DIRECTION('',(-1.,0.,0.));
#3301=DIRECTION('center_axis',(0.,1.,0.));
#3302=DIRECTION('ref_axis',(0.,0.,-1.));
#3303=DIRECTION('',(0.,1.,0.));
#3304=DIRECTION('center_axis',(0.,1.,0.));
#3305=DIRECTION('ref_axis',(0.,0.,-1.));
#3306=DIRECTION('center_axis',(-1.,0.,0.));
#3307=DIRECTION('ref_axis',(0.,0.,1.));
#3308=DIRECTION('',(0.,1.,0.));
#3309=DIRECTION('',(0.,0.,1.));
#3310=DIRECTION('',(0.,-1.,0.));
#3311=DIRECTION('center_axis',(1.,0.,0.));
#3312=DIRECTION('ref_axis',(0.,-1.,0.));
#3313=DIRECTION('',(0.,0.,-1.));
#3314=DIRECTION('center_axis',(1.,0.,0.));
#3315=DIRECTION('ref_axis',(0.,0.,-1.));
#3316=DIRECTION('',(0.,1.,0.));
#3317=DIRECTION('',(0.,0.,1.));
#3318=DIRECTION('',(0.,-1.,0.));
#3319=DIRECTION('center_axis',(1.,0.,0.));
#3320=DIRECTION('ref_axis',(0.,-1.,0.));
#3321=DIRECTION('',(0.,2.67523620391604E-16,-1.));
#3322=DIRECTION('center_axis',(1.,0.,0.));
#3323=DIRECTION('ref_axis',(0.,0.,-1.));
#3324=DIRECTION('',(0.,1.,0.));
#3325=DIRECTION('',(0.,0.,1.));
#3326=DIRECTION('center_axis',(0.,0.997564050259824,0.0697564737441247));
#3327=DIRECTION('ref_axis',(0.,-0.0697564737441247,0.997564050259824));
#3328=DIRECTION('center_axis',(-1.,0.,0.));
#3329=DIRECTION('ref_axis',(0.,0.0697564737441234,-0.997564050259824));
#3330=DIRECTION('',(0.,0.0697564737441234,-0.997564050259824));
#3331=DIRECTION('',(0.,-0.997564050259824,-0.0697564737441247));
#3332=DIRECTION('',(0.,0.0697564737441234,-0.997564050259824));
#3333=DIRECTION('',(0.,-0.997564050259824,-0.0697564737441247));
#3334=DIRECTION('center_axis',(3.44741460045315E-32,-0.0697564737441247,
0.997564050259824));
#3335=DIRECTION('ref_axis',(-1.,-2.48307184055722E-17,-1.73633297636866E-18));
#3336=DIRECTION('',(-1.,0.,0.));
#3337=DIRECTION('',(0.,-0.997564050259824,-0.0697564737441247));
#3338=DIRECTION('',(-1.,-2.48307184055722E-17,-1.73633297636866E-18));
#3339=DIRECTION('center_axis',(1.,0.,0.));
#3340=DIRECTION('ref_axis',(0.,-0.0697564737441232,0.997564050259824));
#3341=DIRECTION('',(0.,-0.0697564737441234,0.997564050259824));
#3342=DIRECTION('',(0.,-0.997564050259824,-0.0697564737441247));
#3343=DIRECTION('',(0.,-0.0697564737441232,0.997564050259824));
#3344=DIRECTION('center_axis',(0.,0.0697564737441247,-0.997564050259824));
#3345=DIRECTION('ref_axis',(1.,0.,0.));
#3346=DIRECTION('',(1.,0.,0.));
#3347=DIRECTION('',(1.,0.,0.));
#3348=DIRECTION('center_axis',(0.,-0.997564050259824,-0.0697564737441247));
#3349=DIRECTION('ref_axis',(0.,0.0697564737441247,-0.997564050259824));
#3350=DIRECTION('center_axis',(0.,1.,0.));
#3351=DIRECTION('ref_axis',(1.,0.,0.));
#3352=DIRECTION('center_axis',(0.,1.,0.));
#3353=DIRECTION('ref_axis',(1.,0.,0.));
#3354=DIRECTION('center_axis',(0.,1.,0.));
#3355=DIRECTION('ref_axis',(1.,0.,0.));
#3356=DIRECTION('center_axis',(0.,1.,0.));
#3357=DIRECTION('ref_axis',(1.,0.,0.));
#3358=DIRECTION('',(0.,1.,0.));
#3359=DIRECTION('center_axis',(0.,-1.,0.));
#3360=DIRECTION('ref_axis',(1.,0.,0.));
#3361=DIRECTION('center_axis',(0.,1.,0.));
#3362=DIRECTION('ref_axis',(1.,0.,0.));
#3363=DIRECTION('center_axis',(0.,1.,0.));
#3364=DIRECTION('ref_axis',(1.,0.,0.));
#3365=DIRECTION('center_axis',(0.,1.,0.));
#3366=DIRECTION('ref_axis',(1.,0.,0.));
#3367=DIRECTION('center_axis',(0.,1.,0.));
#3368=DIRECTION('ref_axis',(1.,0.,0.));
#3369=DIRECTION('',(0.,1.,0.));
#3370=DIRECTION('center_axis',(0.,-1.,0.));
#3371=DIRECTION('ref_axis',(1.,0.,0.));
#3372=DIRECTION('center_axis',(1.,0.,0.));
#3373=DIRECTION('ref_axis',(0.,0.,1.));
#3374=DIRECTION('',(0.,-1.,0.));
#3375=DIRECTION('',(0.,0.,1.));
#3376=DIRECTION('',(0.,-1.,0.));
#3377=DIRECTION('',(0.,0.,1.));
#3378=DIRECTION('',(0.,-1.,0.));
#3379=DIRECTION('',(0.,0.,1.));
#3380=DIRECTION('',(0.,1.,0.));
#3381=DIRECTION('center_axis',(-1.,0.,0.));
#3382=DIRECTION('ref_axis',(0.,-1.,0.));
#3383=DIRECTION('',(0.,0.,1.));
#3384=DIRECTION('center_axis',(-1.,0.,0.));
#3385=DIRECTION('ref_axis',(0.,0.,-1.));
#3386=DIRECTION('center_axis',(0.,0.,-1.));
#3387=DIRECTION('ref_axis',(1.,0.,0.));
#3388=DIRECTION('',(1.,0.,0.));
#3389=DIRECTION('',(0.,1.,0.));
#3390=DIRECTION('',(1.,0.,0.));
#3391=DIRECTION('center_axis',(-2.53765216314309E-15,0.,1.));
#3392=DIRECTION('ref_axis',(-1.,0.,-2.53765216314309E-15));
#3393=DIRECTION('',(-1.,0.,-2.53765216314309E-15));
#3394=DIRECTION('',(-1.,0.,-2.53765216314309E-15));
#3395=DIRECTION('',(0.,-1.,0.));
#3396=DIRECTION('center_axis',(0.,-1.,0.));
#3397=DIRECTION('ref_axis',(0.,0.,-1.));
#3398=DIRECTION('',(0.,0.,-1.));
#3399=DIRECTION('center_axis',(0.,0.,1.));
#3400=DIRECTION('ref_axis',(-1.,0.,0.));
#3401=DIRECTION('',(-1.,0.,0.));
#3402=DIRECTION('',(0.,-1.,0.));
#3403=DIRECTION('',(-1.,0.,0.));
#3404=DIRECTION('',(0.,-1.,0.));
#3405=DIRECTION('center_axis',(1.,0.,0.));
#3406=DIRECTION('ref_axis',(0.,0.,1.));
#3407=DIRECTION('',(0.,1.,0.));
#3408=DIRECTION('center_axis',(-1.,0.,0.));
#3409=DIRECTION('ref_axis',(0.,-1.,0.));
#3410=DIRECTION('',(0.,-2.67523620391604E-16,1.));
#3411=DIRECTION('center_axis',(-1.,0.,0.));
#3412=DIRECTION('ref_axis',(0.,0.,-1.));
#3413=DIRECTION('',(0.,-1.,0.));
#3414=DIRECTION('',(0.,0.,1.));
#3415=DIRECTION('',(0.,-1.,0.));
#3416=DIRECTION('',(0.,0.,1.));
#3417=DIRECTION('',(0.,0.,1.));
#3418=DIRECTION('center_axis',(-2.53765216314309E-15,0.,-1.));
#3419=DIRECTION('ref_axis',(1.,0.,-2.53765216314309E-15));
#3420=DIRECTION('',(1.,0.,-2.53765216314309E-15));
#3421=DIRECTION('',(0.,1.,0.));
#3422=DIRECTION('',(1.,0.,-2.53765216314309E-15));
#3423=DIRECTION('center_axis',(0.,-1.,0.));
#3424=DIRECTION('ref_axis',(0.,0.,-1.));
#3425=DIRECTION('',(0.,0.,-1.));
#3426=DIRECTION('center_axis',(-1.,0.,-7.04903507698512E-17));
#3427=DIRECTION('ref_axis',(7.04903507698512E-17,0.,-1.));
#3428=DIRECTION('',(0.,-1.,0.));
#3429=DIRECTION('',(7.04903507698512E-17,0.,-1.));
#3430=DIRECTION('',(0.,-1.,0.));
#3431=DIRECTION('',(7.04903507698512E-17,0.,-1.));
#3432=DIRECTION('',(0.,-1.,0.));
#3433=DIRECTION('',(7.04903507698512E-17,0.,-1.));
#3434=DIRECTION('',(0.,1.,0.));
#3435=DIRECTION('center_axis',(1.,0.,7.04903507698512E-17));
#3436=DIRECTION('ref_axis',(0.,0.,-1.));
#3437=DIRECTION('',(7.04903507698512E-17,0.,-1.));
#3438=DIRECTION('center_axis',(1.,0.,7.04903507698512E-17));
#3439=DIRECTION('ref_axis',(0.,-1.,0.));
#3440=DIRECTION('center_axis',(0.,0.,-1.));
#3441=DIRECTION('ref_axis',(1.,0.,0.));
#3442=DIRECTION('',(1.,0.,0.));
#3443=DIRECTION('',(1.,0.,0.));
#3444=DIRECTION('',(0.,-1.,0.));
#3445=DIRECTION('center_axis',(2.53765216314309E-15,0.,1.));
#3446=DIRECTION('ref_axis',(-1.,0.,2.53765216314309E-15));
#3447=DIRECTION('',(-1.,0.,2.53765216314309E-15));
#3448=DIRECTION('',(0.,1.,0.));
#3449=DIRECTION('',(-1.,0.,2.53765216314309E-15));
#3450=DIRECTION('center_axis',(0.,-1.,0.));
#3451=DIRECTION('ref_axis',(0.,0.,-1.));
#3452=DIRECTION('',(0.,0.,1.));
#3453=DIRECTION('center_axis',(-1.,0.,-7.04903507698512E-17));
#3454=DIRECTION('ref_axis',(7.04903507698512E-17,0.,-1.));
#3455=DIRECTION('',(0.,-1.,0.));
#3456=DIRECTION('',(7.04903507698512E-17,0.,-1.));
#3457=DIRECTION('',(0.,-1.,0.));
#3458=DIRECTION('',(7.04903507698512E-17,0.,-1.));
#3459=DIRECTION('',(0.,-1.,0.));
#3460=DIRECTION('',(7.04903507698512E-17,0.,-1.));
#3461=DIRECTION('',(0.,1.,0.));
#3462=DIRECTION('center_axis',(1.,0.,7.04903507698512E-17));
#3463=DIRECTION('ref_axis',(0.,0.,-1.));
#3464=DIRECTION('',(7.04903507698512E-17,2.67523620391604E-16,-1.));
#3465=DIRECTION('center_axis',(1.,0.,7.04903507698512E-17));
#3466=DIRECTION('ref_axis',(0.,-1.,0.));
#3467=DIRECTION('center_axis',(2.53765216314308E-15,0.,-1.));
#3468=DIRECTION('ref_axis',(1.,0.,2.53765216314308E-15));
#3469=DIRECTION('',(1.,0.,2.53765216314308E-15));
#3470=DIRECTION('',(1.,0.,2.53765216314308E-15));
#3471=DIRECTION('',(0.,-1.,0.));
#3472=DIRECTION('center_axis',(0.,0.,1.));
#3473=DIRECTION('ref_axis',(-1.,0.,0.));
#3474=DIRECTION('',(-1.,0.,0.));
#3475=DIRECTION('',(0.,1.,0.));
#3476=DIRECTION('',(-1.,0.,0.));
#3477=DIRECTION('center_axis',(0.,-1.,0.));
#3478=DIRECTION('ref_axis',(0.,0.,-1.));
#3479=DIRECTION('',(0.,0.,1.));
#3480=DIRECTION('center_axis',(1.,0.,0.));
#3481=DIRECTION('ref_axis',(0.,0.,-1.));
#3482=DIRECTION('',(1.,0.,0.));
#3483=DIRECTION('',(1.,0.,0.));
#3484=DIRECTION('center_axis',(0.,-1.,0.));
#3485=DIRECTION('ref_axis',(0.,0.,-1.));
#3486=DIRECTION('',(1.,0.,0.));
#3487=DIRECTION('center_axis',(1.,0.,0.));
#3488=DIRECTION('ref_axis',(0.,-1.,0.));
#3489=DIRECTION('',(1.,0.,0.));
#3490=DIRECTION('center_axis',(0.,0.,1.));
#3491=DIRECTION('ref_axis',(0.,-1.,0.));
#3492=DIRECTION('',(-1.,0.,0.));
#3493=DIRECTION('center_axis',(0.,0.,1.));
#3494=DIRECTION('ref_axis',(0.,-1.,0.));
#3495=DIRECTION('',(-1.,0.,0.));
#3496=DIRECTION('',(1.,0.,0.));
#3497=DIRECTION('center_axis',(0.,1.,0.));
#3498=DIRECTION('ref_axis',(1.,0.,0.));
#3499=DIRECTION('',(1.,0.,0.));
#3500=DIRECTION('',(0.,0.,1.));
#3501=DIRECTION('center_axis',(1.,0.,0.));
#3502=DIRECTION('ref_axis',(0.,-1.,0.));
#3503=DIRECTION('',(1.,0.,0.));
#3504=DIRECTION('',(1.,0.,0.));
#3505=DIRECTION('center_axis',(0.,1.,0.));
#3506=DIRECTION('ref_axis',(1.,0.,0.));
#3507=DIRECTION('',(0.,0.,1.));
#3508=DIRECTION('center_axis',(0.,1.,0.));
#3509=DIRECTION('ref_axis',(0.707106781186548,0.,0.707106781186548));
#3510=DIRECTION('',(-1.,0.,0.));
#3511=DIRECTION('center_axis',(0.,1.,0.));
#3512=DIRECTION('ref_axis',(-0.707106781186546,0.,0.707106781186549));
#3513=DIRECTION('',(0.,0.,-1.));
#3514=DIRECTION('',(-1.,0.,0.));
#3515=DIRECTION('center_axis',(0.,1.,0.));
#3516=DIRECTION('ref_axis',(-1.,0.,0.));
#3517=DIRECTION('',(1.,0.,0.));
#3518=DIRECTION('center_axis',(0.,1.,0.));
#3519=DIRECTION('ref_axis',(0.,0.,1.));
#3520=DIRECTION('center_axis',(0.,-1.,0.));
#3521=DIRECTION('ref_axis',(0.,0.,-1.));
#3522=DIRECTION('',(1.,0.,0.));
#3523=DIRECTION('center_axis',(1.,0.,0.));
#3524=DIRECTION('ref_axis',(0.,0.,-1.));
#3525=DIRECTION('',(1.,0.,0.));
#3526=DIRECTION('center_axis',(0.,0.,-1.));
#3527=DIRECTION('ref_axis',(0.,1.,0.));
#3528=DIRECTION('',(1.,0.,0.));
#3529=DIRECTION('center_axis',(1.,0.,0.));
#3530=DIRECTION('ref_axis',(0.,-1.,0.));
#3531=DIRECTION('',(1.,0.,0.));
#3532=DIRECTION('',(1.,0.,0.));
#3533=DIRECTION('center_axis',(0.,1.,0.));
#3534=DIRECTION('ref_axis',(1.,0.,0.));
#3535=DIRECTION('',(0.,0.,-1.));
#3536=DIRECTION('',(-1.,0.,0.));
#3537=DIRECTION('center_axis',(0.,-1.,-2.67523620391604E-16));
#3538=DIRECTION('ref_axis',(0.,2.67523620391604E-16,-1.));
#3539=DIRECTION('',(1.,0.,0.));
#3540=DIRECTION('center_axis',(1.,0.,0.));
#3541=DIRECTION('ref_axis',(0.,0.,-1.));
#3542=DIRECTION('',(1.,0.,0.));
#3543=DIRECTION('center_axis',(0.,0.,-1.));
#3544=DIRECTION('ref_axis',(0.,1.,0.));
#3545=DIRECTION('',(1.,0.,0.));
#3546=DIRECTION('center_axis',(0.,1.,0.));
#3547=DIRECTION('ref_axis',(1.,0.,0.));
#3548=DIRECTION('',(1.,0.,0.));
#3549=DIRECTION('',(0.,0.,-1.));
#3550=DIRECTION('center_axis',(0.,1.,0.));
#3551=DIRECTION('ref_axis',(-0.707106781186546,0.,-0.707106781186549));
#3552=DIRECTION('',(1.,0.,0.));
#3553=DIRECTION('center_axis',(0.,1.,0.));
#3554=DIRECTION('ref_axis',(0.707106781186548,0.,-0.707106781186548));
#3555=DIRECTION('',(0.,0.,1.));
#3556=DIRECTION('center_axis',(0.,1.,0.));
#3557=DIRECTION('ref_axis',(-1.,0.,0.));
#3558=DIRECTION('',(0.,1.,0.));
#3559=DIRECTION('center_axis',(0.,1.,0.));
#3560=DIRECTION('ref_axis',(1.,0.,0.));
#3561=DIRECTION('center_axis',(0.,1.,0.));
#3562=DIRECTION('ref_axis',(1.,0.,0.));
#3563=DIRECTION('center_axis',(0.,1.,0.));
#3564=DIRECTION('ref_axis',(1.,0.,0.));
#3565=DIRECTION('',(0.,1.,0.));
#3566=DIRECTION('center_axis',(0.,-1.,0.));
#3567=DIRECTION('ref_axis',(1.,0.,0.));
#3568=DIRECTION('center_axis',(1.,0.,1.36243920288426E-16));
#3569=DIRECTION('ref_axis',(1.36243920288426E-16,0.,-1.));
#3570=DIRECTION('',(-1.35912036946199E-16,-0.0697564737441234,0.997564050259824));
#3571=DIRECTION('',(0.,-1.,0.));
#3572=DIRECTION('',(1.36243920288426E-16,0.,-1.));
#3573=DIRECTION('',(0.,1.,0.));
#3574=DIRECTION('center_axis',(0.,1.,0.));
#3575=DIRECTION('ref_axis',(1.,0.,0.));
#3576=DIRECTION('center_axis',(0.,1.,0.));
#3577=DIRECTION('ref_axis',(1.,0.,0.));
#3578=DIRECTION('',(-1.36533552893785E-16,0.,1.));
#3579=DIRECTION('',(1.,0.,0.));
#3580=DIRECTION('center_axis',(0.,0.,1.));
#3581=DIRECTION('ref_axis',(1.,0.,0.));
#3582=DIRECTION('',(-1.,0.,0.));
#3583=DIRECTION('',(0.,1.,0.));
#3584=DIRECTION('center_axis',(-1.,0.,-1.36533552893785E-16));
#3585=DIRECTION('ref_axis',(-1.36533552893785E-16,0.,1.));
#3586=DIRECTION('',(1.36200964021088E-16,0.0697564737441234,-0.997564050259824));
#3587=DIRECTION('',(0.,1.,0.));
#3588=DIRECTION('center_axis',(0.,-0.997564050259824,-0.0697564737441234));
#3589=DIRECTION('ref_axis',(0.,-0.0697564737441234,0.997564050259824));
#3590=DIRECTION('',(-1.,0.,0.));
#3591=DIRECTION('center_axis',(0.,-0.997564050259824,-0.0697564737441234));
#3592=DIRECTION('ref_axis',(0.,0.0697564737441233,-0.997564050259824));
#3593=DIRECTION('',(0.,0.0697564737441234,-0.997564050259824));
#3594=DIRECTION('',(1.,-4.96859882613222E-16,7.10542735760095E-15));
#3595=DIRECTION('',(0.,-0.0697564737441234,0.997564050259824));
#3596=DIRECTION('center_axis',(0.,-0.997564050259824,-0.0697564737441234));
#3597=DIRECTION('ref_axis',(0.,0.0697564737441233,-0.997564050259824));
#3598=DIRECTION('',(0.,-0.0697564737441234,0.997564050259824));
#3599=DIRECTION('center_axis',(0.,-0.997564050259824,-0.0697564737441234));
#3600=DIRECTION('ref_axis',(0.,0.0697564737441233,-0.997564050259824));
#3601=DIRECTION('',(-1.,0.,0.));
#3602=DIRECTION('center_axis',(0.,-0.997564050259824,-0.0697564737441234));
#3603=DIRECTION('ref_axis',(0.,0.0697564737441233,-0.997564050259824));
#3604=DIRECTION('',(0.,-0.0697564737441234,0.997564050259824));
#3605=DIRECTION('center_axis',(0.,-0.997564050259824,-0.0697564737441234));
#3606=DIRECTION('ref_axis',(0.,0.0697564737441233,-0.997564050259824));
#3607=DIRECTION('',(0.,-0.0697564737441234,0.997564050259824));
#3608=DIRECTION('',(-1.,0.,0.));
#3609=DIRECTION('center_axis',(0.,-0.997564050259824,-0.0697564737441234));
#3610=DIRECTION('ref_axis',(0.,0.0697564737441233,-0.997564050259824));
#3611=DIRECTION('',(-1.,0.,0.));
#3612=DIRECTION('',(0.,0.0697564737441234,-0.997564050259824));
#3613=DIRECTION('',(1.,7.6378848617462E-17,-1.09226842315028E-15));
#3614=DIRECTION('center_axis',(0.,-0.997564050259824,-0.0697564737441234));
#3615=DIRECTION('ref_axis',(0.,0.0697564737441233,-0.997564050259824));
#3616=DIRECTION('',(0.,0.0697564737441234,-0.997564050259824));
#3617=DIRECTION('',(1.,0.,0.));
#3618=DIRECTION('',(0.,-0.0697564737441234,0.997564050259824));
#3619=DIRECTION('center_axis',(0.,-0.997564050259824,-0.0697564737441234));
#3620=DIRECTION('ref_axis',(0.,0.0697564737441233,-0.997564050259824));
#3621=DIRECTION('',(1.,0.,0.));
#3622=DIRECTION('',(0.,-0.0697564737441234,0.997564050259824));
#3623=DIRECTION('',(-1.,0.,0.));
#3624=DIRECTION('center_axis',(0.,-0.997564050259824,-0.0697564737441234));
#3625=DIRECTION('ref_axis',(0.,0.0697564737441233,-0.997564050259824));
#3626=DIRECTION('center_axis',(0.,0.,-1.));
#3627=DIRECTION('ref_axis',(-1.,0.,0.));
#3628=DIRECTION('',(0.,1.,0.));
#3629=DIRECTION('',(-1.,0.,0.));
#3630=DIRECTION('',(0.,1.,0.));
#3631=DIRECTION('center_axis',(-1.,0.,0.));
#3632=DIRECTION('ref_axis',(0.,0.,1.));
#3633=DIRECTION('',(0.,-1.,0.));
#3634=DIRECTION('',(0.,0.,1.));
#3635=DIRECTION('center_axis',(1.,0.,0.));
#3636=DIRECTION('ref_axis',(0.,0.,-1.));
#3637=DIRECTION('',(0.,0.,-1.));
#3638=DIRECTION('',(0.,1.,0.));
#3639=DIRECTION('center_axis',(0.,1.,0.));
#3640=DIRECTION('ref_axis',(1.,0.,0.));
#3641=DIRECTION('center_axis',(0.,1.,0.));
#3642=DIRECTION('ref_axis',(1.,0.,0.));
#3643=DIRECTION('center_axis',(0.,1.,0.));
#3644=DIRECTION('ref_axis',(1.,0.,0.));
#3645=DIRECTION('center_axis',(0.,1.,0.));
#3646=DIRECTION('ref_axis',(1.,0.,0.));
#3647=DIRECTION('',(0.,-1.,0.));
#3648=DIRECTION('center_axis',(0.,1.,0.));
#3649=DIRECTION('ref_axis',(1.,0.,0.));
#3650=DIRECTION('',(0.,-1.,0.));
#3651=DIRECTION('',(0.,1.,0.));
#3652=DIRECTION('center_axis',(0.,1.,0.));
#3653=DIRECTION('ref_axis',(1.,0.,0.));
#3654=DIRECTION('',(0.,-1.,0.));
#3655=DIRECTION('',(0.,1.,0.));
#3656=DIRECTION('center_axis',(0.,1.,0.));
#3657=DIRECTION('ref_axis',(1.,0.,0.));
#3658=DIRECTION('center_axis',(0.,0.,1.));
#3659=DIRECTION('ref_axis',(1.,0.,0.));
#3660=DIRECTION('',(0.,1.,0.));
#3661=DIRECTION('',(1.,0.,0.));
#3662=DIRECTION('center_axis',(1.,0.,0.));
#3663=DIRECTION('ref_axis',(0.,0.,-1.));
#3664=DIRECTION('',(0.,1.,0.));
#3665=DIRECTION('',(0.,0.,-1.));
#3666=DIRECTION('center_axis',(0.,0.,-1.));
#3667=DIRECTION('ref_axis',(-1.,0.,0.));
#3668=DIRECTION('',(-1.,0.,0.));
#3669=DIRECTION('center_axis',(0.,1.,0.));
#3670=DIRECTION('ref_axis',(1.,0.,0.));
#3671=DIRECTION('center_axis',(0.,1.,0.));
#3672=DIRECTION('ref_axis',(1.,0.,0.));
#3673=DIRECTION('',(-1.,0.,1.09226842315028E-15));
#3674=DIRECTION('',(0.,0.,1.));
#3675=DIRECTION('',(1.,0.,0.));
#3676=DIRECTION('center_axis',(-1.09226842315028E-15,0.,-1.));
#3677=DIRECTION('ref_axis',(-1.,0.,1.09226842315028E-15));
#3678=DIRECTION('',(0.,1.,0.));
#3679=DIRECTION('center_axis',(-1.,0.,0.));
#3680=DIRECTION('ref_axis',(0.,0.,1.));
#3681=DIRECTION('',(0.,1.,0.));
#3682=DIRECTION('center_axis',(0.,0.,1.));
#3683=DIRECTION('ref_axis',(1.,0.,0.));
#3684=DIRECTION('center_axis',(0.,-1.,0.));
#3685=DIRECTION('ref_axis',(-0.707106781186546,0.,-0.707106781186549));
#3686=DIRECTION('center_axis',(0.,1.,0.));
#3687=DIRECTION('ref_axis',(-0.707106781186546,0.,-0.707106781186549));
#3688=DIRECTION('',(0.,1.,0.));
#3689=DIRECTION('',(0.,-1.,0.));
#3690=DIRECTION('center_axis',(-1.,0.,0.));
#3691=DIRECTION('ref_axis',(0.,0.,1.));
#3692=DIRECTION('',(0.,1.,0.));
#3693=DIRECTION('',(0.,1.,0.));
#3694=DIRECTION('',(0.,0.,-1.));
#3695=DIRECTION('',(0.,-1.,0.));
#3696=DIRECTION('',(0.,1.,0.));
#3697=DIRECTION('',(0.,0.,-1.));
#3698=DIRECTION('center_axis',(0.,-1.,0.));
#3699=DIRECTION('ref_axis',(0.707106781186548,0.,-0.707106781186548));
#3700=DIRECTION('center_axis',(0.,1.,0.));
#3701=DIRECTION('ref_axis',(0.707106781186548,0.,-0.707106781186548));
#3702=DIRECTION('',(0.,1.,0.));
#3703=DIRECTION('',(0.,-1.,0.));
#3704=DIRECTION('center_axis',(0.,0.,-1.));
#3705=DIRECTION('ref_axis',(0.,-1.,0.));
#3706=DIRECTION('',(1.,0.,0.));
#3707=DIRECTION('',(0.,-1.,0.));
#3708=DIRECTION('',(0.,1.,0.));
#3709=DIRECTION('',(1.,0.,0.));
#3710=DIRECTION('center_axis',(0.,1.,0.));
#3711=DIRECTION('ref_axis',(0.707106781186548,0.,0.707106781186548));
#3712=DIRECTION('center_axis',(0.,1.,0.));
#3713=DIRECTION('ref_axis',(0.,0.,1.));
#3714=DIRECTION('',(0.,1.,0.));
#3715=DIRECTION('',(0.,-1.,0.));
#3716=DIRECTION('center_axis',(0.,0.,1.));
#3717=DIRECTION('ref_axis',(0.,1.,0.));
#3718=DIRECTION('',(-1.,0.,0.));
#3719=DIRECTION('',(0.,-1.,0.));
#3720=DIRECTION('',(0.,-1.,0.));
#3721=DIRECTION('center_axis',(0.,0.,1.));
#3722=DIRECTION('ref_axis',(-1.,0.,0.));
#3723=DIRECTION('center_axis',(0.,0.,1.));
#3724=DIRECTION('ref_axis',(-1.,0.,0.));
#3725=DIRECTION('',(-1.,0.,0.));
#3726=DIRECTION('center_axis',(0.,0.,1.));
#3727=DIRECTION('ref_axis',(0.,1.,0.));
#3728=DIRECTION('',(0.,-1.,0.));
#3729=DIRECTION('center_axis',(0.,0.,1.));
#3730=DIRECTION('ref_axis',(-1.,0.,0.));
#3731=DIRECTION('',(1.,0.,0.));
#3732=DIRECTION('center_axis',(0.,0.,1.));
#3733=DIRECTION('ref_axis',(0.,-1.,0.));
#3734=DIRECTION('',(0.,1.,0.));
#3735=DIRECTION('center_axis',(0.,0.,1.));
#3736=DIRECTION('ref_axis',(1.,0.,0.));
#3737=DIRECTION('center_axis',(0.,0.,1.));
#3738=DIRECTION('ref_axis',(-1.,0.,0.));
#3739=DIRECTION('center_axis',(0.,0.,1.));
#3740=DIRECTION('ref_axis',(-1.,0.,0.));
#3741=DIRECTION('center_axis',(0.,0.,1.));
#3742=DIRECTION('ref_axis',(-1.,0.,0.));
#3743=DIRECTION('center_axis',(0.,0.,1.));
#3744=DIRECTION('ref_axis',(-1.,0.,0.));
#3745=DIRECTION('',(-1.,0.,0.));
#3746=DIRECTION('center_axis',(0.,0.,1.));
#3747=DIRECTION('ref_axis',(2.77555756156287E-15,1.,3.85185988877444E-31));
#3748=DIRECTION('',(0.,-1.,0.));
#3749=DIRECTION('center_axis',(0.,0.,1.));
#3750=DIRECTION('ref_axis',(-1.,0.,-1.38777878078145E-16));
#3751=DIRECTION('',(1.,5.9211894646675E-16,0.));
#3752=DIRECTION('center_axis',(0.,0.,1.));
#3753=DIRECTION('ref_axis',(2.77555756156289E-15,-1.,3.85185988877447E-31));
#3754=DIRECTION('',(6.93889390390723E-16,1.,0.));
#3755=DIRECTION('center_axis',(0.,0.,1.));
#3756=DIRECTION('ref_axis',(1.,2.77555756156288E-15,1.38777878078145E-16));
#3757=DIRECTION('center_axis',(0.,0.,1.));
#3758=DIRECTION('ref_axis',(-1.,0.,0.));
#3759=DIRECTION('center_axis',(0.,0.,1.));
#3760=DIRECTION('ref_axis',(-1.,0.,0.));
#3761=DIRECTION('center_axis',(0.,0.,1.));
#3762=DIRECTION('ref_axis',(-1.,0.,0.));
#3763=DIRECTION('center_axis',(0.,1.,0.));
#3764=DIRECTION('ref_axis',(-0.707106781186546,0.,0.707106781186549));
#3765=DIRECTION('center_axis',(0.,1.,0.));
#3766=DIRECTION('ref_axis',(1.,0.,0.));
#3767=DIRECTION('center_axis',(0.,1.,0.));
#3768=DIRECTION('ref_axis',(1.,0.,0.));
#3769=DIRECTION('center_axis',(0.,1.,0.));
#3770=DIRECTION('ref_axis',(1.,0.,0.));
#3771=DIRECTION('',(0.,1.,0.));
#3772=DIRECTION('center_axis',(0.,-1.,0.));
#3773=DIRECTION('ref_axis',(1.,0.,0.));
#3774=DIRECTION('center_axis',(0.,1.,0.));
#3775=DIRECTION('ref_axis',(1.,0.,0.));
#3776=DIRECTION('center_axis',(0.,1.,0.));
#3777=DIRECTION('ref_axis',(1.,0.,0.));
#3778=DIRECTION('center_axis',(0.,1.,0.));
#3779=DIRECTION('ref_axis',(1.,0.,0.));
#3780=DIRECTION('',(0.,1.,0.));
#3781=DIRECTION('center_axis',(0.,-1.,0.));
#3782=DIRECTION('ref_axis',(1.,0.,0.));
#3783=DIRECTION('center_axis',(0.,1.,0.));
#3784=DIRECTION('ref_axis',(1.,0.,0.));
#3785=DIRECTION('',(0.,1.,0.));
#3786=DIRECTION('center_axis',(0.,1.,0.));
#3787=DIRECTION('ref_axis',(1.,0.,0.));
#3788=DIRECTION('center_axis',(0.,1.,0.));
#3789=DIRECTION('ref_axis',(1.,0.,0.));
#3790=DIRECTION('center_axis',(0.,1.,0.));
#3791=DIRECTION('ref_axis',(1.,0.,0.));
#3792=DIRECTION('',(0.,1.,0.));
#3793=DIRECTION('center_axis',(0.,-1.,0.));
#3794=DIRECTION('ref_axis',(1.,0.,0.));
#3795=DIRECTION('center_axis',(0.,1.,0.));
#3796=DIRECTION('ref_axis',(1.,0.,0.));
#3797=DIRECTION('center_axis',(0.,1.,0.));
#3798=DIRECTION('ref_axis',(1.,0.,0.));
#3799=DIRECTION('center_axis',(0.,1.,0.));
#3800=DIRECTION('ref_axis',(1.,0.,0.));
#3801=DIRECTION('center_axis',(0.,1.,0.));
#3802=DIRECTION('ref_axis',(1.,0.,0.));
#3803=DIRECTION('',(0.,1.,0.));
#3804=DIRECTION('center_axis',(0.,-1.,0.));
#3805=DIRECTION('ref_axis',(1.,0.,0.));
#3806=DIRECTION('center_axis',(-1.,0.,0.));
#3807=DIRECTION('ref_axis',(0.,0.,1.));
#3808=DIRECTION('',(0.,1.,0.));
#3809=DIRECTION('',(0.,0.,1.));
#3810=DIRECTION('',(0.,1.,0.));
#3811=DIRECTION('center_axis',(0.,1.,0.));
#3812=DIRECTION('ref_axis',(-0.947266602579124,0.,-0.320446537878323));
#3813=DIRECTION('center_axis',(0.,1.,0.));
#3814=DIRECTION('ref_axis',(1.,0.,0.));
#3815=DIRECTION('center_axis',(0.,1.,0.));
#3816=DIRECTION('ref_axis',(1.,0.,0.));
#3817=DIRECTION('',(0.,-1.,0.));
#3818=DIRECTION('center_axis',(0.,0.997564050259824,0.0697564737441234));
#3819=DIRECTION('ref_axis',(0.,0.0697564737441234,-0.997564050259824));
#3820=DIRECTION('center_axis',(7.10542735760095E-15,0.,-1.));
#3821=DIRECTION('ref_axis',(-1.,0.,-7.10542735760095E-15));
#3822=DIRECTION('',(-1.,0.,-7.10542735760095E-15));
#3823=DIRECTION('',(0.,1.,0.));
#3824=DIRECTION('center_axis',(0.,1.,0.));
#3825=DIRECTION('ref_axis',(1.,0.,0.));
#3826=DIRECTION('',(0.,0.,1.));
#3827=DIRECTION('center_axis',(-1.,0.,0.));
#3828=DIRECTION('ref_axis',(0.,0.,1.));
#3829=DIRECTION('',(0.,0.,1.));
#3830=DIRECTION('',(0.,-1.,0.));
#3831=DIRECTION('',(0.,1.,0.));
#3832=DIRECTION('',(0.,0.,1.));
#3833=DIRECTION('',(0.,-1.,0.));
#3834=DIRECTION('center_axis',(0.,-0.997564050259824,-0.0697564737441234));
#3835=DIRECTION('ref_axis',(0.,-0.0697564737441234,0.997564050259824));
#3836=DIRECTION('center_axis',(0.,1.,0.));
#3837=DIRECTION('ref_axis',(1.,0.,0.));
#3838=DIRECTION('',(0.,-1.,0.));
#3839=DIRECTION('center_axis',(0.,0.997564050259824,0.0697564737441234));
#3840=DIRECTION('ref_axis',(0.,0.0697564737441234,-0.997564050259824));
#3841=DIRECTION('center_axis',(0.,-0.997564050259824,-0.0697564737441234));
#3842=DIRECTION('ref_axis',(0.,-0.0697564737441234,0.997564050259824));
#3843=DIRECTION('center_axis',(0.,0.,1.));
#3844=DIRECTION('ref_axis',(0.,-1.,0.));
#3845=DIRECTION('center_axis',(0.,0.,-1.));
#3846=DIRECTION('ref_axis',(0.,1.,0.));
#3847=DIRECTION('center_axis',(0.,0.,1.));
#3848=DIRECTION('ref_axis',(0.,-1.,0.));
#3849=DIRECTION('center_axis',(1.,0.,0.));
#3850=DIRECTION('ref_axis',(0.,-1.,0.));
#3851=DIRECTION('',(1.,0.,0.));
#3852=DIRECTION('center_axis',(0.,-1.,-2.67523620391604E-16));
#3853=DIRECTION('ref_axis',(0.,2.67523620391604E-16,-1.));
#3854=DIRECTION('',(1.,0.,0.));
#3855=DIRECTION('center_axis',(0.,0.,-1.));
#3856=DIRECTION('ref_axis',(0.,1.,0.));
#3857=DIRECTION('',(1.,0.,0.));
#3858=DIRECTION('center_axis',(1.,0.,0.));
#3859=DIRECTION('ref_axis',(0.,0.,-1.));
#3860=DIRECTION('center_axis',(0.,1.,0.));
#3861=DIRECTION('ref_axis',(1.,0.,0.));
#3862=DIRECTION('center_axis',(0.,1.,0.));
#3863=DIRECTION('ref_axis',(1.,0.,0.));
#3864=DIRECTION('center_axis',(0.,1.,0.));
#3865=DIRECTION('ref_axis',(1.,0.,0.));
#3866=DIRECTION('',(0.,1.,0.));
#3867=DIRECTION('center_axis',(0.,1.,0.));
#3868=DIRECTION('ref_axis',(1.,0.,0.));
#3869=DIRECTION('center_axis',(0.,1.,0.));
#3870=DIRECTION('ref_axis',(1.,0.,0.));
#3871=DIRECTION('center_axis',(0.,1.,0.));
#3872=DIRECTION('ref_axis',(1.,0.,0.));
#3873=DIRECTION('',(0.,1.,0.));
#3874=DIRECTION('center_axis',(0.,0.,-1.));
#3875=DIRECTION('ref_axis',(-1.,0.,0.));
#3876=DIRECTION('center_axis',(0.,0.,-1.));
#3877=DIRECTION('ref_axis',(-1.,0.,0.));
#3878=DIRECTION('',(0.,0.,-1.));
#3879=DIRECTION('center_axis',(0.,0.,-1.));
#3880=DIRECTION('ref_axis',(-1.,0.,0.));
#3881=DIRECTION('center_axis',(0.,0.,-1.));
#3882=DIRECTION('ref_axis',(-1.,0.,0.));
#3883=DIRECTION('',(0.,0.,-1.));
#3884=DIRECTION('center_axis',(0.,-1.,0.));
#3885=DIRECTION('ref_axis',(-1.,0.,-1.1842378929335E-16));
#3886=DIRECTION('',(0.,0.,1.));
#3887=DIRECTION('',(-1.,0.,0.));
#3888=DIRECTION('',(0.,0.,1.));
#3889=DIRECTION('center_axis',(0.,0.,-1.));
#3890=DIRECTION('ref_axis',(0.,-1.,0.));
#3891=DIRECTION('center_axis',(0.,0.,-1.));
#3892=DIRECTION('ref_axis',(0.,-1.,0.));
#3893=DIRECTION('',(0.,0.,1.));
#3894=DIRECTION('center_axis',(1.,0.,0.));
#3895=DIRECTION('ref_axis',(0.,-1.,0.));
#3896=DIRECTION('',(0.,-1.,0.));
#3897=DIRECTION('',(0.,0.,-1.));
#3898=DIRECTION('center_axis',(0.,0.,-1.));
#3899=DIRECTION('ref_axis',(1.,0.,0.));
#3900=DIRECTION('center_axis',(0.,0.,-1.));
#3901=DIRECTION('ref_axis',(1.,0.,0.));
#3902=DIRECTION('',(0.,0.,1.));
#3903=DIRECTION('center_axis',(0.,1.,0.));
#3904=DIRECTION('ref_axis',(1.,0.,1.1842378929335E-16));
#3905=DIRECTION('',(1.,0.,0.));
#3906=DIRECTION('',(0.,0.,1.));
#3907=DIRECTION('center_axis',(0.,0.,-1.));
#3908=DIRECTION('ref_axis',(0.,1.,0.));
#3909=DIRECTION('center_axis',(0.,0.,-1.));
#3910=DIRECTION('ref_axis',(0.,1.,0.));
#3911=DIRECTION('',(0.,0.,1.));
#3912=DIRECTION('center_axis',(-1.,0.,0.));
#3913=DIRECTION('ref_axis',(0.,1.,0.));
#3914=DIRECTION('',(0.,1.,0.));
#3915=DIRECTION('',(0.,0.,1.));
#3916=DIRECTION('center_axis',(0.,0.,-1.));
#3917=DIRECTION('ref_axis',(-1.,0.,0.));
#3918=DIRECTION('center_axis',(0.,0.,-1.));
#3919=DIRECTION('ref_axis',(-1.,0.,0.));
#3920=DIRECTION('center_axis',(0.,0.,-1.));
#3921=DIRECTION('ref_axis',(-1.,0.,0.));
#3922=DIRECTION('center_axis',(0.,0.,-1.));
#3923=DIRECTION('ref_axis',(-1.,0.,0.));
#3924=DIRECTION('',(0.,0.,-1.));
#3925=DIRECTION('center_axis',(0.,0.,-1.));
#3926=DIRECTION('ref_axis',(-1.,0.,0.));
#3927=DIRECTION('center_axis',(0.,0.,-1.));
#3928=DIRECTION('ref_axis',(-1.,0.,0.));
#3929=DIRECTION('',(0.,0.,-1.));
#3930=DIRECTION('center_axis',(0.,0.,-1.));
#3931=DIRECTION('ref_axis',(-1.,0.,0.));
#3932=DIRECTION('center_axis',(0.,0.,-1.));
#3933=DIRECTION('ref_axis',(-1.,0.,0.));
#3934=DIRECTION('',(0.,0.,-1.));
#3935=DIRECTION('center_axis',(0.,0.,-1.));
#3936=DIRECTION('ref_axis',(-1.,0.,0.));
#3937=DIRECTION('center_axis',(0.,0.,-1.));
#3938=DIRECTION('ref_axis',(-1.,0.,0.));
#3939=DIRECTION('',(0.,0.,-1.));
#3940=DIRECTION('center_axis',(5.9211894646675E-16,-1.,8.21730109605221E-32));
#3941=DIRECTION('ref_axis',(-1.,-5.9211894646675E-16,-1.1842378929335E-16));
#3942=DIRECTION('',(0.,0.,1.));
#3943=DIRECTION('',(-1.,-5.9211894646675E-16,0.));
#3944=DIRECTION('',(0.,0.,1.));
#3945=DIRECTION('center_axis',(1.38777878078145E-16,0.,-1.));
#3946=DIRECTION('ref_axis',(2.77555756156289E-15,-1.,3.85185988877447E-31));
#3947=DIRECTION('center_axis',(0.,0.,-1.));
#3948=DIRECTION('ref_axis',(2.77555756156289E-15,-1.,3.85185988877447E-31));
#3949=DIRECTION('',(0.,0.,1.));
#3950=DIRECTION('center_axis',(1.,-6.93889390390723E-16,1.38777878078145E-16));
#3951=DIRECTION('ref_axis',(-6.93889390390723E-16,-1.,-8.21730109605221E-32));
#3952=DIRECTION('',(-6.93889390390723E-16,-1.,0.));
#3953=DIRECTION('',(1.38777878078145E-16,0.,-1.));
#3954=DIRECTION('center_axis',(1.38777878078145E-16,0.,-1.));
#3955=DIRECTION('ref_axis',(1.,2.77555756156288E-15,1.38777878078145E-16));
#3956=DIRECTION('center_axis',(0.,0.,-1.));
#3957=DIRECTION('ref_axis',(1.,2.77555756156288E-15,1.38777878078145E-16));
#3958=DIRECTION('',(0.,0.,1.));
#3959=DIRECTION('center_axis',(0.,1.,0.));
#3960=DIRECTION('ref_axis',(1.,0.,1.1842378929335E-16));
#3961=DIRECTION('',(1.,0.,0.));
#3962=DIRECTION('',(0.,0.,1.));
#3963=DIRECTION('center_axis',(1.38777878078145E-16,0.,-1.));
#3964=DIRECTION('ref_axis',(2.77555756156287E-15,1.,3.85185988877444E-31));
#3965=DIRECTION('center_axis',(0.,0.,-1.));
#3966=DIRECTION('ref_axis',(2.77555756156287E-15,1.,3.85185988877444E-31));
#3967=DIRECTION('',(0.,0.,1.));
#3968=DIRECTION('center_axis',(-1.,0.,-1.38777878078145E-16));
#3969=DIRECTION('ref_axis',(0.,1.,0.));
#3970=DIRECTION('',(0.,1.,0.));
#3971=DIRECTION('',(0.,0.,1.));
#3972=DIRECTION('center_axis',(1.38777878078145E-16,0.,-1.));
#3973=DIRECTION('ref_axis',(-1.,0.,-1.38777878078145E-16));
#3974=DIRECTION('center_axis',(0.,0.,-1.));
#3975=DIRECTION('ref_axis',(-1.,0.,-1.38777878078145E-16));
#3976=DIRECTION('center_axis',(0.,0.,-1.));
#3977=DIRECTION('ref_axis',(-1.,0.,0.));
#3978=DIRECTION('center_axis',(0.,0.,-1.));
#3979=DIRECTION('ref_axis',(-1.,0.,0.));
#3980=DIRECTION('',(0.,0.,-1.));
#3981=DIRECTION('center_axis',(0.,0.,-1.));
#3982=DIRECTION('ref_axis',(-1.,0.,0.));
#3983=DIRECTION('center_axis',(0.,0.,-1.));
#3984=DIRECTION('ref_axis',(-1.,0.,0.));
#3985=DIRECTION('',(0.,0.,-1.));
#3986=DIRECTION('center_axis',(0.,0.,-1.));
#3987=DIRECTION('ref_axis',(-1.,0.,0.));
#3988=DIRECTION('center_axis',(0.,0.,-1.));
#3989=DIRECTION('ref_axis',(-1.,0.,0.));
#3990=DIRECTION('',(0.,0.,-1.));
#3991=DIRECTION('center_axis',(0.,1.,0.));
#3992=DIRECTION('ref_axis',(1.,0.,0.));
#3993=DIRECTION('center_axis',(0.,1.,0.));
#3994=DIRECTION('ref_axis',(1.,0.,0.));
#3995=DIRECTION('center_axis',(0.,1.,0.));
#3996=DIRECTION('ref_axis',(1.,0.,0.));
#3997=DIRECTION('center_axis',(0.,1.,0.));
#3998=DIRECTION('ref_axis',(-0.691344100694655,0.,0.72252566351286));
#3999=DIRECTION('center_axis',(0.,1.,0.));
#4000=DIRECTION('ref_axis',(1.,0.,0.));
#4001=DIRECTION('center_axis',(0.,1.,0.));
#4002=DIRECTION('ref_axis',(1.,0.,0.));
#4003=DIRECTION('center_axis',(0.,1.,0.));
#4004=DIRECTION('ref_axis',(1.,0.,0.));
#4005=DIRECTION('center_axis',(0.,1.,0.));
#4006=DIRECTION('ref_axis',(1.,0.,0.));
#4007=DIRECTION('center_axis',(0.,1.,0.));
#4008=DIRECTION('ref_axis',(1.,0.,0.));
#4009=DIRECTION('center_axis',(0.,1.,0.));
#4010=DIRECTION('ref_axis',(-1.,0.,3.21624529935327E-16));
#4011=DIRECTION('center_axis',(0.,1.,0.));
#4012=DIRECTION('ref_axis',(1.,0.,0.));
#4013=DIRECTION('center_axis',(0.,1.,0.));
#4014=DIRECTION('ref_axis',(1.,0.,0.));
#4015=DIRECTION('center_axis',(0.,1.,0.));
#4016=DIRECTION('ref_axis',(1.,0.,0.));
#4017=DIRECTION('center_axis',(0.,0.,1.));
#4018=DIRECTION('ref_axis',(1.,0.,0.));
#4019=DIRECTION('',(0.,1.,0.));
#4020=DIRECTION('center_axis',(0.,1.,0.));
#4021=DIRECTION('ref_axis',(0.,0.,1.));
#4022=CARTESIAN_POINT('',(0.,0.,0.));
#4023=CARTESIAN_POINT('Origin',(-37.,12.,63.));
#4024=CARTESIAN_POINT('',(-38.65,12.,63.));
#4025=CARTESIAN_POINT('Origin',(-37.,12.,63.));
#4026=CARTESIAN_POINT('',(-38.25,12.,63.));
#4027=CARTESIAN_POINT('Origin',(-37.,12.,63.));
#4028=CARTESIAN_POINT('Origin',(-36.75,16.,62.75));
#4029=CARTESIAN_POINT('',(-37.0000005364419,16.,60.0000000000001));
#4030=CARTESIAN_POINT('',(-35.3416876048223,16.,65.5));
#4031=CARTESIAN_POINT('Origin',(-37.,16.,63.));
#4032=CARTESIAN_POINT('',(-39.5,16.,60.0000000000001));
#4033=CARTESIAN_POINT('',(-36.875000268221,16.,60.0000000000001));
#4034=CARTESIAN_POINT('',(-39.5,16.,63.5));
#4035=CARTESIAN_POINT('',(-39.5,16.,31.375));
#4036=CARTESIAN_POINT('',(-37.5,16.,65.5));
#4037=CARTESIAN_POINT('Origin',(-37.5,16.,63.5));
#4038=CARTESIAN_POINT('',(3.125,16.,65.5));
#4039=CARTESIAN_POINT('',(-38.65,16.,63.));
#4040=CARTESIAN_POINT('Origin',(-37.,16.,63.));
#4041=CARTESIAN_POINT('Origin',(-37.0000005364419,0.,60.0000000000001));
#4042=CARTESIAN_POINT('',(-37.0000005364419,5.63666710343503,60.0000000000001));
#4043=CARTESIAN_POINT('',(-37.0000005364419,0.,60.0000000000001));
#4044=CARTESIAN_POINT('',(-39.5,5.63666710343503,60.0000000000001));
#4045=CARTESIAN_POINT('',(2.99999973177903,5.63666710343503,60.0000000000001));
#4046=CARTESIAN_POINT('',(-39.5,7.26383539393898,60.0000000000001));
#4047=CARTESIAN_POINT('Origin',(-37.,0.,63.));
#4048=CARTESIAN_POINT('',(-35.3416876048223,5.25206963774574,65.5));
#4049=CARTESIAN_POINT('',(-35.3416876048223,0.,65.5));
#4050=CARTESIAN_POINT('Origin',(-37.,5.42688666760451,63.));
#4051=CARTESIAN_POINT('Ctrl Pts',(-42.9983777932278,5.41713031567562,63.1395129015963));
#4052=CARTESIAN_POINT('Ctrl Pts',(-42.9775067119547,5.35436415604971,64.0368681210563));
#4053=CARTESIAN_POINT('Ctrl Pts',(-42.5260095488596,5.22974140947018,65.808760196502));
#4054=CARTESIAN_POINT('Ctrl Pts',(-40.5012970731126,5.0560497542709,68.253084609058));
#4055=CARTESIAN_POINT('Ctrl Pts',(-38.3150137717255,5.00244199978114,69.));
#4056=CARTESIAN_POINT('Ctrl Pts',(-37.,5.00244199978114,69.));
#4057=CARTESIAN_POINT('Ctrl Pts',(-42.3322518621519,4.75208783426447,63.0930086010642));
#4058=CARTESIAN_POINT('Ctrl Pts',(-42.3183378079698,4.69626175704418,63.8911969121027));
#4059=CARTESIAN_POINT('Ctrl Pts',(-41.9258472649924,4.58526651704208,65.4716386412011));
#4060=CARTESIAN_POINT('Ctrl Pts',(-40.129382624557,4.43022315875881,67.6624739766467));
#4061=CARTESIAN_POINT('Ctrl Pts',(-38.1755098410602,4.38227964894389,68.3349572998268));
#4062=CARTESIAN_POINT('Ctrl Pts',(-37.,4.38227964894389,68.3349572998268));
#4063=CARTESIAN_POINT('Ctrl Pts',(-41.6661259310759,4.08704535285333,63.0465043005321));
#4064=CARTESIAN_POINT('Ctrl Pts',(-41.6591689039849,4.03815935803865,63.7455257031491));
#4065=CARTESIAN_POINT('Ctrl Pts',(-41.3256849811252,3.94079162461398,65.1345170859001));
#4066=CARTESIAN_POINT('Ctrl Pts',(-39.7574681760014,3.80439656324672,67.0718633442355));
#4067=CARTESIAN_POINT('Ctrl Pts',(-38.0360059103949,3.76211729810664,67.6699145996536));
#4068=CARTESIAN_POINT('Ctrl Pts',(-37.,3.76211729810664,67.6699145996536));
#4069=CARTESIAN_POINT('Ctrl Pts',(-41.,3.42200287144219,63.));
#4070=CARTESIAN_POINT('Ctrl Pts',(-41.,3.38005695903311,63.5998544941955));
#4071=CARTESIAN_POINT('Ctrl Pts',(-40.725522697258,3.29631673218588,64.7973955305992));
#4072=CARTESIAN_POINT('Ctrl Pts',(-39.3855537274458,3.17856996773463,66.4812527118242));
#4073=CARTESIAN_POINT('Ctrl Pts',(-37.8965019797296,3.14195494726939,67.0048718994803));
#4074=CARTESIAN_POINT('Ctrl Pts',(-37.,3.14195494726939,67.0048718994803));
#4075=CARTESIAN_POINT('',(-37.,3.14195494726939,67.0048718994803));
#4076=CARTESIAN_POINT('',(-37.,5.00244199978114,69.));
#4077=CARTESIAN_POINT('',(-37.,3.14195494726939,67.0048718994803));
#4078=CARTESIAN_POINT('',(-42.9983777932278,5.41713031567561,63.1395129015963));
#4079=CARTESIAN_POINT('Ctrl Pts',(-37.,5.00244199978114,69.));
#4080=CARTESIAN_POINT('Ctrl Pts',(-38.3150137717255,5.00244199978114,69.));
#4081=CARTESIAN_POINT('Ctrl Pts',(-40.5012970731126,5.0560497542709,68.253084609058));
#4082=CARTESIAN_POINT('Ctrl Pts',(-42.5260095488596,5.22974140947018,65.808760196502));
#4083=CARTESIAN_POINT('Ctrl Pts',(-42.9775067119547,5.35436415604971,64.0368681210563));
#4084=CARTESIAN_POINT('Ctrl Pts',(-42.9983777932278,5.41713031567562,63.1395129015963));
#4085=CARTESIAN_POINT('',(-41.,3.42200287144219,63.));
#4086=CARTESIAN_POINT('',(-42.9983777932278,5.41713031567561,63.1395129015963));
#4087=CARTESIAN_POINT('Ctrl Pts',(-41.,3.42200287144219,63.));
#4088=CARTESIAN_POINT('Ctrl Pts',(-41.,3.38005695903311,63.5998544941955));
#4089=CARTESIAN_POINT('Ctrl Pts',(-40.725522697258,3.29631673218588,64.7973955305992));
#4090=CARTESIAN_POINT('Ctrl Pts',(-39.3855537274458,3.17856996773463,66.4812527118242));
#4091=CARTESIAN_POINT('Ctrl Pts',(-37.8965019797296,3.14195494726939,67.0048718994803));
#4092=CARTESIAN_POINT('Ctrl Pts',(-37.,3.14195494726939,67.0048718994803));
#4093=CARTESIAN_POINT('Origin',(-16.9999999776483,4.07219847352526,68.0024359497402));
#4094=CARTESIAN_POINT('',(37.,3.14195494726939,67.0048718994804));
#4095=CARTESIAN_POINT('',(37.,5.00244199978114,69.));
#4096=CARTESIAN_POINT('',(37.,3.14195494726939,67.0048718994804));
#4097=CARTESIAN_POINT('',(-16.9999999776483,5.00244199978114,69.));
#4098=CARTESIAN_POINT('',(-16.9999999776483,3.14195494726939,67.0048718994804));
#4099=CARTESIAN_POINT('Ctrl Pts',(37.,5.00244199978114,69.));
#4100=CARTESIAN_POINT('Ctrl Pts',(38.753351695634,5.00244199978114,69.));
#4101=CARTESIAN_POINT('Ctrl Pts',(41.7996896844272,5.10501677730371,67.5722516054266));
#4102=CARTESIAN_POINT('Ctrl Pts',(42.9670711713181,5.32298107623675,64.4855457307863));
#4103=CARTESIAN_POINT('Ctrl Pts',(42.9983777932278,5.41713031567562,63.1395129015963));
#4104=CARTESIAN_POINT('Ctrl Pts',(37.,4.38227964894389,68.3349572998268));
#4105=CARTESIAN_POINT('Ctrl Pts',(38.5673464547469,4.38227964894389,68.3349572998268));
#4106=CARTESIAN_POINT('Ctrl Pts',(41.2884658927035,4.47403921087153,67.0488272722597));
#4107=CARTESIAN_POINT('Ctrl Pts',(42.3113807808787,4.66834871843403,64.290291067622));
#4108=CARTESIAN_POINT('Ctrl Pts',(42.3322518621519,4.75208783426448,63.0930086010642));
#4109=CARTESIAN_POINT('Ctrl Pts',(37.,3.76211729810664,67.6699145996536));
#4110=CARTESIAN_POINT('Ctrl Pts',(38.3813412138599,3.76211729810664,67.6699145996536));
#4111=CARTESIAN_POINT('Ctrl Pts',(40.7772421009799,3.84306164443935,66.5254029390929));
#4112=CARTESIAN_POINT('Ctrl Pts',(41.6556903904394,4.0137163606313,64.0950364044576));
#4113=CARTESIAN_POINT('Ctrl Pts',(41.6661259310759,4.08704535285333,63.0465043005321));
#4114=CARTESIAN_POINT('Ctrl Pts',(37.,3.14195494726939,67.0048718994803));
#4115=CARTESIAN_POINT('Ctrl Pts',(38.1953359729728,3.14195494726939,67.0048718994803));
#4116=CARTESIAN_POINT('Ctrl Pts',(40.2660183092562,3.21208407800716,66.0019786059261));
#4117=CARTESIAN_POINT('Ctrl Pts',(41.,3.35908400282858,63.8997817412933));
#4118=CARTESIAN_POINT('Ctrl Pts',(41.,3.42200287144219,63.));
#4119=CARTESIAN_POINT('',(41.,3.42200287144219,63.));
#4120=CARTESIAN_POINT('',(42.9983777932278,5.41713031567562,63.1395129015963));
#4121=CARTESIAN_POINT('',(41.,3.42200287144219,63.));
#4122=CARTESIAN_POINT('Ctrl Pts',(42.9983777932278,5.41713031567562,63.1395129015963));
#4123=CARTESIAN_POINT('Ctrl Pts',(42.9670711713181,5.32298107623675,64.4855457307863));
#4124=CARTESIAN_POINT('Ctrl Pts',(41.7996896844272,5.10501677730371,67.5722516054266));
#4125=CARTESIAN_POINT('Ctrl Pts',(38.753351695634,5.00244199978114,69.));
#4126=CARTESIAN_POINT('Ctrl Pts',(37.,5.00244199978114,69.));
#4127=CARTESIAN_POINT('Ctrl Pts',(37.,3.14195494726939,67.0048718994803));
#4128=CARTESIAN_POINT('Ctrl Pts',(38.1953359729728,3.14195494726939,67.0048718994803));
#4129=CARTESIAN_POINT('Ctrl Pts',(40.2660183092562,3.21208407800716,66.0019786059261));
#4130=CARTESIAN_POINT('Ctrl Pts',(41.,3.35908400282858,63.8997817412933));
#4131=CARTESIAN_POINT('Ctrl Pts',(41.,3.42200287144219,63.));
#4132=CARTESIAN_POINT('Origin',(42.,6.61233103216341,31.7117687503396));
#4133=CARTESIAN_POINT('',(43.,5.42688666760454,63.));
#4134=CARTESIAN_POINT('',(41.,3.43175856708489,62.8604870525118));
#4135=CARTESIAN_POINT('',(43.,5.42688666760454,63.));
#4136=CARTESIAN_POINT('',(41.,12.2327811763244,-63.));
#4137=CARTESIAN_POINT('',(41.,5.61476698190359,31.6420122765955));
#4138=CARTESIAN_POINT('',(43.,14.2279092768441,-62.8604870525118));
#4139=CARTESIAN_POINT('',(41.,12.2327811763244,-63.));
#4140=CARTESIAN_POINT('',(43.,7.60989508242324,31.7815252240838));
#4141=CARTESIAN_POINT('Ctrl Pts',(42.9983777932278,5.41713031567562,63.1395129015963));
#4142=CARTESIAN_POINT('Ctrl Pts',(42.9994594095787,5.42038308938909,63.0930086469644));
#4143=CARTESIAN_POINT('Ctrl Pts',(43.,5.42363476905697,63.0465043158294));
#4144=CARTESIAN_POINT('Ctrl Pts',(43.,5.42688666760454,63.));
#4145=CARTESIAN_POINT('Ctrl Pts',(42.3322518621519,4.75208783426447,63.0930086010642));
#4146=CARTESIAN_POINT('Ctrl Pts',(42.3329729397191,4.75534031625598,63.0465043260331));
#4147=CARTESIAN_POINT('Ctrl Pts',(42.3333333333333,4.75859206888376,63.));
#4148=CARTESIAN_POINT('Ctrl Pts',(42.3333333333333,4.76184396743132,62.9534956841706));
#4149=CARTESIAN_POINT('Ctrl Pts',(41.6661259310759,4.08704535285333,63.0465043005321));
#4150=CARTESIAN_POINT('Ctrl Pts',(41.6664864698596,4.09029754312287,63.0000000051019));
#4151=CARTESIAN_POINT('Ctrl Pts',(41.6666666666667,4.09354936871054,62.9534956841706));
#4152=CARTESIAN_POINT('Ctrl Pts',(41.6666666666667,4.09680126725811,62.9069913683412));
#4153=CARTESIAN_POINT('Ctrl Pts',(41.,3.42200287144219,63.));
#4154=CARTESIAN_POINT('Ctrl Pts',(41.,3.42525476998976,62.9534956841706));
#4155=CARTESIAN_POINT('Ctrl Pts',(41.,3.42850666853732,62.9069913683412));
#4156=CARTESIAN_POINT('Ctrl Pts',(41.,3.43175856708489,62.8604870525118));
#4157=CARTESIAN_POINT('Ctrl Pts',(43.,5.42688666760454,63.));
#4158=CARTESIAN_POINT('Ctrl Pts',(43.,5.42363476905697,63.0465043158294));
#4159=CARTESIAN_POINT('Ctrl Pts',(42.9994594095787,5.42038308938909,63.0930086469644));
#4160=CARTESIAN_POINT('Ctrl Pts',(42.9983777932278,5.41713031567562,63.1395129015963));
#4161=CARTESIAN_POINT('Ctrl Pts',(41.,3.42200287144219,63.));
#4162=CARTESIAN_POINT('Ctrl Pts',(41.,3.42525476998976,62.9534956841706));
#4163=CARTESIAN_POINT('Ctrl Pts',(41.,3.42850666853732,62.9069913683412));
#4164=CARTESIAN_POINT('Ctrl Pts',(41.,3.43175856708489,62.8604870525118));
#4165=CARTESIAN_POINT('Ctrl Pts',(43.,14.2376643129094,-62.9999999937514));
#4166=CARTESIAN_POINT('Ctrl Pts',(43.0000000013822,14.3304449588965,-64.3271836818072));
#4167=CARTESIAN_POINT('Ctrl Pts',(42.23368614603,14.4846565460642,-66.5527110225098));
#4168=CARTESIAN_POINT('Ctrl Pts',(39.7112384173737,14.6238166830374,-68.5822801642908));
#4169=CARTESIAN_POINT('Ctrl Pts',(37.9049257390457,14.6523420479855,-69.));
#4170=CARTESIAN_POINT('Ctrl Pts',(37.,14.6523420479855,-69.));
#4171=CARTESIAN_POINT('Ctrl Pts',(42.3329721606076,13.5715425543332,-63.0310699134398));
#4172=CARTESIAN_POINT('Ctrl Pts',(42.3261032848803,13.6540532481157,-64.2112668976413));
#4173=CARTESIAN_POINT('Ctrl Pts',(41.6338119912557,13.7908832106874,-66.1814924594294));
#4174=CARTESIAN_POINT('Ctrl Pts',(39.3956358297523,13.9139729028308,-67.9680813775402));
#4175=CARTESIAN_POINT('Ctrl Pts',(37.7995579667942,13.9391710654894,-68.3349572998268));
#4176=CARTESIAN_POINT('Ctrl Pts',(37.,13.9391710654894,-68.3349572998268));
#4177=CARTESIAN_POINT('Ctrl Pts',(41.6659443212151,12.9054207957571,-63.0621398331281));
#4178=CARTESIAN_POINT('Ctrl Pts',(41.6522065683784,12.977661537335,-64.0953501134753));
#4179=CARTESIAN_POINT('Ctrl Pts',(41.0339378364814,13.0971098753106,-65.810273896349));
#4180=CARTESIAN_POINT('Ctrl Pts',(39.0800332421308,13.2041291226242,-67.3538825907896));
#4181=CARTESIAN_POINT('Ctrl Pts',(37.6941901945428,13.2260000829933,-67.6699145996536));
#4182=CARTESIAN_POINT('Ctrl Pts',(37.,13.2260000829933,-67.6699145996536));
#4183=CARTESIAN_POINT('Ctrl Pts',(40.9989164818227,12.2392990371809,-63.0932097528165));
#4184=CARTESIAN_POINT('Ctrl Pts',(40.9783098518766,12.3012698265543,-63.9794333293094));
#4185=CARTESIAN_POINT('Ctrl Pts',(40.4340636817071,12.4033365399337,-65.4390553332686));
#4186=CARTESIAN_POINT('Ctrl Pts',(38.7644306545094,12.4942853424177,-66.7396838040389));
#4187=CARTESIAN_POINT('Ctrl Pts',(37.5888224222913,12.5128291004972,-67.0048718994803));
#4188=CARTESIAN_POINT('Ctrl Pts',(37.,12.5128291004972,-67.0048718994803));
#4189=CARTESIAN_POINT('',(43.,14.2376643124768,-62.9999999937816));
#4190=CARTESIAN_POINT('',(40.9989164818227,12.2392990371809,-63.0932097528165));
#4191=CARTESIAN_POINT('',(43.,14.2376643124768,-62.9999999937816));
#4192=CARTESIAN_POINT('',(37.,12.5128291004972,-67.0048718994803));
#4193=CARTESIAN_POINT('Ctrl Pts',(40.9989164818227,12.2392990371809,-63.0932097528165));
#4194=CARTESIAN_POINT('Ctrl Pts',(40.9783098518766,12.3012698265543,-63.9794333293094));
#4195=CARTESIAN_POINT('Ctrl Pts',(40.4340636817071,12.4033365399337,-65.4390553332686));
#4196=CARTESIAN_POINT('Ctrl Pts',(38.7644306545094,12.4942853424177,-66.7396838040389));
#4197=CARTESIAN_POINT('Ctrl Pts',(37.5888224222913,12.5128291004972,-67.0048718994803));
#4198=CARTESIAN_POINT('Ctrl Pts',(37.,12.5128291004972,-67.0048718994803));
#4199=CARTESIAN_POINT('',(37.,14.6523420479855,-69.));
#4200=CARTESIAN_POINT('',(37.,12.5128291004972,-67.0048718994803));
#4201=CARTESIAN_POINT('Ctrl Pts',(37.,14.6523420479855,-69.));
#4202=CARTESIAN_POINT('Ctrl Pts',(37.9049257390457,14.6523420479855,-69.));
#4203=CARTESIAN_POINT('Ctrl Pts',(39.7112384173737,14.6238166830374,-68.5822801642908));
#4204=CARTESIAN_POINT('Ctrl Pts',(42.23368614603,14.4846565460642,-66.5527110225098));
#4205=CARTESIAN_POINT('Ctrl Pts',(43.0000000013822,14.3304449588965,-64.3271836818072));
#4206=CARTESIAN_POINT('Ctrl Pts',(43.,14.2376643129094,-62.9999999937514));
#4207=CARTESIAN_POINT('Origin',(20.0000000223517,13.5825855742414,-68.0024359497402));
#4208=CARTESIAN_POINT('',(-37.,12.5128291004972,-67.0048718994804));
#4209=CARTESIAN_POINT('',(-37.,14.6523420479855,-69.));
#4210=CARTESIAN_POINT('',(-37.,12.5128291004972,-67.0048718994804));
#4211=CARTESIAN_POINT('',(20.0000000223517,14.6523420479855,-69.));
#4212=CARTESIAN_POINT('',(20.0000000223517,12.5128291004972,-67.0048718994804));
#4213=CARTESIAN_POINT('Ctrl Pts',(-37.,14.6523420479855,-69.));
#4214=CARTESIAN_POINT('Ctrl Pts',(-37.9049257390457,14.6523420479855,-69.));
#4215=CARTESIAN_POINT('Ctrl Pts',(-39.7112384173737,14.6238166830374,-68.5822801642908));
#4216=CARTESIAN_POINT('Ctrl Pts',(-42.23368614603,14.4846565460642,-66.5527110225098));
#4217=CARTESIAN_POINT('Ctrl Pts',(-43.0000000013822,14.3304449588965,-64.3271836818072));
#4218=CARTESIAN_POINT('Ctrl Pts',(-43.,14.2376643129094,-62.9999999937514));
#4219=CARTESIAN_POINT('Ctrl Pts',(-37.,13.9391710654894,-68.3349572998268));
#4220=CARTESIAN_POINT('Ctrl Pts',(-37.7995579667942,13.9391710654894,-68.3349572998268));
#4221=CARTESIAN_POINT('Ctrl Pts',(-39.3956358297523,13.9139729028308,-67.9680813775402));
#4222=CARTESIAN_POINT('Ctrl Pts',(-41.6338119912557,13.7908832106874,-66.1814924594294));
#4223=CARTESIAN_POINT('Ctrl Pts',(-42.3261032848803,13.6540532481157,-64.2112668976413));
#4224=CARTESIAN_POINT('Ctrl Pts',(-42.3329721606076,13.5715425543332,-63.0310699134398));
#4225=CARTESIAN_POINT('Ctrl Pts',(-37.,13.2260000829933,-67.6699145996536));
#4226=CARTESIAN_POINT('Ctrl Pts',(-37.6941901945428,13.2260000829933,-67.6699145996536));
#4227=CARTESIAN_POINT('Ctrl Pts',(-39.0800332421308,13.2041291226242,-67.3538825907896));
#4228=CARTESIAN_POINT('Ctrl Pts',(-41.0339378364814,13.0971098753106,-65.810273896349));
#4229=CARTESIAN_POINT('Ctrl Pts',(-41.6522065683784,12.977661537335,-64.0953501134753));
#4230=CARTESIAN_POINT('Ctrl Pts',(-41.6659443212151,12.9054207957571,-63.0621398331282));
#4231=CARTESIAN_POINT('Ctrl Pts',(-37.,12.5128291004972,-67.0048718994804));
#4232=CARTESIAN_POINT('Ctrl Pts',(-37.5888224222913,12.5128291004972,-67.0048718994804));
#4233=CARTESIAN_POINT('Ctrl Pts',(-38.7644306545094,12.4942853424177,-66.739683804039));
#4234=CARTESIAN_POINT('Ctrl Pts',(-40.4340636817071,12.4033365399337,-65.4390553332686));
#4235=CARTESIAN_POINT('Ctrl Pts',(-40.9783098518766,12.3012698265543,-63.9794333293094));
#4236=CARTESIAN_POINT('Ctrl Pts',(-40.9989164818227,12.2392990371809,-63.0932097528165));
#4237=CARTESIAN_POINT('',(-40.9989164818227,12.2392990371809,-63.0932097528165));
#4238=CARTESIAN_POINT('',(-43.,14.2376643124768,-62.9999999937817));
#4239=CARTESIAN_POINT('',(-40.9989164818227,12.2392990371809,-63.0932097528165));
#4240=CARTESIAN_POINT('Ctrl Pts',(-43.,14.2376643129094,-62.9999999937514));
#4241=CARTESIAN_POINT('Ctrl Pts',(-43.0000000013822,14.3304449588965,-64.3271836818072));
#4242=CARTESIAN_POINT('Ctrl Pts',(-42.23368614603,14.4846565460642,-66.5527110225098));
#4243=CARTESIAN_POINT('Ctrl Pts',(-39.7112384173737,14.6238166830374,-68.5822801642908));
#4244=CARTESIAN_POINT('Ctrl Pts',(-37.9049257390457,14.6523420479855,-69.));
#4245=CARTESIAN_POINT('Ctrl Pts',(-37.,14.6523420479855,-69.));
#4246=CARTESIAN_POINT('Ctrl Pts',(-37.,12.5128291004972,-67.0048718994804));
#4247=CARTESIAN_POINT('Ctrl Pts',(-37.5888224222913,12.5128291004972,-67.0048718994804));
#4248=CARTESIAN_POINT('Ctrl Pts',(-38.7644306545094,12.4942853424177,-66.739683804039));
#4249=CARTESIAN_POINT('Ctrl Pts',(-40.4340636817071,12.4033365399337,-65.4390553332686));
#4250=CARTESIAN_POINT('Ctrl Pts',(-40.9783098518766,12.3012698265543,-63.9794333293094));
#4251=CARTESIAN_POINT('Ctrl Pts',(-40.9989164818227,12.2392990371809,-63.0932097528165));
#4252=CARTESIAN_POINT('Ctrl Pts',(43.,14.2279092768441,-62.8604870525118));
#4253=CARTESIAN_POINT('Ctrl Pts',(43.,14.2311605925809,-62.9069830337596));
#4254=CARTESIAN_POINT('Ctrl Pts',(43.,14.2344121269059,-62.9534789960978));
#4255=CARTESIAN_POINT('Ctrl Pts',(43.,14.2376643129094,-62.9999999937514));
#4256=CARTESIAN_POINT('Ctrl Pts',(42.3333333333333,13.5628665766709,-62.9069913683412));
#4257=CARTESIAN_POINT('Ctrl Pts',(42.3333333333333,13.5657583929692,-62.9483462681));
#4258=CARTESIAN_POINT('Ctrl Pts',(42.3332129313444,13.5686503549893,-62.9897011551983));
#4259=CARTESIAN_POINT('Ctrl Pts',(42.3329721606076,13.5715425543332,-63.0310699134398));
#4260=CARTESIAN_POINT('Ctrl Pts',(41.6666666666667,12.8978238764977,-62.9534956841706));
#4261=CARTESIAN_POINT('Ctrl Pts',(41.6666666666667,12.9003561933576,-62.9897095024404));
#4262=CARTESIAN_POINT('Ctrl Pts',(41.6664258626888,12.9028885830726,-63.0259233142989));
#4263=CARTESIAN_POINT('Ctrl Pts',(41.6659443212151,12.9054207957571,-63.0621398331282));
#4264=CARTESIAN_POINT('Ctrl Pts',(41.,12.2327811763244,-63.));
#4265=CARTESIAN_POINT('Ctrl Pts',(41.,12.2349539937459,-63.0310727367808));
#4266=CARTESIAN_POINT('Ctrl Pts',(40.9996387940331,12.237126811156,-63.0621454733994));
#4267=CARTESIAN_POINT('Ctrl Pts',(40.9989164818227,12.2392990371809,-63.0932097528165));
#4268=CARTESIAN_POINT('Ctrl Pts',(43.,14.2376643129094,-62.9999999937514));
#4269=CARTESIAN_POINT('Ctrl Pts',(43.,14.2344121269059,-62.9534789960978));
#4270=CARTESIAN_POINT('Ctrl Pts',(43.,14.2311605925809,-62.9069830337596));
#4271=CARTESIAN_POINT('Ctrl Pts',(43.,14.2279092768441,-62.8604870525118));
#4272=CARTESIAN_POINT('Ctrl Pts',(41.,12.2327811763244,-63.));
#4273=CARTESIAN_POINT('Ctrl Pts',(41.,12.2349539937459,-63.0310727367808));
#4274=CARTESIAN_POINT('Ctrl Pts',(40.9996387940331,12.237126811156,-63.0621454733994));
#4275=CARTESIAN_POINT('Ctrl Pts',(40.9989164818227,12.2392990371809,-63.0932097528165));
#4276=CARTESIAN_POINT('Origin',(-42.,10.9962837124054,-30.9816754150198));
#4277=CARTESIAN_POINT('',(-41.,3.43175856708489,62.8604870525118));
#4278=CARTESIAN_POINT('',(-43.,5.42688666760454,63.));
#4279=CARTESIAN_POINT('',(-41.,3.43175856708489,62.8604870525118));
#4280=CARTESIAN_POINT('',(-43.,14.2279092768441,-62.8604870525118));
#4281=CARTESIAN_POINT('',(-43.,11.9938477626653,-30.9119189412757));
#4282=CARTESIAN_POINT('',(-41.,12.2327811763244,-63.));
#4283=CARTESIAN_POINT('',(-43.,14.2279092768441,-62.8604870525118));
#4284=CARTESIAN_POINT('',(-41.,9.99871966214562,-31.051431888764));
#4285=CARTESIAN_POINT('Ctrl Pts',(-43.,14.2376643129094,-62.9999999937514));
#4286=CARTESIAN_POINT('Ctrl Pts',(-43.,14.2344121269059,-62.9534789960978));
#4287=CARTESIAN_POINT('Ctrl Pts',(-43.,14.2311605925809,-62.9069830337596));
#4288=CARTESIAN_POINT('Ctrl Pts',(-43.,14.2279092768441,-62.8604870525118));
#4289=CARTESIAN_POINT('Ctrl Pts',(-42.3329721606076,13.5715425543332,-63.0310699134398));
#4290=CARTESIAN_POINT('Ctrl Pts',(-42.3332129313444,13.5686503549893,-62.9897011551983));
#4291=CARTESIAN_POINT('Ctrl Pts',(-42.3333333333333,13.5657583929692,-62.9483462681));
#4292=CARTESIAN_POINT('Ctrl Pts',(-42.3333333333333,13.5628665766709,-62.9069913683412));
#4293=CARTESIAN_POINT('Ctrl Pts',(-41.6659443212151,12.9054207957571,-63.0621398331282));
#4294=CARTESIAN_POINT('Ctrl Pts',(-41.6664258626888,12.9028885830726,-63.0259233142989));
#4295=CARTESIAN_POINT('Ctrl Pts',(-41.6666666666667,12.9003561933576,-62.9897095024404));
#4296=CARTESIAN_POINT('Ctrl Pts',(-41.6666666666667,12.8978238764977,-62.9534956841706));
#4297=CARTESIAN_POINT('Ctrl Pts',(-40.9989164818227,12.2392990371809,-63.0932097528165));
#4298=CARTESIAN_POINT('Ctrl Pts',(-40.9996387940331,12.237126811156,-63.0621454733994));
#4299=CARTESIAN_POINT('Ctrl Pts',(-41.,12.2349539937459,-63.0310727367808));
#4300=CARTESIAN_POINT('Ctrl Pts',(-41.,12.2327811763244,-63.));
#4301=CARTESIAN_POINT('Ctrl Pts',(-43.,14.2279092768441,-62.8604870525118));
#4302=CARTESIAN_POINT('Ctrl Pts',(-43.,14.2311605925809,-62.9069830337596));
#4303=CARTESIAN_POINT('Ctrl Pts',(-43.,14.2344121269059,-62.9534789960978));
#4304=CARTESIAN_POINT('Ctrl Pts',(-43.,14.2376643129094,-62.9999999937514));
#4305=CARTESIAN_POINT('Ctrl Pts',(-40.9989164818227,12.2392990371809,-63.0932097528165));
#4306=CARTESIAN_POINT('Ctrl Pts',(-40.9996387940331,12.237126811156,-63.0621454733994));
#4307=CARTESIAN_POINT('Ctrl Pts',(-41.,12.2349539937459,-63.0310727367808));
#4308=CARTESIAN_POINT('Ctrl Pts',(-41.,12.2327811763244,-63.));
#4309=CARTESIAN_POINT('Ctrl Pts',(-43.,5.42688666760454,63.));
#4310=CARTESIAN_POINT('Ctrl Pts',(-43.,5.42363476905697,63.0465043158294));
#4311=CARTESIAN_POINT('Ctrl Pts',(-42.9994594095787,5.42038308938909,63.0930086469644));
#4312=CARTESIAN_POINT('Ctrl Pts',(-42.9983777932278,5.41713031567562,63.1395129015963));
#4313=CARTESIAN_POINT('Ctrl Pts',(-42.3333333333333,4.76184396743132,62.9534956841706));
#4314=CARTESIAN_POINT('Ctrl Pts',(-42.3333333333333,4.75859206888376,63.));
#4315=CARTESIAN_POINT('Ctrl Pts',(-42.3329729397191,4.75534031625598,63.0465043260332));
#4316=CARTESIAN_POINT('Ctrl Pts',(-42.3322518621519,4.75208783426447,63.0930086010642));
#4317=CARTESIAN_POINT('Ctrl Pts',(-41.6666666666667,4.09680126725811,62.9069913683412));
#4318=CARTESIAN_POINT('Ctrl Pts',(-41.6666666666667,4.09354936871054,62.9534956841706));
#4319=CARTESIAN_POINT('Ctrl Pts',(-41.6664864698596,4.09029754312287,63.0000000051019));
#4320=CARTESIAN_POINT('Ctrl Pts',(-41.6661259310759,4.08704535285333,63.0465043005321));
#4321=CARTESIAN_POINT('Ctrl Pts',(-41.,3.43175856708489,62.8604870525118));
#4322=CARTESIAN_POINT('Ctrl Pts',(-41.,3.42850666853732,62.9069913683412));
#4323=CARTESIAN_POINT('Ctrl Pts',(-41.,3.42525476998976,62.9534956841706));
#4324=CARTESIAN_POINT('Ctrl Pts',(-41.,3.42200287144219,63.));
#4325=CARTESIAN_POINT('Ctrl Pts',(-42.9983777932278,5.41713031567562,63.1395129015963));
#4326=CARTESIAN_POINT('Ctrl Pts',(-42.9994594095787,5.42038308938909,63.0930086469644));
#4327=CARTESIAN_POINT('Ctrl Pts',(-43.,5.42363476905697,63.0465043158294));
#4328=CARTESIAN_POINT('Ctrl Pts',(-43.,5.42688666760454,63.));
#4329=CARTESIAN_POINT('Ctrl Pts',(-41.,3.43175856708489,62.8604870525118));
#4330=CARTESIAN_POINT('Ctrl Pts',(-41.,3.42850666853732,62.9069913683412));
#4331=CARTESIAN_POINT('Ctrl Pts',(-41.,3.42525476998976,62.9534956841706));
#4332=CARTESIAN_POINT('Ctrl Pts',(-41.,3.42200287144219,63.));
#4333=CARTESIAN_POINT('Origin',(43.,0.,63.));
#4334=CARTESIAN_POINT('',(43.,21.8,-63.));
#4335=CARTESIAN_POINT('',(43.,0.,-63.));
#4336=CARTESIAN_POINT('',(43.,21.8,-44.8));
#4337=CARTESIAN_POINT('',(43.,21.8,-63.));
#4338=CARTESIAN_POINT('',(43.,21.7,-44.8));
#4339=CARTESIAN_POINT('',(43.,10.85,-44.8));
#4340=CARTESIAN_POINT('',(43.,19.7,-42.8));
#4341=CARTESIAN_POINT('Origin',(43.,21.7,-42.8));
#4342=CARTESIAN_POINT('',(43.,19.7,-26.2));
#4343=CARTESIAN_POINT('',(43.,19.7,18.4));
#4344=CARTESIAN_POINT('',(43.,21.7,-24.2));
#4345=CARTESIAN_POINT('Origin',(43.,21.7,-26.2));
#4346=CARTESIAN_POINT('',(43.,21.8,-24.2));
#4347=CARTESIAN_POINT('',(43.,10.95,-24.2));
#4348=CARTESIAN_POINT('',(43.,21.8,24.2));
#4349=CARTESIAN_POINT('',(43.,21.8,-63.));
#4350=CARTESIAN_POINT('',(43.,21.7,24.2));
#4351=CARTESIAN_POINT('',(43.,10.85,24.2));
#4352=CARTESIAN_POINT('',(43.,19.7,26.2));
#4353=CARTESIAN_POINT('Origin',(43.,21.7,26.2));
#4354=CARTESIAN_POINT('',(43.,19.7,42.8));
#4355=CARTESIAN_POINT('',(43.,19.7,52.9));
#4356=CARTESIAN_POINT('',(43.,21.7,44.8));
#4357=CARTESIAN_POINT('Origin',(43.,21.7,42.8));
#4358=CARTESIAN_POINT('',(43.,21.8,44.8));
#4359=CARTESIAN_POINT('',(43.,10.9,44.8));
#4360=CARTESIAN_POINT('',(43.,21.8,63.));
#4361=CARTESIAN_POINT('',(43.,21.8,-63.));
#4362=CARTESIAN_POINT('',(43.,0.,63.));
#4363=CARTESIAN_POINT('Origin',(37.,0.,-63.));
#4364=CARTESIAN_POINT('',(37.,21.8,-69.));
#4365=CARTESIAN_POINT('',(37.,0.,-69.));
#4366=CARTESIAN_POINT('Origin',(37.,21.8,-63.));
#4367=CARTESIAN_POINT('Origin',(37.,0.,-69.));
#4368=CARTESIAN_POINT('',(-37.,21.8,-69.));
#4369=CARTESIAN_POINT('',(-37.,0.,-69.));
#4370=CARTESIAN_POINT('',(-37.,21.8,-69.));
#4371=CARTESIAN_POINT('Origin',(-37.,0.,-63.));
#4372=CARTESIAN_POINT('',(-43.,21.8,-63.));
#4373=CARTESIAN_POINT('',(-43.,0.,-63.));
#4374=CARTESIAN_POINT('Origin',(-37.,21.8,-63.));
#4375=CARTESIAN_POINT('Origin',(-43.,0.,-63.));
#4376=CARTESIAN_POINT('',(-43.,21.8,63.));
#4377=CARTESIAN_POINT('',(-43.,0.,63.));
#4378=CARTESIAN_POINT('',(-43.,21.8,44.8));
#4379=CARTESIAN_POINT('',(-43.,21.8,63.));
#4380=CARTESIAN_POINT('',(-43.,21.7,44.8));
#4381=CARTESIAN_POINT('',(-43.,10.9,44.8));
#4382=CARTESIAN_POINT('',(-43.,19.7,42.8));
#4383=CARTESIAN_POINT('Origin',(-43.,21.7,42.8));
#4384=CARTESIAN_POINT('',(-43.,19.7,26.2));
#4385=CARTESIAN_POINT('',(-43.,19.7,-10.1));
#4386=CARTESIAN_POINT('',(-43.,21.7,24.2));
#4387=CARTESIAN_POINT('Origin',(-43.,21.7,26.2));
#4388=CARTESIAN_POINT('',(-43.,21.8,24.2));
#4389=CARTESIAN_POINT('',(-43.,10.85,24.2));
#4390=CARTESIAN_POINT('',(-43.,21.8,-24.2));
#4391=CARTESIAN_POINT('',(-43.,21.8,63.));
#4392=CARTESIAN_POINT('',(-43.,21.7,-24.2));
#4393=CARTESIAN_POINT('',(-43.,10.95,-24.2));
#4394=CARTESIAN_POINT('',(-43.,19.7,-26.2));
#4395=CARTESIAN_POINT('Origin',(-43.,21.7,-26.2));
#4396=CARTESIAN_POINT('',(-43.,19.7,-42.8));
#4397=CARTESIAN_POINT('',(-43.,19.7,-44.6));
#4398=CARTESIAN_POINT('',(-43.,21.7,-44.8));
#4399=CARTESIAN_POINT('Origin',(-43.,21.7,-42.8));
#4400=CARTESIAN_POINT('',(-43.,21.8,-44.8));
#4401=CARTESIAN_POINT('',(-43.,10.85,-44.8));
#4402=CARTESIAN_POINT('',(-43.,21.8,63.));
#4403=CARTESIAN_POINT('Origin',(3.00000004470348,7.8241824407205,0.0458991776345999));
#4404=CARTESIAN_POINT('Origin',(4.5,5.25206963774574,65.5));
#4405=CARTESIAN_POINT('',(4.5,5.25206963774574,65.5));
#4406=CARTESIAN_POINT('',(4.5,5.54504682747106,61.3102309889088));
#4407=CARTESIAN_POINT('',(4.5,9.83227582004555,4.51833734176801E-15));
#4408=CARTESIAN_POINT('',(4.5,4.25450558748592,65.4302435262559));
#4409=CARTESIAN_POINT('',(4.5,5.25206963774574,65.5));
#4410=CARTESIAN_POINT('',(4.5,4.54748277721123,61.2404745151646));
#4411=CARTESIAN_POINT('',(4.5,4.25450558748592,65.4302435262559));
#4412=CARTESIAN_POINT('',(4.5,5.54504682747106,61.3102309889088));
#4413=CARTESIAN_POINT('Origin',(27.5,5.25206963774574,65.5));
#4414=CARTESIAN_POINT('',(27.5,5.25206963774574,65.5));
#4415=CARTESIAN_POINT('',(43.,5.25206963774574,65.5));
#4416=CARTESIAN_POINT('',(27.5,4.25450558748592,65.4302435262559));
#4417=CARTESIAN_POINT('',(27.5,5.25206963774574,65.5));
#4418=CARTESIAN_POINT('',(27.5,4.25450558748592,65.4302435262559));
#4419=CARTESIAN_POINT('Origin',(27.5,5.54504682747106,61.3102309889088));
#4420=CARTESIAN_POINT('',(27.5,5.54504682747106,61.3102309889088));
#4421=CARTESIAN_POINT('',(27.5,9.9787644149082,-2.09488450554562));
#4422=CARTESIAN_POINT('',(27.5,4.54748277721123,61.2404745151646));
#4423=CARTESIAN_POINT('',(27.5,5.54504682747106,61.3102309889088));
#4424=CARTESIAN_POINT('',(27.5,4.54748277721123,61.2404745151646));
#4425=CARTESIAN_POINT('Origin',(4.5,5.54504682747106,61.3102309889088));
#4426=CARTESIAN_POINT('',(23.75,5.54504682747106,61.3102309889088));
#4427=CARTESIAN_POINT('',(4.5,4.54748277721123,61.2404745151646));
#4428=CARTESIAN_POINT('Origin',(16.,4.40099418234857,63.3353590207103));
#4429=CARTESIAN_POINT('Origin',(-37.,14.,14.9));
#4430=CARTESIAN_POINT('',(-38.65,14.,14.9));
#4431=CARTESIAN_POINT('Origin',(-37.,14.,14.9));
#4432=CARTESIAN_POINT('',(-38.25,14.,14.9));
#4433=CARTESIAN_POINT('Origin',(-37.,14.,14.9));
#4434=CARTESIAN_POINT('Origin',(-37.,0.,14.9));
#4435=CARTESIAN_POINT('',(-38.65,18.,14.9));
#4436=CARTESIAN_POINT('',(-38.65,0.,14.9));
#4437=CARTESIAN_POINT('Origin',(-37.,18.,14.9));
#4438=CARTESIAN_POINT('Origin',(37.,14.,14.9));
#4439=CARTESIAN_POINT('',(35.35,14.,14.9));
#4440=CARTESIAN_POINT('Origin',(37.,14.,14.9));
#4441=CARTESIAN_POINT('',(35.75,14.,14.9));
#4442=CARTESIAN_POINT('Origin',(37.,14.,14.9));
#4443=CARTESIAN_POINT('Origin',(37.,0.,14.9));
#4444=CARTESIAN_POINT('',(35.35,18.,14.9));
#4445=CARTESIAN_POINT('',(35.35,0.,14.9));
#4446=CARTESIAN_POINT('Origin',(37.,18.,14.9));
#4447=CARTESIAN_POINT('Origin',(41.5,21.8,23.2));
#4448=CARTESIAN_POINT('',(41.5,21.8,24.2));
#4449=CARTESIAN_POINT('',(41.5,21.7,24.2));
#4450=CARTESIAN_POINT('',(41.5,21.75,24.2));
#4451=CARTESIAN_POINT('',(41.5,21.8,23.2));
#4452=CARTESIAN_POINT('',(41.5,21.8,11.6));
#4453=CARTESIAN_POINT('',(41.5,19.6,23.2));
#4454=CARTESIAN_POINT('',(41.5,21.8,23.2));
#4455=CARTESIAN_POINT('',(41.5,19.6,45.8));
#4456=CARTESIAN_POINT('',(41.5,19.6,-63.));
#4457=CARTESIAN_POINT('',(41.5,21.8,45.8));
#4458=CARTESIAN_POINT('',(41.5,21.8,45.8));
#4459=CARTESIAN_POINT('',(41.5,21.8,44.8));
#4460=CARTESIAN_POINT('',(41.5,21.8,11.6));
#4461=CARTESIAN_POINT('',(41.5,21.7,44.8));
#4462=CARTESIAN_POINT('',(41.5,21.8,44.8));
#4463=CARTESIAN_POINT('',(41.5,19.7,42.8));
#4464=CARTESIAN_POINT('Origin',(41.5,21.7,42.8));
#4465=CARTESIAN_POINT('',(41.5,19.7,26.2));
#4466=CARTESIAN_POINT('',(41.5,19.7,33.));
#4467=CARTESIAN_POINT('Origin',(41.5,21.7,26.2));
#4468=CARTESIAN_POINT('Origin',(39.5,21.8,23.2));
#4469=CARTESIAN_POINT('',(39.5,21.8,23.2));
#4470=CARTESIAN_POINT('',(19.75,21.8,23.2));
#4471=CARTESIAN_POINT('',(39.5,19.6,23.2));
#4472=CARTESIAN_POINT('',(39.5,18.163835393939,23.2));
#4473=CARTESIAN_POINT('',(39.5,19.6,23.2));
#4474=CARTESIAN_POINT('Origin',(41.5,21.8,45.8));
#4475=CARTESIAN_POINT('',(39.4999993592501,21.8,45.8));
#4476=CARTESIAN_POINT('',(20.7499999999999,21.8,45.7999999999999));
#4477=CARTESIAN_POINT('',(39.4999993592501,19.6,45.8));
#4478=CARTESIAN_POINT('',(39.4999993592501,19.6,45.8));
#4479=CARTESIAN_POINT('',(39.5,18.163835393939,45.8));
#4480=CARTESIAN_POINT('Origin',(40.499999679625,19.6,34.5));
#4481=CARTESIAN_POINT('',(39.5,19.6,17.25));
#4482=CARTESIAN_POINT('Origin',(41.5,21.8,-23.2));
#4483=CARTESIAN_POINT('',(41.5,21.8,-23.2));
#4484=CARTESIAN_POINT('',(39.5,21.8,-23.2));
#4485=CARTESIAN_POINT('',(20.75,21.8,-23.2));
#4486=CARTESIAN_POINT('',(41.5,19.6,-23.2));
#4487=CARTESIAN_POINT('',(41.5,21.8,-23.2));
#4488=CARTESIAN_POINT('',(39.5,19.6,-23.2));
#4489=CARTESIAN_POINT('',(39.5,19.6,-23.2));
#4490=CARTESIAN_POINT('',(39.5,18.163835393939,-23.2));
#4491=CARTESIAN_POINT('Origin',(41.5,21.8,-45.8));
#4492=CARTESIAN_POINT('',(41.5,21.7,-24.2));
#4493=CARTESIAN_POINT('',(41.5,21.8,-24.2));
#4494=CARTESIAN_POINT('',(41.5,21.85,-24.2));
#4495=CARTESIAN_POINT('',(41.5,19.7,-26.2));
#4496=CARTESIAN_POINT('Origin',(41.5,21.7,-26.2));
#4497=CARTESIAN_POINT('',(41.5,19.7,-42.8));
#4498=CARTESIAN_POINT('',(41.5,19.7,-36.));
#4499=CARTESIAN_POINT('',(41.5,21.7,-44.8));
#4500=CARTESIAN_POINT('Origin',(41.5,21.7,-42.8));
#4501=CARTESIAN_POINT('',(41.5,21.8,-44.8));
#4502=CARTESIAN_POINT('',(41.5,21.75,-44.8));
#4503=CARTESIAN_POINT('',(41.5,21.8,-45.8));
#4504=CARTESIAN_POINT('',(41.5,21.8,-22.9));
#4505=CARTESIAN_POINT('',(41.5,19.6,-45.8));
#4506=CARTESIAN_POINT('',(41.5,21.8,-45.8));
#4507=CARTESIAN_POINT('',(41.5,19.6,-63.));
#4508=CARTESIAN_POINT('',(41.5,21.8,-22.9));
#4509=CARTESIAN_POINT('Origin',(39.4999993592501,21.8,-45.8));
#4510=CARTESIAN_POINT('',(39.4999993592501,21.8,-45.8));
#4511=CARTESIAN_POINT('',(19.749999679625,21.8,-45.7999999999999));
#4512=CARTESIAN_POINT('',(39.4999993592501,19.6,-45.8));
#4513=CARTESIAN_POINT('',(39.5,18.163835393939,-45.8));
#4514=CARTESIAN_POINT('',(39.4999993592501,19.6,-45.8));
#4515=CARTESIAN_POINT('Origin',(40.499999679625,19.6,-34.5));
#4516=CARTESIAN_POINT('',(39.5,19.6,-17.25));
#4517=CARTESIAN_POINT('Origin',(-41.5,21.8,45.8));
#4518=CARTESIAN_POINT('',(-41.5,21.8,44.8));
#4519=CARTESIAN_POINT('',(-41.5,21.7,44.8));
#4520=CARTESIAN_POINT('',(-41.5,21.8,44.8));
#4521=CARTESIAN_POINT('',(-41.5,21.8,45.8));
#4522=CARTESIAN_POINT('',(-41.5,21.8,22.9));
#4523=CARTESIAN_POINT('',(-41.5,19.6,45.8));
#4524=CARTESIAN_POINT('',(-41.5,21.8,45.8));
#4525=CARTESIAN_POINT('',(-41.5,19.6,23.2));
#4526=CARTESIAN_POINT('',(-41.5,19.6,63.));
#4527=CARTESIAN_POINT('',(-41.5,21.8,23.2));
#4528=CARTESIAN_POINT('',(-41.5,21.8,23.2));
#4529=CARTESIAN_POINT('',(-41.5,21.8,24.2));
#4530=CARTESIAN_POINT('',(-41.5,21.8,22.9));
#4531=CARTESIAN_POINT('',(-41.5,21.7,24.2));
#4532=CARTESIAN_POINT('',(-41.5,21.75,24.2));
#4533=CARTESIAN_POINT('',(-41.5,19.7,26.2));
#4534=CARTESIAN_POINT('Origin',(-41.5,21.7,26.2));
#4535=CARTESIAN_POINT('',(-41.5,19.7,42.8));
#4536=CARTESIAN_POINT('',(-41.5,19.7,44.3));
#4537=CARTESIAN_POINT('Origin',(-41.5,21.7,42.8));
#4538=CARTESIAN_POINT('Origin',(-41.5,21.8,23.2));
#4539=CARTESIAN_POINT('',(-39.5,21.8,23.2));
#4540=CARTESIAN_POINT('',(-20.75,21.8,23.2));
#4541=CARTESIAN_POINT('',(-39.5,19.6,23.2));
#4542=CARTESIAN_POINT('',(-39.5,19.6,23.2));
#4543=CARTESIAN_POINT('',(-39.5,18.163835393939,23.2));
#4544=CARTESIAN_POINT('Origin',(-39.4999993592501,21.8,45.8));
#4545=CARTESIAN_POINT('',(-39.4999993592501,21.8,45.8));
#4546=CARTESIAN_POINT('',(-19.749999679625,21.8,45.7999999999999));
#4547=CARTESIAN_POINT('',(-39.4999993592501,19.6,45.8));
#4548=CARTESIAN_POINT('',(-39.5,18.163835393939,45.8));
#4549=CARTESIAN_POINT('',(-39.4999993592501,19.6,45.8));
#4550=CARTESIAN_POINT('Origin',(-40.499999679625,19.6,34.5));
#4551=CARTESIAN_POINT('',(-39.5,19.6,17.25));
#4552=CARTESIAN_POINT('Origin',(-41.5,21.8,-23.2));
#4553=CARTESIAN_POINT('',(-41.5,21.8,-24.2));
#4554=CARTESIAN_POINT('',(-41.5,21.7,-24.2));
#4555=CARTESIAN_POINT('',(-41.5,21.85,-24.2));
#4556=CARTESIAN_POINT('',(-41.5,21.8,-23.2));
#4557=CARTESIAN_POINT('',(-41.5,21.8,-11.6));
#4558=CARTESIAN_POINT('',(-41.5,19.6,-23.2));
#4559=CARTESIAN_POINT('',(-41.5,21.8,-23.2));
#4560=CARTESIAN_POINT('',(-41.5,19.6,-45.8));
#4561=CARTESIAN_POINT('',(-41.5,19.6,63.));
#4562=CARTESIAN_POINT('',(-41.5,21.8,-45.8));
#4563=CARTESIAN_POINT('',(-41.5,21.8,-45.8));
#4564=CARTESIAN_POINT('',(-41.5,21.8,-44.8));
#4565=CARTESIAN_POINT('',(-41.5,21.8,-11.6));
#4566=CARTESIAN_POINT('',(-41.5,21.7,-44.8));
#4567=CARTESIAN_POINT('',(-41.5,21.75,-44.8));
#4568=CARTESIAN_POINT('',(-41.5,19.7,-42.8));
#4569=CARTESIAN_POINT('Origin',(-41.5,21.7,-42.8));
#4570=CARTESIAN_POINT('',(-41.5,19.7,-26.2));
#4571=CARTESIAN_POINT('',(-41.5,19.7,-24.7));
#4572=CARTESIAN_POINT('Origin',(-41.5,21.7,-26.2));
#4573=CARTESIAN_POINT('Origin',(-41.5,21.8,-45.8));
#4574=CARTESIAN_POINT('',(-39.4999993592501,21.8,-45.8));
#4575=CARTESIAN_POINT('',(-20.7499999999999,21.8,-45.7999999999999));
#4576=CARTESIAN_POINT('',(-39.4999993592501,19.6,-45.8));
#4577=CARTESIAN_POINT('',(-39.4999993592501,19.6,-45.8));
#4578=CARTESIAN_POINT('',(-39.5,18.163835393939,-45.8));
#4579=CARTESIAN_POINT('Origin',(-39.5,21.8,-23.2));
#4580=CARTESIAN_POINT('',(-39.5,21.8,-23.2));
#4581=CARTESIAN_POINT('',(-19.75,21.8,-23.2));
#4582=CARTESIAN_POINT('',(-39.5,19.6,-23.2));
#4583=CARTESIAN_POINT('',(-39.5,18.163835393939,-23.2));
#4584=CARTESIAN_POINT('',(-39.5,19.6,-23.2));
#4585=CARTESIAN_POINT('Origin',(-40.499999679625,19.6,-34.5));
#4586=CARTESIAN_POINT('',(-39.5,19.6,-17.25));
#4587=CARTESIAN_POINT('Origin',(-43.,21.7,26.2));
#4588=CARTESIAN_POINT('',(-43.,19.7,26.2));
#4589=CARTESIAN_POINT('',(-43.,21.7,24.2));
#4590=CARTESIAN_POINT('Origin',(-43.,19.7,42.8));
#4591=CARTESIAN_POINT('',(-43.,19.7,42.8));
#4592=CARTESIAN_POINT('Origin',(-43.,21.7,42.8));
#4593=CARTESIAN_POINT('',(-43.,21.7,44.8));
#4594=CARTESIAN_POINT('Origin',(-43.,21.8,44.8));
#4595=CARTESIAN_POINT('',(-21.5,21.8,44.8));
#4596=CARTESIAN_POINT('Origin',(-43.,21.9,-24.2));
#4597=CARTESIAN_POINT('',(-21.5,21.8,-24.2));
#4598=CARTESIAN_POINT('',(-43.,21.7,-24.2));
#4599=CARTESIAN_POINT('Origin',(0.,21.8,0.));
#4600=CARTESIAN_POINT('',(-21.5,21.8,24.2));
#4601=CARTESIAN_POINT('',(39.5,21.8,0.));
#4602=CARTESIAN_POINT('Origin',(-43.,21.7,42.8));
#4603=CARTESIAN_POINT('',(-43.,19.7,42.8));
#4604=CARTESIAN_POINT('',(-43.,21.7,44.8));
#4605=CARTESIAN_POINT('Origin',(0.,21.8,0.));
#4606=CARTESIAN_POINT('',(39.5,21.8,63.5));
#4607=CARTESIAN_POINT('',(39.5,21.8,0.));
#4608=CARTESIAN_POINT('',(37.5,21.8,65.5));
#4609=CARTESIAN_POINT('Origin',(37.5,21.8,63.5));
#4610=CARTESIAN_POINT('',(-37.5,21.8,65.5));
#4611=CARTESIAN_POINT('',(21.5,21.8,65.5));
#4612=CARTESIAN_POINT('',(-39.5,21.8,63.5));
#4613=CARTESIAN_POINT('Origin',(-37.5,21.8,63.5));
#4614=CARTESIAN_POINT('',(-39.5,21.8,0.));
#4615=CARTESIAN_POINT('',(-21.5,21.8,44.8));
#4616=CARTESIAN_POINT('',(-37.,21.8,69.));
#4617=CARTESIAN_POINT('Origin',(-37.,21.8,63.));
#4618=CARTESIAN_POINT('',(37.,21.8,69.));
#4619=CARTESIAN_POINT('',(37.,21.8,69.));
#4620=CARTESIAN_POINT('Origin',(37.,21.8,63.));
#4621=CARTESIAN_POINT('Origin',(-43.,19.7,42.8));
#4622=CARTESIAN_POINT('',(-43.,19.7,26.2));
#4623=CARTESIAN_POINT('Origin',(-43.,21.7,26.2));
#4624=CARTESIAN_POINT('',(-43.,21.7,24.2));
#4625=CARTESIAN_POINT('Origin',(-43.,21.7,24.2));
#4626=CARTESIAN_POINT('',(-21.5,21.8,24.2));
#4627=CARTESIAN_POINT('Origin',(-43.,21.7,-26.2));
#4628=CARTESIAN_POINT('',(-43.,19.7,-26.2));
#4629=CARTESIAN_POINT('',(-43.,21.7,-24.2));
#4630=CARTESIAN_POINT('Origin',(0.,21.8,0.));
#4631=CARTESIAN_POINT('',(-39.5,21.8,0.));
#4632=CARTESIAN_POINT('',(-21.5,21.8,-24.2));
#4633=CARTESIAN_POINT('Origin',(-43.,19.7,-26.2));
#4634=CARTESIAN_POINT('',(-43.,19.7,-42.8));
#4635=CARTESIAN_POINT('Origin',(-43.,21.7,-42.8));
#4636=CARTESIAN_POINT('',(-43.,21.7,-44.8));
#4637=CARTESIAN_POINT('Origin',(-43.,21.7,-44.8));
#4638=CARTESIAN_POINT('',(-21.5,21.8,-44.8));
#4639=CARTESIAN_POINT('Origin',(0.,21.8,0.));
#4640=CARTESIAN_POINT('',(-21.5,21.8,-44.8));
#4641=CARTESIAN_POINT('',(-39.5,21.8,-63.5));
#4642=CARTESIAN_POINT('',(-39.5,21.8,0.));
#4643=CARTESIAN_POINT('',(-37.5,21.8,-65.5));
#4644=CARTESIAN_POINT('Origin',(-37.5,21.8,-63.5));
#4645=CARTESIAN_POINT('',(37.5,21.8,-65.5));
#4646=CARTESIAN_POINT('',(21.5,21.8,-65.5));
#4647=CARTESIAN_POINT('',(39.5,21.8,-63.5));
#4648=CARTESIAN_POINT('Origin',(37.5,21.8,-63.5));
#4649=CARTESIAN_POINT('',(39.5,21.8,0.));
#4650=CARTESIAN_POINT('Origin',(-37.,0.,63.));
#4651=CARTESIAN_POINT('',(-37.,0.,69.));
#4652=CARTESIAN_POINT('Origin',(0.,9.,37.8));
#4653=CARTESIAN_POINT('',(-1.25,9.,37.8));
#4654=CARTESIAN_POINT('Origin',(0.,9.,37.8));
#4655=CARTESIAN_POINT('Origin',(0.,0.,37.8));
#4656=CARTESIAN_POINT('',(-1.25,14.,37.8));
#4657=CARTESIAN_POINT('',(-1.25,0.,37.8));
#4658=CARTESIAN_POINT('Origin',(0.,14.,37.8));
#4659=CARTESIAN_POINT('Origin',(1.01108265521681,0.,43.5999995231629));
#4660=CARTESIAN_POINT('',(1.01108265521681,6.99153514234207,40.6244843537042));
#4661=CARTESIAN_POINT('',(1.01108265521681,6.78346685265228,43.5999995231629));
#4662=CARTESIAN_POINT('',(1.01108265521681,10.5814703692229,-10.7139812091327));
#4663=CARTESIAN_POINT('',(1.01108265521681,10.,40.6244843537042));
#4664=CARTESIAN_POINT('',(1.01108265521681,0.,40.6244843537042));
#4665=CARTESIAN_POINT('',(1.01108265521681,10.,43.5999995231629));
#4666=CARTESIAN_POINT('',(1.01108265521681,10.,39.5256047821908));
#4667=CARTESIAN_POINT('',(1.01108265521681,0.,43.5999995231629));
#4668=CARTESIAN_POINT('Origin',(0.0074489237797673,10.,41.5628021526768));
#4669=CARTESIAN_POINT('',(-0.996184807657271,10.,40.6297731055675));
#4670=CARTESIAN_POINT('Origin',(0.,10.,37.8));
#4671=CARTESIAN_POINT('',(-0.996184807657271,10.,43.5999995231629));
#4672=CARTESIAN_POINT('',(-0.996184807657271,10.,39.5342479145131));
#4673=CARTESIAN_POINT('',(1.01108265521681,10.,43.5999995231629));
#4674=CARTESIAN_POINT('Origin',(-0.996184807657271,0.,43.5999995231629));
#4675=CARTESIAN_POINT('',(-0.996184807657271,6.78346685265228,43.5999995231629));
#4676=CARTESIAN_POINT('',(21.0019075961714,6.78346685265228,43.5999995231629));
#4677=CARTESIAN_POINT('',(-0.996184807657271,0.,43.5999995231629));
#4678=CARTESIAN_POINT('Origin',(-0.996184807657271,0.,39.5342479145131));
#4679=CARTESIAN_POINT('',(-0.996184807657271,6.99116531678511,40.6297731055675));
#4680=CARTESIAN_POINT('',(-0.996184807657263,10.7229311840001,-12.7369651096653));
#4681=CARTESIAN_POINT('',(-0.996184807657271,0.,40.6297731055675));
#4682=CARTESIAN_POINT('Origin',(43.,14.4124820023453,-65.5));
#4683=CARTESIAN_POINT('',(35.3416876048223,5.25206963774574,65.5));
#4684=CARTESIAN_POINT('',(43.,5.25206963774574,65.5));
#4685=CARTESIAN_POINT('',(37.2,5.6362004055581,60.0066740905809));
#4686=CARTESIAN_POINT('Origin',(37.,5.42688666760451,63.));
#4687=CARTESIAN_POINT('',(37.2,5.63666710343503,60.));
#4688=CARTESIAN_POINT('',(37.2,10.0108606386959,-2.55388189003383));
#4689=CARTESIAN_POINT('',(39.5,5.63666710343503,60.0000000000001));
#4690=CARTESIAN_POINT('',(41.2499999999996,5.63666710343503,60.0000000000001));
#4691=CARTESIAN_POINT('',(39.5,8.67440582308609,16.5583123951777));
#4692=CARTESIAN_POINT('',(39.5,12.13380272646,-32.9133681694764));
#4693=CARTESIAN_POINT('',(39.5,8.90632682108845,13.2416876048223));
#4694=CARTESIAN_POINT('Origin',(37.,8.79036632208727,14.9));
#4695=CARTESIAN_POINT('',(39.5,14.1299159997464,-61.4591179013392));
#4696=CARTESIAN_POINT('',(39.5,12.13380272646,-32.9133681694764));
#4697=CARTESIAN_POINT('',(35.2768627567972,14.4124820023454,-65.5));
#4698=CARTESIAN_POINT('Origin',(36.92,14.2369657043671,-62.99));
#4699=CARTESIAN_POINT('',(-35.2768627567972,14.4124820023454,-65.5));
#4700=CARTESIAN_POINT('',(43.,14.4124820023454,-65.5));
#4701=CARTESIAN_POINT('',(-39.5,14.1299159997464,-61.4591179013392));
#4702=CARTESIAN_POINT('Origin',(-36.92,14.2369657043671,-62.99));
#4703=CARTESIAN_POINT('',(-39.5,8.90632682108845,13.2416876048223));
#4704=CARTESIAN_POINT('',(-39.5,5.25206963774574,65.5));
#4705=CARTESIAN_POINT('',(-39.5,8.67440582308609,16.5583123951777));
#4706=CARTESIAN_POINT('Origin',(-37.,8.79036632208727,14.9));
#4707=CARTESIAN_POINT('',(-39.5,5.25206963774574,65.5));
#4708=CARTESIAN_POINT('',(43.,5.25206963774574,65.5));
#4709=CARTESIAN_POINT('',(-2.82842712474619,7.11911551663742,38.8));
#4710=CARTESIAN_POINT('Origin',(0.,7.18904232858092,37.8));
#4711=CARTESIAN_POINT('',(-5.79999952316285,7.11911551663742,38.8));
#4712=CARTESIAN_POINT('',(18.6000002384186,7.11911551663742,38.8));
#4713=CARTESIAN_POINT('',(-5.79999952316285,7.25870235628696,36.8038151923427));
#4714=CARTESIAN_POINT('',(-5.79999952316285,10.817931881227,-14.095538374861));
#4715=CARTESIAN_POINT('',(-2.82977310556745,7.25870235628696,36.8038151923427));
#4716=CARTESIAN_POINT('',(20.6328760427435,7.25870235628696,36.8038151923427));
#4717=CARTESIAN_POINT('',(-1.01108265521681,7.38654951481978,34.9755156462958));
#4718=CARTESIAN_POINT('Origin',(0.,7.18904232858092,37.8));
#4719=CARTESIAN_POINT('',(-1.01108265521681,7.59461780450957,32.0000004768372));
#4720=CARTESIAN_POINT('',(-1.0110826552168,10.9850723288256,-16.4857581339664));
#4721=CARTESIAN_POINT('',(0.996184807657271,7.59461780450957,32.0000004768372));
#4722=CARTESIAN_POINT('',(21.9980924038286,7.59461780450957,32.0000004768372));
#4723=CARTESIAN_POINT('',(0.996184807657271,7.38691934037674,34.9702268944326));
#4724=CARTESIAN_POINT('',(0.996184807657272,10.8436115140483,-14.4627742334338));
#4725=CARTESIAN_POINT('',(2.82448435370418,7.25974411527161,36.7889173447832));
#4726=CARTESIAN_POINT('Origin',(0.,7.18904232858092,37.8));
#4727=CARTESIAN_POINT('',(5.79999952316285,7.25974411527161,36.7889173447832));
#4728=CARTESIAN_POINT('',(24.3999997615814,7.25974411527161,36.7889173447832));
#4729=CARTESIAN_POINT('',(5.79999952316285,7.11938230087489,38.7961848076573));
#4730=CARTESIAN_POINT('',(5.79999952316285,10.7486108168215,-13.1042009682381));
#4731=CARTESIAN_POINT('',(2.82977310556745,7.11938230087489,38.7961848076573));
#4732=CARTESIAN_POINT('',(22.3671239572565,7.11938230087489,38.7961848076573));
#4733=CARTESIAN_POINT('Origin',(0.,7.18904232858092,37.8));
#4734=CARTESIAN_POINT('Origin',(0.996184807657271,0.,32.0000004768372));
#4735=CARTESIAN_POINT('',(-1.01108265521681,10.,32.0000004768372));
#4736=CARTESIAN_POINT('',(-1.01108265521681,0.,32.0000004768372));
#4737=CARTESIAN_POINT('',(0.996184807657271,10.,32.0000004768372));
#4738=CARTESIAN_POINT('',(-1.01108265521681,10.,32.0000004768372));
#4739=CARTESIAN_POINT('',(0.996184807657271,0.,32.0000004768372));
#4740=CARTESIAN_POINT('Origin',(-1.01108265521681,0.,32.0000004768372));
#4741=CARTESIAN_POINT('',(-1.01108265521681,10.,34.9755156462958));
#4742=CARTESIAN_POINT('',(-1.01108265521681,0.,34.9755156462958));
#4743=CARTESIAN_POINT('',(-1.01108265521681,10.,36.0743952178092));
#4744=CARTESIAN_POINT('Origin',(0.996184807657271,0.,36.065752085487));
#4745=CARTESIAN_POINT('',(0.996184807657271,10.,34.9702268944326));
#4746=CARTESIAN_POINT('',(0.996184807657271,10.,36.065752085487));
#4747=CARTESIAN_POINT('',(0.996184807657271,0.,34.9702268944326));
#4748=CARTESIAN_POINT('Origin',(-0.00744892377976758,10.,34.0371978473232));
#4749=CARTESIAN_POINT('Origin',(0.,10.,37.8));
#4750=CARTESIAN_POINT('Origin',(0.,0.,37.8));
#4751=CARTESIAN_POINT('',(-3.,18.,37.8));
#4752=CARTESIAN_POINT('Origin',(0.,18.,37.8));
#4753=CARTESIAN_POINT('',(-3.,10.,37.8));
#4754=CARTESIAN_POINT('',(-3.,0.,37.8));
#4755=CARTESIAN_POINT('',(-2.82842712474619,10.,38.8));
#4756=CARTESIAN_POINT('Origin',(0.,10.,37.8));
#4757=CARTESIAN_POINT('',(-2.82842712474619,0.,38.8));
#4758=CARTESIAN_POINT('',(2.82977310556745,10.,38.7961848076573));
#4759=CARTESIAN_POINT('',(2.82977310556745,0.,38.7961848076573));
#4760=CARTESIAN_POINT('',(2.82448435370418,10.,36.7889173447832));
#4761=CARTESIAN_POINT('Origin',(0.,10.,37.8));
#4762=CARTESIAN_POINT('',(2.82448435370418,0.,36.7889173447832));
#4763=CARTESIAN_POINT('',(-2.82977310556745,10.,36.8038151923427));
#4764=CARTESIAN_POINT('',(-2.82977310556745,0.,36.8038151923427));
#4765=CARTESIAN_POINT('Origin',(0.,10.,37.8));
#4766=CARTESIAN_POINT('Origin',(1.73424791451305,0.,38.7961848076573));
#4767=CARTESIAN_POINT('',(5.79999952316285,10.,38.7961848076573));
#4768=CARTESIAN_POINT('',(5.79999952316285,0.,38.7961848076573));
#4769=CARTESIAN_POINT('',(1.73424791451305,10.,38.7961848076573));
#4770=CARTESIAN_POINT('Origin',(5.79999952316285,0.,38.7961848076573));
#4771=CARTESIAN_POINT('',(5.79999952316285,10.,36.7889173447832));
#4772=CARTESIAN_POINT('',(5.79999952316285,0.,36.7889173447832));
#4773=CARTESIAN_POINT('',(5.79999952316285,10.,36.7889173447832));
#4774=CARTESIAN_POINT('Origin',(5.79999952316285,0.,36.7889173447832));
#4775=CARTESIAN_POINT('',(1.72560478219079,10.,36.7889173447832));
#4776=CARTESIAN_POINT('Origin',(3.76280215267682,10.,37.7925510762202));
#4777=CARTESIAN_POINT('Origin',(-3.76712371883795,10.,37.8019075961714));
#4778=CARTESIAN_POINT('',(-5.79999952316285,10.,36.8038151923427));
#4779=CARTESIAN_POINT('',(-1.73424791451305,10.,36.8038151923427));
#4780=CARTESIAN_POINT('',(-5.79999952316285,10.,38.8));
#4781=CARTESIAN_POINT('',(-5.79999952316285,10.,38.8110826552168));
#4782=CARTESIAN_POINT('',(-35.2,10.,38.8));
#4783=CARTESIAN_POINT('Origin',(-1.73424791451305,0.,36.8038151923427));
#4784=CARTESIAN_POINT('',(-5.79999952316285,0.,36.8038151923427));
#4785=CARTESIAN_POINT('Origin',(-5.79999952316285,0.,36.8038151923427));
#4786=CARTESIAN_POINT('',(-5.79999952316285,0.,38.8));
#4787=CARTESIAN_POINT('Origin',(-5.79999952316285,0.,38.8));
#4788=CARTESIAN_POINT('Origin',(-37.5,19.1654713629441,-63.5));
#4789=CARTESIAN_POINT('',(-37.5,18.,-65.5));
#4790=CARTESIAN_POINT('',(-39.5,18.,-63.5));
#4791=CARTESIAN_POINT('Origin',(-37.5,18.,-63.5));
#4792=CARTESIAN_POINT('',(-37.5,19.1654713629441,-65.5));
#4793=CARTESIAN_POINT('',(-39.5,19.1654713629441,-63.5));
#4794=CARTESIAN_POINT('Origin',(-39.5,14.527670787878,0.));
#4795=CARTESIAN_POINT('',(-39.5,9.88987021281185,63.5));
#4796=CARTESIAN_POINT('',(-39.5,18.,16.5583123951777));
#4797=CARTESIAN_POINT('',(-39.5,0.,16.5583123951777));
#4798=CARTESIAN_POINT('',(-39.5,18.,13.2416876048223));
#4799=CARTESIAN_POINT('',(-39.5,18.,7.45));
#4800=CARTESIAN_POINT('',(-39.5,0.,13.2416876048223));
#4801=CARTESIAN_POINT('',(-39.5,18.,-61.4591179013392));
#4802=CARTESIAN_POINT('',(-39.5,0.,-61.4591179013392));
#4803=CARTESIAN_POINT('',(-39.5,18.,-31.495));
#4804=CARTESIAN_POINT('Origin',(37.5,19.1654713629441,-63.5));
#4805=CARTESIAN_POINT('',(39.5,18.,-63.5));
#4806=CARTESIAN_POINT('',(37.5,18.,-65.5));
#4807=CARTESIAN_POINT('Origin',(37.5,18.,-63.5));
#4808=CARTESIAN_POINT('',(39.5,19.1654713629441,-63.5));
#4809=CARTESIAN_POINT('',(37.5,19.1654713629441,-65.5));
#4810=CARTESIAN_POINT('Origin',(43.,23.8032719380102,-65.5));
#4811=CARTESIAN_POINT('',(-35.2768627567972,18.,-65.5));
#4812=CARTESIAN_POINT('',(3.04,18.,-65.5));
#4813=CARTESIAN_POINT('',(-35.2768627567972,0.,-65.5));
#4814=CARTESIAN_POINT('',(35.2768627567972,18.,-65.5));
#4815=CARTESIAN_POINT('',(35.2768627567972,0.,-65.5));
#4816=CARTESIAN_POINT('',(39.96,18.,-65.5));
#4817=CARTESIAN_POINT('Origin',(37.5,9.88987021281185,63.5));
#4818=CARTESIAN_POINT('',(37.5,18.,65.5));
#4819=CARTESIAN_POINT('',(39.5,18.,63.5));
#4820=CARTESIAN_POINT('Origin',(37.5,18.,63.5));
#4821=CARTESIAN_POINT('',(37.5,9.88987021281185,65.5));
#4822=CARTESIAN_POINT('',(39.5,9.88987021281185,63.5));
#4823=CARTESIAN_POINT('Origin',(43.,5.25206963774574,65.5));
#4824=CARTESIAN_POINT('',(35.3416876048223,18.,65.5));
#4825=CARTESIAN_POINT('',(39.875,18.,65.5));
#4826=CARTESIAN_POINT('',(35.3416876048223,0.,65.5));
#4827=CARTESIAN_POINT('',(-37.5,9.88987021281185,65.5));
#4828=CARTESIAN_POINT('',(22.1,8.,65.5));
#4829=CARTESIAN_POINT('Origin',(21.1,8.,65.5));
#4830=CARTESIAN_POINT('',(15.1,8.,65.5));
#4831=CARTESIAN_POINT('Origin',(14.1,8.,65.5));
#4832=CARTESIAN_POINT('',(31.1,18.,65.5));
#4833=CARTESIAN_POINT('',(27.7,18.,65.5));
#4834=CARTESIAN_POINT('',(35.35,18.,65.5));
#4835=CARTESIAN_POINT('',(26.9,17.2,65.5));
#4836=CARTESIAN_POINT('Origin',(27.7,17.2,65.5));
#4837=CARTESIAN_POINT('',(26.9,15.3,65.5));
#4838=CARTESIAN_POINT('',(26.9,10.2760348188729,65.5));
#4839=CARTESIAN_POINT('',(27.7,14.5,65.5));
#4840=CARTESIAN_POINT('Origin',(27.7,15.3,65.5));
#4841=CARTESIAN_POINT('',(31.1,14.5,65.5));
#4842=CARTESIAN_POINT('',(37.05,14.5,65.5));
#4843=CARTESIAN_POINT('',(31.9,15.3,65.5));
#4844=CARTESIAN_POINT('Origin',(31.1,15.3,65.5));
#4845=CARTESIAN_POINT('',(31.9,17.2,65.5));
#4846=CARTESIAN_POINT('',(31.9,11.2260348188729,65.5));
#4847=CARTESIAN_POINT('Origin',(31.1,17.2,65.5));
#4848=CARTESIAN_POINT('',(11.6,8.,65.5));
#4849=CARTESIAN_POINT('Origin',(10.6,8.,65.5));
#4850=CARTESIAN_POINT('',(18.6,8.,65.5));
#4851=CARTESIAN_POINT('Origin',(17.6,8.,65.5));
#4852=CARTESIAN_POINT('',(22.1,12.,65.5));
#4853=CARTESIAN_POINT('Origin',(21.1,12.,65.5));
#4854=CARTESIAN_POINT('',(15.1,12.,65.5));
#4855=CARTESIAN_POINT('Origin',(14.1,12.,65.5));
#4856=CARTESIAN_POINT('',(3.64999999999999,18.,65.5));
#4857=CARTESIAN_POINT('',(-3.85,18.,65.5));
#4858=CARTESIAN_POINT('',(19.575,18.,65.5));
#4859=CARTESIAN_POINT('',(-4.65000000000001,17.2,65.5));
#4860=CARTESIAN_POINT('Origin',(-3.85,17.2,65.5));
#4861=CARTESIAN_POINT('',(-4.65000000000001,15.6,65.5));
#4862=CARTESIAN_POINT('',(-4.65000000000001,10.4260348188729,65.5));
#4863=CARTESIAN_POINT('',(-3.85000000000001,14.8,65.5));
#4864=CARTESIAN_POINT('Origin',(-3.85000000000001,15.6,65.5));
#4865=CARTESIAN_POINT('',(3.64999999999999,14.8,65.5));
#4866=CARTESIAN_POINT('',(23.325,14.8,65.5));
#4867=CARTESIAN_POINT('',(4.44999999999999,15.6,65.5));
#4868=CARTESIAN_POINT('Origin',(3.64999999999999,15.6,65.5));
#4869=CARTESIAN_POINT('',(4.44999999999999,17.2,65.5));
#4870=CARTESIAN_POINT('',(4.44999999999999,11.2260348188729,65.5));
#4871=CARTESIAN_POINT('Origin',(3.64999999999999,17.2,65.5));
#4872=CARTESIAN_POINT('',(11.6,12.,65.5));
#4873=CARTESIAN_POINT('Origin',(10.6,12.,65.5));
#4874=CARTESIAN_POINT('',(18.6,12.,65.5));
#4875=CARTESIAN_POINT('Origin',(17.6,12.,65.5));
#4876=CARTESIAN_POINT('',(-30.4,12.,65.5));
#4877=CARTESIAN_POINT('Origin',(-31.4,12.,65.5));
#4878=CARTESIAN_POINT('Origin',(-37.5,9.88987021281185,63.5));
#4879=CARTESIAN_POINT('Origin',(0.,14.,37.8));
#4880=CARTESIAN_POINT('',(-1.7,14.,37.8));
#4881=CARTESIAN_POINT('Origin',(0.,14.,37.8));
#4882=CARTESIAN_POINT('Origin',(0.,0.,37.8));
#4883=CARTESIAN_POINT('',(-1.7,18.,37.8));
#4884=CARTESIAN_POINT('',(-1.7,0.,37.8));
#4885=CARTESIAN_POINT('Origin',(0.,18.,37.8));
#4886=CARTESIAN_POINT('Origin',(-36.92,14.,-62.99));
#4887=CARTESIAN_POINT('',(-38.57,14.,-62.99));
#4888=CARTESIAN_POINT('Origin',(-36.92,14.,-62.99));
#4889=CARTESIAN_POINT('Origin',(-36.92,0.,-62.99));
#4890=CARTESIAN_POINT('',(-38.57,18.,-62.99));
#4891=CARTESIAN_POINT('',(-38.57,0.,-62.99));
#4892=CARTESIAN_POINT('Origin',(-36.92,18.,-62.99));
#4893=CARTESIAN_POINT('Origin',(-37.,0.,63.));
#4894=CARTESIAN_POINT('',(-38.65,0.,63.));
#4895=CARTESIAN_POINT('Origin',(36.92,14.,-62.99));
#4896=CARTESIAN_POINT('',(35.27,14.,-62.99));
#4897=CARTESIAN_POINT('Origin',(36.92,14.,-62.99));
#4898=CARTESIAN_POINT('Origin',(36.92,0.,-62.99));
#4899=CARTESIAN_POINT('',(35.27,18.,-62.99));
#4900=CARTESIAN_POINT('',(35.27,0.,-62.99));
#4901=CARTESIAN_POINT('Origin',(36.92,18.,-62.99));
#4902=CARTESIAN_POINT('Origin',(37.,14.,63.));
#4903=CARTESIAN_POINT('',(35.35,14.,63.));
#4904=CARTESIAN_POINT('Origin',(37.,14.,63.));
#4905=CARTESIAN_POINT('',(35.75,14.,63.));
#4906=CARTESIAN_POINT('Origin',(37.,14.,63.));
#4907=CARTESIAN_POINT('Origin',(37.,0.,63.));
#4908=CARTESIAN_POINT('',(35.35,18.,63.));
#4909=CARTESIAN_POINT('',(35.35,0.,63.));
#4910=CARTESIAN_POINT('Origin',(37.,18.,63.));
#4911=CARTESIAN_POINT('Origin',(37.2,0.,60.));
#4912=CARTESIAN_POINT('',(37.2,18.,60.0066740905809));
#4913=CARTESIAN_POINT('',(37.2,0.,60.0066740905809));
#4914=CARTESIAN_POINT('',(37.2,18.,60.));
#4915=CARTESIAN_POINT('',(37.2,18.,65.));
#4916=CARTESIAN_POINT('',(37.2,0.,60.));
#4917=CARTESIAN_POINT('Origin',(37.,0.,63.));
#4918=CARTESIAN_POINT('Origin',(37.,18.,63.));
#4919=CARTESIAN_POINT('Origin',(37.,0.,63.));
#4920=CARTESIAN_POINT('',(35.75,5.42688666760451,63.));
#4921=CARTESIAN_POINT('',(35.75,0.,63.));
#4922=CARTESIAN_POINT('Origin',(37.,5.42688666760451,63.));
#4923=CARTESIAN_POINT('Origin',(39.5,0.,60.0000000000001));
#4924=CARTESIAN_POINT('',(39.5,18.,60.0000000000001));
#4925=CARTESIAN_POINT('',(37.,18.,60.));
#4926=CARTESIAN_POINT('',(39.5,7.26383539393898,60.0000000000001));
#4927=CARTESIAN_POINT('Origin',(36.75,18.,62.75));
#4928=CARTESIAN_POINT('',(39.5,18.,31.375));
#4929=CARTESIAN_POINT('Origin',(39.5,14.527670787878,0.));
#4930=CARTESIAN_POINT('',(39.5,18.,-61.4591179013392));
#4931=CARTESIAN_POINT('',(39.5,18.,-31.495));
#4932=CARTESIAN_POINT('',(39.5,0.,-61.4591179013392));
#4933=CARTESIAN_POINT('',(39.5,18.,13.2416876048223));
#4934=CARTESIAN_POINT('',(39.5,0.,13.2416876048223));
#4935=CARTESIAN_POINT('',(39.5,18.,16.5583123951777));
#4936=CARTESIAN_POINT('',(39.5,18.,7.45));
#4937=CARTESIAN_POINT('',(39.5,0.,16.5583123951777));
#4938=CARTESIAN_POINT('Origin',(43.,14.4124820023453,-65.5));
#4939=CARTESIAN_POINT('Origin',(-37.,0.,63.));
#4940=CARTESIAN_POINT('',(-38.25,5.42688666760451,63.));
#4941=CARTESIAN_POINT('',(-38.25,0.,63.));
#4942=CARTESIAN_POINT('Origin',(-37.,5.42688666760451,63.));
#4943=CARTESIAN_POINT('Origin',(43.,14.4124820023453,-65.5));
#4944=CARTESIAN_POINT('Origin',(-43.,21.8,44.8));
#4945=CARTESIAN_POINT('Origin',(-43.,21.7,24.2));
#4946=CARTESIAN_POINT('Origin',(-43.,21.9,-24.2));
#4947=CARTESIAN_POINT('Origin',(-43.,21.7,-26.2));
#4948=CARTESIAN_POINT('',(-43.,19.7,-26.2));
#4949=CARTESIAN_POINT('Origin',(-43.,19.7,-26.2));
#4950=CARTESIAN_POINT('',(-43.,19.7,-42.8));
#4951=CARTESIAN_POINT('Origin',(-43.,21.7,-44.8));
#4952=CARTESIAN_POINT('',(-43.,21.7,-44.8));
#4953=CARTESIAN_POINT('Origin',(-43.,21.7,-42.8));
#4954=CARTESIAN_POINT('Origin',(37.,9.,14.9));
#4955=CARTESIAN_POINT('',(35.75,9.,14.9));
#4956=CARTESIAN_POINT('Origin',(37.,9.,14.9));
#4957=CARTESIAN_POINT('Origin',(37.,0.,14.9));
#4958=CARTESIAN_POINT('',(35.75,0.,14.9));
#4959=CARTESIAN_POINT('Origin',(-37.,9.,14.9));
#4960=CARTESIAN_POINT('',(-38.25,9.,14.9));
#4961=CARTESIAN_POINT('Origin',(-37.,9.,14.9));
#4962=CARTESIAN_POINT('Origin',(-37.,0.,14.9));
#4963=CARTESIAN_POINT('',(-38.25,0.,14.9));
#4964=CARTESIAN_POINT('Origin',(21.1,8.,69.));
#4965=CARTESIAN_POINT('',(22.1,8.,69.));
#4966=CARTESIAN_POINT('Origin',(21.1,8.,69.));
#4967=CARTESIAN_POINT('',(22.1,8.,69.));
#4968=CARTESIAN_POINT('Origin',(14.1,8.,69.));
#4969=CARTESIAN_POINT('',(15.1,8.,69.));
#4970=CARTESIAN_POINT('Origin',(14.1,8.,69.));
#4971=CARTESIAN_POINT('',(15.1,8.,69.));
#4972=CARTESIAN_POINT('Origin',(31.1,14.5,69.));
#4973=CARTESIAN_POINT('',(27.7,14.5,69.));
#4974=CARTESIAN_POINT('',(27.7,14.5,69.));
#4975=CARTESIAN_POINT('',(31.1,14.5,69.));
#4976=CARTESIAN_POINT('',(-2.95000000000002,14.5,69.));
#4977=CARTESIAN_POINT('',(31.1,14.5,69.));
#4978=CARTESIAN_POINT('Origin',(31.1,15.3,69.));
#4979=CARTESIAN_POINT('',(31.9,15.3,69.));
#4980=CARTESIAN_POINT('Origin',(31.1,15.3,69.));
#4981=CARTESIAN_POINT('',(31.9,15.3,69.));
#4982=CARTESIAN_POINT('Origin',(31.9,17.2,69.));
#4983=CARTESIAN_POINT('',(31.9,17.2,69.));
#4984=CARTESIAN_POINT('',(31.9,8.6,69.));
#4985=CARTESIAN_POINT('',(31.9,17.2,69.));
#4986=CARTESIAN_POINT('Origin',(31.1,17.2,69.));
#4987=CARTESIAN_POINT('',(31.1,18.,69.));
#4988=CARTESIAN_POINT('Origin',(31.1,17.2,69.));
#4989=CARTESIAN_POINT('',(31.1,18.,69.));
#4990=CARTESIAN_POINT('Origin',(27.7,18.,69.));
#4991=CARTESIAN_POINT('',(27.7,18.,69.));
#4992=CARTESIAN_POINT('',(-4.65000000000001,18.,69.));
#4993=CARTESIAN_POINT('',(27.7,18.,69.));
#4994=CARTESIAN_POINT('Origin',(27.7,17.2,69.));
#4995=CARTESIAN_POINT('',(26.9,17.2,69.));
#4996=CARTESIAN_POINT('Origin',(27.7,17.2,69.));
#4997=CARTESIAN_POINT('',(26.9,17.2,69.));
#4998=CARTESIAN_POINT('Origin',(26.9,15.3,69.));
#4999=CARTESIAN_POINT('',(26.9,15.3,69.));
#5000=CARTESIAN_POINT('',(26.9,7.65,69.));
#5001=CARTESIAN_POINT('',(26.9,15.3,69.));
#5002=CARTESIAN_POINT('Origin',(27.7,15.3,69.));
#5003=CARTESIAN_POINT('Origin',(27.7,15.3,69.));
#5004=CARTESIAN_POINT('Origin',(10.6,8.,69.));
#5005=CARTESIAN_POINT('',(11.6,8.,69.));
#5006=CARTESIAN_POINT('Origin',(10.6,8.,69.));
#5007=CARTESIAN_POINT('',(11.6,8.,69.));
#5008=CARTESIAN_POINT('Origin',(17.6,8.,69.));
#5009=CARTESIAN_POINT('',(18.6,8.,69.));
#5010=CARTESIAN_POINT('Origin',(17.6,8.,69.));
#5011=CARTESIAN_POINT('',(18.6,8.,69.));
#5012=CARTESIAN_POINT('Origin',(21.1,12.,69.));
#5013=CARTESIAN_POINT('',(22.1,12.,69.));
#5014=CARTESIAN_POINT('Origin',(21.1,12.,69.));
#5015=CARTESIAN_POINT('',(22.1,12.,69.));
#5016=CARTESIAN_POINT('Origin',(14.1,12.,69.));
#5017=CARTESIAN_POINT('',(15.1,12.,69.));
#5018=CARTESIAN_POINT('Origin',(14.1,12.,69.));
#5019=CARTESIAN_POINT('',(15.1,12.,69.));
#5020=CARTESIAN_POINT('Origin',(3.64999999999999,14.8,69.));
#5021=CARTESIAN_POINT('',(-3.85000000000001,14.8,69.));
#5022=CARTESIAN_POINT('',(-3.85000000000001,14.8,69.));
#5023=CARTESIAN_POINT('',(3.64999999999999,14.8,69.));
#5024=CARTESIAN_POINT('',(-16.675,14.8,69.));
#5025=CARTESIAN_POINT('',(3.64999999999999,14.8,69.));
#5026=CARTESIAN_POINT('Origin',(3.64999999999999,15.6,69.));
#5027=CARTESIAN_POINT('',(4.44999999999999,15.6,69.));
#5028=CARTESIAN_POINT('Origin',(3.64999999999999,15.6,69.));
#5029=CARTESIAN_POINT('',(4.44999999999999,15.6,69.));
#5030=CARTESIAN_POINT('Origin',(4.44999999999999,17.2,69.));
#5031=CARTESIAN_POINT('',(4.44999999999999,17.2,69.));
#5032=CARTESIAN_POINT('',(4.44999999999999,8.59999999999999,69.));
#5033=CARTESIAN_POINT('',(4.44999999999999,17.2,69.));
#5034=CARTESIAN_POINT('Origin',(3.64999999999999,17.2,69.));
#5035=CARTESIAN_POINT('',(3.64999999999999,18.,69.));
#5036=CARTESIAN_POINT('Origin',(3.64999999999999,17.2,69.));
#5037=CARTESIAN_POINT('',(3.64999999999999,18.,69.));
#5038=CARTESIAN_POINT('Origin',(-3.85,18.,69.));
#5039=CARTESIAN_POINT('',(-3.85,18.,69.));
#5040=CARTESIAN_POINT('',(-20.425,18.,69.));
#5041=CARTESIAN_POINT('',(-3.85,18.,69.));
#5042=CARTESIAN_POINT('Origin',(-3.85,17.2,69.));
#5043=CARTESIAN_POINT('',(-4.65000000000001,17.2,69.));
#5044=CARTESIAN_POINT('Origin',(-3.85,17.2,69.));
#5045=CARTESIAN_POINT('',(-4.65000000000001,17.2,69.));
#5046=CARTESIAN_POINT('Origin',(-4.65000000000001,15.6,69.));
#5047=CARTESIAN_POINT('',(-4.65000000000001,15.6,69.));
#5048=CARTESIAN_POINT('',(-4.65000000000001,7.8,69.));
#5049=CARTESIAN_POINT('',(-4.65000000000001,15.6,69.));
#5050=CARTESIAN_POINT('Origin',(-3.85000000000001,15.6,69.));
#5051=CARTESIAN_POINT('Origin',(-3.85000000000001,15.6,69.));
#5052=CARTESIAN_POINT('Origin',(10.6,12.,69.));
#5053=CARTESIAN_POINT('',(11.6,12.,69.));
#5054=CARTESIAN_POINT('Origin',(10.6,12.,69.));
#5055=CARTESIAN_POINT('',(11.6,12.,69.));
#5056=CARTESIAN_POINT('Origin',(17.6,12.,69.));
#5057=CARTESIAN_POINT('',(18.6,12.,69.));
#5058=CARTESIAN_POINT('Origin',(17.6,12.,69.));
#5059=CARTESIAN_POINT('',(18.6,12.,69.));
#5060=CARTESIAN_POINT('Origin',(-31.4,12.,69.));
#5061=CARTESIAN_POINT('',(-30.4,12.,69.));
#5062=CARTESIAN_POINT('Origin',(-31.4,12.,69.));
#5063=CARTESIAN_POINT('',(-30.4,12.,69.));
#5064=CARTESIAN_POINT('Origin',(-36.92,0.,-62.99));
#5065=CARTESIAN_POINT('Origin',(-36.92,18.,-62.99));
#5066=CARTESIAN_POINT('Origin',(-36.92,18.,-62.99));
#5067=CARTESIAN_POINT('Origin',(36.92,0.,-62.99));
#5068=CARTESIAN_POINT('Origin',(36.92,18.,-62.99));
#5069=CARTESIAN_POINT('Origin',(36.92,18.,-62.99));
#5070=CARTESIAN_POINT('Origin',(-37.,0.,14.9));
#5071=CARTESIAN_POINT('Origin',(-37.,18.,14.9));
#5072=CARTESIAN_POINT('Origin',(-36.75,18.,14.9));
#5073=CARTESIAN_POINT('Origin',(37.,0.,14.9));
#5074=CARTESIAN_POINT('Origin',(37.,18.,14.9));
#5075=CARTESIAN_POINT('Origin',(36.75,18.,14.9));
#5076=CARTESIAN_POINT('Origin',(0.,18.,37.8));
#5077=CARTESIAN_POINT('Origin',(-37.,0.,69.));
#5078=CARTESIAN_POINT('',(37.,0.,69.));
#5079=CARTESIAN_POINT('Origin',(37.,0.,63.));
#5080=UNCERTAINTY_MEASURE_WITH_UNIT(LENGTH_MEASURE(0.01),#5084,
'DISTANCE_ACCURACY_VALUE',
'Maximum model space distance between geometric entities at asserted c
onnectivities');
#5081=UNCERTAINTY_MEASURE_WITH_UNIT(LENGTH_MEASURE(0.01),#5084,
'DISTANCE_ACCURACY_VALUE',
'Maximum model space distance between geometric entities at asserted c
onnectivities');
#5082=(
GEOMETRIC_REPRESENTATION_CONTEXT(3)
GLOBAL_UNCERTAINTY_ASSIGNED_CONTEXT((#5080))
GLOBAL_UNIT_ASSIGNED_CONTEXT((#5084,#5086,#5087))
REPRESENTATION_CONTEXT('','3D')
);
#5083=(
GEOMETRIC_REPRESENTATION_CONTEXT(3)
GLOBAL_UNCERTAINTY_ASSIGNED_CONTEXT((#5081))
GLOBAL_UNIT_ASSIGNED_CONTEXT((#5084,#5086,#5087))
REPRESENTATION_CONTEXT('','3D')
);
#5084=(
LENGTH_UNIT()
NAMED_UNIT(*)
SI_UNIT(.MILLI.,.METRE.)
);
#5085=(
LENGTH_UNIT()
NAMED_UNIT(*)
SI_UNIT($,.METRE.)
);
#5086=(
NAMED_UNIT(*)
PLANE_ANGLE_UNIT()
SI_UNIT($,.RADIAN.)
);
#5087=(
NAMED_UNIT(*)
SI_UNIT($,.STERADIAN.)
SOLID_ANGLE_UNIT()
);
#5088=SHAPE_DEFINITION_REPRESENTATION(#5089,#5090);
#5089=PRODUCT_DEFINITION_SHAPE('',$,#5092);
#5090=SHAPE_REPRESENTATION('',(#2956),#5082);
#5091=PRODUCT_DEFINITION_CONTEXT('part definition',#5096,'design');
#5092=PRODUCT_DEFINITION('Bottom','Bottom v174',#5093,#5091);
#5093=PRODUCT_DEFINITION_FORMATION('',$,#5098);
#5094=PRODUCT_RELATED_PRODUCT_CATEGORY('Bottom v174','Bottom v174',(#5098));
#5095=APPLICATION_PROTOCOL_DEFINITION('international standard',
'automotive_design',2009,#5096);
#5096=APPLICATION_CONTEXT(
'Core Data for Automotive Mechanical Design Process');
#5097=PRODUCT_CONTEXT('part definition',#5096,'mechanical');
#5098=PRODUCT('Bottom','Bottom v174',$,(#5097));
#5099=PRESENTATION_STYLE_ASSIGNMENT((#5101));
#5100=PRESENTATION_STYLE_ASSIGNMENT((#5102));
#5101=SURFACE_STYLE_USAGE(.BOTH.,#5103);
#5102=SURFACE_STYLE_USAGE(.BOTH.,#5104);
#5103=SURFACE_SIDE_STYLE('',(#5105));
#5104=SURFACE_SIDE_STYLE('',(#5106));
#5105=SURFACE_STYLE_FILL_AREA(#5107);
#5106=SURFACE_STYLE_FILL_AREA(#5108);
#5107=FILL_AREA_STYLE('\X2\4E597F29919B68118102\X0\(\X2\767D8272\X0\)',
(#5109));
#5108=FILL_AREA_STYLE('\X2\58516599\X0\ - \X2\534A900F660E7C979762\X0\(
\X2\767D8272\X0\)',(#5110));
#5109=FILL_AREA_STYLE_COLOUR('\X2\4E597F29919B68118102\X0\(\X2\767D8272\X0\)',
#5111);
#5110=FILL_AREA_STYLE_COLOUR('\X2\58516599\X0\ - \X2\534A900F660E7C979762\X0\(
\X2\767D8272\X0\)',#5112);
#5111=COLOUR_RGB('\X2\4E597F29919B68118102\X0\(\X2\767D8272\X0\)',0.972549019607843,
0.968627450980392,0.929411764705882);
#5112=COLOUR_RGB('\X2\58516599\X0\ - \X2\534A900F660E7C979762\X0\(\X2\767D8272\X0\)',
0.964705882352941,0.964705882352941,0.952941176470588);
ENDSEC;
END-ISO-10303-21;
