ISO-10303-21;
HEADER;
/* Generated by software containing ST-Developer
 * from STEP Tools, Inc. (www.steptools.com) 
 */

FILE_DESCRIPTION(
/* description */ (''),
/* implementation_level */ '2;1');

FILE_NAME(
/* name */ 'Plate v61.step',
/* time_stamp */ '2025-10-22T21:25:04+08:00',
/* author */ (''),
/* organization */ (''),
/* preprocessor_version */ 'ST-DEVELOPER v20.1',
/* originating_system */ 'Autodesk Translation Framework v14.17.0.0',
/* authorisation */ '');

FILE_SCHEMA (('AUTOMOTIVE_DESIGN { 1 0 10303 214 3 1 1 }'));
ENDSEC;

DATA;
#10=MECHANICAL_DESIGN_GEOMETRIC_PRESENTATION_REPRESENTATION('',(#13),#8632);
#11=SHAPE_REPRESENTATION_RELATIONSHIP('SRR','None',#8639,#12);
#12=ADVANCED_BREP_SHAPE_REPRESENTATION('',(#14),#8631);
#13=STYLED_ITEM('',(#8649),#14);
#14=MANIFOLD_SOLID_BREP('\X2\5B9E4F53\X0\1',#5488);
#15=CYLINDRICAL_SURFACE('',#5634,1.25000254000508);
#16=CYLINDRICAL_SURFACE('',#5635,1.25000254000508);
#17=CYLINDRICAL_SURFACE('',#5670,1.25);
#18=CYLINDRICAL_SURFACE('',#5724,1.25000254000508);
#19=CYLINDRICAL_SURFACE('',#5725,9.);
#20=CYLINDRICAL_SURFACE('',#5726,1.25);
#21=CYLINDRICAL_SURFACE('',#5750,2.00070891108534);
#22=CYLINDRICAL_SURFACE('',#5774,1.99872018012156);
#23=FACE_BOUND('',#394,.T.);
#24=FACE_BOUND('',#395,.T.);
#25=FACE_BOUND('',#396,.T.);
#26=FACE_BOUND('',#397,.T.);
#27=FACE_BOUND('',#398,.T.);
#28=FACE_BOUND('',#399,.T.);
#29=FACE_BOUND('',#400,.T.);
#30=FACE_BOUND('',#401,.T.);
#31=FACE_BOUND('',#402,.T.);
#32=FACE_BOUND('',#403,.T.);
#33=FACE_BOUND('',#404,.T.);
#34=FACE_BOUND('',#405,.T.);
#35=FACE_BOUND('',#406,.T.);
#36=FACE_BOUND('',#407,.T.);
#37=FACE_BOUND('',#408,.T.);
#38=FACE_BOUND('',#409,.T.);
#39=FACE_BOUND('',#410,.T.);
#40=FACE_BOUND('',#411,.T.);
#41=FACE_BOUND('',#412,.T.);
#42=FACE_BOUND('',#413,.T.);
#43=FACE_BOUND('',#414,.T.);
#44=FACE_BOUND('',#420,.T.);
#45=FACE_BOUND('',#421,.T.);
#46=FACE_BOUND('',#422,.T.);
#47=FACE_BOUND('',#423,.T.);
#48=FACE_BOUND('',#424,.T.);
#49=FACE_BOUND('',#425,.T.);
#50=FACE_BOUND('',#426,.T.);
#51=FACE_BOUND('',#427,.T.);
#52=FACE_BOUND('',#428,.T.);
#53=FACE_BOUND('',#429,.T.);
#54=FACE_BOUND('',#430,.T.);
#55=FACE_BOUND('',#431,.T.);
#56=FACE_BOUND('',#432,.T.);
#57=FACE_BOUND('',#433,.T.);
#58=FACE_BOUND('',#434,.T.);
#59=FACE_BOUND('',#435,.T.);
#60=FACE_BOUND('',#436,.T.);
#61=FACE_BOUND('',#437,.T.);
#62=FACE_BOUND('',#438,.T.);
#63=FACE_BOUND('',#439,.T.);
#64=FACE_BOUND('',#440,.T.);
#65=CIRCLE('',#5556,1.99872018012156);
#66=CIRCLE('',#5557,2.00070891108534);
#67=CIRCLE('',#5558,1.25000254000508);
#68=CIRCLE('',#5559,1.25000254000508);
#69=CIRCLE('',#5560,1.25);
#70=CIRCLE('',#5561,1.25000254000508);
#71=CIRCLE('',#5562,9.);
#72=CIRCLE('',#5563,1.25);
#73=CIRCLE('',#5569,2.00070891108534);
#74=CIRCLE('',#5570,1.99872018012156);
#75=CIRCLE('',#5571,1.25000254000508);
#76=CIRCLE('',#5572,1.25000254000508);
#77=CIRCLE('',#5573,1.25);
#78=CIRCLE('',#5574,1.25000254000508);
#79=CIRCLE('',#5575,9.);
#80=CIRCLE('',#5576,1.25);
#81=FACE_OUTER_BOUND('',#340,.T.);
#82=FACE_OUTER_BOUND('',#341,.T.);
#83=FACE_OUTER_BOUND('',#342,.T.);
#84=FACE_OUTER_BOUND('',#343,.T.);
#85=FACE_OUTER_BOUND('',#344,.T.);
#86=FACE_OUTER_BOUND('',#345,.T.);
#87=FACE_OUTER_BOUND('',#346,.T.);
#88=FACE_OUTER_BOUND('',#347,.T.);
#89=FACE_OUTER_BOUND('',#348,.T.);
#90=FACE_OUTER_BOUND('',#349,.T.);
#91=FACE_OUTER_BOUND('',#350,.T.);
#92=FACE_OUTER_BOUND('',#351,.T.);
#93=FACE_OUTER_BOUND('',#352,.T.);
#94=FACE_OUTER_BOUND('',#353,.T.);
#95=FACE_OUTER_BOUND('',#354,.T.);
#96=FACE_OUTER_BOUND('',#355,.T.);
#97=FACE_OUTER_BOUND('',#356,.T.);
#98=FACE_OUTER_BOUND('',#357,.T.);
#99=FACE_OUTER_BOUND('',#358,.T.);
#100=FACE_OUTER_BOUND('',#359,.T.);
#101=FACE_OUTER_BOUND('',#360,.T.);
#102=FACE_OUTER_BOUND('',#361,.T.);
#103=FACE_OUTER_BOUND('',#362,.T.);
#104=FACE_OUTER_BOUND('',#363,.T.);
#105=FACE_OUTER_BOUND('',#364,.T.);
#106=FACE_OUTER_BOUND('',#365,.T.);
#107=FACE_OUTER_BOUND('',#366,.T.);
#108=FACE_OUTER_BOUND('',#367,.T.);
#109=FACE_OUTER_BOUND('',#368,.T.);
#110=FACE_OUTER_BOUND('',#369,.T.);
#111=FACE_OUTER_BOUND('',#370,.T.);
#112=FACE_OUTER_BOUND('',#371,.T.);
#113=FACE_OUTER_BOUND('',#372,.T.);
#114=FACE_OUTER_BOUND('',#373,.T.);
#115=FACE_OUTER_BOUND('',#374,.T.);
#116=FACE_OUTER_BOUND('',#375,.T.);
#117=FACE_OUTER_BOUND('',#376,.T.);
#118=FACE_OUTER_BOUND('',#377,.T.);
#119=FACE_OUTER_BOUND('',#378,.T.);
#120=FACE_OUTER_BOUND('',#379,.T.);
#121=FACE_OUTER_BOUND('',#380,.T.);
#122=FACE_OUTER_BOUND('',#381,.T.);
#123=FACE_OUTER_BOUND('',#382,.T.);
#124=FACE_OUTER_BOUND('',#383,.T.);
#125=FACE_OUTER_BOUND('',#384,.T.);
#126=FACE_OUTER_BOUND('',#385,.T.);
#127=FACE_OUTER_BOUND('',#386,.T.);
#128=FACE_OUTER_BOUND('',#387,.T.);
#129=FACE_OUTER_BOUND('',#388,.T.);
#130=FACE_OUTER_BOUND('',#389,.T.);
#131=FACE_OUTER_BOUND('',#390,.T.);
#132=FACE_OUTER_BOUND('',#391,.T.);
#133=FACE_OUTER_BOUND('',#392,.T.);
#134=FACE_OUTER_BOUND('',#393,.T.);
#135=FACE_OUTER_BOUND('',#415,.T.);
#136=FACE_OUTER_BOUND('',#416,.T.);
#137=FACE_OUTER_BOUND('',#417,.T.);
#138=FACE_OUTER_BOUND('',#418,.T.);
#139=FACE_OUTER_BOUND('',#419,.T.);
#140=FACE_OUTER_BOUND('',#441,.T.);
#141=FACE_OUTER_BOUND('',#442,.T.);
#142=FACE_OUTER_BOUND('',#443,.T.);
#143=FACE_OUTER_BOUND('',#444,.T.);
#144=FACE_OUTER_BOUND('',#445,.T.);
#145=FACE_OUTER_BOUND('',#446,.T.);
#146=FACE_OUTER_BOUND('',#447,.T.);
#147=FACE_OUTER_BOUND('',#448,.T.);
#148=FACE_OUTER_BOUND('',#449,.T.);
#149=FACE_OUTER_BOUND('',#450,.T.);
#150=FACE_OUTER_BOUND('',#451,.T.);
#151=FACE_OUTER_BOUND('',#452,.T.);
#152=FACE_OUTER_BOUND('',#453,.T.);
#153=FACE_OUTER_BOUND('',#454,.T.);
#154=FACE_OUTER_BOUND('',#455,.T.);
#155=FACE_OUTER_BOUND('',#456,.T.);
#156=FACE_OUTER_BOUND('',#457,.T.);
#157=FACE_OUTER_BOUND('',#458,.T.);
#158=FACE_OUTER_BOUND('',#459,.T.);
#159=FACE_OUTER_BOUND('',#460,.T.);
#160=FACE_OUTER_BOUND('',#461,.T.);
#161=FACE_OUTER_BOUND('',#462,.T.);
#162=FACE_OUTER_BOUND('',#463,.T.);
#163=FACE_OUTER_BOUND('',#464,.T.);
#164=FACE_OUTER_BOUND('',#465,.T.);
#165=FACE_OUTER_BOUND('',#466,.T.);
#166=FACE_OUTER_BOUND('',#467,.T.);
#167=FACE_OUTER_BOUND('',#468,.T.);
#168=FACE_OUTER_BOUND('',#469,.T.);
#169=FACE_OUTER_BOUND('',#470,.T.);
#170=FACE_OUTER_BOUND('',#471,.T.);
#171=FACE_OUTER_BOUND('',#472,.T.);
#172=FACE_OUTER_BOUND('',#473,.T.);
#173=FACE_OUTER_BOUND('',#474,.T.);
#174=FACE_OUTER_BOUND('',#475,.T.);
#175=FACE_OUTER_BOUND('',#476,.T.);
#176=FACE_OUTER_BOUND('',#477,.T.);
#177=FACE_OUTER_BOUND('',#478,.T.);
#178=FACE_OUTER_BOUND('',#479,.T.);
#179=FACE_OUTER_BOUND('',#480,.T.);
#180=FACE_OUTER_BOUND('',#481,.T.);
#181=FACE_OUTER_BOUND('',#482,.T.);
#182=FACE_OUTER_BOUND('',#483,.T.);
#183=FACE_OUTER_BOUND('',#484,.T.);
#184=FACE_OUTER_BOUND('',#485,.T.);
#185=FACE_OUTER_BOUND('',#486,.T.);
#186=FACE_OUTER_BOUND('',#487,.T.);
#187=FACE_OUTER_BOUND('',#488,.T.);
#188=FACE_OUTER_BOUND('',#489,.T.);
#189=FACE_OUTER_BOUND('',#490,.T.);
#190=FACE_OUTER_BOUND('',#491,.T.);
#191=FACE_OUTER_BOUND('',#492,.T.);
#192=FACE_OUTER_BOUND('',#493,.T.);
#193=FACE_OUTER_BOUND('',#494,.T.);
#194=FACE_OUTER_BOUND('',#495,.T.);
#195=FACE_OUTER_BOUND('',#496,.T.);
#196=FACE_OUTER_BOUND('',#497,.T.);
#197=FACE_OUTER_BOUND('',#498,.T.);
#198=FACE_OUTER_BOUND('',#499,.T.);
#199=FACE_OUTER_BOUND('',#500,.T.);
#200=FACE_OUTER_BOUND('',#501,.T.);
#201=FACE_OUTER_BOUND('',#502,.T.);
#202=FACE_OUTER_BOUND('',#503,.T.);
#203=FACE_OUTER_BOUND('',#504,.T.);
#204=FACE_OUTER_BOUND('',#505,.T.);
#205=FACE_OUTER_BOUND('',#506,.T.);
#206=FACE_OUTER_BOUND('',#507,.T.);
#207=FACE_OUTER_BOUND('',#508,.T.);
#208=FACE_OUTER_BOUND('',#509,.T.);
#209=FACE_OUTER_BOUND('',#510,.T.);
#210=FACE_OUTER_BOUND('',#511,.T.);
#211=FACE_OUTER_BOUND('',#512,.T.);
#212=FACE_OUTER_BOUND('',#513,.T.);
#213=FACE_OUTER_BOUND('',#514,.T.);
#214=FACE_OUTER_BOUND('',#515,.T.);
#215=FACE_OUTER_BOUND('',#516,.T.);
#216=FACE_OUTER_BOUND('',#517,.T.);
#217=FACE_OUTER_BOUND('',#518,.T.);
#218=FACE_OUTER_BOUND('',#519,.T.);
#219=FACE_OUTER_BOUND('',#520,.T.);
#220=FACE_OUTER_BOUND('',#521,.T.);
#221=FACE_OUTER_BOUND('',#522,.T.);
#222=FACE_OUTER_BOUND('',#523,.T.);
#223=FACE_OUTER_BOUND('',#524,.T.);
#224=FACE_OUTER_BOUND('',#525,.T.);
#225=FACE_OUTER_BOUND('',#526,.T.);
#226=FACE_OUTER_BOUND('',#527,.T.);
#227=FACE_OUTER_BOUND('',#528,.T.);
#228=FACE_OUTER_BOUND('',#529,.T.);
#229=FACE_OUTER_BOUND('',#530,.T.);
#230=FACE_OUTER_BOUND('',#531,.T.);
#231=FACE_OUTER_BOUND('',#532,.T.);
#232=FACE_OUTER_BOUND('',#533,.T.);
#233=FACE_OUTER_BOUND('',#534,.T.);
#234=FACE_OUTER_BOUND('',#535,.T.);
#235=FACE_OUTER_BOUND('',#536,.T.);
#236=FACE_OUTER_BOUND('',#537,.T.);
#237=FACE_OUTER_BOUND('',#538,.T.);
#238=FACE_OUTER_BOUND('',#539,.T.);
#239=FACE_OUTER_BOUND('',#540,.T.);
#240=FACE_OUTER_BOUND('',#541,.T.);
#241=FACE_OUTER_BOUND('',#542,.T.);
#242=FACE_OUTER_BOUND('',#543,.T.);
#243=FACE_OUTER_BOUND('',#544,.T.);
#244=FACE_OUTER_BOUND('',#545,.T.);
#245=FACE_OUTER_BOUND('',#546,.T.);
#246=FACE_OUTER_BOUND('',#547,.T.);
#247=FACE_OUTER_BOUND('',#548,.T.);
#248=FACE_OUTER_BOUND('',#549,.T.);
#249=FACE_OUTER_BOUND('',#550,.T.);
#250=FACE_OUTER_BOUND('',#551,.T.);
#251=FACE_OUTER_BOUND('',#552,.T.);
#252=FACE_OUTER_BOUND('',#553,.T.);
#253=FACE_OUTER_BOUND('',#554,.T.);
#254=FACE_OUTER_BOUND('',#555,.T.);
#255=FACE_OUTER_BOUND('',#556,.T.);
#256=FACE_OUTER_BOUND('',#557,.T.);
#257=FACE_OUTER_BOUND('',#558,.T.);
#258=FACE_OUTER_BOUND('',#559,.T.);
#259=FACE_OUTER_BOUND('',#560,.T.);
#260=FACE_OUTER_BOUND('',#561,.T.);
#261=FACE_OUTER_BOUND('',#562,.T.);
#262=FACE_OUTER_BOUND('',#563,.T.);
#263=FACE_OUTER_BOUND('',#564,.T.);
#264=FACE_OUTER_BOUND('',#565,.T.);
#265=FACE_OUTER_BOUND('',#566,.T.);
#266=FACE_OUTER_BOUND('',#567,.T.);
#267=FACE_OUTER_BOUND('',#568,.T.);
#268=FACE_OUTER_BOUND('',#569,.T.);
#269=FACE_OUTER_BOUND('',#570,.T.);
#270=FACE_OUTER_BOUND('',#571,.T.);
#271=FACE_OUTER_BOUND('',#572,.T.);
#272=FACE_OUTER_BOUND('',#573,.T.);
#273=FACE_OUTER_BOUND('',#574,.T.);
#274=FACE_OUTER_BOUND('',#575,.T.);
#275=FACE_OUTER_BOUND('',#576,.T.);
#276=FACE_OUTER_BOUND('',#577,.T.);
#277=FACE_OUTER_BOUND('',#578,.T.);
#278=FACE_OUTER_BOUND('',#579,.T.);
#279=FACE_OUTER_BOUND('',#580,.T.);
#280=FACE_OUTER_BOUND('',#581,.T.);
#281=FACE_OUTER_BOUND('',#582,.T.);
#282=FACE_OUTER_BOUND('',#583,.T.);
#283=FACE_OUTER_BOUND('',#584,.T.);
#284=FACE_OUTER_BOUND('',#585,.T.);
#285=FACE_OUTER_BOUND('',#586,.T.);
#286=FACE_OUTER_BOUND('',#587,.T.);
#287=FACE_OUTER_BOUND('',#588,.T.);
#288=FACE_OUTER_BOUND('',#589,.T.);
#289=FACE_OUTER_BOUND('',#590,.T.);
#290=FACE_OUTER_BOUND('',#591,.T.);
#291=FACE_OUTER_BOUND('',#592,.T.);
#292=FACE_OUTER_BOUND('',#593,.T.);
#293=FACE_OUTER_BOUND('',#594,.T.);
#294=FACE_OUTER_BOUND('',#595,.T.);
#295=FACE_OUTER_BOUND('',#596,.T.);
#296=FACE_OUTER_BOUND('',#597,.T.);
#297=FACE_OUTER_BOUND('',#598,.T.);
#298=FACE_OUTER_BOUND('',#599,.T.);
#299=FACE_OUTER_BOUND('',#600,.T.);
#300=FACE_OUTER_BOUND('',#601,.T.);
#301=FACE_OUTER_BOUND('',#602,.T.);
#302=FACE_OUTER_BOUND('',#603,.T.);
#303=FACE_OUTER_BOUND('',#604,.T.);
#304=FACE_OUTER_BOUND('',#605,.T.);
#305=FACE_OUTER_BOUND('',#606,.T.);
#306=FACE_OUTER_BOUND('',#607,.T.);
#307=FACE_OUTER_BOUND('',#608,.T.);
#308=FACE_OUTER_BOUND('',#609,.T.);
#309=FACE_OUTER_BOUND('',#610,.T.);
#310=FACE_OUTER_BOUND('',#611,.T.);
#311=FACE_OUTER_BOUND('',#612,.T.);
#312=FACE_OUTER_BOUND('',#613,.T.);
#313=FACE_OUTER_BOUND('',#614,.T.);
#314=FACE_OUTER_BOUND('',#615,.T.);
#315=FACE_OUTER_BOUND('',#616,.T.);
#316=FACE_OUTER_BOUND('',#617,.T.);
#317=FACE_OUTER_BOUND('',#618,.T.);
#318=FACE_OUTER_BOUND('',#619,.T.);
#319=FACE_OUTER_BOUND('',#620,.T.);
#320=FACE_OUTER_BOUND('',#621,.T.);
#321=FACE_OUTER_BOUND('',#622,.T.);
#322=FACE_OUTER_BOUND('',#623,.T.);
#323=FACE_OUTER_BOUND('',#624,.T.);
#324=FACE_OUTER_BOUND('',#625,.T.);
#325=FACE_OUTER_BOUND('',#626,.T.);
#326=FACE_OUTER_BOUND('',#627,.T.);
#327=FACE_OUTER_BOUND('',#628,.T.);
#328=FACE_OUTER_BOUND('',#629,.T.);
#329=FACE_OUTER_BOUND('',#630,.T.);
#330=FACE_OUTER_BOUND('',#631,.T.);
#331=FACE_OUTER_BOUND('',#632,.T.);
#332=FACE_OUTER_BOUND('',#633,.T.);
#333=FACE_OUTER_BOUND('',#634,.T.);
#334=FACE_OUTER_BOUND('',#635,.T.);
#335=FACE_OUTER_BOUND('',#636,.T.);
#336=FACE_OUTER_BOUND('',#637,.T.);
#337=FACE_OUTER_BOUND('',#638,.T.);
#338=FACE_OUTER_BOUND('',#639,.T.);
#339=FACE_OUTER_BOUND('',#640,.T.);
#340=EDGE_LOOP('',(#3436,#3437,#3438,#3439));
#341=EDGE_LOOP('',(#3440,#3441,#3442,#3443,#3444,#3445,#3446,#3447));
#342=EDGE_LOOP('',(#3448,#3449,#3450,#3451));
#343=EDGE_LOOP('',(#3452,#3453,#3454,#3455,#3456,#3457,#3458,#3459,#3460,
#3461,#3462,#3463,#3464,#3465,#3466,#3467,#3468,#3469,#3470,#3471,#3472,
#3473));
#344=EDGE_LOOP('',(#3474,#3475,#3476,#3477,#3478,#3479,#3480,#3481,#3482,
#3483,#3484,#3485));
#345=EDGE_LOOP('',(#3486,#3487,#3488,#3489));
#346=EDGE_LOOP('',(#3490,#3491,#3492,#3493,#3494,#3495,#3496,#3497,#3498,
#3499,#3500,#3501,#3502,#3503,#3504,#3505,#3506,#3507,#3508,#3509,#3510,
#3511));
#347=EDGE_LOOP('',(#3512,#3513,#3514,#3515));
#348=EDGE_LOOP('',(#3516,#3517,#3518,#3519,#3520,#3521,#3522,#3523,#3524,
#3525,#3526,#3527,#3528,#3529,#3530,#3531,#3532,#3533,#3534,#3535,#3536,
#3537));
#349=EDGE_LOOP('',(#3538,#3539,#3540,#3541));
#350=EDGE_LOOP('',(#3542,#3543,#3544,#3545));
#351=EDGE_LOOP('',(#3546,#3547,#3548,#3549));
#352=EDGE_LOOP('',(#3550,#3551,#3552,#3553));
#353=EDGE_LOOP('',(#3554,#3555,#3556,#3557));
#354=EDGE_LOOP('',(#3558,#3559,#3560,#3561));
#355=EDGE_LOOP('',(#3562,#3563,#3564,#3565));
#356=EDGE_LOOP('',(#3566,#3567,#3568,#3569));
#357=EDGE_LOOP('',(#3570,#3571,#3572,#3573));
#358=EDGE_LOOP('',(#3574,#3575,#3576,#3577));
#359=EDGE_LOOP('',(#3578,#3579,#3580,#3581));
#360=EDGE_LOOP('',(#3582,#3583,#3584,#3585));
#361=EDGE_LOOP('',(#3586,#3587,#3588,#3589));
#362=EDGE_LOOP('',(#3590,#3591,#3592,#3593));
#363=EDGE_LOOP('',(#3594,#3595,#3596,#3597));
#364=EDGE_LOOP('',(#3598,#3599,#3600,#3601));
#365=EDGE_LOOP('',(#3602,#3603,#3604,#3605));
#366=EDGE_LOOP('',(#3606,#3607,#3608,#3609));
#367=EDGE_LOOP('',(#3610,#3611,#3612,#3613));
#368=EDGE_LOOP('',(#3614,#3615,#3616,#3617));
#369=EDGE_LOOP('',(#3618,#3619,#3620,#3621));
#370=EDGE_LOOP('',(#3622,#3623,#3624,#3625));
#371=EDGE_LOOP('',(#3626,#3627,#3628,#3629));
#372=EDGE_LOOP('',(#3630,#3631,#3632,#3633));
#373=EDGE_LOOP('',(#3634,#3635,#3636,#3637));
#374=EDGE_LOOP('',(#3638,#3639,#3640,#3641));
#375=EDGE_LOOP('',(#3642,#3643,#3644,#3645));
#376=EDGE_LOOP('',(#3646,#3647,#3648,#3649));
#377=EDGE_LOOP('',(#3650,#3651,#3652,#3653));
#378=EDGE_LOOP('',(#3654,#3655,#3656,#3657));
#379=EDGE_LOOP('',(#3658,#3659,#3660,#3661));
#380=EDGE_LOOP('',(#3662,#3663,#3664,#3665));
#381=EDGE_LOOP('',(#3666,#3667,#3668,#3669));
#382=EDGE_LOOP('',(#3670,#3671,#3672,#3673));
#383=EDGE_LOOP('',(#3674,#3675,#3676,#3677));
#384=EDGE_LOOP('',(#3678,#3679,#3680,#3681));
#385=EDGE_LOOP('',(#3682,#3683,#3684,#3685));
#386=EDGE_LOOP('',(#3686,#3687,#3688,#3689));
#387=EDGE_LOOP('',(#3690,#3691,#3692,#3693));
#388=EDGE_LOOP('',(#3694,#3695,#3696,#3697));
#389=EDGE_LOOP('',(#3698,#3699,#3700,#3701));
#390=EDGE_LOOP('',(#3702,#3703,#3704,#3705));
#391=EDGE_LOOP('',(#3706,#3707,#3708,#3709));
#392=EDGE_LOOP('',(#3710,#3711,#3712,#3713));
#393=EDGE_LOOP('',(#3714,#3715,#3716,#3717,#3718,#3719,#3720,#3721,#3722,
#3723,#3724,#3725,#3726,#3727,#3728,#3729,#3730,#3731,#3732,#3733,#3734,
#3735,#3736,#3737,#3738,#3739,#3740,#3741,#3742,#3743,#3744,#3745,#3746,
#3747,#3748,#3749,#3750,#3751,#3752,#3753,#3754,#3755));
#394=EDGE_LOOP('',(#3756,#3757,#3758,#3759,#3760,#3761,#3762,#3763));
#395=EDGE_LOOP('',(#3764,#3765,#3766,#3767,#3768,#3769,#3770,#3771));
#396=EDGE_LOOP('',(#3772,#3773,#3774,#3775,#3776,#3777,#3778,#3779));
#397=EDGE_LOOP('',(#3780,#3781,#3782,#3783,#3784,#3785,#3786,#3787));
#398=EDGE_LOOP('',(#3788,#3789,#3790,#3791,#3792,#3793,#3794,#3795));
#399=EDGE_LOOP('',(#3796,#3797,#3798,#3799,#3800,#3801,#3802,#3803));
#400=EDGE_LOOP('',(#3804,#3805,#3806,#3807,#3808,#3809,#3810,#3811));
#401=EDGE_LOOP('',(#3812));
#402=EDGE_LOOP('',(#3813));
#403=EDGE_LOOP('',(#3814,#3815,#3816,#3817,#3818,#3819,#3820,#3821));
#404=EDGE_LOOP('',(#3822,#3823,#3824,#3825,#3826,#3827,#3828,#3829,#3830,
#3831,#3832,#3833,#3834,#3835,#3836,#3837,#3838,#3839,#3840,#3841,#3842,
#3843,#3844,#3845,#3846,#3847,#3848,#3849,#3850,#3851,#3852,#3853,#3854,
#3855,#3856,#3857,#3858,#3859,#3860,#3861,#3862,#3863,#3864,#3865,#3866,
#3867,#3868,#3869));
#405=EDGE_LOOP('',(#3870));
#406=EDGE_LOOP('',(#3871,#3872,#3873,#3874,#3875,#3876,#3877,#3878,#3879,
#3880,#3881,#3882,#3883,#3884,#3885,#3886,#3887,#3888,#3889,#3890,#3891,
#3892,#3893,#3894,#3895,#3896,#3897,#3898,#3899,#3900,#3901,#3902,#3903,
#3904,#3905,#3906,#3907,#3908,#3909,#3910,#3911,#3912,#3913,#3914,#3915,
#3916,#3917,#3918));
#407=EDGE_LOOP('',(#3919,#3920,#3921,#3922,#3923,#3924,#3925,#3926));
#408=EDGE_LOOP('',(#3927,#3928,#3929,#3930,#3931,#3932,#3933,#3934));
#409=EDGE_LOOP('',(#3935,#3936,#3937,#3938,#3939,#3940,#3941,#3942));
#410=EDGE_LOOP('',(#3943));
#411=EDGE_LOOP('',(#3944));
#412=EDGE_LOOP('',(#3945));
#413=EDGE_LOOP('',(#3946,#3947,#3948,#3949,#3950,#3951,#3952,#3953));
#414=EDGE_LOOP('',(#3954,#3955,#3956,#3957,#3958,#3959,#3960,#3961));
#415=EDGE_LOOP('',(#3962,#3963,#3964,#3965));
#416=EDGE_LOOP('',(#3966,#3967,#3968,#3969));
#417=EDGE_LOOP('',(#3970,#3971,#3972,#3973));
#418=EDGE_LOOP('',(#3974,#3975,#3976,#3977));
#419=EDGE_LOOP('',(#3978,#3979,#3980,#3981,#3982,#3983,#3984,#3985,#3986,
#3987,#3988,#3989,#3990,#3991,#3992,#3993,#3994,#3995,#3996,#3997,#3998,
#3999,#4000,#4001,#4002,#4003,#4004,#4005,#4006,#4007,#4008,#4009,#4010,
#4011,#4012,#4013,#4014,#4015,#4016,#4017,#4018,#4019));
#420=EDGE_LOOP('',(#4020,#4021,#4022,#4023,#4024,#4025,#4026,#4027,#4028,
#4029,#4030,#4031,#4032,#4033,#4034,#4035));
#421=EDGE_LOOP('',(#4036,#4037,#4038,#4039,#4040,#4041,#4042,#4043,#4044,
#4045,#4046,#4047));
#422=EDGE_LOOP('',(#4048,#4049,#4050,#4051,#4052,#4053,#4054,#4055));
#423=EDGE_LOOP('',(#4056,#4057,#4058,#4059,#4060,#4061,#4062,#4063));
#424=EDGE_LOOP('',(#4064,#4065,#4066,#4067,#4068,#4069,#4070,#4071));
#425=EDGE_LOOP('',(#4072,#4073,#4074,#4075,#4076,#4077,#4078,#4079));
#426=EDGE_LOOP('',(#4080,#4081,#4082,#4083,#4084,#4085,#4086,#4087));
#427=EDGE_LOOP('',(#4088,#4089,#4090,#4091,#4092,#4093,#4094,#4095));
#428=EDGE_LOOP('',(#4096,#4097,#4098,#4099,#4100,#4101,#4102,#4103));
#429=EDGE_LOOP('',(#4104));
#430=EDGE_LOOP('',(#4105));
#431=EDGE_LOOP('',(#4106,#4107,#4108,#4109,#4110,#4111,#4112,#4113));
#432=EDGE_LOOP('',(#4114));
#433=EDGE_LOOP('',(#4115,#4116,#4117,#4118,#4119,#4120,#4121,#4122));
#434=EDGE_LOOP('',(#4123,#4124,#4125,#4126,#4127,#4128,#4129,#4130));
#435=EDGE_LOOP('',(#4131,#4132,#4133,#4134,#4135,#4136,#4137,#4138));
#436=EDGE_LOOP('',(#4139));
#437=EDGE_LOOP('',(#4140));
#438=EDGE_LOOP('',(#4141));
#439=EDGE_LOOP('',(#4142,#4143,#4144,#4145,#4146,#4147,#4148,#4149));
#440=EDGE_LOOP('',(#4150,#4151,#4152,#4153,#4154,#4155,#4156,#4157));
#441=EDGE_LOOP('',(#4158,#4159,#4160,#4161));
#442=EDGE_LOOP('',(#4162,#4163,#4164,#4165));
#443=EDGE_LOOP('',(#4166,#4167,#4168,#4169));
#444=EDGE_LOOP('',(#4170,#4171,#4172,#4173));
#445=EDGE_LOOP('',(#4174,#4175,#4176,#4177));
#446=EDGE_LOOP('',(#4178,#4179,#4180,#4181));
#447=EDGE_LOOP('',(#4182,#4183,#4184,#4185));
#448=EDGE_LOOP('',(#4186,#4187,#4188,#4189));
#449=EDGE_LOOP('',(#4190,#4191,#4192,#4193));
#450=EDGE_LOOP('',(#4194,#4195,#4196,#4197));
#451=EDGE_LOOP('',(#4198,#4199,#4200,#4201));
#452=EDGE_LOOP('',(#4202,#4203,#4204,#4205));
#453=EDGE_LOOP('',(#4206,#4207,#4208,#4209));
#454=EDGE_LOOP('',(#4210,#4211,#4212,#4213));
#455=EDGE_LOOP('',(#4214,#4215,#4216,#4217));
#456=EDGE_LOOP('',(#4218,#4219,#4220,#4221));
#457=EDGE_LOOP('',(#4222,#4223,#4224,#4225));
#458=EDGE_LOOP('',(#4226,#4227,#4228,#4229));
#459=EDGE_LOOP('',(#4230,#4231,#4232,#4233));
#460=EDGE_LOOP('',(#4234,#4235,#4236,#4237));
#461=EDGE_LOOP('',(#4238,#4239,#4240,#4241));
#462=EDGE_LOOP('',(#4242,#4243,#4244,#4245));
#463=EDGE_LOOP('',(#4246,#4247,#4248,#4249));
#464=EDGE_LOOP('',(#4250,#4251,#4252,#4253));
#465=EDGE_LOOP('',(#4254,#4255,#4256,#4257));
#466=EDGE_LOOP('',(#4258,#4259,#4260,#4261));
#467=EDGE_LOOP('',(#4262,#4263,#4264,#4265));
#468=EDGE_LOOP('',(#4266,#4267,#4268,#4269));
#469=EDGE_LOOP('',(#4270,#4271,#4272,#4273));
#470=EDGE_LOOP('',(#4274,#4275,#4276,#4277));
#471=EDGE_LOOP('',(#4278,#4279,#4280,#4281));
#472=EDGE_LOOP('',(#4282,#4283,#4284,#4285));
#473=EDGE_LOOP('',(#4286,#4287,#4288,#4289));
#474=EDGE_LOOP('',(#4290,#4291,#4292,#4293));
#475=EDGE_LOOP('',(#4294,#4295,#4296,#4297));
#476=EDGE_LOOP('',(#4298,#4299,#4300,#4301));
#477=EDGE_LOOP('',(#4302,#4303,#4304,#4305));
#478=EDGE_LOOP('',(#4306,#4307,#4308,#4309));
#479=EDGE_LOOP('',(#4310,#4311,#4312,#4313));
#480=EDGE_LOOP('',(#4314,#4315,#4316,#4317));
#481=EDGE_LOOP('',(#4318,#4319,#4320,#4321));
#482=EDGE_LOOP('',(#4322,#4323,#4324,#4325));
#483=EDGE_LOOP('',(#4326,#4327,#4328,#4329));
#484=EDGE_LOOP('',(#4330,#4331,#4332,#4333));
#485=EDGE_LOOP('',(#4334,#4335,#4336,#4337));
#486=EDGE_LOOP('',(#4338,#4339,#4340,#4341));
#487=EDGE_LOOP('',(#4342,#4343,#4344,#4345));
#488=EDGE_LOOP('',(#4346,#4347,#4348,#4349));
#489=EDGE_LOOP('',(#4350,#4351,#4352,#4353));
#490=EDGE_LOOP('',(#4354,#4355,#4356,#4357));
#491=EDGE_LOOP('',(#4358,#4359,#4360,#4361));
#492=EDGE_LOOP('',(#4362,#4363,#4364,#4365));
#493=EDGE_LOOP('',(#4366,#4367,#4368,#4369));
#494=EDGE_LOOP('',(#4370,#4371,#4372,#4373));
#495=EDGE_LOOP('',(#4374,#4375,#4376,#4377));
#496=EDGE_LOOP('',(#4378,#4379,#4380,#4381));
#497=EDGE_LOOP('',(#4382,#4383,#4384,#4385));
#498=EDGE_LOOP('',(#4386,#4387,#4388,#4389));
#499=EDGE_LOOP('',(#4390,#4391,#4392,#4393));
#500=EDGE_LOOP('',(#4394,#4395,#4396,#4397));
#501=EDGE_LOOP('',(#4398,#4399,#4400,#4401));
#502=EDGE_LOOP('',(#4402,#4403,#4404,#4405));
#503=EDGE_LOOP('',(#4406,#4407,#4408,#4409));
#504=EDGE_LOOP('',(#4410,#4411,#4412,#4413));
#505=EDGE_LOOP('',(#4414,#4415,#4416,#4417));
#506=EDGE_LOOP('',(#4418,#4419,#4420,#4421));
#507=EDGE_LOOP('',(#4422,#4423,#4424,#4425));
#508=EDGE_LOOP('',(#4426,#4427,#4428,#4429,#4430,#4431));
#509=EDGE_LOOP('',(#4432,#4433,#4434,#4435));
#510=EDGE_LOOP('',(#4436,#4437,#4438,#4439));
#511=EDGE_LOOP('',(#4440,#4441,#4442,#4443));
#512=EDGE_LOOP('',(#4444,#4445,#4446,#4447,#4448,#4449));
#513=EDGE_LOOP('',(#4450,#4451,#4452,#4453));
#514=EDGE_LOOP('',(#4454,#4455,#4456,#4457));
#515=EDGE_LOOP('',(#4458,#4459,#4460,#4461));
#516=EDGE_LOOP('',(#4462,#4463,#4464,#4465));
#517=EDGE_LOOP('',(#4466,#4467,#4468,#4469));
#518=EDGE_LOOP('',(#4470,#4471,#4472,#4473));
#519=EDGE_LOOP('',(#4474,#4475,#4476,#4477));
#520=EDGE_LOOP('',(#4478,#4479,#4480,#4481));
#521=EDGE_LOOP('',(#4482,#4483,#4484,#4485,#4486,#4487));
#522=EDGE_LOOP('',(#4488,#4489,#4490,#4491));
#523=EDGE_LOOP('',(#4492,#4493,#4494,#4495));
#524=EDGE_LOOP('',(#4496,#4497,#4498,#4499));
#525=EDGE_LOOP('',(#4500,#4501,#4502,#4503,#4504,#4505));
#526=EDGE_LOOP('',(#4506,#4507,#4508,#4509));
#527=EDGE_LOOP('',(#4510,#4511,#4512,#4513));
#528=EDGE_LOOP('',(#4514,#4515,#4516,#4517));
#529=EDGE_LOOP('',(#4518,#4519,#4520,#4521));
#530=EDGE_LOOP('',(#4522,#4523,#4524,#4525));
#531=EDGE_LOOP('',(#4526,#4527,#4528,#4529));
#532=EDGE_LOOP('',(#4530,#4531,#4532,#4533));
#533=EDGE_LOOP('',(#4534,#4535,#4536,#4537));
#534=EDGE_LOOP('',(#4538,#4539,#4540,#4541));
#535=EDGE_LOOP('',(#4542,#4543,#4544,#4545));
#536=EDGE_LOOP('',(#4546,#4547,#4548,#4549,#4550,#4551));
#537=EDGE_LOOP('',(#4552,#4553,#4554,#4555));
#538=EDGE_LOOP('',(#4556,#4557,#4558,#4559));
#539=EDGE_LOOP('',(#4560,#4561,#4562,#4563,#4564,#4565));
#540=EDGE_LOOP('',(#4566,#4567,#4568,#4569));
#541=EDGE_LOOP('',(#4570,#4571,#4572,#4573));
#542=EDGE_LOOP('',(#4574,#4575,#4576,#4577));
#543=EDGE_LOOP('',(#4578,#4579,#4580,#4581,#4582,#4583));
#544=EDGE_LOOP('',(#4584,#4585,#4586,#4587));
#545=EDGE_LOOP('',(#4588,#4589,#4590,#4591));
#546=EDGE_LOOP('',(#4592,#4593,#4594,#4595));
#547=EDGE_LOOP('',(#4596,#4597,#4598,#4599,#4600,#4601));
#548=EDGE_LOOP('',(#4602,#4603,#4604,#4605));
#549=EDGE_LOOP('',(#4606,#4607,#4608,#4609));
#550=EDGE_LOOP('',(#4610,#4611,#4612,#4613));
#551=EDGE_LOOP('',(#4614,#4615,#4616,#4617));
#552=EDGE_LOOP('',(#4618,#4619,#4620,#4621));
#553=EDGE_LOOP('',(#4622,#4623,#4624,#4625));
#554=EDGE_LOOP('',(#4626,#4627,#4628,#4629));
#555=EDGE_LOOP('',(#4630,#4631,#4632,#4633));
#556=EDGE_LOOP('',(#4634,#4635,#4636,#4637,#4638,#4639));
#557=EDGE_LOOP('',(#4640,#4641,#4642,#4643));
#558=EDGE_LOOP('',(#4644,#4645,#4646,#4647));
#559=EDGE_LOOP('',(#4648,#4649,#4650,#4651));
#560=EDGE_LOOP('',(#4652,#4653,#4654,#4655,#4656,#4657));
#561=EDGE_LOOP('',(#4658,#4659,#4660,#4661));
#562=EDGE_LOOP('',(#4662,#4663,#4664,#4665));
#563=EDGE_LOOP('',(#4666,#4667,#4668,#4669));
#564=EDGE_LOOP('',(#4670,#4671,#4672,#4673));
#565=EDGE_LOOP('',(#4674,#4675,#4676,#4677));
#566=EDGE_LOOP('',(#4678,#4679,#4680,#4681));
#567=EDGE_LOOP('',(#4682,#4683,#4684,#4685));
#568=EDGE_LOOP('',(#4686,#4687,#4688,#4689));
#569=EDGE_LOOP('',(#4690,#4691,#4692,#4693));
#570=EDGE_LOOP('',(#4694,#4695,#4696,#4697));
#571=EDGE_LOOP('',(#4698,#4699,#4700,#4701));
#572=EDGE_LOOP('',(#4702,#4703,#4704,#4705));
#573=EDGE_LOOP('',(#4706,#4707,#4708,#4709));
#574=EDGE_LOOP('',(#4710,#4711,#4712,#4713));
#575=EDGE_LOOP('',(#4714,#4715,#4716,#4717));
#576=EDGE_LOOP('',(#4718,#4719,#4720,#4721));
#577=EDGE_LOOP('',(#4722,#4723,#4724,#4725));
#578=EDGE_LOOP('',(#4726,#4727,#4728,#4729));
#579=EDGE_LOOP('',(#4730,#4731,#4732,#4733));
#580=EDGE_LOOP('',(#4734,#4735,#4736,#4737));
#581=EDGE_LOOP('',(#4738,#4739,#4740,#4741));
#582=EDGE_LOOP('',(#4742,#4743,#4744,#4745));
#583=EDGE_LOOP('',(#4746,#4747,#4748,#4749));
#584=EDGE_LOOP('',(#4750,#4751,#4752,#4753));
#585=EDGE_LOOP('',(#4754,#4755,#4756,#4757));
#586=EDGE_LOOP('',(#4758,#4759,#4760,#4761));
#587=EDGE_LOOP('',(#4762,#4763,#4764,#4765));
#588=EDGE_LOOP('',(#4766,#4767,#4768,#4769));
#589=EDGE_LOOP('',(#4770,#4771,#4772,#4773));
#590=EDGE_LOOP('',(#4774,#4775,#4776,#4777));
#591=EDGE_LOOP('',(#4778,#4779,#4780,#4781));
#592=EDGE_LOOP('',(#4782,#4783,#4784,#4785));
#593=EDGE_LOOP('',(#4786,#4787,#4788,#4789));
#594=EDGE_LOOP('',(#4790,#4791,#4792,#4793));
#595=EDGE_LOOP('',(#4794,#4795,#4796,#4797));
#596=EDGE_LOOP('',(#4798,#4799,#4800,#4801));
#597=EDGE_LOOP('',(#4802,#4803,#4804,#4805));
#598=EDGE_LOOP('',(#4806,#4807,#4808,#4809));
#599=EDGE_LOOP('',(#4810,#4811,#4812,#4813));
#600=EDGE_LOOP('',(#4814,#4815,#4816,#4817));
#601=EDGE_LOOP('',(#4818,#4819,#4820,#4821));
#602=EDGE_LOOP('',(#4822,#4823,#4824,#4825));
#603=EDGE_LOOP('',(#4826,#4827,#4828,#4829));
#604=EDGE_LOOP('',(#4830,#4831,#4832,#4833));
#605=EDGE_LOOP('',(#4834,#4835,#4836,#4837));
#606=EDGE_LOOP('',(#4838,#4839,#4840,#4841));
#607=EDGE_LOOP('',(#4842,#4843,#4844,#4845));
#608=EDGE_LOOP('',(#4846,#4847,#4848,#4849));
#609=EDGE_LOOP('',(#4850,#4851,#4852,#4853));
#610=EDGE_LOOP('',(#4854,#4855,#4856,#4857));
#611=EDGE_LOOP('',(#4858,#4859,#4860,#4861));
#612=EDGE_LOOP('',(#4862,#4863,#4864,#4865));
#613=EDGE_LOOP('',(#4866,#4867,#4868,#4869));
#614=EDGE_LOOP('',(#4870,#4871,#4872,#4873));
#615=EDGE_LOOP('',(#4874,#4875,#4876,#4877));
#616=EDGE_LOOP('',(#4878,#4879,#4880,#4881));
#617=EDGE_LOOP('',(#4882,#4883,#4884,#4885));
#618=EDGE_LOOP('',(#4886,#4887,#4888,#4889));
#619=EDGE_LOOP('',(#4890,#4891,#4892,#4893));
#620=EDGE_LOOP('',(#4894,#4895,#4896,#4897));
#621=EDGE_LOOP('',(#4898,#4899,#4900,#4901));
#622=EDGE_LOOP('',(#4902,#4903,#4904,#4905));
#623=EDGE_LOOP('',(#4906,#4907,#4908,#4909));
#624=EDGE_LOOP('',(#4910,#4911,#4912,#4913));
#625=EDGE_LOOP('',(#4914,#4915,#4916,#4917));
#626=EDGE_LOOP('',(#4918,#4919,#4920,#4921));
#627=EDGE_LOOP('',(#4922,#4923,#4924,#4925));
#628=EDGE_LOOP('',(#4926,#4927,#4928,#4929));
#629=EDGE_LOOP('',(#4930,#4931,#4932,#4933));
#630=EDGE_LOOP('',(#4934,#4935,#4936,#4937));
#631=EDGE_LOOP('',(#4938,#4939,#4940,#4941));
#632=EDGE_LOOP('',(#4942,#4943,#4944,#4945));
#633=EDGE_LOOP('',(#4946,#4947,#4948,#4949));
#634=EDGE_LOOP('',(#4950,#4951,#4952,#4953));
#635=EDGE_LOOP('',(#4954,#4955,#4956,#4957));
#636=EDGE_LOOP('',(#4958,#4959,#4960,#4961));
#637=EDGE_LOOP('',(#4962,#4963,#4964,#4965));
#638=EDGE_LOOP('',(#4966,#4967,#4968,#4969));
#639=EDGE_LOOP('',(#4970,#4971,#4972,#4973));
#640=EDGE_LOOP('',(#4974,#4975,#4976,#4977));
#641=LINE('',#7088,#1396);
#642=LINE('',#7090,#1397);
#643=LINE('',#7092,#1398);
#644=LINE('',#7093,#1399);
#645=LINE('',#7097,#1400);
#646=LINE('',#7099,#1401);
#647=LINE('',#7101,#1402);
#648=LINE('',#7103,#1403);
#649=LINE('',#7104,#1404);
#650=LINE('',#7106,#1405);
#651=LINE('',#7107,#1406);
#652=LINE('',#7111,#1407);
#653=LINE('',#7113,#1408);
#654=LINE('',#7115,#1409);
#655=LINE('',#7116,#1410);
#656=LINE('',#7120,#1411);
#657=LINE('',#7122,#1412);
#658=LINE('',#7124,#1413);
#659=LINE('',#7126,#1414);
#660=LINE('',#7128,#1415);
#661=LINE('',#7130,#1416);
#662=LINE('',#7132,#1417);
#663=LINE('',#7134,#1418);
#664=LINE('',#7136,#1419);
#665=LINE('',#7138,#1420);
#666=LINE('',#7140,#1421);
#667=LINE('',#7142,#1422);
#668=LINE('',#7144,#1423);
#669=LINE('',#7146,#1424);
#670=LINE('',#7148,#1425);
#671=LINE('',#7150,#1426);
#672=LINE('',#7152,#1427);
#673=LINE('',#7154,#1428);
#674=LINE('',#7155,#1429);
#675=LINE('',#7157,#1430);
#676=LINE('',#7158,#1431);
#677=LINE('',#7162,#1432);
#678=LINE('',#7164,#1433);
#679=LINE('',#7166,#1434);
#680=LINE('',#7168,#1435);
#681=LINE('',#7170,#1436);
#682=LINE('',#7172,#1437);
#683=LINE('',#7174,#1438);
#684=LINE('',#7176,#1439);
#685=LINE('',#7178,#1440);
#686=LINE('',#7180,#1441);
#687=LINE('',#7182,#1442);
#688=LINE('',#7183,#1443);
#689=LINE('',#7187,#1444);
#690=LINE('',#7189,#1445);
#691=LINE('',#7191,#1446);
#692=LINE('',#7192,#1447);
#693=LINE('',#7195,#1448);
#694=LINE('',#7197,#1449);
#695=LINE('',#7199,#1450);
#696=LINE('',#7201,#1451);
#697=LINE('',#7203,#1452);
#698=LINE('',#7205,#1453);
#699=LINE('',#7207,#1454);
#700=LINE('',#7209,#1455);
#701=LINE('',#7211,#1456);
#702=LINE('',#7213,#1457);
#703=LINE('',#7215,#1458);
#704=LINE('',#7217,#1459);
#705=LINE('',#7219,#1460);
#706=LINE('',#7221,#1461);
#707=LINE('',#7223,#1462);
#708=LINE('',#7225,#1463);
#709=LINE('',#7227,#1464);
#710=LINE('',#7229,#1465);
#711=LINE('',#7231,#1466);
#712=LINE('',#7233,#1467);
#713=LINE('',#7234,#1468);
#714=LINE('',#7238,#1469);
#715=LINE('',#7240,#1470);
#716=LINE('',#7242,#1471);
#717=LINE('',#7243,#1472);
#718=LINE('',#7247,#1473);
#719=LINE('',#7249,#1474);
#720=LINE('',#7251,#1475);
#721=LINE('',#7253,#1476);
#722=LINE('',#7255,#1477);
#723=LINE('',#7257,#1478);
#724=LINE('',#7259,#1479);
#725=LINE('',#7261,#1480);
#726=LINE('',#7263,#1481);
#727=LINE('',#7265,#1482);
#728=LINE('',#7267,#1483);
#729=LINE('',#7269,#1484);
#730=LINE('',#7271,#1485);
#731=LINE('',#7273,#1486);
#732=LINE('',#7275,#1487);
#733=LINE('',#7277,#1488);
#734=LINE('',#7279,#1489);
#735=LINE('',#7281,#1490);
#736=LINE('',#7282,#1491);
#737=LINE('',#7284,#1492);
#738=LINE('',#7285,#1493);
#739=LINE('',#7288,#1494);
#740=LINE('',#7290,#1495);
#741=LINE('',#7291,#1496);
#742=LINE('',#7294,#1497);
#743=LINE('',#7295,#1498);
#744=LINE('',#7298,#1499);
#745=LINE('',#7300,#1500);
#746=LINE('',#7301,#1501);
#747=LINE('',#7304,#1502);
#748=LINE('',#7305,#1503);
#749=LINE('',#7308,#1504);
#750=LINE('',#7309,#1505);
#751=LINE('',#7312,#1506);
#752=LINE('',#7313,#1507);
#753=LINE('',#7316,#1508);
#754=LINE('',#7317,#1509);
#755=LINE('',#7320,#1510);
#756=LINE('',#7321,#1511);
#757=LINE('',#7324,#1512);
#758=LINE('',#7325,#1513);
#759=LINE('',#7328,#1514);
#760=LINE('',#7329,#1515);
#761=LINE('',#7332,#1516);
#762=LINE('',#7333,#1517);
#763=LINE('',#7336,#1518);
#764=LINE('',#7337,#1519);
#765=LINE('',#7340,#1520);
#766=LINE('',#7341,#1521);
#767=LINE('',#7344,#1522);
#768=LINE('',#7346,#1523);
#769=LINE('',#7347,#1524);
#770=LINE('',#7350,#1525);
#771=LINE('',#7351,#1526);
#772=LINE('',#7354,#1527);
#773=LINE('',#7355,#1528);
#774=LINE('',#7358,#1529);
#775=LINE('',#7359,#1530);
#776=LINE('',#7362,#1531);
#777=LINE('',#7363,#1532);
#778=LINE('',#7366,#1533);
#779=LINE('',#7367,#1534);
#780=LINE('',#7370,#1535);
#781=LINE('',#7372,#1536);
#782=LINE('',#7373,#1537);
#783=LINE('',#7376,#1538);
#784=LINE('',#7377,#1539);
#785=LINE('',#7380,#1540);
#786=LINE('',#7381,#1541);
#787=LINE('',#7384,#1542);
#788=LINE('',#7385,#1543);
#789=LINE('',#7388,#1544);
#790=LINE('',#7389,#1545);
#791=LINE('',#7392,#1546);
#792=LINE('',#7393,#1547);
#793=LINE('',#7396,#1548);
#794=LINE('',#7397,#1549);
#795=LINE('',#7400,#1550);
#796=LINE('',#7401,#1551);
#797=LINE('',#7404,#1552);
#798=LINE('',#7405,#1553);
#799=LINE('',#7408,#1554);
#800=LINE('',#7409,#1555);
#801=LINE('',#7412,#1556);
#802=LINE('',#7413,#1557);
#803=LINE('',#7416,#1558);
#804=LINE('',#7418,#1559);
#805=LINE('',#7419,#1560);
#806=LINE('',#7422,#1561);
#807=LINE('',#7423,#1562);
#808=LINE('',#7426,#1563);
#809=LINE('',#7427,#1564);
#810=LINE('',#7430,#1565);
#811=LINE('',#7431,#1566);
#812=LINE('',#7434,#1567);
#813=LINE('',#7435,#1568);
#814=LINE('',#7438,#1569);
#815=LINE('',#7439,#1570);
#816=LINE('',#7442,#1571);
#817=LINE('',#7443,#1572);
#818=LINE('',#7446,#1573);
#819=LINE('',#7447,#1574);
#820=LINE('',#7450,#1575);
#821=LINE('',#7451,#1576);
#822=LINE('',#7454,#1577);
#823=LINE('',#7455,#1578);
#824=LINE('',#7458,#1579);
#825=LINE('',#7459,#1580);
#826=LINE('',#7463,#1581);
#827=LINE('',#7465,#1582);
#828=LINE('',#7467,#1583);
#829=LINE('',#7468,#1584);
#830=LINE('',#7471,#1585);
#831=LINE('',#7473,#1586);
#832=LINE('',#7474,#1587);
#833=LINE('',#7477,#1588);
#834=LINE('',#7479,#1589);
#835=LINE('',#7480,#1590);
#836=LINE('',#7483,#1591);
#837=LINE('',#7485,#1592);
#838=LINE('',#7487,#1593);
#839=LINE('',#7489,#1594);
#840=LINE('',#7491,#1595);
#841=LINE('',#7495,#1596);
#842=LINE('',#7497,#1597);
#843=LINE('',#7499,#1598);
#844=LINE('',#7501,#1599);
#845=LINE('',#7503,#1600);
#846=LINE('',#7505,#1601);
#847=LINE('',#7507,#1602);
#848=LINE('',#7509,#1603);
#849=LINE('',#7511,#1604);
#850=LINE('',#7515,#1605);
#851=LINE('',#7517,#1606);
#852=LINE('',#7519,#1607);
#853=LINE('',#7521,#1608);
#854=LINE('',#7523,#1609);
#855=LINE('',#7525,#1610);
#856=LINE('',#7527,#1611);
#857=LINE('',#7529,#1612);
#858=LINE('',#7531,#1613);
#859=LINE('',#7533,#1614);
#860=LINE('',#7535,#1615);
#861=LINE('',#7537,#1616);
#862=LINE('',#7539,#1617);
#863=LINE('',#7541,#1618);
#864=LINE('',#7543,#1619);
#865=LINE('',#7545,#1620);
#866=LINE('',#7547,#1621);
#867=LINE('',#7549,#1622);
#868=LINE('',#7551,#1623);
#869=LINE('',#7553,#1624);
#870=LINE('',#7555,#1625);
#871=LINE('',#7557,#1626);
#872=LINE('',#7558,#1627);
#873=LINE('',#7561,#1628);
#874=LINE('',#7563,#1629);
#875=LINE('',#7565,#1630);
#876=LINE('',#7567,#1631);
#877=LINE('',#7569,#1632);
#878=LINE('',#7571,#1633);
#879=LINE('',#7573,#1634);
#880=LINE('',#7574,#1635);
#881=LINE('',#7577,#1636);
#882=LINE('',#7579,#1637);
#883=LINE('',#7581,#1638);
#884=LINE('',#7583,#1639);
#885=LINE('',#7585,#1640);
#886=LINE('',#7587,#1641);
#887=LINE('',#7589,#1642);
#888=LINE('',#7590,#1643);
#889=LINE('',#7593,#1644);
#890=LINE('',#7595,#1645);
#891=LINE('',#7597,#1646);
#892=LINE('',#7599,#1647);
#893=LINE('',#7601,#1648);
#894=LINE('',#7603,#1649);
#895=LINE('',#7605,#1650);
#896=LINE('',#7606,#1651);
#897=LINE('',#7609,#1652);
#898=LINE('',#7611,#1653);
#899=LINE('',#7613,#1654);
#900=LINE('',#7615,#1655);
#901=LINE('',#7617,#1656);
#902=LINE('',#7619,#1657);
#903=LINE('',#7621,#1658);
#904=LINE('',#7622,#1659);
#905=LINE('',#7625,#1660);
#906=LINE('',#7627,#1661);
#907=LINE('',#7629,#1662);
#908=LINE('',#7631,#1663);
#909=LINE('',#7633,#1664);
#910=LINE('',#7635,#1665);
#911=LINE('',#7637,#1666);
#912=LINE('',#7638,#1667);
#913=LINE('',#7641,#1668);
#914=LINE('',#7643,#1669);
#915=LINE('',#7645,#1670);
#916=LINE('',#7647,#1671);
#917=LINE('',#7649,#1672);
#918=LINE('',#7651,#1673);
#919=LINE('',#7653,#1674);
#920=LINE('',#7654,#1675);
#921=LINE('',#7657,#1676);
#922=LINE('',#7659,#1677);
#923=LINE('',#7661,#1678);
#924=LINE('',#7663,#1679);
#925=LINE('',#7665,#1680);
#926=LINE('',#7667,#1681);
#927=LINE('',#7669,#1682);
#928=LINE('',#7670,#1683);
#929=LINE('',#7677,#1684);
#930=LINE('',#7679,#1685);
#931=LINE('',#7681,#1686);
#932=LINE('',#7683,#1687);
#933=LINE('',#7685,#1688);
#934=LINE('',#7687,#1689);
#935=LINE('',#7689,#1690);
#936=LINE('',#7690,#1691);
#937=LINE('',#7692,#1692);
#938=LINE('',#7694,#1693);
#939=LINE('',#7696,#1694);
#940=LINE('',#7698,#1695);
#941=LINE('',#7700,#1696);
#942=LINE('',#7702,#1697);
#943=LINE('',#7704,#1698);
#944=LINE('',#7706,#1699);
#945=LINE('',#7708,#1700);
#946=LINE('',#7709,#1701);
#947=LINE('',#7711,#1702);
#948=LINE('',#7713,#1703);
#949=LINE('',#7715,#1704);
#950=LINE('',#7717,#1705);
#951=LINE('',#7719,#1706);
#952=LINE('',#7721,#1707);
#953=LINE('',#7723,#1708);
#954=LINE('',#7725,#1709);
#955=LINE('',#7727,#1710);
#956=LINE('',#7729,#1711);
#957=LINE('',#7731,#1712);
#958=LINE('',#7733,#1713);
#959=LINE('',#7735,#1714);
#960=LINE('',#7737,#1715);
#961=LINE('',#7739,#1716);
#962=LINE('',#7740,#1717);
#963=LINE('',#7744,#1718);
#964=LINE('',#7746,#1719);
#965=LINE('',#7748,#1720);
#966=LINE('',#7750,#1721);
#967=LINE('',#7751,#1722);
#968=LINE('',#7753,#1723);
#969=LINE('',#7755,#1724);
#970=LINE('',#7757,#1725);
#971=LINE('',#7759,#1726);
#972=LINE('',#7761,#1727);
#973=LINE('',#7763,#1728);
#974=LINE('',#7765,#1729);
#975=LINE('',#7767,#1730);
#976=LINE('',#7769,#1731);
#977=LINE('',#7771,#1732);
#978=LINE('',#7773,#1733);
#979=LINE('',#7775,#1734);
#980=LINE('',#7776,#1735);
#981=LINE('',#7778,#1736);
#982=LINE('',#7780,#1737);
#983=LINE('',#7782,#1738);
#984=LINE('',#7784,#1739);
#985=LINE('',#7786,#1740);
#986=LINE('',#7788,#1741);
#987=LINE('',#7790,#1742);
#988=LINE('',#7792,#1743);
#989=LINE('',#7794,#1744);
#990=LINE('',#7796,#1745);
#991=LINE('',#7797,#1746);
#992=LINE('',#7800,#1747);
#993=LINE('',#7802,#1748);
#994=LINE('',#7804,#1749);
#995=LINE('',#7806,#1750);
#996=LINE('',#7808,#1751);
#997=LINE('',#7810,#1752);
#998=LINE('',#7812,#1753);
#999=LINE('',#7813,#1754);
#1000=LINE('',#7816,#1755);
#1001=LINE('',#7818,#1756);
#1002=LINE('',#7820,#1757);
#1003=LINE('',#7822,#1758);
#1004=LINE('',#7824,#1759);
#1005=LINE('',#7826,#1760);
#1006=LINE('',#7828,#1761);
#1007=LINE('',#7829,#1762);
#1008=LINE('',#7832,#1763);
#1009=LINE('',#7834,#1764);
#1010=LINE('',#7836,#1765);
#1011=LINE('',#7838,#1766);
#1012=LINE('',#7840,#1767);
#1013=LINE('',#7842,#1768);
#1014=LINE('',#7844,#1769);
#1015=LINE('',#7845,#1770);
#1016=LINE('',#7854,#1771);
#1017=LINE('',#7856,#1772);
#1018=LINE('',#7858,#1773);
#1019=LINE('',#7860,#1774);
#1020=LINE('',#7862,#1775);
#1021=LINE('',#7864,#1776);
#1022=LINE('',#7866,#1777);
#1023=LINE('',#7867,#1778);
#1024=LINE('',#7870,#1779);
#1025=LINE('',#7872,#1780);
#1026=LINE('',#7874,#1781);
#1027=LINE('',#7876,#1782);
#1028=LINE('',#7878,#1783);
#1029=LINE('',#7880,#1784);
#1030=LINE('',#7882,#1785);
#1031=LINE('',#7883,#1786);
#1032=LINE('',#7886,#1787);
#1033=LINE('',#7887,#1788);
#1034=LINE('',#7890,#1789);
#1035=LINE('',#7892,#1790);
#1036=LINE('',#7893,#1791);
#1037=LINE('',#7896,#1792);
#1038=LINE('',#7897,#1793);
#1039=LINE('',#7900,#1794);
#1040=LINE('',#7901,#1795);
#1041=LINE('',#7904,#1796);
#1042=LINE('',#7906,#1797);
#1043=LINE('',#7908,#1798);
#1044=LINE('',#7910,#1799);
#1045=LINE('',#7912,#1800);
#1046=LINE('',#7914,#1801);
#1047=LINE('',#7916,#1802);
#1048=LINE('',#7918,#1803);
#1049=LINE('',#7920,#1804);
#1050=LINE('',#7922,#1805);
#1051=LINE('',#7924,#1806);
#1052=LINE('',#7926,#1807);
#1053=LINE('',#7928,#1808);
#1054=LINE('',#7930,#1809);
#1055=LINE('',#7931,#1810);
#1056=LINE('',#7933,#1811);
#1057=LINE('',#7935,#1812);
#1058=LINE('',#7937,#1813);
#1059=LINE('',#7939,#1814);
#1060=LINE('',#7941,#1815);
#1061=LINE('',#7945,#1816);
#1062=LINE('',#7947,#1817);
#1063=LINE('',#7949,#1818);
#1064=LINE('',#7951,#1819);
#1065=LINE('',#7953,#1820);
#1066=LINE('',#7955,#1821);
#1067=LINE('',#7957,#1822);
#1068=LINE('',#7959,#1823);
#1069=LINE('',#7961,#1824);
#1070=LINE('',#7965,#1825);
#1071=LINE('',#7967,#1826);
#1072=LINE('',#7969,#1827);
#1073=LINE('',#7970,#1828);
#1074=LINE('',#7972,#1829);
#1075=LINE('',#7974,#1830);
#1076=LINE('',#7976,#1831);
#1077=LINE('',#7978,#1832);
#1078=LINE('',#7980,#1833);
#1079=LINE('',#7982,#1834);
#1080=LINE('',#7984,#1835);
#1081=LINE('',#7986,#1836);
#1082=LINE('',#7987,#1837);
#1083=LINE('',#7989,#1838);
#1084=LINE('',#7991,#1839);
#1085=LINE('',#7993,#1840);
#1086=LINE('',#7995,#1841);
#1087=LINE('',#7996,#1842);
#1088=LINE('',#7998,#1843);
#1089=LINE('',#8000,#1844);
#1090=LINE('',#8002,#1845);
#1091=LINE('',#8004,#1846);
#1092=LINE('',#8005,#1847);
#1093=LINE('',#8007,#1848);
#1094=LINE('',#8009,#1849);
#1095=LINE('',#8011,#1850);
#1096=LINE('',#8013,#1851);
#1097=LINE('',#8014,#1852);
#1098=LINE('',#8017,#1853);
#1099=LINE('',#8019,#1854);
#1100=LINE('',#8021,#1855);
#1101=LINE('',#8023,#1856);
#1102=LINE('',#8025,#1857);
#1103=LINE('',#8027,#1858);
#1104=LINE('',#8029,#1859);
#1105=LINE('',#8030,#1860);
#1106=LINE('',#8033,#1861);
#1107=LINE('',#8035,#1862);
#1108=LINE('',#8037,#1863);
#1109=LINE('',#8039,#1864);
#1110=LINE('',#8041,#1865);
#1111=LINE('',#8043,#1866);
#1112=LINE('',#8045,#1867);
#1113=LINE('',#8046,#1868);
#1114=LINE('',#8049,#1869);
#1115=LINE('',#8051,#1870);
#1116=LINE('',#8053,#1871);
#1117=LINE('',#8055,#1872);
#1118=LINE('',#8057,#1873);
#1119=LINE('',#8059,#1874);
#1120=LINE('',#8061,#1875);
#1121=LINE('',#8062,#1876);
#1122=LINE('',#8065,#1877);
#1123=LINE('',#8067,#1878);
#1124=LINE('',#8069,#1879);
#1125=LINE('',#8071,#1880);
#1126=LINE('',#8073,#1881);
#1127=LINE('',#8075,#1882);
#1128=LINE('',#8077,#1883);
#1129=LINE('',#8078,#1884);
#1130=LINE('',#8081,#1885);
#1131=LINE('',#8083,#1886);
#1132=LINE('',#8085,#1887);
#1133=LINE('',#8087,#1888);
#1134=LINE('',#8089,#1889);
#1135=LINE('',#8091,#1890);
#1136=LINE('',#8093,#1891);
#1137=LINE('',#8094,#1892);
#1138=LINE('',#8097,#1893);
#1139=LINE('',#8099,#1894);
#1140=LINE('',#8101,#1895);
#1141=LINE('',#8103,#1896);
#1142=LINE('',#8105,#1897);
#1143=LINE('',#8107,#1898);
#1144=LINE('',#8109,#1899);
#1145=LINE('',#8110,#1900);
#1146=LINE('',#8113,#1901);
#1147=LINE('',#8115,#1902);
#1148=LINE('',#8117,#1903);
#1149=LINE('',#8119,#1904);
#1150=LINE('',#8121,#1905);
#1151=LINE('',#8123,#1906);
#1152=LINE('',#8125,#1907);
#1153=LINE('',#8126,#1908);
#1154=LINE('',#8133,#1909);
#1155=LINE('',#8135,#1910);
#1156=LINE('',#8137,#1911);
#1157=LINE('',#8139,#1912);
#1158=LINE('',#8141,#1913);
#1159=LINE('',#8143,#1914);
#1160=LINE('',#8145,#1915);
#1161=LINE('',#8146,#1916);
#1162=LINE('',#8151,#1917);
#1163=LINE('',#8153,#1918);
#1164=LINE('',#8155,#1919);
#1165=LINE('',#8157,#1920);
#1166=LINE('',#8159,#1921);
#1167=LINE('',#8161,#1922);
#1168=LINE('',#8163,#1923);
#1169=LINE('',#8164,#1924);
#1170=LINE('',#8167,#1925);
#1171=LINE('',#8169,#1926);
#1172=LINE('',#8171,#1927);
#1173=LINE('',#8173,#1928);
#1174=LINE('',#8175,#1929);
#1175=LINE('',#8177,#1930);
#1176=LINE('',#8179,#1931);
#1177=LINE('',#8180,#1932);
#1178=LINE('',#8183,#1933);
#1179=LINE('',#8185,#1934);
#1180=LINE('',#8187,#1935);
#1181=LINE('',#8189,#1936);
#1182=LINE('',#8191,#1937);
#1183=LINE('',#8193,#1938);
#1184=LINE('',#8195,#1939);
#1185=LINE('',#8196,#1940);
#1186=LINE('',#8205,#1941);
#1187=LINE('',#8207,#1942);
#1188=LINE('',#8209,#1943);
#1189=LINE('',#8211,#1944);
#1190=LINE('',#8213,#1945);
#1191=LINE('',#8215,#1946);
#1192=LINE('',#8217,#1947);
#1193=LINE('',#8218,#1948);
#1194=LINE('',#8221,#1949);
#1195=LINE('',#8223,#1950);
#1196=LINE('',#8225,#1951);
#1197=LINE('',#8227,#1952);
#1198=LINE('',#8229,#1953);
#1199=LINE('',#8231,#1954);
#1200=LINE('',#8233,#1955);
#1201=LINE('',#8234,#1956);
#1202=LINE('',#8236,#1957);
#1203=LINE('',#8238,#1958);
#1204=LINE('',#8239,#1959);
#1205=LINE('',#8241,#1960);
#1206=LINE('',#8243,#1961);
#1207=LINE('',#8245,#1962);
#1208=LINE('',#8247,#1963);
#1209=LINE('',#8249,#1964);
#1210=LINE('',#8251,#1965);
#1211=LINE('',#8254,#1966);
#1212=LINE('',#8255,#1967);
#1213=LINE('',#8257,#1968);
#1214=LINE('',#8259,#1969);
#1215=LINE('',#8261,#1970);
#1216=LINE('',#8263,#1971);
#1217=LINE('',#8265,#1972);
#1218=LINE('',#8267,#1973);
#1219=LINE('',#8270,#1974);
#1220=LINE('',#8271,#1975);
#1221=LINE('',#8273,#1976);
#1222=LINE('',#8275,#1977);
#1223=LINE('',#8277,#1978);
#1224=LINE('',#8279,#1979);
#1225=LINE('',#8281,#1980);
#1226=LINE('',#8283,#1981);
#1227=LINE('',#8286,#1982);
#1228=LINE('',#8287,#1983);
#1229=LINE('',#8289,#1984);
#1230=LINE('',#8291,#1985);
#1231=LINE('',#8293,#1986);
#1232=LINE('',#8295,#1987);
#1233=LINE('',#8297,#1988);
#1234=LINE('',#8299,#1989);
#1235=LINE('',#8302,#1990);
#1236=LINE('',#8303,#1991);
#1237=LINE('',#8305,#1992);
#1238=LINE('',#8307,#1993);
#1239=LINE('',#8309,#1994);
#1240=LINE('',#8311,#1995);
#1241=LINE('',#8313,#1996);
#1242=LINE('',#8315,#1997);
#1243=LINE('',#8318,#1998);
#1244=LINE('',#8319,#1999);
#1245=LINE('',#8321,#2000);
#1246=LINE('',#8323,#2001);
#1247=LINE('',#8325,#2002);
#1248=LINE('',#8327,#2003);
#1249=LINE('',#8329,#2004);
#1250=LINE('',#8331,#2005);
#1251=LINE('',#8334,#2006);
#1252=LINE('',#8335,#2007);
#1253=LINE('',#8337,#2008);
#1254=LINE('',#8339,#2009);
#1255=LINE('',#8341,#2010);
#1256=LINE('',#8343,#2011);
#1257=LINE('',#8345,#2012);
#1258=LINE('',#8347,#2013);
#1259=LINE('',#8350,#2014);
#1260=LINE('',#8352,#2015);
#1261=LINE('',#8354,#2016);
#1262=LINE('',#8355,#2017);
#1263=LINE('',#8357,#2018);
#1264=LINE('',#8359,#2019);
#1265=LINE('',#8361,#2020);
#1266=LINE('',#8363,#2021);
#1267=LINE('',#8365,#2022);
#1268=LINE('',#8367,#2023);
#1269=LINE('',#8370,#2024);
#1270=LINE('',#8372,#2025);
#1271=LINE('',#8374,#2026);
#1272=LINE('',#8376,#2027);
#1273=LINE('',#8378,#2028);
#1274=LINE('',#8380,#2029);
#1275=LINE('',#8382,#2030);
#1276=LINE('',#8384,#2031);
#1277=LINE('',#8386,#2032);
#1278=LINE('',#8389,#2033);
#1279=LINE('',#8391,#2034);
#1280=LINE('',#8393,#2035);
#1281=LINE('',#8395,#2036);
#1282=LINE('',#8397,#2037);
#1283=LINE('',#8399,#2038);
#1284=LINE('',#8401,#2039);
#1285=LINE('',#8403,#2040);
#1286=LINE('',#8405,#2041);
#1287=LINE('',#8407,#2042);
#1288=LINE('',#8409,#2043);
#1289=LINE('',#8411,#2044);
#1290=LINE('',#8413,#2045);
#1291=LINE('',#8415,#2046);
#1292=LINE('',#8417,#2047);
#1293=LINE('',#8420,#2048);
#1294=LINE('',#8422,#2049);
#1295=LINE('',#8424,#2050);
#1296=LINE('',#8425,#2051);
#1297=LINE('',#8427,#2052);
#1298=LINE('',#8429,#2053);
#1299=LINE('',#8432,#2054);
#1300=LINE('',#8434,#2055);
#1301=LINE('',#8436,#2056);
#1302=LINE('',#8438,#2057);
#1303=LINE('',#8440,#2058);
#1304=LINE('',#8442,#2059);
#1305=LINE('',#8444,#2060);
#1306=LINE('',#8446,#2061);
#1307=LINE('',#8448,#2062);
#1308=LINE('',#8450,#2063);
#1309=LINE('',#8452,#2064);
#1310=LINE('',#8454,#2065);
#1311=LINE('',#8457,#2066);
#1312=LINE('',#8459,#2067);
#1313=LINE('',#8461,#2068);
#1314=LINE('',#8463,#2069);
#1315=LINE('',#8465,#2070);
#1316=LINE('',#8467,#2071);
#1317=LINE('',#8469,#2072);
#1318=LINE('',#8471,#2073);
#1319=LINE('',#8473,#2074);
#1320=LINE('',#8475,#2075);
#1321=LINE('',#8478,#2076);
#1322=LINE('',#8479,#2077);
#1323=LINE('',#8481,#2078);
#1324=LINE('',#8483,#2079);
#1325=LINE('',#8485,#2080);
#1326=LINE('',#8487,#2081);
#1327=LINE('',#8489,#2082);
#1328=LINE('',#8491,#2083);
#1329=LINE('',#8494,#2084);
#1330=LINE('',#8495,#2085);
#1331=LINE('',#8497,#2086);
#1332=LINE('',#8499,#2087);
#1333=LINE('',#8501,#2088);
#1334=LINE('',#8503,#2089);
#1335=LINE('',#8505,#2090);
#1336=LINE('',#8507,#2091);
#1337=LINE('',#8510,#2092);
#1338=LINE('',#8511,#2093);
#1339=LINE('',#8513,#2094);
#1340=LINE('',#8515,#2095);
#1341=LINE('',#8517,#2096);
#1342=LINE('',#8519,#2097);
#1343=LINE('',#8521,#2098);
#1344=LINE('',#8523,#2099);
#1345=LINE('',#8526,#2100);
#1346=LINE('',#8528,#2101);
#1347=LINE('',#8530,#2102);
#1348=LINE('',#8532,#2103);
#1349=LINE('',#8533,#2104);
#1350=LINE('',#8535,#2105);
#1351=LINE('',#8537,#2106);
#1352=LINE('',#8539,#2107);
#1353=LINE('',#8541,#2108);
#1354=LINE('',#8543,#2109);
#1355=LINE('',#8545,#2110);
#1356=LINE('',#8548,#2111);
#1357=LINE('',#8549,#2112);
#1358=LINE('',#8551,#2113);
#1359=LINE('',#8553,#2114);
#1360=LINE('',#8555,#2115);
#1361=LINE('',#8557,#2116);
#1362=LINE('',#8559,#2117);
#1363=LINE('',#8561,#2118);
#1364=LINE('',#8564,#2119);
#1365=LINE('',#8565,#2120);
#1366=LINE('',#8567,#2121);
#1367=LINE('',#8569,#2122);
#1368=LINE('',#8571,#2123);
#1369=LINE('',#8573,#2124);
#1370=LINE('',#8575,#2125);
#1371=LINE('',#8577,#2126);
#1372=LINE('',#8579,#2127);
#1373=LINE('',#8581,#2128);
#1374=LINE('',#8583,#2129);
#1375=LINE('',#8585,#2130);
#1376=LINE('',#8588,#2131);
#1377=LINE('',#8590,#2132);
#1378=LINE('',#8592,#2133);
#1379=LINE('',#8594,#2134);
#1380=LINE('',#8596,#2135);
#1381=LINE('',#8598,#2136);
#1382=LINE('',#8600,#2137);
#1383=LINE('',#8602,#2138);
#1384=LINE('',#8604,#2139);
#1385=LINE('',#8606,#2140);
#1386=LINE('',#8608,#2141);
#1387=LINE('',#8610,#2142);
#1388=LINE('',#8612,#2143);
#1389=LINE('',#8614,#2144);
#1390=LINE('',#8617,#2145);
#1391=LINE('',#8619,#2146);
#1392=LINE('',#8621,#2147);
#1393=LINE('',#8623,#2148);
#1394=LINE('',#8625,#2149);
#1395=LINE('',#8627,#2150);
#1396=VECTOR('',#5781,10.);
#1397=VECTOR('',#5782,10.);
#1398=VECTOR('',#5783,10.);
#1399=VECTOR('',#5784,10.);
#1400=VECTOR('',#5787,10.);
#1401=VECTOR('',#5788,10.);
#1402=VECTOR('',#5789,10.);
#1403=VECTOR('',#5790,10.);
#1404=VECTOR('',#5791,10.);
#1405=VECTOR('',#5792,10.);
#1406=VECTOR('',#5793,10.);
#1407=VECTOR('',#5796,10.);
#1408=VECTOR('',#5797,10.);
#1409=VECTOR('',#5798,10.);
#1410=VECTOR('',#5799,10.);
#1411=VECTOR('',#5802,10.);
#1412=VECTOR('',#5803,10.);
#1413=VECTOR('',#5804,10.);
#1414=VECTOR('',#5805,10.);
#1415=VECTOR('',#5806,10.);
#1416=VECTOR('',#5807,10.);
#1417=VECTOR('',#5808,10.);
#1418=VECTOR('',#5809,10.);
#1419=VECTOR('',#5810,10.);
#1420=VECTOR('',#5811,10.);
#1421=VECTOR('',#5812,10.);
#1422=VECTOR('',#5813,10.);
#1423=VECTOR('',#5814,10.);
#1424=VECTOR('',#5815,10.);
#1425=VECTOR('',#5816,10.);
#1426=VECTOR('',#5817,10.);
#1427=VECTOR('',#5818,10.);
#1428=VECTOR('',#5819,10.);
#1429=VECTOR('',#5820,10.);
#1430=VECTOR('',#5821,10.);
#1431=VECTOR('',#5822,10.);
#1432=VECTOR('',#5825,10.);
#1433=VECTOR('',#5826,10.);
#1434=VECTOR('',#5827,10.);
#1435=VECTOR('',#5828,10.);
#1436=VECTOR('',#5829,10.);
#1437=VECTOR('',#5830,10.);
#1438=VECTOR('',#5831,10.);
#1439=VECTOR('',#5832,10.);
#1440=VECTOR('',#5833,10.);
#1441=VECTOR('',#5834,10.);
#1442=VECTOR('',#5835,10.);
#1443=VECTOR('',#5836,10.);
#1444=VECTOR('',#5839,10.);
#1445=VECTOR('',#5840,10.);
#1446=VECTOR('',#5841,10.);
#1447=VECTOR('',#5842,10.);
#1448=VECTOR('',#5845,10.);
#1449=VECTOR('',#5846,10.);
#1450=VECTOR('',#5847,10.);
#1451=VECTOR('',#5848,10.);
#1452=VECTOR('',#5849,10.);
#1453=VECTOR('',#5850,10.);
#1454=VECTOR('',#5851,10.);
#1455=VECTOR('',#5852,10.);
#1456=VECTOR('',#5853,10.);
#1457=VECTOR('',#5854,10.);
#1458=VECTOR('',#5855,10.);
#1459=VECTOR('',#5856,10.);
#1460=VECTOR('',#5857,10.);
#1461=VECTOR('',#5858,10.);
#1462=VECTOR('',#5859,10.);
#1463=VECTOR('',#5860,10.);
#1464=VECTOR('',#5861,10.);
#1465=VECTOR('',#5862,10.);
#1466=VECTOR('',#5863,10.);
#1467=VECTOR('',#5864,10.);
#1468=VECTOR('',#5865,10.);
#1469=VECTOR('',#5868,10.);
#1470=VECTOR('',#5869,10.);
#1471=VECTOR('',#5870,10.);
#1472=VECTOR('',#5871,10.);
#1473=VECTOR('',#5874,10.);
#1474=VECTOR('',#5875,10.);
#1475=VECTOR('',#5876,10.);
#1476=VECTOR('',#5877,10.);
#1477=VECTOR('',#5878,10.);
#1478=VECTOR('',#5879,10.);
#1479=VECTOR('',#5880,10.);
#1480=VECTOR('',#5881,10.);
#1481=VECTOR('',#5882,10.);
#1482=VECTOR('',#5883,10.);
#1483=VECTOR('',#5884,10.);
#1484=VECTOR('',#5885,10.);
#1485=VECTOR('',#5886,10.);
#1486=VECTOR('',#5887,10.);
#1487=VECTOR('',#5888,10.);
#1488=VECTOR('',#5889,10.);
#1489=VECTOR('',#5890,10.);
#1490=VECTOR('',#5891,10.);
#1491=VECTOR('',#5892,10.);
#1492=VECTOR('',#5893,10.);
#1493=VECTOR('',#5894,10.);
#1494=VECTOR('',#5897,10.);
#1495=VECTOR('',#5898,10.);
#1496=VECTOR('',#5899,10.);
#1497=VECTOR('',#5902,10.);
#1498=VECTOR('',#5903,10.);
#1499=VECTOR('',#5906,10.);
#1500=VECTOR('',#5907,10.);
#1501=VECTOR('',#5908,10.);
#1502=VECTOR('',#5911,10.);
#1503=VECTOR('',#5912,10.);
#1504=VECTOR('',#5915,10.);
#1505=VECTOR('',#5916,10.);
#1506=VECTOR('',#5919,10.);
#1507=VECTOR('',#5920,10.);
#1508=VECTOR('',#5923,10.);
#1509=VECTOR('',#5924,10.);
#1510=VECTOR('',#5927,10.);
#1511=VECTOR('',#5928,10.);
#1512=VECTOR('',#5931,10.);
#1513=VECTOR('',#5932,10.);
#1514=VECTOR('',#5935,10.);
#1515=VECTOR('',#5936,10.);
#1516=VECTOR('',#5939,10.);
#1517=VECTOR('',#5940,10.);
#1518=VECTOR('',#5943,10.);
#1519=VECTOR('',#5944,10.);
#1520=VECTOR('',#5947,10.);
#1521=VECTOR('',#5948,10.);
#1522=VECTOR('',#5951,10.);
#1523=VECTOR('',#5952,10.);
#1524=VECTOR('',#5953,10.);
#1525=VECTOR('',#5956,10.);
#1526=VECTOR('',#5957,10.);
#1527=VECTOR('',#5960,10.);
#1528=VECTOR('',#5961,10.);
#1529=VECTOR('',#5964,10.);
#1530=VECTOR('',#5965,10.);
#1531=VECTOR('',#5968,10.);
#1532=VECTOR('',#5969,10.);
#1533=VECTOR('',#5972,10.);
#1534=VECTOR('',#5973,10.);
#1535=VECTOR('',#5976,10.);
#1536=VECTOR('',#5977,10.);
#1537=VECTOR('',#5978,10.);
#1538=VECTOR('',#5981,10.);
#1539=VECTOR('',#5982,10.);
#1540=VECTOR('',#5985,10.);
#1541=VECTOR('',#5986,10.);
#1542=VECTOR('',#5989,10.);
#1543=VECTOR('',#5990,10.);
#1544=VECTOR('',#5993,10.);
#1545=VECTOR('',#5994,10.);
#1546=VECTOR('',#5997,10.);
#1547=VECTOR('',#5998,10.);
#1548=VECTOR('',#6001,10.);
#1549=VECTOR('',#6002,10.);
#1550=VECTOR('',#6005,10.);
#1551=VECTOR('',#6006,10.);
#1552=VECTOR('',#6009,10.);
#1553=VECTOR('',#6010,10.);
#1554=VECTOR('',#6013,10.);
#1555=VECTOR('',#6014,10.);
#1556=VECTOR('',#6017,10.);
#1557=VECTOR('',#6018,10.);
#1558=VECTOR('',#6021,10.);
#1559=VECTOR('',#6022,10.);
#1560=VECTOR('',#6023,10.);
#1561=VECTOR('',#6026,10.);
#1562=VECTOR('',#6027,10.);
#1563=VECTOR('',#6030,10.);
#1564=VECTOR('',#6031,10.);
#1565=VECTOR('',#6034,10.);
#1566=VECTOR('',#6035,10.);
#1567=VECTOR('',#6038,10.);
#1568=VECTOR('',#6039,10.);
#1569=VECTOR('',#6042,10.);
#1570=VECTOR('',#6043,10.);
#1571=VECTOR('',#6046,10.);
#1572=VECTOR('',#6047,10.);
#1573=VECTOR('',#6050,10.);
#1574=VECTOR('',#6051,10.);
#1575=VECTOR('',#6054,10.);
#1576=VECTOR('',#6055,10.);
#1577=VECTOR('',#6058,10.);
#1578=VECTOR('',#6059,10.);
#1579=VECTOR('',#6062,10.);
#1580=VECTOR('',#6063,10.);
#1581=VECTOR('',#6066,10.);
#1582=VECTOR('',#6067,10.);
#1583=VECTOR('',#6068,10.);
#1584=VECTOR('',#6069,10.);
#1585=VECTOR('',#6072,10.);
#1586=VECTOR('',#6073,10.);
#1587=VECTOR('',#6074,10.);
#1588=VECTOR('',#6077,10.);
#1589=VECTOR('',#6078,10.);
#1590=VECTOR('',#6079,10.);
#1591=VECTOR('',#6082,10.);
#1592=VECTOR('',#6083,10.);
#1593=VECTOR('',#6084,10.);
#1594=VECTOR('',#6085,10.);
#1595=VECTOR('',#6086,10.);
#1596=VECTOR('',#6089,10.);
#1597=VECTOR('',#6090,10.);
#1598=VECTOR('',#6091,10.);
#1599=VECTOR('',#6092,10.);
#1600=VECTOR('',#6093,10.);
#1601=VECTOR('',#6094,10.);
#1602=VECTOR('',#6095,10.);
#1603=VECTOR('',#6096,10.);
#1604=VECTOR('',#6097,10.);
#1605=VECTOR('',#6100,10.);
#1606=VECTOR('',#6101,10.);
#1607=VECTOR('',#6102,10.);
#1608=VECTOR('',#6103,10.);
#1609=VECTOR('',#6104,10.);
#1610=VECTOR('',#6105,10.);
#1611=VECTOR('',#6106,10.);
#1612=VECTOR('',#6107,10.);
#1613=VECTOR('',#6108,10.);
#1614=VECTOR('',#6109,10.);
#1615=VECTOR('',#6110,10.);
#1616=VECTOR('',#6111,10.);
#1617=VECTOR('',#6112,10.);
#1618=VECTOR('',#6113,10.);
#1619=VECTOR('',#6114,10.);
#1620=VECTOR('',#6115,10.);
#1621=VECTOR('',#6116,10.);
#1622=VECTOR('',#6117,10.);
#1623=VECTOR('',#6118,10.);
#1624=VECTOR('',#6119,10.);
#1625=VECTOR('',#6120,10.);
#1626=VECTOR('',#6121,10.);
#1627=VECTOR('',#6122,10.);
#1628=VECTOR('',#6123,10.);
#1629=VECTOR('',#6124,10.);
#1630=VECTOR('',#6125,10.);
#1631=VECTOR('',#6126,10.);
#1632=VECTOR('',#6127,10.);
#1633=VECTOR('',#6128,10.);
#1634=VECTOR('',#6129,10.);
#1635=VECTOR('',#6130,10.);
#1636=VECTOR('',#6131,10.);
#1637=VECTOR('',#6132,10.);
#1638=VECTOR('',#6133,10.);
#1639=VECTOR('',#6134,10.);
#1640=VECTOR('',#6135,10.);
#1641=VECTOR('',#6136,10.);
#1642=VECTOR('',#6137,10.);
#1643=VECTOR('',#6138,10.);
#1644=VECTOR('',#6139,10.);
#1645=VECTOR('',#6140,10.);
#1646=VECTOR('',#6141,10.);
#1647=VECTOR('',#6142,10.);
#1648=VECTOR('',#6143,10.);
#1649=VECTOR('',#6144,10.);
#1650=VECTOR('',#6145,10.);
#1651=VECTOR('',#6146,10.);
#1652=VECTOR('',#6147,10.);
#1653=VECTOR('',#6148,10.);
#1654=VECTOR('',#6149,10.);
#1655=VECTOR('',#6150,10.);
#1656=VECTOR('',#6151,10.);
#1657=VECTOR('',#6152,10.);
#1658=VECTOR('',#6153,10.);
#1659=VECTOR('',#6154,10.);
#1660=VECTOR('',#6155,10.);
#1661=VECTOR('',#6156,10.);
#1662=VECTOR('',#6157,10.);
#1663=VECTOR('',#6158,10.);
#1664=VECTOR('',#6159,10.);
#1665=VECTOR('',#6160,10.);
#1666=VECTOR('',#6161,10.);
#1667=VECTOR('',#6162,10.);
#1668=VECTOR('',#6163,10.);
#1669=VECTOR('',#6164,10.);
#1670=VECTOR('',#6165,10.);
#1671=VECTOR('',#6166,10.);
#1672=VECTOR('',#6167,10.);
#1673=VECTOR('',#6168,10.);
#1674=VECTOR('',#6169,10.);
#1675=VECTOR('',#6170,10.);
#1676=VECTOR('',#6171,10.);
#1677=VECTOR('',#6172,10.);
#1678=VECTOR('',#6173,10.);
#1679=VECTOR('',#6174,10.);
#1680=VECTOR('',#6175,10.);
#1681=VECTOR('',#6176,10.);
#1682=VECTOR('',#6177,10.);
#1683=VECTOR('',#6178,10.);
#1684=VECTOR('',#6183,10.);
#1685=VECTOR('',#6184,10.);
#1686=VECTOR('',#6185,10.);
#1687=VECTOR('',#6186,10.);
#1688=VECTOR('',#6187,10.);
#1689=VECTOR('',#6188,10.);
#1690=VECTOR('',#6189,10.);
#1691=VECTOR('',#6190,10.);
#1692=VECTOR('',#6191,10.);
#1693=VECTOR('',#6192,10.);
#1694=VECTOR('',#6193,10.);
#1695=VECTOR('',#6194,10.);
#1696=VECTOR('',#6195,10.);
#1697=VECTOR('',#6196,10.);
#1698=VECTOR('',#6197,10.);
#1699=VECTOR('',#6198,10.);
#1700=VECTOR('',#6199,10.);
#1701=VECTOR('',#6200,10.);
#1702=VECTOR('',#6201,10.);
#1703=VECTOR('',#6202,10.);
#1704=VECTOR('',#6203,10.);
#1705=VECTOR('',#6204,10.);
#1706=VECTOR('',#6205,10.);
#1707=VECTOR('',#6206,10.);
#1708=VECTOR('',#6207,10.);
#1709=VECTOR('',#6208,10.);
#1710=VECTOR('',#6209,10.);
#1711=VECTOR('',#6210,10.);
#1712=VECTOR('',#6211,10.);
#1713=VECTOR('',#6212,10.);
#1714=VECTOR('',#6213,10.);
#1715=VECTOR('',#6214,10.);
#1716=VECTOR('',#6215,10.);
#1717=VECTOR('',#6216,10.);
#1718=VECTOR('',#6219,10.);
#1719=VECTOR('',#6220,10.);
#1720=VECTOR('',#6221,10.);
#1721=VECTOR('',#6222,10.);
#1722=VECTOR('',#6223,10.);
#1723=VECTOR('',#6224,10.);
#1724=VECTOR('',#6225,10.);
#1725=VECTOR('',#6226,10.);
#1726=VECTOR('',#6227,10.);
#1727=VECTOR('',#6228,10.);
#1728=VECTOR('',#6229,10.);
#1729=VECTOR('',#6230,10.);
#1730=VECTOR('',#6231,10.);
#1731=VECTOR('',#6232,10.);
#1732=VECTOR('',#6233,10.);
#1733=VECTOR('',#6234,10.);
#1734=VECTOR('',#6235,10.);
#1735=VECTOR('',#6236,10.);
#1736=VECTOR('',#6237,10.);
#1737=VECTOR('',#6238,10.);
#1738=VECTOR('',#6239,10.);
#1739=VECTOR('',#6240,10.);
#1740=VECTOR('',#6241,10.);
#1741=VECTOR('',#6242,10.);
#1742=VECTOR('',#6243,10.);
#1743=VECTOR('',#6244,10.);
#1744=VECTOR('',#6245,10.);
#1745=VECTOR('',#6246,10.);
#1746=VECTOR('',#6247,10.);
#1747=VECTOR('',#6248,10.);
#1748=VECTOR('',#6249,10.);
#1749=VECTOR('',#6250,10.);
#1750=VECTOR('',#6251,10.);
#1751=VECTOR('',#6252,10.);
#1752=VECTOR('',#6253,10.);
#1753=VECTOR('',#6254,10.);
#1754=VECTOR('',#6255,10.);
#1755=VECTOR('',#6256,10.);
#1756=VECTOR('',#6257,10.);
#1757=VECTOR('',#6258,10.);
#1758=VECTOR('',#6259,10.);
#1759=VECTOR('',#6260,10.);
#1760=VECTOR('',#6261,10.);
#1761=VECTOR('',#6262,10.);
#1762=VECTOR('',#6263,10.);
#1763=VECTOR('',#6264,10.);
#1764=VECTOR('',#6265,10.);
#1765=VECTOR('',#6266,10.);
#1766=VECTOR('',#6267,10.);
#1767=VECTOR('',#6268,10.);
#1768=VECTOR('',#6269,10.);
#1769=VECTOR('',#6270,10.);
#1770=VECTOR('',#6271,10.);
#1771=VECTOR('',#6278,10.);
#1772=VECTOR('',#6279,10.);
#1773=VECTOR('',#6280,10.);
#1774=VECTOR('',#6281,10.);
#1775=VECTOR('',#6282,10.);
#1776=VECTOR('',#6283,10.);
#1777=VECTOR('',#6284,10.);
#1778=VECTOR('',#6285,10.);
#1779=VECTOR('',#6286,10.);
#1780=VECTOR('',#6287,10.);
#1781=VECTOR('',#6288,10.);
#1782=VECTOR('',#6289,10.);
#1783=VECTOR('',#6290,10.);
#1784=VECTOR('',#6291,10.);
#1785=VECTOR('',#6292,10.);
#1786=VECTOR('',#6293,10.);
#1787=VECTOR('',#6296,10.);
#1788=VECTOR('',#6297,10.);
#1789=VECTOR('',#6300,10.);
#1790=VECTOR('',#6301,10.);
#1791=VECTOR('',#6302,10.);
#1792=VECTOR('',#6305,10.);
#1793=VECTOR('',#6306,10.);
#1794=VECTOR('',#6309,10.);
#1795=VECTOR('',#6310,10.);
#1796=VECTOR('',#6313,10.);
#1797=VECTOR('',#6314,10.);
#1798=VECTOR('',#6315,10.);
#1799=VECTOR('',#6316,10.);
#1800=VECTOR('',#6317,10.);
#1801=VECTOR('',#6318,10.);
#1802=VECTOR('',#6319,10.);
#1803=VECTOR('',#6320,10.);
#1804=VECTOR('',#6321,10.);
#1805=VECTOR('',#6322,10.);
#1806=VECTOR('',#6323,10.);
#1807=VECTOR('',#6324,10.);
#1808=VECTOR('',#6325,10.);
#1809=VECTOR('',#6326,10.);
#1810=VECTOR('',#6327,10.);
#1811=VECTOR('',#6328,10.);
#1812=VECTOR('',#6329,10.);
#1813=VECTOR('',#6330,10.);
#1814=VECTOR('',#6331,10.);
#1815=VECTOR('',#6332,10.);
#1816=VECTOR('',#6335,10.);
#1817=VECTOR('',#6336,10.);
#1818=VECTOR('',#6337,10.);
#1819=VECTOR('',#6338,10.);
#1820=VECTOR('',#6339,10.);
#1821=VECTOR('',#6340,10.);
#1822=VECTOR('',#6341,10.);
#1823=VECTOR('',#6342,10.);
#1824=VECTOR('',#6343,10.);
#1825=VECTOR('',#6346,10.);
#1826=VECTOR('',#6347,10.);
#1827=VECTOR('',#6348,10.);
#1828=VECTOR('',#6349,10.);
#1829=VECTOR('',#6350,10.);
#1830=VECTOR('',#6351,10.);
#1831=VECTOR('',#6352,10.);
#1832=VECTOR('',#6353,10.);
#1833=VECTOR('',#6354,10.);
#1834=VECTOR('',#6355,10.);
#1835=VECTOR('',#6356,10.);
#1836=VECTOR('',#6357,10.);
#1837=VECTOR('',#6358,10.);
#1838=VECTOR('',#6359,10.);
#1839=VECTOR('',#6360,10.);
#1840=VECTOR('',#6361,10.);
#1841=VECTOR('',#6362,10.);
#1842=VECTOR('',#6363,10.);
#1843=VECTOR('',#6364,10.);
#1844=VECTOR('',#6365,10.);
#1845=VECTOR('',#6366,10.);
#1846=VECTOR('',#6367,10.);
#1847=VECTOR('',#6368,10.);
#1848=VECTOR('',#6369,10.);
#1849=VECTOR('',#6370,10.);
#1850=VECTOR('',#6371,10.);
#1851=VECTOR('',#6372,10.);
#1852=VECTOR('',#6373,10.);
#1853=VECTOR('',#6374,10.);
#1854=VECTOR('',#6375,10.);
#1855=VECTOR('',#6376,10.);
#1856=VECTOR('',#6377,10.);
#1857=VECTOR('',#6378,10.);
#1858=VECTOR('',#6379,10.);
#1859=VECTOR('',#6380,10.);
#1860=VECTOR('',#6381,10.);
#1861=VECTOR('',#6382,10.);
#1862=VECTOR('',#6383,10.);
#1863=VECTOR('',#6384,10.);
#1864=VECTOR('',#6385,10.);
#1865=VECTOR('',#6386,10.);
#1866=VECTOR('',#6387,10.);
#1867=VECTOR('',#6388,10.);
#1868=VECTOR('',#6389,10.);
#1869=VECTOR('',#6390,10.);
#1870=VECTOR('',#6391,10.);
#1871=VECTOR('',#6392,10.);
#1872=VECTOR('',#6393,10.);
#1873=VECTOR('',#6394,10.);
#1874=VECTOR('',#6395,10.);
#1875=VECTOR('',#6396,10.);
#1876=VECTOR('',#6397,10.);
#1877=VECTOR('',#6398,10.);
#1878=VECTOR('',#6399,10.);
#1879=VECTOR('',#6400,10.);
#1880=VECTOR('',#6401,10.);
#1881=VECTOR('',#6402,10.);
#1882=VECTOR('',#6403,10.);
#1883=VECTOR('',#6404,10.);
#1884=VECTOR('',#6405,10.);
#1885=VECTOR('',#6406,10.);
#1886=VECTOR('',#6407,10.);
#1887=VECTOR('',#6408,10.);
#1888=VECTOR('',#6409,10.);
#1889=VECTOR('',#6410,10.);
#1890=VECTOR('',#6411,10.);
#1891=VECTOR('',#6412,10.);
#1892=VECTOR('',#6413,10.);
#1893=VECTOR('',#6414,10.);
#1894=VECTOR('',#6415,10.);
#1895=VECTOR('',#6416,10.);
#1896=VECTOR('',#6417,10.);
#1897=VECTOR('',#6418,10.);
#1898=VECTOR('',#6419,10.);
#1899=VECTOR('',#6420,10.);
#1900=VECTOR('',#6421,10.);
#1901=VECTOR('',#6422,10.);
#1902=VECTOR('',#6423,10.);
#1903=VECTOR('',#6424,10.);
#1904=VECTOR('',#6425,10.);
#1905=VECTOR('',#6426,10.);
#1906=VECTOR('',#6427,10.);
#1907=VECTOR('',#6428,10.);
#1908=VECTOR('',#6429,10.);
#1909=VECTOR('',#6434,10.);
#1910=VECTOR('',#6435,10.);
#1911=VECTOR('',#6436,10.);
#1912=VECTOR('',#6437,10.);
#1913=VECTOR('',#6438,10.);
#1914=VECTOR('',#6439,10.);
#1915=VECTOR('',#6440,10.);
#1916=VECTOR('',#6441,10.);
#1917=VECTOR('',#6444,10.);
#1918=VECTOR('',#6445,10.);
#1919=VECTOR('',#6446,10.);
#1920=VECTOR('',#6447,10.);
#1921=VECTOR('',#6448,10.);
#1922=VECTOR('',#6449,10.);
#1923=VECTOR('',#6450,10.);
#1924=VECTOR('',#6451,10.);
#1925=VECTOR('',#6452,10.);
#1926=VECTOR('',#6453,10.);
#1927=VECTOR('',#6454,10.);
#1928=VECTOR('',#6455,10.);
#1929=VECTOR('',#6456,10.);
#1930=VECTOR('',#6457,10.);
#1931=VECTOR('',#6458,10.);
#1932=VECTOR('',#6459,10.);
#1933=VECTOR('',#6460,10.);
#1934=VECTOR('',#6461,10.);
#1935=VECTOR('',#6462,10.);
#1936=VECTOR('',#6463,10.);
#1937=VECTOR('',#6464,10.);
#1938=VECTOR('',#6465,10.);
#1939=VECTOR('',#6466,10.);
#1940=VECTOR('',#6467,10.);
#1941=VECTOR('',#6474,10.);
#1942=VECTOR('',#6475,10.);
#1943=VECTOR('',#6476,10.);
#1944=VECTOR('',#6477,10.);
#1945=VECTOR('',#6478,10.);
#1946=VECTOR('',#6479,10.);
#1947=VECTOR('',#6480,10.);
#1948=VECTOR('',#6481,10.);
#1949=VECTOR('',#6482,10.);
#1950=VECTOR('',#6483,10.);
#1951=VECTOR('',#6484,10.);
#1952=VECTOR('',#6485,10.);
#1953=VECTOR('',#6486,10.);
#1954=VECTOR('',#6487,10.);
#1955=VECTOR('',#6488,10.);
#1956=VECTOR('',#6489,10.);
#1957=VECTOR('',#6492,10.);
#1958=VECTOR('',#6495,10.);
#1959=VECTOR('',#6496,10.);
#1960=VECTOR('',#6499,10.);
#1961=VECTOR('',#6502,10.);
#1962=VECTOR('',#6505,10.);
#1963=VECTOR('',#6508,10.);
#1964=VECTOR('',#6511,10.);
#1965=VECTOR('',#6514,10.);
#1966=VECTOR('',#6519,10.);
#1967=VECTOR('',#6520,10.);
#1968=VECTOR('',#6523,10.);
#1969=VECTOR('',#6526,10.);
#1970=VECTOR('',#6529,10.);
#1971=VECTOR('',#6532,10.);
#1972=VECTOR('',#6535,10.);
#1973=VECTOR('',#6538,10.);
#1974=VECTOR('',#6543,10.);
#1975=VECTOR('',#6544,10.);
#1976=VECTOR('',#6547,10.);
#1977=VECTOR('',#6550,10.);
#1978=VECTOR('',#6553,10.);
#1979=VECTOR('',#6556,10.);
#1980=VECTOR('',#6559,10.);
#1981=VECTOR('',#6562,10.);
#1982=VECTOR('',#6567,10.);
#1983=VECTOR('',#6568,10.);
#1984=VECTOR('',#6571,10.);
#1985=VECTOR('',#6574,10.);
#1986=VECTOR('',#6577,10.);
#1987=VECTOR('',#6580,10.);
#1988=VECTOR('',#6583,10.);
#1989=VECTOR('',#6586,10.);
#1990=VECTOR('',#6591,10.);
#1991=VECTOR('',#6592,10.);
#1992=VECTOR('',#6595,10.);
#1993=VECTOR('',#6598,10.);
#1994=VECTOR('',#6601,10.);
#1995=VECTOR('',#6604,10.);
#1996=VECTOR('',#6607,10.);
#1997=VECTOR('',#6610,10.);
#1998=VECTOR('',#6615,10.);
#1999=VECTOR('',#6616,10.);
#2000=VECTOR('',#6619,10.);
#2001=VECTOR('',#6622,10.);
#2002=VECTOR('',#6625,10.);
#2003=VECTOR('',#6628,10.);
#2004=VECTOR('',#6631,10.);
#2005=VECTOR('',#6634,10.);
#2006=VECTOR('',#6639,10.);
#2007=VECTOR('',#6640,10.);
#2008=VECTOR('',#6643,10.);
#2009=VECTOR('',#6646,10.);
#2010=VECTOR('',#6649,10.);
#2011=VECTOR('',#6652,10.);
#2012=VECTOR('',#6655,10.);
#2013=VECTOR('',#6658,10.);
#2014=VECTOR('',#6663,1.25000254000508);
#2015=VECTOR('',#6666,1.25000254000508);
#2016=VECTOR('',#6669,10.);
#2017=VECTOR('',#6670,10.);
#2018=VECTOR('',#6673,10.);
#2019=VECTOR('',#6676,10.);
#2020=VECTOR('',#6679,10.);
#2021=VECTOR('',#6682,10.);
#2022=VECTOR('',#6685,10.);
#2023=VECTOR('',#6688,10.);
#2024=VECTOR('',#6693,10.);
#2025=VECTOR('',#6696,10.);
#2026=VECTOR('',#6699,10.);
#2027=VECTOR('',#6702,10.);
#2028=VECTOR('',#6705,10.);
#2029=VECTOR('',#6708,10.);
#2030=VECTOR('',#6711,10.);
#2031=VECTOR('',#6714,10.);
#2032=VECTOR('',#6717,10.);
#2033=VECTOR('',#6722,10.);
#2034=VECTOR('',#6725,10.);
#2035=VECTOR('',#6728,10.);
#2036=VECTOR('',#6731,10.);
#2037=VECTOR('',#6734,10.);
#2038=VECTOR('',#6737,10.);
#2039=VECTOR('',#6740,10.);
#2040=VECTOR('',#6743,10.);
#2041=VECTOR('',#6746,10.);
#2042=VECTOR('',#6749,10.);
#2043=VECTOR('',#6752,10.);
#2044=VECTOR('',#6755,10.);
#2045=VECTOR('',#6758,10.);
#2046=VECTOR('',#6761,10.);
#2047=VECTOR('',#6764,10.);
#2048=VECTOR('',#6769,1.25);
#2049=VECTOR('',#6772,10.);
#2050=VECTOR('',#6775,10.);
#2051=VECTOR('',#6776,10.);
#2052=VECTOR('',#6779,10.);
#2053=VECTOR('',#6782,10.);
#2054=VECTOR('',#6787,10.);
#2055=VECTOR('',#6790,10.);
#2056=VECTOR('',#6793,10.);
#2057=VECTOR('',#6796,10.);
#2058=VECTOR('',#6799,10.);
#2059=VECTOR('',#6802,10.);
#2060=VECTOR('',#6805,10.);
#2061=VECTOR('',#6808,10.);
#2062=VECTOR('',#6811,10.);
#2063=VECTOR('',#6814,10.);
#2064=VECTOR('',#6817,10.);
#2065=VECTOR('',#6820,10.);
#2066=VECTOR('',#6825,10.);
#2067=VECTOR('',#6828,10.);
#2068=VECTOR('',#6831,10.);
#2069=VECTOR('',#6834,10.);
#2070=VECTOR('',#6837,10.);
#2071=VECTOR('',#6840,10.);
#2072=VECTOR('',#6843,10.);
#2073=VECTOR('',#6846,10.);
#2074=VECTOR('',#6849,10.);
#2075=VECTOR('',#6852,10.);
#2076=VECTOR('',#6857,10.);
#2077=VECTOR('',#6858,10.);
#2078=VECTOR('',#6861,10.);
#2079=VECTOR('',#6864,10.);
#2080=VECTOR('',#6867,10.);
#2081=VECTOR('',#6870,10.);
#2082=VECTOR('',#6873,10.);
#2083=VECTOR('',#6876,10.);
#2084=VECTOR('',#6881,10.);
#2085=VECTOR('',#6882,10.);
#2086=VECTOR('',#6885,10.);
#2087=VECTOR('',#6888,10.);
#2088=VECTOR('',#6891,10.);
#2089=VECTOR('',#6894,10.);
#2090=VECTOR('',#6897,10.);
#2091=VECTOR('',#6900,10.);
#2092=VECTOR('',#6905,10.);
#2093=VECTOR('',#6906,10.);
#2094=VECTOR('',#6909,10.);
#2095=VECTOR('',#6912,10.);
#2096=VECTOR('',#6915,10.);
#2097=VECTOR('',#6918,10.);
#2098=VECTOR('',#6921,10.);
#2099=VECTOR('',#6924,10.);
#2100=VECTOR('',#6929,1.25000254000508);
#2101=VECTOR('',#6932,9.);
#2102=VECTOR('',#6935,1.25);
#2103=VECTOR('',#6938,10.);
#2104=VECTOR('',#6939,10.);
#2105=VECTOR('',#6942,10.);
#2106=VECTOR('',#6945,10.);
#2107=VECTOR('',#6948,10.);
#2108=VECTOR('',#6951,10.);
#2109=VECTOR('',#6954,10.);
#2110=VECTOR('',#6957,10.);
#2111=VECTOR('',#6962,10.);
#2112=VECTOR('',#6963,10.);
#2113=VECTOR('',#6966,10.);
#2114=VECTOR('',#6969,10.);
#2115=VECTOR('',#6972,10.);
#2116=VECTOR('',#6975,10.);
#2117=VECTOR('',#6978,10.);
#2118=VECTOR('',#6981,10.);
#2119=VECTOR('',#6986,10.);
#2120=VECTOR('',#6987,10.);
#2121=VECTOR('',#6990,10.);
#2122=VECTOR('',#6993,10.);
#2123=VECTOR('',#6996,10.);
#2124=VECTOR('',#6999,10.);
#2125=VECTOR('',#7002,10.);
#2126=VECTOR('',#7005,10.);
#2127=VECTOR('',#7008,10.);
#2128=VECTOR('',#7011,10.);
#2129=VECTOR('',#7014,10.);
#2130=VECTOR('',#7017,10.);
#2131=VECTOR('',#7022,10.);
#2132=VECTOR('',#7025,10.);
#2133=VECTOR('',#7028,10.);
#2134=VECTOR('',#7031,10.);
#2135=VECTOR('',#7034,10.);
#2136=VECTOR('',#7037,10.);
#2137=VECTOR('',#7040,10.);
#2138=VECTOR('',#7043,10.);
#2139=VECTOR('',#7046,10.);
#2140=VECTOR('',#7049,10.);
#2141=VECTOR('',#7052,10.);
#2142=VECTOR('',#7055,10.);
#2143=VECTOR('',#7058,10.);
#2144=VECTOR('',#7061,10.);
#2145=VECTOR('',#7066,10.);
#2146=VECTOR('',#7069,10.);
#2147=VECTOR('',#7072,10.);
#2148=VECTOR('',#7075,10.);
#2149=VECTOR('',#7078,10.);
#2150=VECTOR('',#7081,10.);
#2151=VERTEX_POINT('',#7086);
#2152=VERTEX_POINT('',#7087);
#2153=VERTEX_POINT('',#7089);
#2154=VERTEX_POINT('',#7091);
#2155=VERTEX_POINT('',#7095);
#2156=VERTEX_POINT('',#7096);
#2157=VERTEX_POINT('',#7098);
#2158=VERTEX_POINT('',#7100);
#2159=VERTEX_POINT('',#7102);
#2160=VERTEX_POINT('',#7105);
#2161=VERTEX_POINT('',#7109);
#2162=VERTEX_POINT('',#7110);
#2163=VERTEX_POINT('',#7112);
#2164=VERTEX_POINT('',#7114);
#2165=VERTEX_POINT('',#7118);
#2166=VERTEX_POINT('',#7119);
#2167=VERTEX_POINT('',#7121);
#2168=VERTEX_POINT('',#7123);
#2169=VERTEX_POINT('',#7125);
#2170=VERTEX_POINT('',#7127);
#2171=VERTEX_POINT('',#7129);
#2172=VERTEX_POINT('',#7131);
#2173=VERTEX_POINT('',#7133);
#2174=VERTEX_POINT('',#7135);
#2175=VERTEX_POINT('',#7137);
#2176=VERTEX_POINT('',#7139);
#2177=VERTEX_POINT('',#7141);
#2178=VERTEX_POINT('',#7143);
#2179=VERTEX_POINT('',#7145);
#2180=VERTEX_POINT('',#7147);
#2181=VERTEX_POINT('',#7149);
#2182=VERTEX_POINT('',#7151);
#2183=VERTEX_POINT('',#7153);
#2184=VERTEX_POINT('',#7156);
#2185=VERTEX_POINT('',#7160);
#2186=VERTEX_POINT('',#7161);
#2187=VERTEX_POINT('',#7163);
#2188=VERTEX_POINT('',#7165);
#2189=VERTEX_POINT('',#7167);
#2190=VERTEX_POINT('',#7169);
#2191=VERTEX_POINT('',#7171);
#2192=VERTEX_POINT('',#7173);
#2193=VERTEX_POINT('',#7175);
#2194=VERTEX_POINT('',#7177);
#2195=VERTEX_POINT('',#7179);
#2196=VERTEX_POINT('',#7181);
#2197=VERTEX_POINT('',#7185);
#2198=VERTEX_POINT('',#7186);
#2199=VERTEX_POINT('',#7188);
#2200=VERTEX_POINT('',#7190);
#2201=VERTEX_POINT('',#7194);
#2202=VERTEX_POINT('',#7196);
#2203=VERTEX_POINT('',#7198);
#2204=VERTEX_POINT('',#7200);
#2205=VERTEX_POINT('',#7202);
#2206=VERTEX_POINT('',#7204);
#2207=VERTEX_POINT('',#7206);
#2208=VERTEX_POINT('',#7208);
#2209=VERTEX_POINT('',#7210);
#2210=VERTEX_POINT('',#7212);
#2211=VERTEX_POINT('',#7214);
#2212=VERTEX_POINT('',#7216);
#2213=VERTEX_POINT('',#7218);
#2214=VERTEX_POINT('',#7220);
#2215=VERTEX_POINT('',#7222);
#2216=VERTEX_POINT('',#7224);
#2217=VERTEX_POINT('',#7226);
#2218=VERTEX_POINT('',#7228);
#2219=VERTEX_POINT('',#7230);
#2220=VERTEX_POINT('',#7232);
#2221=VERTEX_POINT('',#7236);
#2222=VERTEX_POINT('',#7237);
#2223=VERTEX_POINT('',#7239);
#2224=VERTEX_POINT('',#7241);
#2225=VERTEX_POINT('',#7245);
#2226=VERTEX_POINT('',#7246);
#2227=VERTEX_POINT('',#7248);
#2228=VERTEX_POINT('',#7250);
#2229=VERTEX_POINT('',#7252);
#2230=VERTEX_POINT('',#7254);
#2231=VERTEX_POINT('',#7256);
#2232=VERTEX_POINT('',#7258);
#2233=VERTEX_POINT('',#7260);
#2234=VERTEX_POINT('',#7262);
#2235=VERTEX_POINT('',#7264);
#2236=VERTEX_POINT('',#7266);
#2237=VERTEX_POINT('',#7268);
#2238=VERTEX_POINT('',#7270);
#2239=VERTEX_POINT('',#7272);
#2240=VERTEX_POINT('',#7274);
#2241=VERTEX_POINT('',#7276);
#2242=VERTEX_POINT('',#7278);
#2243=VERTEX_POINT('',#7280);
#2244=VERTEX_POINT('',#7283);
#2245=VERTEX_POINT('',#7287);
#2246=VERTEX_POINT('',#7289);
#2247=VERTEX_POINT('',#7293);
#2248=VERTEX_POINT('',#7297);
#2249=VERTEX_POINT('',#7299);
#2250=VERTEX_POINT('',#7303);
#2251=VERTEX_POINT('',#7307);
#2252=VERTEX_POINT('',#7311);
#2253=VERTEX_POINT('',#7315);
#2254=VERTEX_POINT('',#7319);
#2255=VERTEX_POINT('',#7323);
#2256=VERTEX_POINT('',#7327);
#2257=VERTEX_POINT('',#7331);
#2258=VERTEX_POINT('',#7335);
#2259=VERTEX_POINT('',#7339);
#2260=VERTEX_POINT('',#7343);
#2261=VERTEX_POINT('',#7345);
#2262=VERTEX_POINT('',#7349);
#2263=VERTEX_POINT('',#7353);
#2264=VERTEX_POINT('',#7357);
#2265=VERTEX_POINT('',#7361);
#2266=VERTEX_POINT('',#7365);
#2267=VERTEX_POINT('',#7369);
#2268=VERTEX_POINT('',#7371);
#2269=VERTEX_POINT('',#7375);
#2270=VERTEX_POINT('',#7379);
#2271=VERTEX_POINT('',#7383);
#2272=VERTEX_POINT('',#7387);
#2273=VERTEX_POINT('',#7391);
#2274=VERTEX_POINT('',#7395);
#2275=VERTEX_POINT('',#7399);
#2276=VERTEX_POINT('',#7403);
#2277=VERTEX_POINT('',#7407);
#2278=VERTEX_POINT('',#7411);
#2279=VERTEX_POINT('',#7415);
#2280=VERTEX_POINT('',#7417);
#2281=VERTEX_POINT('',#7421);
#2282=VERTEX_POINT('',#7425);
#2283=VERTEX_POINT('',#7429);
#2284=VERTEX_POINT('',#7433);
#2285=VERTEX_POINT('',#7437);
#2286=VERTEX_POINT('',#7441);
#2287=VERTEX_POINT('',#7445);
#2288=VERTEX_POINT('',#7449);
#2289=VERTEX_POINT('',#7453);
#2290=VERTEX_POINT('',#7457);
#2291=VERTEX_POINT('',#7461);
#2292=VERTEX_POINT('',#7462);
#2293=VERTEX_POINT('',#7464);
#2294=VERTEX_POINT('',#7466);
#2295=VERTEX_POINT('',#7470);
#2296=VERTEX_POINT('',#7472);
#2297=VERTEX_POINT('',#7476);
#2298=VERTEX_POINT('',#7478);
#2299=VERTEX_POINT('',#7482);
#2300=VERTEX_POINT('',#7484);
#2301=VERTEX_POINT('',#7486);
#2302=VERTEX_POINT('',#7488);
#2303=VERTEX_POINT('',#7490);
#2304=VERTEX_POINT('',#7492);
#2305=VERTEX_POINT('',#7494);
#2306=VERTEX_POINT('',#7496);
#2307=VERTEX_POINT('',#7498);
#2308=VERTEX_POINT('',#7500);
#2309=VERTEX_POINT('',#7502);
#2310=VERTEX_POINT('',#7504);
#2311=VERTEX_POINT('',#7506);
#2312=VERTEX_POINT('',#7508);
#2313=VERTEX_POINT('',#7510);
#2314=VERTEX_POINT('',#7512);
#2315=VERTEX_POINT('',#7514);
#2316=VERTEX_POINT('',#7516);
#2317=VERTEX_POINT('',#7518);
#2318=VERTEX_POINT('',#7520);
#2319=VERTEX_POINT('',#7522);
#2320=VERTEX_POINT('',#7524);
#2321=VERTEX_POINT('',#7526);
#2322=VERTEX_POINT('',#7528);
#2323=VERTEX_POINT('',#7530);
#2324=VERTEX_POINT('',#7532);
#2325=VERTEX_POINT('',#7534);
#2326=VERTEX_POINT('',#7536);
#2327=VERTEX_POINT('',#7538);
#2328=VERTEX_POINT('',#7540);
#2329=VERTEX_POINT('',#7542);
#2330=VERTEX_POINT('',#7544);
#2331=VERTEX_POINT('',#7546);
#2332=VERTEX_POINT('',#7548);
#2333=VERTEX_POINT('',#7550);
#2334=VERTEX_POINT('',#7552);
#2335=VERTEX_POINT('',#7554);
#2336=VERTEX_POINT('',#7556);
#2337=VERTEX_POINT('',#7559);
#2338=VERTEX_POINT('',#7560);
#2339=VERTEX_POINT('',#7562);
#2340=VERTEX_POINT('',#7564);
#2341=VERTEX_POINT('',#7566);
#2342=VERTEX_POINT('',#7568);
#2343=VERTEX_POINT('',#7570);
#2344=VERTEX_POINT('',#7572);
#2345=VERTEX_POINT('',#7575);
#2346=VERTEX_POINT('',#7576);
#2347=VERTEX_POINT('',#7578);
#2348=VERTEX_POINT('',#7580);
#2349=VERTEX_POINT('',#7582);
#2350=VERTEX_POINT('',#7584);
#2351=VERTEX_POINT('',#7586);
#2352=VERTEX_POINT('',#7588);
#2353=VERTEX_POINT('',#7591);
#2354=VERTEX_POINT('',#7592);
#2355=VERTEX_POINT('',#7594);
#2356=VERTEX_POINT('',#7596);
#2357=VERTEX_POINT('',#7598);
#2358=VERTEX_POINT('',#7600);
#2359=VERTEX_POINT('',#7602);
#2360=VERTEX_POINT('',#7604);
#2361=VERTEX_POINT('',#7607);
#2362=VERTEX_POINT('',#7608);
#2363=VERTEX_POINT('',#7610);
#2364=VERTEX_POINT('',#7612);
#2365=VERTEX_POINT('',#7614);
#2366=VERTEX_POINT('',#7616);
#2367=VERTEX_POINT('',#7618);
#2368=VERTEX_POINT('',#7620);
#2369=VERTEX_POINT('',#7623);
#2370=VERTEX_POINT('',#7624);
#2371=VERTEX_POINT('',#7626);
#2372=VERTEX_POINT('',#7628);
#2373=VERTEX_POINT('',#7630);
#2374=VERTEX_POINT('',#7632);
#2375=VERTEX_POINT('',#7634);
#2376=VERTEX_POINT('',#7636);
#2377=VERTEX_POINT('',#7639);
#2378=VERTEX_POINT('',#7640);
#2379=VERTEX_POINT('',#7642);
#2380=VERTEX_POINT('',#7644);
#2381=VERTEX_POINT('',#7646);
#2382=VERTEX_POINT('',#7648);
#2383=VERTEX_POINT('',#7650);
#2384=VERTEX_POINT('',#7652);
#2385=VERTEX_POINT('',#7655);
#2386=VERTEX_POINT('',#7656);
#2387=VERTEX_POINT('',#7658);
#2388=VERTEX_POINT('',#7660);
#2389=VERTEX_POINT('',#7662);
#2390=VERTEX_POINT('',#7664);
#2391=VERTEX_POINT('',#7666);
#2392=VERTEX_POINT('',#7668);
#2393=VERTEX_POINT('',#7671);
#2394=VERTEX_POINT('',#7673);
#2395=VERTEX_POINT('',#7675);
#2396=VERTEX_POINT('',#7676);
#2397=VERTEX_POINT('',#7678);
#2398=VERTEX_POINT('',#7680);
#2399=VERTEX_POINT('',#7682);
#2400=VERTEX_POINT('',#7684);
#2401=VERTEX_POINT('',#7686);
#2402=VERTEX_POINT('',#7688);
#2403=VERTEX_POINT('',#7691);
#2404=VERTEX_POINT('',#7693);
#2405=VERTEX_POINT('',#7695);
#2406=VERTEX_POINT('',#7697);
#2407=VERTEX_POINT('',#7699);
#2408=VERTEX_POINT('',#7701);
#2409=VERTEX_POINT('',#7703);
#2410=VERTEX_POINT('',#7705);
#2411=VERTEX_POINT('',#7707);
#2412=VERTEX_POINT('',#7710);
#2413=VERTEX_POINT('',#7712);
#2414=VERTEX_POINT('',#7714);
#2415=VERTEX_POINT('',#7716);
#2416=VERTEX_POINT('',#7718);
#2417=VERTEX_POINT('',#7720);
#2418=VERTEX_POINT('',#7722);
#2419=VERTEX_POINT('',#7724);
#2420=VERTEX_POINT('',#7726);
#2421=VERTEX_POINT('',#7728);
#2422=VERTEX_POINT('',#7730);
#2423=VERTEX_POINT('',#7732);
#2424=VERTEX_POINT('',#7734);
#2425=VERTEX_POINT('',#7736);
#2426=VERTEX_POINT('',#7738);
#2427=VERTEX_POINT('',#7741);
#2428=VERTEX_POINT('',#7743);
#2429=VERTEX_POINT('',#7745);
#2430=VERTEX_POINT('',#7747);
#2431=VERTEX_POINT('',#7749);
#2432=VERTEX_POINT('',#7752);
#2433=VERTEX_POINT('',#7754);
#2434=VERTEX_POINT('',#7756);
#2435=VERTEX_POINT('',#7758);
#2436=VERTEX_POINT('',#7760);
#2437=VERTEX_POINT('',#7762);
#2438=VERTEX_POINT('',#7764);
#2439=VERTEX_POINT('',#7766);
#2440=VERTEX_POINT('',#7768);
#2441=VERTEX_POINT('',#7770);
#2442=VERTEX_POINT('',#7772);
#2443=VERTEX_POINT('',#7774);
#2444=VERTEX_POINT('',#7777);
#2445=VERTEX_POINT('',#7779);
#2446=VERTEX_POINT('',#7781);
#2447=VERTEX_POINT('',#7783);
#2448=VERTEX_POINT('',#7785);
#2449=VERTEX_POINT('',#7787);
#2450=VERTEX_POINT('',#7789);
#2451=VERTEX_POINT('',#7791);
#2452=VERTEX_POINT('',#7793);
#2453=VERTEX_POINT('',#7795);
#2454=VERTEX_POINT('',#7798);
#2455=VERTEX_POINT('',#7799);
#2456=VERTEX_POINT('',#7801);
#2457=VERTEX_POINT('',#7803);
#2458=VERTEX_POINT('',#7805);
#2459=VERTEX_POINT('',#7807);
#2460=VERTEX_POINT('',#7809);
#2461=VERTEX_POINT('',#7811);
#2462=VERTEX_POINT('',#7814);
#2463=VERTEX_POINT('',#7815);
#2464=VERTEX_POINT('',#7817);
#2465=VERTEX_POINT('',#7819);
#2466=VERTEX_POINT('',#7821);
#2467=VERTEX_POINT('',#7823);
#2468=VERTEX_POINT('',#7825);
#2469=VERTEX_POINT('',#7827);
#2470=VERTEX_POINT('',#7830);
#2471=VERTEX_POINT('',#7831);
#2472=VERTEX_POINT('',#7833);
#2473=VERTEX_POINT('',#7835);
#2474=VERTEX_POINT('',#7837);
#2475=VERTEX_POINT('',#7839);
#2476=VERTEX_POINT('',#7841);
#2477=VERTEX_POINT('',#7843);
#2478=VERTEX_POINT('',#7846);
#2479=VERTEX_POINT('',#7848);
#2480=VERTEX_POINT('',#7850);
#2481=VERTEX_POINT('',#7852);
#2482=VERTEX_POINT('',#7853);
#2483=VERTEX_POINT('',#7855);
#2484=VERTEX_POINT('',#7857);
#2485=VERTEX_POINT('',#7859);
#2486=VERTEX_POINT('',#7861);
#2487=VERTEX_POINT('',#7863);
#2488=VERTEX_POINT('',#7865);
#2489=VERTEX_POINT('',#7868);
#2490=VERTEX_POINT('',#7869);
#2491=VERTEX_POINT('',#7871);
#2492=VERTEX_POINT('',#7873);
#2493=VERTEX_POINT('',#7875);
#2494=VERTEX_POINT('',#7877);
#2495=VERTEX_POINT('',#7879);
#2496=VERTEX_POINT('',#7881);
#2497=VERTEX_POINT('',#7885);
#2498=VERTEX_POINT('',#7889);
#2499=VERTEX_POINT('',#7891);
#2500=VERTEX_POINT('',#7895);
#2501=VERTEX_POINT('',#7899);
#2502=VERTEX_POINT('',#7903);
#2503=VERTEX_POINT('',#7905);
#2504=VERTEX_POINT('',#7907);
#2505=VERTEX_POINT('',#7909);
#2506=VERTEX_POINT('',#7911);
#2507=VERTEX_POINT('',#7913);
#2508=VERTEX_POINT('',#7915);
#2509=VERTEX_POINT('',#7917);
#2510=VERTEX_POINT('',#7919);
#2511=VERTEX_POINT('',#7921);
#2512=VERTEX_POINT('',#7923);
#2513=VERTEX_POINT('',#7925);
#2514=VERTEX_POINT('',#7927);
#2515=VERTEX_POINT('',#7929);
#2516=VERTEX_POINT('',#7932);
#2517=VERTEX_POINT('',#7934);
#2518=VERTEX_POINT('',#7936);
#2519=VERTEX_POINT('',#7938);
#2520=VERTEX_POINT('',#7940);
#2521=VERTEX_POINT('',#7942);
#2522=VERTEX_POINT('',#7944);
#2523=VERTEX_POINT('',#7946);
#2524=VERTEX_POINT('',#7948);
#2525=VERTEX_POINT('',#7950);
#2526=VERTEX_POINT('',#7952);
#2527=VERTEX_POINT('',#7954);
#2528=VERTEX_POINT('',#7956);
#2529=VERTEX_POINT('',#7958);
#2530=VERTEX_POINT('',#7960);
#2531=VERTEX_POINT('',#7962);
#2532=VERTEX_POINT('',#7964);
#2533=VERTEX_POINT('',#7966);
#2534=VERTEX_POINT('',#7968);
#2535=VERTEX_POINT('',#7971);
#2536=VERTEX_POINT('',#7973);
#2537=VERTEX_POINT('',#7975);
#2538=VERTEX_POINT('',#7977);
#2539=VERTEX_POINT('',#7979);
#2540=VERTEX_POINT('',#7981);
#2541=VERTEX_POINT('',#7983);
#2542=VERTEX_POINT('',#7985);
#2543=VERTEX_POINT('',#7988);
#2544=VERTEX_POINT('',#7990);
#2545=VERTEX_POINT('',#7992);
#2546=VERTEX_POINT('',#7994);
#2547=VERTEX_POINT('',#7997);
#2548=VERTEX_POINT('',#7999);
#2549=VERTEX_POINT('',#8001);
#2550=VERTEX_POINT('',#8003);
#2551=VERTEX_POINT('',#8006);
#2552=VERTEX_POINT('',#8008);
#2553=VERTEX_POINT('',#8010);
#2554=VERTEX_POINT('',#8012);
#2555=VERTEX_POINT('',#8015);
#2556=VERTEX_POINT('',#8016);
#2557=VERTEX_POINT('',#8018);
#2558=VERTEX_POINT('',#8020);
#2559=VERTEX_POINT('',#8022);
#2560=VERTEX_POINT('',#8024);
#2561=VERTEX_POINT('',#8026);
#2562=VERTEX_POINT('',#8028);
#2563=VERTEX_POINT('',#8031);
#2564=VERTEX_POINT('',#8032);
#2565=VERTEX_POINT('',#8034);
#2566=VERTEX_POINT('',#8036);
#2567=VERTEX_POINT('',#8038);
#2568=VERTEX_POINT('',#8040);
#2569=VERTEX_POINT('',#8042);
#2570=VERTEX_POINT('',#8044);
#2571=VERTEX_POINT('',#8047);
#2572=VERTEX_POINT('',#8048);
#2573=VERTEX_POINT('',#8050);
#2574=VERTEX_POINT('',#8052);
#2575=VERTEX_POINT('',#8054);
#2576=VERTEX_POINT('',#8056);
#2577=VERTEX_POINT('',#8058);
#2578=VERTEX_POINT('',#8060);
#2579=VERTEX_POINT('',#8063);
#2580=VERTEX_POINT('',#8064);
#2581=VERTEX_POINT('',#8066);
#2582=VERTEX_POINT('',#8068);
#2583=VERTEX_POINT('',#8070);
#2584=VERTEX_POINT('',#8072);
#2585=VERTEX_POINT('',#8074);
#2586=VERTEX_POINT('',#8076);
#2587=VERTEX_POINT('',#8079);
#2588=VERTEX_POINT('',#8080);
#2589=VERTEX_POINT('',#8082);
#2590=VERTEX_POINT('',#8084);
#2591=VERTEX_POINT('',#8086);
#2592=VERTEX_POINT('',#8088);
#2593=VERTEX_POINT('',#8090);
#2594=VERTEX_POINT('',#8092);
#2595=VERTEX_POINT('',#8095);
#2596=VERTEX_POINT('',#8096);
#2597=VERTEX_POINT('',#8098);
#2598=VERTEX_POINT('',#8100);
#2599=VERTEX_POINT('',#8102);
#2600=VERTEX_POINT('',#8104);
#2601=VERTEX_POINT('',#8106);
#2602=VERTEX_POINT('',#8108);
#2603=VERTEX_POINT('',#8111);
#2604=VERTEX_POINT('',#8112);
#2605=VERTEX_POINT('',#8114);
#2606=VERTEX_POINT('',#8116);
#2607=VERTEX_POINT('',#8118);
#2608=VERTEX_POINT('',#8120);
#2609=VERTEX_POINT('',#8122);
#2610=VERTEX_POINT('',#8124);
#2611=VERTEX_POINT('',#8127);
#2612=VERTEX_POINT('',#8129);
#2613=VERTEX_POINT('',#8131);
#2614=VERTEX_POINT('',#8132);
#2615=VERTEX_POINT('',#8134);
#2616=VERTEX_POINT('',#8136);
#2617=VERTEX_POINT('',#8138);
#2618=VERTEX_POINT('',#8140);
#2619=VERTEX_POINT('',#8142);
#2620=VERTEX_POINT('',#8144);
#2621=VERTEX_POINT('',#8147);
#2622=VERTEX_POINT('',#8149);
#2623=VERTEX_POINT('',#8150);
#2624=VERTEX_POINT('',#8152);
#2625=VERTEX_POINT('',#8154);
#2626=VERTEX_POINT('',#8156);
#2627=VERTEX_POINT('',#8158);
#2628=VERTEX_POINT('',#8160);
#2629=VERTEX_POINT('',#8162);
#2630=VERTEX_POINT('',#8165);
#2631=VERTEX_POINT('',#8166);
#2632=VERTEX_POINT('',#8168);
#2633=VERTEX_POINT('',#8170);
#2634=VERTEX_POINT('',#8172);
#2635=VERTEX_POINT('',#8174);
#2636=VERTEX_POINT('',#8176);
#2637=VERTEX_POINT('',#8178);
#2638=VERTEX_POINT('',#8181);
#2639=VERTEX_POINT('',#8182);
#2640=VERTEX_POINT('',#8184);
#2641=VERTEX_POINT('',#8186);
#2642=VERTEX_POINT('',#8188);
#2643=VERTEX_POINT('',#8190);
#2644=VERTEX_POINT('',#8192);
#2645=VERTEX_POINT('',#8194);
#2646=VERTEX_POINT('',#8197);
#2647=VERTEX_POINT('',#8199);
#2648=VERTEX_POINT('',#8201);
#2649=VERTEX_POINT('',#8203);
#2650=VERTEX_POINT('',#8204);
#2651=VERTEX_POINT('',#8206);
#2652=VERTEX_POINT('',#8208);
#2653=VERTEX_POINT('',#8210);
#2654=VERTEX_POINT('',#8212);
#2655=VERTEX_POINT('',#8214);
#2656=VERTEX_POINT('',#8216);
#2657=VERTEX_POINT('',#8219);
#2658=VERTEX_POINT('',#8220);
#2659=VERTEX_POINT('',#8222);
#2660=VERTEX_POINT('',#8224);
#2661=VERTEX_POINT('',#8226);
#2662=VERTEX_POINT('',#8228);
#2663=VERTEX_POINT('',#8230);
#2664=VERTEX_POINT('',#8232);
#2665=EDGE_CURVE('',#2151,#2152,#641,.T.);
#2666=EDGE_CURVE('',#2151,#2153,#642,.T.);
#2667=EDGE_CURVE('',#2153,#2154,#643,.T.);
#2668=EDGE_CURVE('',#2152,#2154,#644,.T.);
#2669=EDGE_CURVE('',#2155,#2156,#645,.T.);
#2670=EDGE_CURVE('',#2157,#2155,#646,.T.);
#2671=EDGE_CURVE('',#2158,#2157,#647,.T.);
#2672=EDGE_CURVE('',#2159,#2158,#648,.T.);
#2673=EDGE_CURVE('',#2154,#2159,#649,.T.);
#2674=EDGE_CURVE('',#2160,#2153,#650,.T.);
#2675=EDGE_CURVE('',#2156,#2160,#651,.T.);
#2676=EDGE_CURVE('',#2161,#2162,#652,.T.);
#2677=EDGE_CURVE('',#2161,#2163,#653,.T.);
#2678=EDGE_CURVE('',#2163,#2164,#654,.T.);
#2679=EDGE_CURVE('',#2162,#2164,#655,.T.);
#2680=EDGE_CURVE('',#2165,#2166,#656,.T.);
#2681=EDGE_CURVE('',#2167,#2165,#657,.T.);
#2682=EDGE_CURVE('',#2168,#2167,#658,.T.);
#2683=EDGE_CURVE('',#2169,#2168,#659,.T.);
#2684=EDGE_CURVE('',#2170,#2169,#660,.T.);
#2685=EDGE_CURVE('',#2171,#2170,#661,.T.);
#2686=EDGE_CURVE('',#2172,#2171,#662,.T.);
#2687=EDGE_CURVE('',#2173,#2172,#663,.T.);
#2688=EDGE_CURVE('',#2174,#2173,#664,.T.);
#2689=EDGE_CURVE('',#2175,#2174,#665,.T.);
#2690=EDGE_CURVE('',#2176,#2175,#666,.T.);
#2691=EDGE_CURVE('',#2177,#2176,#667,.T.);
#2692=EDGE_CURVE('',#2178,#2177,#668,.T.);
#2693=EDGE_CURVE('',#2179,#2178,#669,.T.);
#2694=EDGE_CURVE('',#2180,#2179,#670,.T.);
#2695=EDGE_CURVE('',#2181,#2180,#671,.T.);
#2696=EDGE_CURVE('',#2182,#2181,#672,.T.);
#2697=EDGE_CURVE('',#2183,#2182,#673,.T.);
#2698=EDGE_CURVE('',#2164,#2183,#674,.T.);
#2699=EDGE_CURVE('',#2184,#2163,#675,.T.);
#2700=EDGE_CURVE('',#2166,#2184,#676,.T.);
#2701=EDGE_CURVE('',#2185,#2186,#677,.T.);
#2702=EDGE_CURVE('',#2187,#2185,#678,.T.);
#2703=EDGE_CURVE('',#2188,#2187,#679,.T.);
#2704=EDGE_CURVE('',#2189,#2188,#680,.T.);
#2705=EDGE_CURVE('',#2190,#2189,#681,.T.);
#2706=EDGE_CURVE('',#2191,#2190,#682,.T.);
#2707=EDGE_CURVE('',#2192,#2191,#683,.T.);
#2708=EDGE_CURVE('',#2193,#2192,#684,.T.);
#2709=EDGE_CURVE('',#2194,#2193,#685,.T.);
#2710=EDGE_CURVE('',#2195,#2194,#686,.T.);
#2711=EDGE_CURVE('',#2196,#2195,#687,.T.);
#2712=EDGE_CURVE('',#2186,#2196,#688,.T.);
#2713=EDGE_CURVE('',#2197,#2198,#689,.T.);
#2714=EDGE_CURVE('',#2197,#2199,#690,.T.);
#2715=EDGE_CURVE('',#2199,#2200,#691,.T.);
#2716=EDGE_CURVE('',#2198,#2200,#692,.T.);
#2717=EDGE_CURVE('',#2201,#2199,#693,.T.);
#2718=EDGE_CURVE('',#2202,#2201,#694,.T.);
#2719=EDGE_CURVE('',#2203,#2202,#695,.T.);
#2720=EDGE_CURVE('',#2204,#2203,#696,.T.);
#2721=EDGE_CURVE('',#2205,#2204,#697,.T.);
#2722=EDGE_CURVE('',#2206,#2205,#698,.T.);
#2723=EDGE_CURVE('',#2207,#2206,#699,.T.);
#2724=EDGE_CURVE('',#2208,#2207,#700,.T.);
#2725=EDGE_CURVE('',#2209,#2208,#701,.T.);
#2726=EDGE_CURVE('',#2210,#2209,#702,.T.);
#2727=EDGE_CURVE('',#2211,#2210,#703,.T.);
#2728=EDGE_CURVE('',#2212,#2211,#704,.T.);
#2729=EDGE_CURVE('',#2213,#2212,#705,.T.);
#2730=EDGE_CURVE('',#2214,#2213,#706,.T.);
#2731=EDGE_CURVE('',#2215,#2214,#707,.T.);
#2732=EDGE_CURVE('',#2216,#2215,#708,.T.);
#2733=EDGE_CURVE('',#2217,#2216,#709,.T.);
#2734=EDGE_CURVE('',#2218,#2217,#710,.T.);
#2735=EDGE_CURVE('',#2219,#2218,#711,.T.);
#2736=EDGE_CURVE('',#2220,#2219,#712,.T.);
#2737=EDGE_CURVE('',#2200,#2220,#713,.T.);
#2738=EDGE_CURVE('',#2221,#2222,#714,.T.);
#2739=EDGE_CURVE('',#2221,#2223,#715,.T.);
#2740=EDGE_CURVE('',#2223,#2224,#716,.T.);
#2741=EDGE_CURVE('',#2222,#2224,#717,.T.);
#2742=EDGE_CURVE('',#2225,#2226,#718,.T.);
#2743=EDGE_CURVE('',#2227,#2225,#719,.T.);
#2744=EDGE_CURVE('',#2228,#2227,#720,.T.);
#2745=EDGE_CURVE('',#2229,#2228,#721,.T.);
#2746=EDGE_CURVE('',#2230,#2229,#722,.T.);
#2747=EDGE_CURVE('',#2231,#2230,#723,.T.);
#2748=EDGE_CURVE('',#2232,#2231,#724,.T.);
#2749=EDGE_CURVE('',#2233,#2232,#725,.T.);
#2750=EDGE_CURVE('',#2234,#2233,#726,.T.);
#2751=EDGE_CURVE('',#2235,#2234,#727,.T.);
#2752=EDGE_CURVE('',#2236,#2235,#728,.T.);
#2753=EDGE_CURVE('',#2237,#2236,#729,.T.);
#2754=EDGE_CURVE('',#2238,#2237,#730,.T.);
#2755=EDGE_CURVE('',#2239,#2238,#731,.T.);
#2756=EDGE_CURVE('',#2240,#2239,#732,.T.);
#2757=EDGE_CURVE('',#2241,#2240,#733,.T.);
#2758=EDGE_CURVE('',#2242,#2241,#734,.T.);
#2759=EDGE_CURVE('',#2243,#2242,#735,.T.);
#2760=EDGE_CURVE('',#2224,#2243,#736,.T.);
#2761=EDGE_CURVE('',#2244,#2223,#737,.T.);
#2762=EDGE_CURVE('',#2226,#2244,#738,.T.);
#2763=EDGE_CURVE('',#2245,#2158,#739,.T.);
#2764=EDGE_CURVE('',#2245,#2246,#740,.T.);
#2765=EDGE_CURVE('',#2246,#2159,#741,.T.);
#2766=EDGE_CURVE('',#2247,#2157,#742,.T.);
#2767=EDGE_CURVE('',#2247,#2245,#743,.T.);
#2768=EDGE_CURVE('',#2248,#2177,#744,.T.);
#2769=EDGE_CURVE('',#2248,#2249,#745,.T.);
#2770=EDGE_CURVE('',#2249,#2178,#746,.T.);
#2771=EDGE_CURVE('',#2250,#2176,#747,.T.);
#2772=EDGE_CURVE('',#2250,#2248,#748,.T.);
#2773=EDGE_CURVE('',#2251,#2175,#749,.T.);
#2774=EDGE_CURVE('',#2251,#2250,#750,.T.);
#2775=EDGE_CURVE('',#2252,#2174,#751,.T.);
#2776=EDGE_CURVE('',#2252,#2251,#752,.T.);
#2777=EDGE_CURVE('',#2253,#2173,#753,.T.);
#2778=EDGE_CURVE('',#2253,#2252,#754,.T.);
#2779=EDGE_CURVE('',#2254,#2172,#755,.T.);
#2780=EDGE_CURVE('',#2254,#2253,#756,.T.);
#2781=EDGE_CURVE('',#2255,#2171,#757,.T.);
#2782=EDGE_CURVE('',#2255,#2254,#758,.T.);
#2783=EDGE_CURVE('',#2256,#2170,#759,.T.);
#2784=EDGE_CURVE('',#2256,#2255,#760,.T.);
#2785=EDGE_CURVE('',#2257,#2169,#761,.T.);
#2786=EDGE_CURVE('',#2257,#2256,#762,.T.);
#2787=EDGE_CURVE('',#2258,#2168,#763,.T.);
#2788=EDGE_CURVE('',#2258,#2257,#764,.T.);
#2789=EDGE_CURVE('',#2259,#2167,#765,.T.);
#2790=EDGE_CURVE('',#2259,#2258,#766,.T.);
#2791=EDGE_CURVE('',#2260,#2192,#767,.T.);
#2792=EDGE_CURVE('',#2260,#2261,#768,.T.);
#2793=EDGE_CURVE('',#2261,#2193,#769,.T.);
#2794=EDGE_CURVE('',#2262,#2191,#770,.T.);
#2795=EDGE_CURVE('',#2262,#2260,#771,.T.);
#2796=EDGE_CURVE('',#2263,#2190,#772,.T.);
#2797=EDGE_CURVE('',#2263,#2262,#773,.T.);
#2798=EDGE_CURVE('',#2264,#2189,#774,.T.);
#2799=EDGE_CURVE('',#2264,#2263,#775,.T.);
#2800=EDGE_CURVE('',#2265,#2188,#776,.T.);
#2801=EDGE_CURVE('',#2265,#2264,#777,.T.);
#2802=EDGE_CURVE('',#2266,#2187,#778,.T.);
#2803=EDGE_CURVE('',#2266,#2265,#779,.T.);
#2804=EDGE_CURVE('',#2267,#2211,#780,.T.);
#2805=EDGE_CURVE('',#2267,#2268,#781,.T.);
#2806=EDGE_CURVE('',#2268,#2212,#782,.T.);
#2807=EDGE_CURVE('',#2269,#2210,#783,.T.);
#2808=EDGE_CURVE('',#2269,#2267,#784,.T.);
#2809=EDGE_CURVE('',#2270,#2209,#785,.T.);
#2810=EDGE_CURVE('',#2270,#2269,#786,.T.);
#2811=EDGE_CURVE('',#2271,#2208,#787,.T.);
#2812=EDGE_CURVE('',#2271,#2270,#788,.T.);
#2813=EDGE_CURVE('',#2272,#2207,#789,.T.);
#2814=EDGE_CURVE('',#2272,#2271,#790,.T.);
#2815=EDGE_CURVE('',#2273,#2206,#791,.T.);
#2816=EDGE_CURVE('',#2273,#2272,#792,.T.);
#2817=EDGE_CURVE('',#2274,#2205,#793,.T.);
#2818=EDGE_CURVE('',#2274,#2273,#794,.T.);
#2819=EDGE_CURVE('',#2275,#2204,#795,.T.);
#2820=EDGE_CURVE('',#2275,#2274,#796,.T.);
#2821=EDGE_CURVE('',#2276,#2203,#797,.T.);
#2822=EDGE_CURVE('',#2276,#2275,#798,.T.);
#2823=EDGE_CURVE('',#2277,#2202,#799,.T.);
#2824=EDGE_CURVE('',#2277,#2276,#800,.T.);
#2825=EDGE_CURVE('',#2278,#2201,#801,.T.);
#2826=EDGE_CURVE('',#2278,#2277,#802,.T.);
#2827=EDGE_CURVE('',#2279,#2237,#803,.T.);
#2828=EDGE_CURVE('',#2279,#2280,#804,.T.);
#2829=EDGE_CURVE('',#2280,#2238,#805,.T.);
#2830=EDGE_CURVE('',#2281,#2236,#806,.T.);
#2831=EDGE_CURVE('',#2281,#2279,#807,.T.);
#2832=EDGE_CURVE('',#2282,#2235,#808,.T.);
#2833=EDGE_CURVE('',#2282,#2281,#809,.T.);
#2834=EDGE_CURVE('',#2283,#2234,#810,.T.);
#2835=EDGE_CURVE('',#2283,#2282,#811,.T.);
#2836=EDGE_CURVE('',#2284,#2233,#812,.T.);
#2837=EDGE_CURVE('',#2284,#2283,#813,.T.);
#2838=EDGE_CURVE('',#2285,#2232,#814,.T.);
#2839=EDGE_CURVE('',#2285,#2284,#815,.T.);
#2840=EDGE_CURVE('',#2286,#2231,#816,.T.);
#2841=EDGE_CURVE('',#2286,#2285,#817,.T.);
#2842=EDGE_CURVE('',#2287,#2230,#818,.T.);
#2843=EDGE_CURVE('',#2287,#2286,#819,.T.);
#2844=EDGE_CURVE('',#2288,#2229,#820,.T.);
#2845=EDGE_CURVE('',#2288,#2287,#821,.T.);
#2846=EDGE_CURVE('',#2289,#2228,#822,.T.);
#2847=EDGE_CURVE('',#2289,#2288,#823,.T.);
#2848=EDGE_CURVE('',#2290,#2227,#824,.T.);
#2849=EDGE_CURVE('',#2290,#2289,#825,.T.);
#2850=EDGE_CURVE('',#2291,#2292,#826,.T.);
#2851=EDGE_CURVE('',#2292,#2293,#827,.T.);
#2852=EDGE_CURVE('',#2293,#2294,#828,.T.);
#2853=EDGE_CURVE('',#2294,#2291,#829,.T.);
#2854=EDGE_CURVE('',#2292,#2295,#830,.T.);
#2855=EDGE_CURVE('',#2295,#2296,#831,.T.);
#2856=EDGE_CURVE('',#2296,#2293,#832,.T.);
#2857=EDGE_CURVE('',#2295,#2297,#833,.T.);
#2858=EDGE_CURVE('',#2297,#2298,#834,.T.);
#2859=EDGE_CURVE('',#2298,#2296,#835,.T.);
#2860=EDGE_CURVE('',#2299,#2291,#836,.T.);
#2861=EDGE_CURVE('',#2299,#2300,#837,.T.);
#2862=EDGE_CURVE('',#2300,#2301,#838,.T.);
#2863=EDGE_CURVE('',#2301,#2302,#839,.T.);
#2864=EDGE_CURVE('',#2303,#2302,#840,.T.);
#2865=EDGE_CURVE('',#2304,#2303,#65,.T.);
#2866=EDGE_CURVE('',#2305,#2304,#841,.T.);
#2867=EDGE_CURVE('',#2306,#2305,#842,.T.);
#2868=EDGE_CURVE('',#2307,#2306,#843,.T.);
#2869=EDGE_CURVE('',#2308,#2307,#844,.T.);
#2870=EDGE_CURVE('',#2309,#2308,#845,.T.);
#2871=EDGE_CURVE('',#2309,#2310,#846,.T.);
#2872=EDGE_CURVE('',#2310,#2311,#847,.T.);
#2873=EDGE_CURVE('',#2311,#2312,#848,.T.);
#2874=EDGE_CURVE('',#2313,#2312,#849,.T.);
#2875=EDGE_CURVE('',#2314,#2313,#66,.T.);
#2876=EDGE_CURVE('',#2315,#2314,#850,.T.);
#2877=EDGE_CURVE('',#2315,#2316,#851,.T.);
#2878=EDGE_CURVE('',#2316,#2317,#852,.T.);
#2879=EDGE_CURVE('',#2317,#2318,#853,.T.);
#2880=EDGE_CURVE('',#2319,#2318,#854,.T.);
#2881=EDGE_CURVE('',#2320,#2319,#855,.T.);
#2882=EDGE_CURVE('',#2321,#2320,#856,.T.);
#2883=EDGE_CURVE('',#2322,#2321,#857,.T.);
#2884=EDGE_CURVE('',#2323,#2322,#858,.T.);
#2885=EDGE_CURVE('',#2324,#2323,#859,.T.);
#2886=EDGE_CURVE('',#2325,#2324,#860,.T.);
#2887=EDGE_CURVE('',#2326,#2325,#861,.T.);
#2888=EDGE_CURVE('',#2326,#2327,#862,.T.);
#2889=EDGE_CURVE('',#2327,#2328,#863,.T.);
#2890=EDGE_CURVE('',#2328,#2329,#864,.T.);
#2891=EDGE_CURVE('',#2329,#2330,#865,.T.);
#2892=EDGE_CURVE('',#2331,#2330,#866,.T.);
#2893=EDGE_CURVE('',#2332,#2331,#867,.T.);
#2894=EDGE_CURVE('',#2332,#2333,#868,.T.);
#2895=EDGE_CURVE('',#2334,#2333,#869,.T.);
#2896=EDGE_CURVE('',#2335,#2334,#870,.T.);
#2897=EDGE_CURVE('',#2336,#2335,#871,.T.);
#2898=EDGE_CURVE('',#2297,#2336,#872,.T.);
#2899=EDGE_CURVE('',#2337,#2338,#873,.T.);
#2900=EDGE_CURVE('',#2339,#2337,#874,.T.);
#2901=EDGE_CURVE('',#2340,#2339,#875,.T.);
#2902=EDGE_CURVE('',#2341,#2340,#876,.T.);
#2903=EDGE_CURVE('',#2342,#2341,#877,.T.);
#2904=EDGE_CURVE('',#2343,#2342,#878,.T.);
#2905=EDGE_CURVE('',#2344,#2343,#879,.T.);
#2906=EDGE_CURVE('',#2338,#2344,#880,.T.);
#2907=EDGE_CURVE('',#2345,#2346,#881,.T.);
#2908=EDGE_CURVE('',#2347,#2345,#882,.T.);
#2909=EDGE_CURVE('',#2348,#2347,#883,.T.);
#2910=EDGE_CURVE('',#2349,#2348,#884,.T.);
#2911=EDGE_CURVE('',#2350,#2349,#885,.T.);
#2912=EDGE_CURVE('',#2351,#2350,#886,.T.);
#2913=EDGE_CURVE('',#2352,#2351,#887,.T.);
#2914=EDGE_CURVE('',#2346,#2352,#888,.T.);
#2915=EDGE_CURVE('',#2353,#2354,#889,.T.);
#2916=EDGE_CURVE('',#2355,#2353,#890,.T.);
#2917=EDGE_CURVE('',#2356,#2355,#891,.T.);
#2918=EDGE_CURVE('',#2357,#2356,#892,.T.);
#2919=EDGE_CURVE('',#2358,#2357,#893,.T.);
#2920=EDGE_CURVE('',#2359,#2358,#894,.T.);
#2921=EDGE_CURVE('',#2360,#2359,#895,.T.);
#2922=EDGE_CURVE('',#2354,#2360,#896,.T.);
#2923=EDGE_CURVE('',#2361,#2362,#897,.T.);
#2924=EDGE_CURVE('',#2363,#2361,#898,.T.);
#2925=EDGE_CURVE('',#2364,#2363,#899,.T.);
#2926=EDGE_CURVE('',#2365,#2364,#900,.T.);
#2927=EDGE_CURVE('',#2366,#2365,#901,.T.);
#2928=EDGE_CURVE('',#2367,#2366,#902,.T.);
#2929=EDGE_CURVE('',#2368,#2367,#903,.T.);
#2930=EDGE_CURVE('',#2362,#2368,#904,.T.);
#2931=EDGE_CURVE('',#2369,#2370,#905,.T.);
#2932=EDGE_CURVE('',#2371,#2369,#906,.T.);
#2933=EDGE_CURVE('',#2372,#2371,#907,.T.);
#2934=EDGE_CURVE('',#2373,#2372,#908,.T.);
#2935=EDGE_CURVE('',#2374,#2373,#909,.T.);
#2936=EDGE_CURVE('',#2375,#2374,#910,.T.);
#2937=EDGE_CURVE('',#2376,#2375,#911,.T.);
#2938=EDGE_CURVE('',#2370,#2376,#912,.T.);
#2939=EDGE_CURVE('',#2377,#2378,#913,.T.);
#2940=EDGE_CURVE('',#2379,#2377,#914,.T.);
#2941=EDGE_CURVE('',#2380,#2379,#915,.T.);
#2942=EDGE_CURVE('',#2381,#2380,#916,.T.);
#2943=EDGE_CURVE('',#2382,#2381,#917,.T.);
#2944=EDGE_CURVE('',#2383,#2382,#918,.T.);
#2945=EDGE_CURVE('',#2384,#2383,#919,.T.);
#2946=EDGE_CURVE('',#2378,#2384,#920,.T.);
#2947=EDGE_CURVE('',#2385,#2386,#921,.T.);
#2948=EDGE_CURVE('',#2387,#2385,#922,.T.);
#2949=EDGE_CURVE('',#2388,#2387,#923,.T.);
#2950=EDGE_CURVE('',#2389,#2388,#924,.T.);
#2951=EDGE_CURVE('',#2390,#2389,#925,.T.);
#2952=EDGE_CURVE('',#2391,#2390,#926,.T.);
#2953=EDGE_CURVE('',#2392,#2391,#927,.T.);
#2954=EDGE_CURVE('',#2386,#2392,#928,.T.);
#2955=EDGE_CURVE('',#2393,#2393,#67,.T.);
#2956=EDGE_CURVE('',#2394,#2394,#68,.T.);
#2957=EDGE_CURVE('',#2395,#2396,#929,.T.);
#2958=EDGE_CURVE('',#2397,#2395,#930,.T.);
#2959=EDGE_CURVE('',#2398,#2397,#931,.T.);
#2960=EDGE_CURVE('',#2399,#2398,#932,.T.);
#2961=EDGE_CURVE('',#2400,#2399,#933,.T.);
#2962=EDGE_CURVE('',#2401,#2400,#934,.T.);
#2963=EDGE_CURVE('',#2402,#2401,#935,.T.);
#2964=EDGE_CURVE('',#2396,#2402,#936,.T.);
#2965=EDGE_CURVE('',#2403,#2278,#937,.T.);
#2966=EDGE_CURVE('',#2404,#2403,#938,.T.);
#2967=EDGE_CURVE('',#2405,#2404,#939,.T.);
#2968=EDGE_CURVE('',#2406,#2405,#940,.T.);
#2969=EDGE_CURVE('',#2407,#2406,#941,.T.);
#2970=EDGE_CURVE('',#2408,#2407,#942,.T.);
#2971=EDGE_CURVE('',#2409,#2408,#943,.T.);
#2972=EDGE_CURVE('',#2410,#2409,#944,.T.);
#2973=EDGE_CURVE('',#2411,#2410,#945,.T.);
#2974=EDGE_CURVE('',#2280,#2411,#946,.T.);
#2975=EDGE_CURVE('',#2412,#2290,#947,.T.);
#2976=EDGE_CURVE('',#2413,#2412,#948,.T.);
#2977=EDGE_CURVE('',#2414,#2413,#949,.T.);
#2978=EDGE_CURVE('',#2415,#2414,#950,.T.);
#2979=EDGE_CURVE('',#2416,#2415,#951,.T.);
#2980=EDGE_CURVE('',#2417,#2416,#952,.T.);
#2981=EDGE_CURVE('',#2418,#2417,#953,.T.);
#2982=EDGE_CURVE('',#2419,#2418,#954,.T.);
#2983=EDGE_CURVE('',#2420,#2419,#955,.T.);
#2984=EDGE_CURVE('',#2421,#2420,#956,.T.);
#2985=EDGE_CURVE('',#2422,#2421,#957,.T.);
#2986=EDGE_CURVE('',#2423,#2422,#958,.T.);
#2987=EDGE_CURVE('',#2424,#2423,#959,.T.);
#2988=EDGE_CURVE('',#2425,#2424,#960,.T.);
#2989=EDGE_CURVE('',#2426,#2425,#961,.T.);
#2990=EDGE_CURVE('',#2268,#2426,#962,.T.);
#2991=EDGE_CURVE('',#2427,#2427,#69,.T.);
#2992=EDGE_CURVE('',#2428,#2266,#963,.T.);
#2993=EDGE_CURVE('',#2429,#2428,#964,.T.);
#2994=EDGE_CURVE('',#2430,#2429,#965,.T.);
#2995=EDGE_CURVE('',#2431,#2430,#966,.T.);
#2996=EDGE_CURVE('',#2246,#2431,#967,.T.);
#2997=EDGE_CURVE('',#2432,#2247,#968,.T.);
#2998=EDGE_CURVE('',#2433,#2432,#969,.T.);
#2999=EDGE_CURVE('',#2434,#2433,#970,.T.);
#3000=EDGE_CURVE('',#2435,#2434,#971,.T.);
#3001=EDGE_CURVE('',#2436,#2435,#972,.T.);
#3002=EDGE_CURVE('',#2437,#2436,#973,.T.);
#3003=EDGE_CURVE('',#2438,#2437,#974,.T.);
#3004=EDGE_CURVE('',#2439,#2438,#975,.T.);
#3005=EDGE_CURVE('',#2440,#2439,#976,.T.);
#3006=EDGE_CURVE('',#2441,#2440,#977,.T.);
#3007=EDGE_CURVE('',#2442,#2441,#978,.T.);
#3008=EDGE_CURVE('',#2443,#2442,#979,.T.);
#3009=EDGE_CURVE('',#2249,#2443,#980,.T.);
#3010=EDGE_CURVE('',#2444,#2259,#981,.T.);
#3011=EDGE_CURVE('',#2445,#2444,#982,.T.);
#3012=EDGE_CURVE('',#2446,#2445,#983,.T.);
#3013=EDGE_CURVE('',#2447,#2446,#984,.T.);
#3014=EDGE_CURVE('',#2448,#2447,#985,.T.);
#3015=EDGE_CURVE('',#2449,#2448,#986,.T.);
#3016=EDGE_CURVE('',#2450,#2449,#987,.T.);
#3017=EDGE_CURVE('',#2451,#2450,#988,.T.);
#3018=EDGE_CURVE('',#2452,#2451,#989,.T.);
#3019=EDGE_CURVE('',#2453,#2452,#990,.T.);
#3020=EDGE_CURVE('',#2261,#2453,#991,.T.);
#3021=EDGE_CURVE('',#2454,#2455,#992,.T.);
#3022=EDGE_CURVE('',#2456,#2454,#993,.T.);
#3023=EDGE_CURVE('',#2457,#2456,#994,.T.);
#3024=EDGE_CURVE('',#2458,#2457,#995,.T.);
#3025=EDGE_CURVE('',#2459,#2458,#996,.T.);
#3026=EDGE_CURVE('',#2460,#2459,#997,.T.);
#3027=EDGE_CURVE('',#2461,#2460,#998,.T.);
#3028=EDGE_CURVE('',#2455,#2461,#999,.T.);
#3029=EDGE_CURVE('',#2462,#2463,#1000,.T.);
#3030=EDGE_CURVE('',#2464,#2462,#1001,.T.);
#3031=EDGE_CURVE('',#2465,#2464,#1002,.T.);
#3032=EDGE_CURVE('',#2466,#2465,#1003,.T.);
#3033=EDGE_CURVE('',#2467,#2466,#1004,.T.);
#3034=EDGE_CURVE('',#2468,#2467,#1005,.T.);
#3035=EDGE_CURVE('',#2469,#2468,#1006,.T.);
#3036=EDGE_CURVE('',#2463,#2469,#1007,.T.);
#3037=EDGE_CURVE('',#2470,#2471,#1008,.T.);
#3038=EDGE_CURVE('',#2472,#2470,#1009,.T.);
#3039=EDGE_CURVE('',#2473,#2472,#1010,.T.);
#3040=EDGE_CURVE('',#2474,#2473,#1011,.T.);
#3041=EDGE_CURVE('',#2475,#2474,#1012,.T.);
#3042=EDGE_CURVE('',#2476,#2475,#1013,.T.);
#3043=EDGE_CURVE('',#2477,#2476,#1014,.T.);
#3044=EDGE_CURVE('',#2471,#2477,#1015,.T.);
#3045=EDGE_CURVE('',#2478,#2478,#70,.T.);
#3046=EDGE_CURVE('',#2479,#2479,#71,.T.);
#3047=EDGE_CURVE('',#2480,#2480,#72,.T.);
#3048=EDGE_CURVE('',#2481,#2482,#1016,.T.);
#3049=EDGE_CURVE('',#2483,#2481,#1017,.T.);
#3050=EDGE_CURVE('',#2484,#2483,#1018,.T.);
#3051=EDGE_CURVE('',#2485,#2484,#1019,.T.);
#3052=EDGE_CURVE('',#2486,#2485,#1020,.T.);
#3053=EDGE_CURVE('',#2487,#2486,#1021,.T.);
#3054=EDGE_CURVE('',#2488,#2487,#1022,.T.);
#3055=EDGE_CURVE('',#2482,#2488,#1023,.T.);
#3056=EDGE_CURVE('',#2489,#2490,#1024,.T.);
#3057=EDGE_CURVE('',#2491,#2489,#1025,.T.);
#3058=EDGE_CURVE('',#2492,#2491,#1026,.T.);
#3059=EDGE_CURVE('',#2493,#2492,#1027,.T.);
#3060=EDGE_CURVE('',#2494,#2493,#1028,.T.);
#3061=EDGE_CURVE('',#2495,#2494,#1029,.T.);
#3062=EDGE_CURVE('',#2496,#2495,#1030,.T.);
#3063=EDGE_CURVE('',#2490,#2496,#1031,.T.);
#3064=EDGE_CURVE('',#2497,#2294,#1032,.T.);
#3065=EDGE_CURVE('',#2299,#2497,#1033,.T.);
#3066=EDGE_CURVE('',#2321,#2498,#1034,.T.);
#3067=EDGE_CURVE('',#2498,#2499,#1035,.T.);
#3068=EDGE_CURVE('',#2499,#2322,#1036,.T.);
#3069=EDGE_CURVE('',#2320,#2500,#1037,.T.);
#3070=EDGE_CURVE('',#2500,#2498,#1038,.T.);
#3071=EDGE_CURVE('',#2319,#2501,#1039,.T.);
#3072=EDGE_CURVE('',#2501,#2500,#1040,.T.);
#3073=EDGE_CURVE('',#2298,#2502,#1041,.T.);
#3074=EDGE_CURVE('',#2502,#2503,#1042,.T.);
#3075=EDGE_CURVE('',#2503,#2504,#1043,.T.);
#3076=EDGE_CURVE('',#2504,#2505,#1044,.T.);
#3077=EDGE_CURVE('',#2505,#2506,#1045,.T.);
#3078=EDGE_CURVE('',#2506,#2507,#1046,.T.);
#3079=EDGE_CURVE('',#2507,#2508,#1047,.T.);
#3080=EDGE_CURVE('',#2508,#2509,#1048,.T.);
#3081=EDGE_CURVE('',#2509,#2510,#1049,.T.);
#3082=EDGE_CURVE('',#2510,#2511,#1050,.T.);
#3083=EDGE_CURVE('',#2511,#2512,#1051,.T.);
#3084=EDGE_CURVE('',#2512,#2513,#1052,.T.);
#3085=EDGE_CURVE('',#2513,#2514,#1053,.T.);
#3086=EDGE_CURVE('',#2514,#2515,#1054,.T.);
#3087=EDGE_CURVE('',#2515,#2499,#1055,.T.);
#3088=EDGE_CURVE('',#2501,#2516,#1056,.T.);
#3089=EDGE_CURVE('',#2516,#2517,#1057,.T.);
#3090=EDGE_CURVE('',#2517,#2518,#1058,.T.);
#3091=EDGE_CURVE('',#2518,#2519,#1059,.T.);
#3092=EDGE_CURVE('',#2519,#2520,#1060,.T.);
#3093=EDGE_CURVE('',#2520,#2521,#73,.T.);
#3094=EDGE_CURVE('',#2521,#2522,#1061,.T.);
#3095=EDGE_CURVE('',#2522,#2523,#1062,.T.);
#3096=EDGE_CURVE('',#2523,#2524,#1063,.T.);
#3097=EDGE_CURVE('',#2524,#2525,#1064,.T.);
#3098=EDGE_CURVE('',#2525,#2526,#1065,.T.);
#3099=EDGE_CURVE('',#2526,#2527,#1066,.T.);
#3100=EDGE_CURVE('',#2527,#2528,#1067,.T.);
#3101=EDGE_CURVE('',#2528,#2529,#1068,.T.);
#3102=EDGE_CURVE('',#2529,#2530,#1069,.T.);
#3103=EDGE_CURVE('',#2530,#2531,#74,.T.);
#3104=EDGE_CURVE('',#2531,#2532,#1070,.T.);
#3105=EDGE_CURVE('',#2532,#2533,#1071,.T.);
#3106=EDGE_CURVE('',#2533,#2534,#1072,.T.);
#3107=EDGE_CURVE('',#2534,#2497,#1073,.T.);
#3108=EDGE_CURVE('',#2152,#2535,#1074,.T.);
#3109=EDGE_CURVE('',#2535,#2536,#1075,.T.);
#3110=EDGE_CURVE('',#2536,#2537,#1076,.T.);
#3111=EDGE_CURVE('',#2537,#2538,#1077,.T.);
#3112=EDGE_CURVE('',#2538,#2539,#1078,.T.);
#3113=EDGE_CURVE('',#2539,#2540,#1079,.T.);
#3114=EDGE_CURVE('',#2540,#2541,#1080,.T.);
#3115=EDGE_CURVE('',#2541,#2542,#1081,.T.);
#3116=EDGE_CURVE('',#2542,#2161,#1082,.T.);
#3117=EDGE_CURVE('',#2162,#2543,#1083,.T.);
#3118=EDGE_CURVE('',#2543,#2544,#1084,.T.);
#3119=EDGE_CURVE('',#2544,#2545,#1085,.T.);
#3120=EDGE_CURVE('',#2545,#2546,#1086,.T.);
#3121=EDGE_CURVE('',#2546,#2151,#1087,.T.);
#3122=EDGE_CURVE('',#2198,#2547,#1088,.T.);
#3123=EDGE_CURVE('',#2547,#2548,#1089,.T.);
#3124=EDGE_CURVE('',#2548,#2549,#1090,.T.);
#3125=EDGE_CURVE('',#2549,#2550,#1091,.T.);
#3126=EDGE_CURVE('',#2550,#2221,#1092,.T.);
#3127=EDGE_CURVE('',#2222,#2551,#1093,.T.);
#3128=EDGE_CURVE('',#2551,#2552,#1094,.T.);
#3129=EDGE_CURVE('',#2552,#2553,#1095,.T.);
#3130=EDGE_CURVE('',#2553,#2554,#1096,.T.);
#3131=EDGE_CURVE('',#2554,#2197,#1097,.T.);
#3132=EDGE_CURVE('',#2555,#2556,#1098,.T.);
#3133=EDGE_CURVE('',#2556,#2557,#1099,.T.);
#3134=EDGE_CURVE('',#2557,#2558,#1100,.T.);
#3135=EDGE_CURVE('',#2558,#2559,#1101,.T.);
#3136=EDGE_CURVE('',#2559,#2560,#1102,.T.);
#3137=EDGE_CURVE('',#2560,#2561,#1103,.T.);
#3138=EDGE_CURVE('',#2561,#2562,#1104,.T.);
#3139=EDGE_CURVE('',#2562,#2555,#1105,.T.);
#3140=EDGE_CURVE('',#2563,#2564,#1106,.T.);
#3141=EDGE_CURVE('',#2564,#2565,#1107,.T.);
#3142=EDGE_CURVE('',#2565,#2566,#1108,.T.);
#3143=EDGE_CURVE('',#2566,#2567,#1109,.T.);
#3144=EDGE_CURVE('',#2567,#2568,#1110,.T.);
#3145=EDGE_CURVE('',#2568,#2569,#1111,.T.);
#3146=EDGE_CURVE('',#2569,#2570,#1112,.T.);
#3147=EDGE_CURVE('',#2570,#2563,#1113,.T.);
#3148=EDGE_CURVE('',#2571,#2572,#1114,.T.);
#3149=EDGE_CURVE('',#2572,#2573,#1115,.T.);
#3150=EDGE_CURVE('',#2573,#2574,#1116,.T.);
#3151=EDGE_CURVE('',#2574,#2575,#1117,.T.);
#3152=EDGE_CURVE('',#2575,#2576,#1118,.T.);
#3153=EDGE_CURVE('',#2576,#2577,#1119,.T.);
#3154=EDGE_CURVE('',#2577,#2578,#1120,.T.);
#3155=EDGE_CURVE('',#2578,#2571,#1121,.T.);
#3156=EDGE_CURVE('',#2579,#2580,#1122,.T.);
#3157=EDGE_CURVE('',#2580,#2581,#1123,.T.);
#3158=EDGE_CURVE('',#2581,#2582,#1124,.T.);
#3159=EDGE_CURVE('',#2582,#2583,#1125,.T.);
#3160=EDGE_CURVE('',#2583,#2584,#1126,.T.);
#3161=EDGE_CURVE('',#2584,#2585,#1127,.T.);
#3162=EDGE_CURVE('',#2585,#2586,#1128,.T.);
#3163=EDGE_CURVE('',#2586,#2579,#1129,.T.);
#3164=EDGE_CURVE('',#2587,#2588,#1130,.T.);
#3165=EDGE_CURVE('',#2588,#2589,#1131,.T.);
#3166=EDGE_CURVE('',#2589,#2590,#1132,.T.);
#3167=EDGE_CURVE('',#2590,#2591,#1133,.T.);
#3168=EDGE_CURVE('',#2591,#2592,#1134,.T.);
#3169=EDGE_CURVE('',#2592,#2593,#1135,.T.);
#3170=EDGE_CURVE('',#2593,#2594,#1136,.T.);
#3171=EDGE_CURVE('',#2594,#2587,#1137,.T.);
#3172=EDGE_CURVE('',#2595,#2596,#1138,.T.);
#3173=EDGE_CURVE('',#2596,#2597,#1139,.T.);
#3174=EDGE_CURVE('',#2597,#2598,#1140,.T.);
#3175=EDGE_CURVE('',#2598,#2599,#1141,.T.);
#3176=EDGE_CURVE('',#2599,#2600,#1142,.T.);
#3177=EDGE_CURVE('',#2600,#2601,#1143,.T.);
#3178=EDGE_CURVE('',#2601,#2602,#1144,.T.);
#3179=EDGE_CURVE('',#2602,#2595,#1145,.T.);
#3180=EDGE_CURVE('',#2603,#2604,#1146,.T.);
#3181=EDGE_CURVE('',#2604,#2605,#1147,.T.);
#3182=EDGE_CURVE('',#2605,#2606,#1148,.T.);
#3183=EDGE_CURVE('',#2606,#2607,#1149,.T.);
#3184=EDGE_CURVE('',#2607,#2608,#1150,.T.);
#3185=EDGE_CURVE('',#2608,#2609,#1151,.T.);
#3186=EDGE_CURVE('',#2609,#2610,#1152,.T.);
#3187=EDGE_CURVE('',#2610,#2603,#1153,.T.);
#3188=EDGE_CURVE('',#2611,#2611,#75,.T.);
#3189=EDGE_CURVE('',#2612,#2612,#76,.T.);
#3190=EDGE_CURVE('',#2613,#2614,#1154,.T.);
#3191=EDGE_CURVE('',#2614,#2615,#1155,.T.);
#3192=EDGE_CURVE('',#2615,#2616,#1156,.T.);
#3193=EDGE_CURVE('',#2616,#2617,#1157,.T.);
#3194=EDGE_CURVE('',#2617,#2618,#1158,.T.);
#3195=EDGE_CURVE('',#2618,#2619,#1159,.T.);
#3196=EDGE_CURVE('',#2619,#2620,#1160,.T.);
#3197=EDGE_CURVE('',#2620,#2613,#1161,.T.);
#3198=EDGE_CURVE('',#2621,#2621,#77,.T.);
#3199=EDGE_CURVE('',#2622,#2623,#1162,.T.);
#3200=EDGE_CURVE('',#2623,#2624,#1163,.T.);
#3201=EDGE_CURVE('',#2624,#2625,#1164,.T.);
#3202=EDGE_CURVE('',#2625,#2626,#1165,.T.);
#3203=EDGE_CURVE('',#2626,#2627,#1166,.T.);
#3204=EDGE_CURVE('',#2627,#2628,#1167,.T.);
#3205=EDGE_CURVE('',#2628,#2629,#1168,.T.);
#3206=EDGE_CURVE('',#2629,#2622,#1169,.T.);
#3207=EDGE_CURVE('',#2630,#2631,#1170,.T.);
#3208=EDGE_CURVE('',#2631,#2632,#1171,.T.);
#3209=EDGE_CURVE('',#2632,#2633,#1172,.T.);
#3210=EDGE_CURVE('',#2633,#2634,#1173,.T.);
#3211=EDGE_CURVE('',#2634,#2635,#1174,.T.);
#3212=EDGE_CURVE('',#2635,#2636,#1175,.T.);
#3213=EDGE_CURVE('',#2636,#2637,#1176,.T.);
#3214=EDGE_CURVE('',#2637,#2630,#1177,.T.);
#3215=EDGE_CURVE('',#2638,#2639,#1178,.T.);
#3216=EDGE_CURVE('',#2639,#2640,#1179,.T.);
#3217=EDGE_CURVE('',#2640,#2641,#1180,.T.);
#3218=EDGE_CURVE('',#2641,#2642,#1181,.T.);
#3219=EDGE_CURVE('',#2642,#2643,#1182,.T.);
#3220=EDGE_CURVE('',#2643,#2644,#1183,.T.);
#3221=EDGE_CURVE('',#2644,#2645,#1184,.T.);
#3222=EDGE_CURVE('',#2645,#2638,#1185,.T.);
#3223=EDGE_CURVE('',#2646,#2646,#78,.T.);
#3224=EDGE_CURVE('',#2647,#2647,#79,.T.);
#3225=EDGE_CURVE('',#2648,#2648,#80,.T.);
#3226=EDGE_CURVE('',#2649,#2650,#1186,.T.);
#3227=EDGE_CURVE('',#2650,#2651,#1187,.T.);
#3228=EDGE_CURVE('',#2651,#2652,#1188,.T.);
#3229=EDGE_CURVE('',#2652,#2653,#1189,.T.);
#3230=EDGE_CURVE('',#2653,#2654,#1190,.T.);
#3231=EDGE_CURVE('',#2654,#2655,#1191,.T.);
#3232=EDGE_CURVE('',#2655,#2656,#1192,.T.);
#3233=EDGE_CURVE('',#2656,#2649,#1193,.T.);
#3234=EDGE_CURVE('',#2657,#2658,#1194,.T.);
#3235=EDGE_CURVE('',#2658,#2659,#1195,.T.);
#3236=EDGE_CURVE('',#2659,#2660,#1196,.T.);
#3237=EDGE_CURVE('',#2660,#2661,#1197,.T.);
#3238=EDGE_CURVE('',#2661,#2662,#1198,.T.);
#3239=EDGE_CURVE('',#2662,#2663,#1199,.T.);
#3240=EDGE_CURVE('',#2663,#2664,#1200,.T.);
#3241=EDGE_CURVE('',#2664,#2657,#1201,.T.);
#3242=EDGE_CURVE('',#2318,#2516,#1202,.T.);
#3243=EDGE_CURVE('',#2337,#2555,#1203,.T.);
#3244=EDGE_CURVE('',#2339,#2562,#1204,.T.);
#3245=EDGE_CURVE('',#2340,#2561,#1205,.T.);
#3246=EDGE_CURVE('',#2341,#2560,#1206,.T.);
#3247=EDGE_CURVE('',#2342,#2559,#1207,.T.);
#3248=EDGE_CURVE('',#2343,#2558,#1208,.T.);
#3249=EDGE_CURVE('',#2344,#2557,#1209,.T.);
#3250=EDGE_CURVE('',#2338,#2556,#1210,.T.);
#3251=EDGE_CURVE('',#2345,#2563,#1211,.T.);
#3252=EDGE_CURVE('',#2347,#2570,#1212,.T.);
#3253=EDGE_CURVE('',#2348,#2569,#1213,.T.);
#3254=EDGE_CURVE('',#2349,#2568,#1214,.T.);
#3255=EDGE_CURVE('',#2350,#2567,#1215,.T.);
#3256=EDGE_CURVE('',#2351,#2566,#1216,.T.);
#3257=EDGE_CURVE('',#2352,#2565,#1217,.T.);
#3258=EDGE_CURVE('',#2346,#2564,#1218,.T.);
#3259=EDGE_CURVE('',#2353,#2571,#1219,.T.);
#3260=EDGE_CURVE('',#2355,#2578,#1220,.T.);
#3261=EDGE_CURVE('',#2356,#2577,#1221,.T.);
#3262=EDGE_CURVE('',#2357,#2576,#1222,.T.);
#3263=EDGE_CURVE('',#2358,#2575,#1223,.T.);
#3264=EDGE_CURVE('',#2359,#2574,#1224,.T.);
#3265=EDGE_CURVE('',#2360,#2573,#1225,.T.);
#3266=EDGE_CURVE('',#2354,#2572,#1226,.T.);
#3267=EDGE_CURVE('',#2361,#2579,#1227,.T.);
#3268=EDGE_CURVE('',#2363,#2586,#1228,.T.);
#3269=EDGE_CURVE('',#2364,#2585,#1229,.T.);
#3270=EDGE_CURVE('',#2365,#2584,#1230,.T.);
#3271=EDGE_CURVE('',#2366,#2583,#1231,.T.);
#3272=EDGE_CURVE('',#2367,#2582,#1232,.T.);
#3273=EDGE_CURVE('',#2368,#2581,#1233,.T.);
#3274=EDGE_CURVE('',#2362,#2580,#1234,.T.);
#3275=EDGE_CURVE('',#2369,#2587,#1235,.T.);
#3276=EDGE_CURVE('',#2371,#2594,#1236,.T.);
#3277=EDGE_CURVE('',#2372,#2593,#1237,.T.);
#3278=EDGE_CURVE('',#2373,#2592,#1238,.T.);
#3279=EDGE_CURVE('',#2374,#2591,#1239,.T.);
#3280=EDGE_CURVE('',#2375,#2590,#1240,.T.);
#3281=EDGE_CURVE('',#2376,#2589,#1241,.T.);
#3282=EDGE_CURVE('',#2370,#2588,#1242,.T.);
#3283=EDGE_CURVE('',#2377,#2595,#1243,.T.);
#3284=EDGE_CURVE('',#2379,#2602,#1244,.T.);
#3285=EDGE_CURVE('',#2380,#2601,#1245,.T.);
#3286=EDGE_CURVE('',#2381,#2600,#1246,.T.);
#3287=EDGE_CURVE('',#2382,#2599,#1247,.T.);
#3288=EDGE_CURVE('',#2383,#2598,#1248,.T.);
#3289=EDGE_CURVE('',#2384,#2597,#1249,.T.);
#3290=EDGE_CURVE('',#2378,#2596,#1250,.T.);
#3291=EDGE_CURVE('',#2385,#2603,#1251,.T.);
#3292=EDGE_CURVE('',#2387,#2610,#1252,.T.);
#3293=EDGE_CURVE('',#2388,#2609,#1253,.T.);
#3294=EDGE_CURVE('',#2389,#2608,#1254,.T.);
#3295=EDGE_CURVE('',#2390,#2607,#1255,.T.);
#3296=EDGE_CURVE('',#2391,#2606,#1256,.T.);
#3297=EDGE_CURVE('',#2392,#2605,#1257,.T.);
#3298=EDGE_CURVE('',#2386,#2604,#1258,.T.);
#3299=EDGE_CURVE('',#2611,#2393,#1259,.T.);
#3300=EDGE_CURVE('',#2612,#2394,#1260,.T.);
#3301=EDGE_CURVE('',#2395,#2613,#1261,.T.);
#3302=EDGE_CURVE('',#2397,#2620,#1262,.T.);
#3303=EDGE_CURVE('',#2398,#2619,#1263,.T.);
#3304=EDGE_CURVE('',#2399,#2618,#1264,.T.);
#3305=EDGE_CURVE('',#2400,#2617,#1265,.T.);
#3306=EDGE_CURVE('',#2401,#2616,#1266,.T.);
#3307=EDGE_CURVE('',#2402,#2615,#1267,.T.);
#3308=EDGE_CURVE('',#2396,#2614,#1268,.T.);
#3309=EDGE_CURVE('',#2403,#2554,#1269,.T.);
#3310=EDGE_CURVE('',#2404,#2553,#1270,.T.);
#3311=EDGE_CURVE('',#2405,#2552,#1271,.T.);
#3312=EDGE_CURVE('',#2406,#2551,#1272,.T.);
#3313=EDGE_CURVE('',#2407,#2243,#1273,.T.);
#3314=EDGE_CURVE('',#2408,#2242,#1274,.T.);
#3315=EDGE_CURVE('',#2409,#2241,#1275,.T.);
#3316=EDGE_CURVE('',#2410,#2240,#1276,.T.);
#3317=EDGE_CURVE('',#2411,#2239,#1277,.T.);
#3318=EDGE_CURVE('',#2412,#2225,#1278,.T.);
#3319=EDGE_CURVE('',#2413,#2226,#1279,.T.);
#3320=EDGE_CURVE('',#2414,#2244,#1280,.T.);
#3321=EDGE_CURVE('',#2415,#2550,#1281,.T.);
#3322=EDGE_CURVE('',#2416,#2549,#1282,.T.);
#3323=EDGE_CURVE('',#2417,#2548,#1283,.T.);
#3324=EDGE_CURVE('',#2418,#2547,#1284,.T.);
#3325=EDGE_CURVE('',#2419,#2220,#1285,.T.);
#3326=EDGE_CURVE('',#2420,#2219,#1286,.T.);
#3327=EDGE_CURVE('',#2421,#2218,#1287,.T.);
#3328=EDGE_CURVE('',#2422,#2217,#1288,.T.);
#3329=EDGE_CURVE('',#2423,#2216,#1289,.T.);
#3330=EDGE_CURVE('',#2424,#2215,#1290,.T.);
#3331=EDGE_CURVE('',#2425,#2214,#1291,.T.);
#3332=EDGE_CURVE('',#2426,#2213,#1292,.T.);
#3333=EDGE_CURVE('',#2621,#2427,#1293,.T.);
#3334=EDGE_CURVE('',#2428,#2185,#1294,.T.);
#3335=EDGE_CURVE('',#2538,#2186,#1295,.T.);
#3336=EDGE_CURVE('',#2429,#2537,#1296,.T.);
#3337=EDGE_CURVE('',#2430,#2536,#1297,.T.);
#3338=EDGE_CURVE('',#2431,#2535,#1298,.T.);
#3339=EDGE_CURVE('',#2432,#2155,#1299,.T.);
#3340=EDGE_CURVE('',#2433,#2156,#1300,.T.);
#3341=EDGE_CURVE('',#2434,#2160,#1301,.T.);
#3342=EDGE_CURVE('',#2435,#2546,#1302,.T.);
#3343=EDGE_CURVE('',#2436,#2545,#1303,.T.);
#3344=EDGE_CURVE('',#2437,#2544,#1304,.T.);
#3345=EDGE_CURVE('',#2438,#2543,#1305,.T.);
#3346=EDGE_CURVE('',#2439,#2183,#1306,.T.);
#3347=EDGE_CURVE('',#2440,#2182,#1307,.T.);
#3348=EDGE_CURVE('',#2441,#2181,#1308,.T.);
#3349=EDGE_CURVE('',#2442,#2180,#1309,.T.);
#3350=EDGE_CURVE('',#2443,#2179,#1310,.T.);
#3351=EDGE_CURVE('',#2444,#2165,#1311,.T.);
#3352=EDGE_CURVE('',#2445,#2166,#1312,.T.);
#3353=EDGE_CURVE('',#2446,#2184,#1313,.T.);
#3354=EDGE_CURVE('',#2447,#2542,#1314,.T.);
#3355=EDGE_CURVE('',#2448,#2541,#1315,.T.);
#3356=EDGE_CURVE('',#2449,#2540,#1316,.T.);
#3357=EDGE_CURVE('',#2450,#2539,#1317,.T.);
#3358=EDGE_CURVE('',#2451,#2196,#1318,.T.);
#3359=EDGE_CURVE('',#2452,#2195,#1319,.T.);
#3360=EDGE_CURVE('',#2453,#2194,#1320,.T.);
#3361=EDGE_CURVE('',#2454,#2622,#1321,.T.);
#3362=EDGE_CURVE('',#2456,#2629,#1322,.T.);
#3363=EDGE_CURVE('',#2457,#2628,#1323,.T.);
#3364=EDGE_CURVE('',#2458,#2627,#1324,.T.);
#3365=EDGE_CURVE('',#2459,#2626,#1325,.T.);
#3366=EDGE_CURVE('',#2460,#2625,#1326,.T.);
#3367=EDGE_CURVE('',#2461,#2624,#1327,.T.);
#3368=EDGE_CURVE('',#2455,#2623,#1328,.T.);
#3369=EDGE_CURVE('',#2462,#2630,#1329,.T.);
#3370=EDGE_CURVE('',#2464,#2637,#1330,.T.);
#3371=EDGE_CURVE('',#2465,#2636,#1331,.T.);
#3372=EDGE_CURVE('',#2466,#2635,#1332,.T.);
#3373=EDGE_CURVE('',#2467,#2634,#1333,.T.);
#3374=EDGE_CURVE('',#2468,#2633,#1334,.T.);
#3375=EDGE_CURVE('',#2469,#2632,#1335,.T.);
#3376=EDGE_CURVE('',#2463,#2631,#1336,.T.);
#3377=EDGE_CURVE('',#2470,#2638,#1337,.T.);
#3378=EDGE_CURVE('',#2472,#2645,#1338,.T.);
#3379=EDGE_CURVE('',#2473,#2644,#1339,.T.);
#3380=EDGE_CURVE('',#2474,#2643,#1340,.T.);
#3381=EDGE_CURVE('',#2475,#2642,#1341,.T.);
#3382=EDGE_CURVE('',#2476,#2641,#1342,.T.);
#3383=EDGE_CURVE('',#2477,#2640,#1343,.T.);
#3384=EDGE_CURVE('',#2471,#2639,#1344,.T.);
#3385=EDGE_CURVE('',#2646,#2478,#1345,.T.);
#3386=EDGE_CURVE('',#2647,#2479,#1346,.T.);
#3387=EDGE_CURVE('',#2648,#2480,#1347,.T.);
#3388=EDGE_CURVE('',#2481,#2649,#1348,.T.);
#3389=EDGE_CURVE('',#2483,#2656,#1349,.T.);
#3390=EDGE_CURVE('',#2484,#2655,#1350,.T.);
#3391=EDGE_CURVE('',#2485,#2654,#1351,.T.);
#3392=EDGE_CURVE('',#2486,#2653,#1352,.T.);
#3393=EDGE_CURVE('',#2487,#2652,#1353,.T.);
#3394=EDGE_CURVE('',#2488,#2651,#1354,.T.);
#3395=EDGE_CURVE('',#2482,#2650,#1355,.T.);
#3396=EDGE_CURVE('',#2489,#2657,#1356,.T.);
#3397=EDGE_CURVE('',#2491,#2664,#1357,.T.);
#3398=EDGE_CURVE('',#2492,#2663,#1358,.T.);
#3399=EDGE_CURVE('',#2493,#2662,#1359,.T.);
#3400=EDGE_CURVE('',#2494,#2661,#1360,.T.);
#3401=EDGE_CURVE('',#2495,#2660,#1361,.T.);
#3402=EDGE_CURVE('',#2496,#2659,#1362,.T.);
#3403=EDGE_CURVE('',#2490,#2658,#1363,.T.);
#3404=EDGE_CURVE('',#2306,#2528,#1364,.T.);
#3405=EDGE_CURVE('',#2307,#2527,#1365,.T.);
#3406=EDGE_CURVE('',#2308,#2526,#1366,.T.);
#3407=EDGE_CURVE('',#2309,#2525,#1367,.T.);
#3408=EDGE_CURVE('',#2310,#2524,#1368,.T.);
#3409=EDGE_CURVE('',#2311,#2523,#1369,.T.);
#3410=EDGE_CURVE('',#2312,#2522,#1370,.T.);
#3411=EDGE_CURVE('',#2313,#2521,#1371,.T.);
#3412=EDGE_CURVE('',#2314,#2520,#1372,.T.);
#3413=EDGE_CURVE('',#2315,#2519,#1373,.T.);
#3414=EDGE_CURVE('',#2316,#2518,#1374,.T.);
#3415=EDGE_CURVE('',#2317,#2517,#1375,.T.);
#3416=EDGE_CURVE('',#2323,#2515,#1376,.T.);
#3417=EDGE_CURVE('',#2324,#2514,#1377,.T.);
#3418=EDGE_CURVE('',#2325,#2513,#1378,.T.);
#3419=EDGE_CURVE('',#2326,#2512,#1379,.T.);
#3420=EDGE_CURVE('',#2327,#2511,#1380,.T.);
#3421=EDGE_CURVE('',#2328,#2510,#1381,.T.);
#3422=EDGE_CURVE('',#2329,#2509,#1382,.T.);
#3423=EDGE_CURVE('',#2330,#2508,#1383,.T.);
#3424=EDGE_CURVE('',#2331,#2507,#1384,.T.);
#3425=EDGE_CURVE('',#2332,#2506,#1385,.T.);
#3426=EDGE_CURVE('',#2333,#2505,#1386,.T.);
#3427=EDGE_CURVE('',#2334,#2504,#1387,.T.);
#3428=EDGE_CURVE('',#2335,#2503,#1388,.T.);
#3429=EDGE_CURVE('',#2336,#2502,#1389,.T.);
#3430=EDGE_CURVE('',#2300,#2534,#1390,.T.);
#3431=EDGE_CURVE('',#2301,#2533,#1391,.T.);
#3432=EDGE_CURVE('',#2302,#2532,#1392,.T.);
#3433=EDGE_CURVE('',#2303,#2531,#1393,.T.);
#3434=EDGE_CURVE('',#2304,#2530,#1394,.T.);
#3435=EDGE_CURVE('',#2305,#2529,#1395,.T.);
#3436=ORIENTED_EDGE('',*,*,#2665,.F.);
#3437=ORIENTED_EDGE('',*,*,#2666,.T.);
#3438=ORIENTED_EDGE('',*,*,#2667,.T.);
#3439=ORIENTED_EDGE('',*,*,#2668,.F.);
#3440=ORIENTED_EDGE('',*,*,#2669,.F.);
#3441=ORIENTED_EDGE('',*,*,#2670,.F.);
#3442=ORIENTED_EDGE('',*,*,#2671,.F.);
#3443=ORIENTED_EDGE('',*,*,#2672,.F.);
#3444=ORIENTED_EDGE('',*,*,#2673,.F.);
#3445=ORIENTED_EDGE('',*,*,#2667,.F.);
#3446=ORIENTED_EDGE('',*,*,#2674,.F.);
#3447=ORIENTED_EDGE('',*,*,#2675,.F.);
#3448=ORIENTED_EDGE('',*,*,#2676,.F.);
#3449=ORIENTED_EDGE('',*,*,#2677,.T.);
#3450=ORIENTED_EDGE('',*,*,#2678,.T.);
#3451=ORIENTED_EDGE('',*,*,#2679,.F.);
#3452=ORIENTED_EDGE('',*,*,#2680,.F.);
#3453=ORIENTED_EDGE('',*,*,#2681,.F.);
#3454=ORIENTED_EDGE('',*,*,#2682,.F.);
#3455=ORIENTED_EDGE('',*,*,#2683,.F.);
#3456=ORIENTED_EDGE('',*,*,#2684,.F.);
#3457=ORIENTED_EDGE('',*,*,#2685,.F.);
#3458=ORIENTED_EDGE('',*,*,#2686,.F.);
#3459=ORIENTED_EDGE('',*,*,#2687,.F.);
#3460=ORIENTED_EDGE('',*,*,#2688,.F.);
#3461=ORIENTED_EDGE('',*,*,#2689,.F.);
#3462=ORIENTED_EDGE('',*,*,#2690,.F.);
#3463=ORIENTED_EDGE('',*,*,#2691,.F.);
#3464=ORIENTED_EDGE('',*,*,#2692,.F.);
#3465=ORIENTED_EDGE('',*,*,#2693,.F.);
#3466=ORIENTED_EDGE('',*,*,#2694,.F.);
#3467=ORIENTED_EDGE('',*,*,#2695,.F.);
#3468=ORIENTED_EDGE('',*,*,#2696,.F.);
#3469=ORIENTED_EDGE('',*,*,#2697,.F.);
#3470=ORIENTED_EDGE('',*,*,#2698,.F.);
#3471=ORIENTED_EDGE('',*,*,#2678,.F.);
#3472=ORIENTED_EDGE('',*,*,#2699,.F.);
#3473=ORIENTED_EDGE('',*,*,#2700,.F.);
#3474=ORIENTED_EDGE('',*,*,#2701,.F.);
#3475=ORIENTED_EDGE('',*,*,#2702,.F.);
#3476=ORIENTED_EDGE('',*,*,#2703,.F.);
#3477=ORIENTED_EDGE('',*,*,#2704,.F.);
#3478=ORIENTED_EDGE('',*,*,#2705,.F.);
#3479=ORIENTED_EDGE('',*,*,#2706,.F.);
#3480=ORIENTED_EDGE('',*,*,#2707,.F.);
#3481=ORIENTED_EDGE('',*,*,#2708,.F.);
#3482=ORIENTED_EDGE('',*,*,#2709,.F.);
#3483=ORIENTED_EDGE('',*,*,#2710,.F.);
#3484=ORIENTED_EDGE('',*,*,#2711,.F.);
#3485=ORIENTED_EDGE('',*,*,#2712,.F.);
#3486=ORIENTED_EDGE('',*,*,#2713,.F.);
#3487=ORIENTED_EDGE('',*,*,#2714,.T.);
#3488=ORIENTED_EDGE('',*,*,#2715,.T.);
#3489=ORIENTED_EDGE('',*,*,#2716,.F.);
#3490=ORIENTED_EDGE('',*,*,#2715,.F.);
#3491=ORIENTED_EDGE('',*,*,#2717,.F.);
#3492=ORIENTED_EDGE('',*,*,#2718,.F.);
#3493=ORIENTED_EDGE('',*,*,#2719,.F.);
#3494=ORIENTED_EDGE('',*,*,#2720,.F.);
#3495=ORIENTED_EDGE('',*,*,#2721,.F.);
#3496=ORIENTED_EDGE('',*,*,#2722,.F.);
#3497=ORIENTED_EDGE('',*,*,#2723,.F.);
#3498=ORIENTED_EDGE('',*,*,#2724,.F.);
#3499=ORIENTED_EDGE('',*,*,#2725,.F.);
#3500=ORIENTED_EDGE('',*,*,#2726,.F.);
#3501=ORIENTED_EDGE('',*,*,#2727,.F.);
#3502=ORIENTED_EDGE('',*,*,#2728,.F.);
#3503=ORIENTED_EDGE('',*,*,#2729,.F.);
#3504=ORIENTED_EDGE('',*,*,#2730,.F.);
#3505=ORIENTED_EDGE('',*,*,#2731,.F.);
#3506=ORIENTED_EDGE('',*,*,#2732,.F.);
#3507=ORIENTED_EDGE('',*,*,#2733,.F.);
#3508=ORIENTED_EDGE('',*,*,#2734,.F.);
#3509=ORIENTED_EDGE('',*,*,#2735,.F.);
#3510=ORIENTED_EDGE('',*,*,#2736,.F.);
#3511=ORIENTED_EDGE('',*,*,#2737,.F.);
#3512=ORIENTED_EDGE('',*,*,#2738,.F.);
#3513=ORIENTED_EDGE('',*,*,#2739,.T.);
#3514=ORIENTED_EDGE('',*,*,#2740,.T.);
#3515=ORIENTED_EDGE('',*,*,#2741,.F.);
#3516=ORIENTED_EDGE('',*,*,#2742,.F.);
#3517=ORIENTED_EDGE('',*,*,#2743,.F.);
#3518=ORIENTED_EDGE('',*,*,#2744,.F.);
#3519=ORIENTED_EDGE('',*,*,#2745,.F.);
#3520=ORIENTED_EDGE('',*,*,#2746,.F.);
#3521=ORIENTED_EDGE('',*,*,#2747,.F.);
#3522=ORIENTED_EDGE('',*,*,#2748,.F.);
#3523=ORIENTED_EDGE('',*,*,#2749,.F.);
#3524=ORIENTED_EDGE('',*,*,#2750,.F.);
#3525=ORIENTED_EDGE('',*,*,#2751,.F.);
#3526=ORIENTED_EDGE('',*,*,#2752,.F.);
#3527=ORIENTED_EDGE('',*,*,#2753,.F.);
#3528=ORIENTED_EDGE('',*,*,#2754,.F.);
#3529=ORIENTED_EDGE('',*,*,#2755,.F.);
#3530=ORIENTED_EDGE('',*,*,#2756,.F.);
#3531=ORIENTED_EDGE('',*,*,#2757,.F.);
#3532=ORIENTED_EDGE('',*,*,#2758,.F.);
#3533=ORIENTED_EDGE('',*,*,#2759,.F.);
#3534=ORIENTED_EDGE('',*,*,#2760,.F.);
#3535=ORIENTED_EDGE('',*,*,#2740,.F.);
#3536=ORIENTED_EDGE('',*,*,#2761,.F.);
#3537=ORIENTED_EDGE('',*,*,#2762,.F.);
#3538=ORIENTED_EDGE('',*,*,#2672,.T.);
#3539=ORIENTED_EDGE('',*,*,#2763,.F.);
#3540=ORIENTED_EDGE('',*,*,#2764,.T.);
#3541=ORIENTED_EDGE('',*,*,#2765,.T.);
#3542=ORIENTED_EDGE('',*,*,#2671,.T.);
#3543=ORIENTED_EDGE('',*,*,#2766,.F.);
#3544=ORIENTED_EDGE('',*,*,#2767,.T.);
#3545=ORIENTED_EDGE('',*,*,#2763,.T.);
#3546=ORIENTED_EDGE('',*,*,#2692,.T.);
#3547=ORIENTED_EDGE('',*,*,#2768,.F.);
#3548=ORIENTED_EDGE('',*,*,#2769,.T.);
#3549=ORIENTED_EDGE('',*,*,#2770,.T.);
#3550=ORIENTED_EDGE('',*,*,#2691,.T.);
#3551=ORIENTED_EDGE('',*,*,#2771,.F.);
#3552=ORIENTED_EDGE('',*,*,#2772,.T.);
#3553=ORIENTED_EDGE('',*,*,#2768,.T.);
#3554=ORIENTED_EDGE('',*,*,#2690,.T.);
#3555=ORIENTED_EDGE('',*,*,#2773,.F.);
#3556=ORIENTED_EDGE('',*,*,#2774,.T.);
#3557=ORIENTED_EDGE('',*,*,#2771,.T.);
#3558=ORIENTED_EDGE('',*,*,#2689,.T.);
#3559=ORIENTED_EDGE('',*,*,#2775,.F.);
#3560=ORIENTED_EDGE('',*,*,#2776,.T.);
#3561=ORIENTED_EDGE('',*,*,#2773,.T.);
#3562=ORIENTED_EDGE('',*,*,#2688,.T.);
#3563=ORIENTED_EDGE('',*,*,#2777,.F.);
#3564=ORIENTED_EDGE('',*,*,#2778,.T.);
#3565=ORIENTED_EDGE('',*,*,#2775,.T.);
#3566=ORIENTED_EDGE('',*,*,#2687,.T.);
#3567=ORIENTED_EDGE('',*,*,#2779,.F.);
#3568=ORIENTED_EDGE('',*,*,#2780,.T.);
#3569=ORIENTED_EDGE('',*,*,#2777,.T.);
#3570=ORIENTED_EDGE('',*,*,#2686,.T.);
#3571=ORIENTED_EDGE('',*,*,#2781,.F.);
#3572=ORIENTED_EDGE('',*,*,#2782,.T.);
#3573=ORIENTED_EDGE('',*,*,#2779,.T.);
#3574=ORIENTED_EDGE('',*,*,#2685,.T.);
#3575=ORIENTED_EDGE('',*,*,#2783,.F.);
#3576=ORIENTED_EDGE('',*,*,#2784,.T.);
#3577=ORIENTED_EDGE('',*,*,#2781,.T.);
#3578=ORIENTED_EDGE('',*,*,#2684,.T.);
#3579=ORIENTED_EDGE('',*,*,#2785,.F.);
#3580=ORIENTED_EDGE('',*,*,#2786,.T.);
#3581=ORIENTED_EDGE('',*,*,#2783,.T.);
#3582=ORIENTED_EDGE('',*,*,#2683,.T.);
#3583=ORIENTED_EDGE('',*,*,#2787,.F.);
#3584=ORIENTED_EDGE('',*,*,#2788,.T.);
#3585=ORIENTED_EDGE('',*,*,#2785,.T.);
#3586=ORIENTED_EDGE('',*,*,#2682,.T.);
#3587=ORIENTED_EDGE('',*,*,#2789,.F.);
#3588=ORIENTED_EDGE('',*,*,#2790,.T.);
#3589=ORIENTED_EDGE('',*,*,#2787,.T.);
#3590=ORIENTED_EDGE('',*,*,#2708,.T.);
#3591=ORIENTED_EDGE('',*,*,#2791,.F.);
#3592=ORIENTED_EDGE('',*,*,#2792,.T.);
#3593=ORIENTED_EDGE('',*,*,#2793,.T.);
#3594=ORIENTED_EDGE('',*,*,#2707,.T.);
#3595=ORIENTED_EDGE('',*,*,#2794,.F.);
#3596=ORIENTED_EDGE('',*,*,#2795,.T.);
#3597=ORIENTED_EDGE('',*,*,#2791,.T.);
#3598=ORIENTED_EDGE('',*,*,#2706,.T.);
#3599=ORIENTED_EDGE('',*,*,#2796,.F.);
#3600=ORIENTED_EDGE('',*,*,#2797,.T.);
#3601=ORIENTED_EDGE('',*,*,#2794,.T.);
#3602=ORIENTED_EDGE('',*,*,#2705,.T.);
#3603=ORIENTED_EDGE('',*,*,#2798,.F.);
#3604=ORIENTED_EDGE('',*,*,#2799,.T.);
#3605=ORIENTED_EDGE('',*,*,#2796,.T.);
#3606=ORIENTED_EDGE('',*,*,#2704,.T.);
#3607=ORIENTED_EDGE('',*,*,#2800,.F.);
#3608=ORIENTED_EDGE('',*,*,#2801,.T.);
#3609=ORIENTED_EDGE('',*,*,#2798,.T.);
#3610=ORIENTED_EDGE('',*,*,#2703,.T.);
#3611=ORIENTED_EDGE('',*,*,#2802,.F.);
#3612=ORIENTED_EDGE('',*,*,#2803,.T.);
#3613=ORIENTED_EDGE('',*,*,#2800,.T.);
#3614=ORIENTED_EDGE('',*,*,#2728,.T.);
#3615=ORIENTED_EDGE('',*,*,#2804,.F.);
#3616=ORIENTED_EDGE('',*,*,#2805,.T.);
#3617=ORIENTED_EDGE('',*,*,#2806,.T.);
#3618=ORIENTED_EDGE('',*,*,#2727,.T.);
#3619=ORIENTED_EDGE('',*,*,#2807,.F.);
#3620=ORIENTED_EDGE('',*,*,#2808,.T.);
#3621=ORIENTED_EDGE('',*,*,#2804,.T.);
#3622=ORIENTED_EDGE('',*,*,#2726,.T.);
#3623=ORIENTED_EDGE('',*,*,#2809,.F.);
#3624=ORIENTED_EDGE('',*,*,#2810,.T.);
#3625=ORIENTED_EDGE('',*,*,#2807,.T.);
#3626=ORIENTED_EDGE('',*,*,#2725,.T.);
#3627=ORIENTED_EDGE('',*,*,#2811,.F.);
#3628=ORIENTED_EDGE('',*,*,#2812,.T.);
#3629=ORIENTED_EDGE('',*,*,#2809,.T.);
#3630=ORIENTED_EDGE('',*,*,#2724,.T.);
#3631=ORIENTED_EDGE('',*,*,#2813,.F.);
#3632=ORIENTED_EDGE('',*,*,#2814,.T.);
#3633=ORIENTED_EDGE('',*,*,#2811,.T.);
#3634=ORIENTED_EDGE('',*,*,#2723,.T.);
#3635=ORIENTED_EDGE('',*,*,#2815,.F.);
#3636=ORIENTED_EDGE('',*,*,#2816,.T.);
#3637=ORIENTED_EDGE('',*,*,#2813,.T.);
#3638=ORIENTED_EDGE('',*,*,#2722,.T.);
#3639=ORIENTED_EDGE('',*,*,#2817,.F.);
#3640=ORIENTED_EDGE('',*,*,#2818,.T.);
#3641=ORIENTED_EDGE('',*,*,#2815,.T.);
#3642=ORIENTED_EDGE('',*,*,#2721,.T.);
#3643=ORIENTED_EDGE('',*,*,#2819,.F.);
#3644=ORIENTED_EDGE('',*,*,#2820,.T.);
#3645=ORIENTED_EDGE('',*,*,#2817,.T.);
#3646=ORIENTED_EDGE('',*,*,#2720,.T.);
#3647=ORIENTED_EDGE('',*,*,#2821,.F.);
#3648=ORIENTED_EDGE('',*,*,#2822,.T.);
#3649=ORIENTED_EDGE('',*,*,#2819,.T.);
#3650=ORIENTED_EDGE('',*,*,#2719,.T.);
#3651=ORIENTED_EDGE('',*,*,#2823,.F.);
#3652=ORIENTED_EDGE('',*,*,#2824,.T.);
#3653=ORIENTED_EDGE('',*,*,#2821,.T.);
#3654=ORIENTED_EDGE('',*,*,#2718,.T.);
#3655=ORIENTED_EDGE('',*,*,#2825,.F.);
#3656=ORIENTED_EDGE('',*,*,#2826,.T.);
#3657=ORIENTED_EDGE('',*,*,#2823,.T.);
#3658=ORIENTED_EDGE('',*,*,#2754,.T.);
#3659=ORIENTED_EDGE('',*,*,#2827,.F.);
#3660=ORIENTED_EDGE('',*,*,#2828,.T.);
#3661=ORIENTED_EDGE('',*,*,#2829,.T.);
#3662=ORIENTED_EDGE('',*,*,#2753,.T.);
#3663=ORIENTED_EDGE('',*,*,#2830,.F.);
#3664=ORIENTED_EDGE('',*,*,#2831,.T.);
#3665=ORIENTED_EDGE('',*,*,#2827,.T.);
#3666=ORIENTED_EDGE('',*,*,#2752,.T.);
#3667=ORIENTED_EDGE('',*,*,#2832,.F.);
#3668=ORIENTED_EDGE('',*,*,#2833,.T.);
#3669=ORIENTED_EDGE('',*,*,#2830,.T.);
#3670=ORIENTED_EDGE('',*,*,#2751,.T.);
#3671=ORIENTED_EDGE('',*,*,#2834,.F.);
#3672=ORIENTED_EDGE('',*,*,#2835,.T.);
#3673=ORIENTED_EDGE('',*,*,#2832,.T.);
#3674=ORIENTED_EDGE('',*,*,#2750,.T.);
#3675=ORIENTED_EDGE('',*,*,#2836,.F.);
#3676=ORIENTED_EDGE('',*,*,#2837,.T.);
#3677=ORIENTED_EDGE('',*,*,#2834,.T.);
#3678=ORIENTED_EDGE('',*,*,#2749,.T.);
#3679=ORIENTED_EDGE('',*,*,#2838,.F.);
#3680=ORIENTED_EDGE('',*,*,#2839,.T.);
#3681=ORIENTED_EDGE('',*,*,#2836,.T.);
#3682=ORIENTED_EDGE('',*,*,#2748,.T.);
#3683=ORIENTED_EDGE('',*,*,#2840,.F.);
#3684=ORIENTED_EDGE('',*,*,#2841,.T.);
#3685=ORIENTED_EDGE('',*,*,#2838,.T.);
#3686=ORIENTED_EDGE('',*,*,#2747,.T.);
#3687=ORIENTED_EDGE('',*,*,#2842,.F.);
#3688=ORIENTED_EDGE('',*,*,#2843,.T.);
#3689=ORIENTED_EDGE('',*,*,#2840,.T.);
#3690=ORIENTED_EDGE('',*,*,#2746,.T.);
#3691=ORIENTED_EDGE('',*,*,#2844,.F.);
#3692=ORIENTED_EDGE('',*,*,#2845,.T.);
#3693=ORIENTED_EDGE('',*,*,#2842,.T.);
#3694=ORIENTED_EDGE('',*,*,#2745,.T.);
#3695=ORIENTED_EDGE('',*,*,#2846,.F.);
#3696=ORIENTED_EDGE('',*,*,#2847,.T.);
#3697=ORIENTED_EDGE('',*,*,#2844,.T.);
#3698=ORIENTED_EDGE('',*,*,#2744,.T.);
#3699=ORIENTED_EDGE('',*,*,#2848,.F.);
#3700=ORIENTED_EDGE('',*,*,#2849,.T.);
#3701=ORIENTED_EDGE('',*,*,#2846,.T.);
#3702=ORIENTED_EDGE('',*,*,#2850,.T.);
#3703=ORIENTED_EDGE('',*,*,#2851,.T.);
#3704=ORIENTED_EDGE('',*,*,#2852,.T.);
#3705=ORIENTED_EDGE('',*,*,#2853,.T.);
#3706=ORIENTED_EDGE('',*,*,#2854,.T.);
#3707=ORIENTED_EDGE('',*,*,#2855,.T.);
#3708=ORIENTED_EDGE('',*,*,#2856,.T.);
#3709=ORIENTED_EDGE('',*,*,#2851,.F.);
#3710=ORIENTED_EDGE('',*,*,#2857,.T.);
#3711=ORIENTED_EDGE('',*,*,#2858,.T.);
#3712=ORIENTED_EDGE('',*,*,#2859,.T.);
#3713=ORIENTED_EDGE('',*,*,#2855,.F.);
#3714=ORIENTED_EDGE('',*,*,#2857,.F.);
#3715=ORIENTED_EDGE('',*,*,#2854,.F.);
#3716=ORIENTED_EDGE('',*,*,#2850,.F.);
#3717=ORIENTED_EDGE('',*,*,#2860,.F.);
#3718=ORIENTED_EDGE('',*,*,#2861,.T.);
#3719=ORIENTED_EDGE('',*,*,#2862,.T.);
#3720=ORIENTED_EDGE('',*,*,#2863,.T.);
#3721=ORIENTED_EDGE('',*,*,#2864,.F.);
#3722=ORIENTED_EDGE('',*,*,#2865,.F.);
#3723=ORIENTED_EDGE('',*,*,#2866,.F.);
#3724=ORIENTED_EDGE('',*,*,#2867,.F.);
#3725=ORIENTED_EDGE('',*,*,#2868,.F.);
#3726=ORIENTED_EDGE('',*,*,#2869,.F.);
#3727=ORIENTED_EDGE('',*,*,#2870,.F.);
#3728=ORIENTED_EDGE('',*,*,#2871,.T.);
#3729=ORIENTED_EDGE('',*,*,#2872,.T.);
#3730=ORIENTED_EDGE('',*,*,#2873,.T.);
#3731=ORIENTED_EDGE('',*,*,#2874,.F.);
#3732=ORIENTED_EDGE('',*,*,#2875,.F.);
#3733=ORIENTED_EDGE('',*,*,#2876,.F.);
#3734=ORIENTED_EDGE('',*,*,#2877,.T.);
#3735=ORIENTED_EDGE('',*,*,#2878,.T.);
#3736=ORIENTED_EDGE('',*,*,#2879,.T.);
#3737=ORIENTED_EDGE('',*,*,#2880,.F.);
#3738=ORIENTED_EDGE('',*,*,#2881,.F.);
#3739=ORIENTED_EDGE('',*,*,#2882,.F.);
#3740=ORIENTED_EDGE('',*,*,#2883,.F.);
#3741=ORIENTED_EDGE('',*,*,#2884,.F.);
#3742=ORIENTED_EDGE('',*,*,#2885,.F.);
#3743=ORIENTED_EDGE('',*,*,#2886,.F.);
#3744=ORIENTED_EDGE('',*,*,#2887,.F.);
#3745=ORIENTED_EDGE('',*,*,#2888,.T.);
#3746=ORIENTED_EDGE('',*,*,#2889,.T.);
#3747=ORIENTED_EDGE('',*,*,#2890,.T.);
#3748=ORIENTED_EDGE('',*,*,#2891,.T.);
#3749=ORIENTED_EDGE('',*,*,#2892,.F.);
#3750=ORIENTED_EDGE('',*,*,#2893,.F.);
#3751=ORIENTED_EDGE('',*,*,#2894,.T.);
#3752=ORIENTED_EDGE('',*,*,#2895,.F.);
#3753=ORIENTED_EDGE('',*,*,#2896,.F.);
#3754=ORIENTED_EDGE('',*,*,#2897,.F.);
#3755=ORIENTED_EDGE('',*,*,#2898,.F.);
#3756=ORIENTED_EDGE('',*,*,#2899,.F.);
#3757=ORIENTED_EDGE('',*,*,#2900,.F.);
#3758=ORIENTED_EDGE('',*,*,#2901,.F.);
#3759=ORIENTED_EDGE('',*,*,#2902,.F.);
#3760=ORIENTED_EDGE('',*,*,#2903,.F.);
#3761=ORIENTED_EDGE('',*,*,#2904,.F.);
#3762=ORIENTED_EDGE('',*,*,#2905,.F.);
#3763=ORIENTED_EDGE('',*,*,#2906,.F.);
#3764=ORIENTED_EDGE('',*,*,#2907,.F.);
#3765=ORIENTED_EDGE('',*,*,#2908,.F.);
#3766=ORIENTED_EDGE('',*,*,#2909,.F.);
#3767=ORIENTED_EDGE('',*,*,#2910,.F.);
#3768=ORIENTED_EDGE('',*,*,#2911,.F.);
#3769=ORIENTED_EDGE('',*,*,#2912,.F.);
#3770=ORIENTED_EDGE('',*,*,#2913,.F.);
#3771=ORIENTED_EDGE('',*,*,#2914,.F.);
#3772=ORIENTED_EDGE('',*,*,#2915,.F.);
#3773=ORIENTED_EDGE('',*,*,#2916,.F.);
#3774=ORIENTED_EDGE('',*,*,#2917,.F.);
#3775=ORIENTED_EDGE('',*,*,#2918,.F.);
#3776=ORIENTED_EDGE('',*,*,#2919,.F.);
#3777=ORIENTED_EDGE('',*,*,#2920,.F.);
#3778=ORIENTED_EDGE('',*,*,#2921,.F.);
#3779=ORIENTED_EDGE('',*,*,#2922,.F.);
#3780=ORIENTED_EDGE('',*,*,#2923,.F.);
#3781=ORIENTED_EDGE('',*,*,#2924,.F.);
#3782=ORIENTED_EDGE('',*,*,#2925,.F.);
#3783=ORIENTED_EDGE('',*,*,#2926,.F.);
#3784=ORIENTED_EDGE('',*,*,#2927,.F.);
#3785=ORIENTED_EDGE('',*,*,#2928,.F.);
#3786=ORIENTED_EDGE('',*,*,#2929,.F.);
#3787=ORIENTED_EDGE('',*,*,#2930,.F.);
#3788=ORIENTED_EDGE('',*,*,#2931,.F.);
#3789=ORIENTED_EDGE('',*,*,#2932,.F.);
#3790=ORIENTED_EDGE('',*,*,#2933,.F.);
#3791=ORIENTED_EDGE('',*,*,#2934,.F.);
#3792=ORIENTED_EDGE('',*,*,#2935,.F.);
#3793=ORIENTED_EDGE('',*,*,#2936,.F.);
#3794=ORIENTED_EDGE('',*,*,#2937,.F.);
#3795=ORIENTED_EDGE('',*,*,#2938,.F.);
#3796=ORIENTED_EDGE('',*,*,#2939,.F.);
#3797=ORIENTED_EDGE('',*,*,#2940,.F.);
#3798=ORIENTED_EDGE('',*,*,#2941,.F.);
#3799=ORIENTED_EDGE('',*,*,#2942,.F.);
#3800=ORIENTED_EDGE('',*,*,#2943,.F.);
#3801=ORIENTED_EDGE('',*,*,#2944,.F.);
#3802=ORIENTED_EDGE('',*,*,#2945,.F.);
#3803=ORIENTED_EDGE('',*,*,#2946,.F.);
#3804=ORIENTED_EDGE('',*,*,#2947,.F.);
#3805=ORIENTED_EDGE('',*,*,#2948,.F.);
#3806=ORIENTED_EDGE('',*,*,#2949,.F.);
#3807=ORIENTED_EDGE('',*,*,#2950,.F.);
#3808=ORIENTED_EDGE('',*,*,#2951,.F.);
#3809=ORIENTED_EDGE('',*,*,#2952,.F.);
#3810=ORIENTED_EDGE('',*,*,#2953,.F.);
#3811=ORIENTED_EDGE('',*,*,#2954,.F.);
#3812=ORIENTED_EDGE('',*,*,#2955,.F.);
#3813=ORIENTED_EDGE('',*,*,#2956,.F.);
#3814=ORIENTED_EDGE('',*,*,#2957,.F.);
#3815=ORIENTED_EDGE('',*,*,#2958,.F.);
#3816=ORIENTED_EDGE('',*,*,#2959,.F.);
#3817=ORIENTED_EDGE('',*,*,#2960,.F.);
#3818=ORIENTED_EDGE('',*,*,#2961,.F.);
#3819=ORIENTED_EDGE('',*,*,#2962,.F.);
#3820=ORIENTED_EDGE('',*,*,#2963,.F.);
#3821=ORIENTED_EDGE('',*,*,#2964,.F.);
#3822=ORIENTED_EDGE('',*,*,#2808,.F.);
#3823=ORIENTED_EDGE('',*,*,#2810,.F.);
#3824=ORIENTED_EDGE('',*,*,#2812,.F.);
#3825=ORIENTED_EDGE('',*,*,#2814,.F.);
#3826=ORIENTED_EDGE('',*,*,#2816,.F.);
#3827=ORIENTED_EDGE('',*,*,#2818,.F.);
#3828=ORIENTED_EDGE('',*,*,#2820,.F.);
#3829=ORIENTED_EDGE('',*,*,#2822,.F.);
#3830=ORIENTED_EDGE('',*,*,#2824,.F.);
#3831=ORIENTED_EDGE('',*,*,#2826,.F.);
#3832=ORIENTED_EDGE('',*,*,#2965,.F.);
#3833=ORIENTED_EDGE('',*,*,#2966,.F.);
#3834=ORIENTED_EDGE('',*,*,#2967,.F.);
#3835=ORIENTED_EDGE('',*,*,#2968,.F.);
#3836=ORIENTED_EDGE('',*,*,#2969,.F.);
#3837=ORIENTED_EDGE('',*,*,#2970,.F.);
#3838=ORIENTED_EDGE('',*,*,#2971,.F.);
#3839=ORIENTED_EDGE('',*,*,#2972,.F.);
#3840=ORIENTED_EDGE('',*,*,#2973,.F.);
#3841=ORIENTED_EDGE('',*,*,#2974,.F.);
#3842=ORIENTED_EDGE('',*,*,#2828,.F.);
#3843=ORIENTED_EDGE('',*,*,#2831,.F.);
#3844=ORIENTED_EDGE('',*,*,#2833,.F.);
#3845=ORIENTED_EDGE('',*,*,#2835,.F.);
#3846=ORIENTED_EDGE('',*,*,#2837,.F.);
#3847=ORIENTED_EDGE('',*,*,#2839,.F.);
#3848=ORIENTED_EDGE('',*,*,#2841,.F.);
#3849=ORIENTED_EDGE('',*,*,#2843,.F.);
#3850=ORIENTED_EDGE('',*,*,#2845,.F.);
#3851=ORIENTED_EDGE('',*,*,#2847,.F.);
#3852=ORIENTED_EDGE('',*,*,#2849,.F.);
#3853=ORIENTED_EDGE('',*,*,#2975,.F.);
#3854=ORIENTED_EDGE('',*,*,#2976,.F.);
#3855=ORIENTED_EDGE('',*,*,#2977,.F.);
#3856=ORIENTED_EDGE('',*,*,#2978,.F.);
#3857=ORIENTED_EDGE('',*,*,#2979,.F.);
#3858=ORIENTED_EDGE('',*,*,#2980,.F.);
#3859=ORIENTED_EDGE('',*,*,#2981,.F.);
#3860=ORIENTED_EDGE('',*,*,#2982,.F.);
#3861=ORIENTED_EDGE('',*,*,#2983,.F.);
#3862=ORIENTED_EDGE('',*,*,#2984,.F.);
#3863=ORIENTED_EDGE('',*,*,#2985,.F.);
#3864=ORIENTED_EDGE('',*,*,#2986,.F.);
#3865=ORIENTED_EDGE('',*,*,#2987,.F.);
#3866=ORIENTED_EDGE('',*,*,#2988,.F.);
#3867=ORIENTED_EDGE('',*,*,#2989,.F.);
#3868=ORIENTED_EDGE('',*,*,#2990,.F.);
#3869=ORIENTED_EDGE('',*,*,#2805,.F.);
#3870=ORIENTED_EDGE('',*,*,#2991,.F.);
#3871=ORIENTED_EDGE('',*,*,#2803,.F.);
#3872=ORIENTED_EDGE('',*,*,#2992,.F.);
#3873=ORIENTED_EDGE('',*,*,#2993,.F.);
#3874=ORIENTED_EDGE('',*,*,#2994,.F.);
#3875=ORIENTED_EDGE('',*,*,#2995,.F.);
#3876=ORIENTED_EDGE('',*,*,#2996,.F.);
#3877=ORIENTED_EDGE('',*,*,#2764,.F.);
#3878=ORIENTED_EDGE('',*,*,#2767,.F.);
#3879=ORIENTED_EDGE('',*,*,#2997,.F.);
#3880=ORIENTED_EDGE('',*,*,#2998,.F.);
#3881=ORIENTED_EDGE('',*,*,#2999,.F.);
#3882=ORIENTED_EDGE('',*,*,#3000,.F.);
#3883=ORIENTED_EDGE('',*,*,#3001,.F.);
#3884=ORIENTED_EDGE('',*,*,#3002,.F.);
#3885=ORIENTED_EDGE('',*,*,#3003,.F.);
#3886=ORIENTED_EDGE('',*,*,#3004,.F.);
#3887=ORIENTED_EDGE('',*,*,#3005,.F.);
#3888=ORIENTED_EDGE('',*,*,#3006,.F.);
#3889=ORIENTED_EDGE('',*,*,#3007,.F.);
#3890=ORIENTED_EDGE('',*,*,#3008,.F.);
#3891=ORIENTED_EDGE('',*,*,#3009,.F.);
#3892=ORIENTED_EDGE('',*,*,#2769,.F.);
#3893=ORIENTED_EDGE('',*,*,#2772,.F.);
#3894=ORIENTED_EDGE('',*,*,#2774,.F.);
#3895=ORIENTED_EDGE('',*,*,#2776,.F.);
#3896=ORIENTED_EDGE('',*,*,#2778,.F.);
#3897=ORIENTED_EDGE('',*,*,#2780,.F.);
#3898=ORIENTED_EDGE('',*,*,#2782,.F.);
#3899=ORIENTED_EDGE('',*,*,#2784,.F.);
#3900=ORIENTED_EDGE('',*,*,#2786,.F.);
#3901=ORIENTED_EDGE('',*,*,#2788,.F.);
#3902=ORIENTED_EDGE('',*,*,#2790,.F.);
#3903=ORIENTED_EDGE('',*,*,#3010,.F.);
#3904=ORIENTED_EDGE('',*,*,#3011,.F.);
#3905=ORIENTED_EDGE('',*,*,#3012,.F.);
#3906=ORIENTED_EDGE('',*,*,#3013,.F.);
#3907=ORIENTED_EDGE('',*,*,#3014,.F.);
#3908=ORIENTED_EDGE('',*,*,#3015,.F.);
#3909=ORIENTED_EDGE('',*,*,#3016,.F.);
#3910=ORIENTED_EDGE('',*,*,#3017,.F.);
#3911=ORIENTED_EDGE('',*,*,#3018,.F.);
#3912=ORIENTED_EDGE('',*,*,#3019,.F.);
#3913=ORIENTED_EDGE('',*,*,#3020,.F.);
#3914=ORIENTED_EDGE('',*,*,#2792,.F.);
#3915=ORIENTED_EDGE('',*,*,#2795,.F.);
#3916=ORIENTED_EDGE('',*,*,#2797,.F.);
#3917=ORIENTED_EDGE('',*,*,#2799,.F.);
#3918=ORIENTED_EDGE('',*,*,#2801,.F.);
#3919=ORIENTED_EDGE('',*,*,#3021,.F.);
#3920=ORIENTED_EDGE('',*,*,#3022,.F.);
#3921=ORIENTED_EDGE('',*,*,#3023,.F.);
#3922=ORIENTED_EDGE('',*,*,#3024,.F.);
#3923=ORIENTED_EDGE('',*,*,#3025,.F.);
#3924=ORIENTED_EDGE('',*,*,#3026,.F.);
#3925=ORIENTED_EDGE('',*,*,#3027,.F.);
#3926=ORIENTED_EDGE('',*,*,#3028,.F.);
#3927=ORIENTED_EDGE('',*,*,#3029,.F.);
#3928=ORIENTED_EDGE('',*,*,#3030,.F.);
#3929=ORIENTED_EDGE('',*,*,#3031,.F.);
#3930=ORIENTED_EDGE('',*,*,#3032,.F.);
#3931=ORIENTED_EDGE('',*,*,#3033,.F.);
#3932=ORIENTED_EDGE('',*,*,#3034,.F.);
#3933=ORIENTED_EDGE('',*,*,#3035,.F.);
#3934=ORIENTED_EDGE('',*,*,#3036,.F.);
#3935=ORIENTED_EDGE('',*,*,#3037,.F.);
#3936=ORIENTED_EDGE('',*,*,#3038,.F.);
#3937=ORIENTED_EDGE('',*,*,#3039,.F.);
#3938=ORIENTED_EDGE('',*,*,#3040,.F.);
#3939=ORIENTED_EDGE('',*,*,#3041,.F.);
#3940=ORIENTED_EDGE('',*,*,#3042,.F.);
#3941=ORIENTED_EDGE('',*,*,#3043,.F.);
#3942=ORIENTED_EDGE('',*,*,#3044,.F.);
#3943=ORIENTED_EDGE('',*,*,#3045,.F.);
#3944=ORIENTED_EDGE('',*,*,#3046,.F.);
#3945=ORIENTED_EDGE('',*,*,#3047,.F.);
#3946=ORIENTED_EDGE('',*,*,#3048,.F.);
#3947=ORIENTED_EDGE('',*,*,#3049,.F.);
#3948=ORIENTED_EDGE('',*,*,#3050,.F.);
#3949=ORIENTED_EDGE('',*,*,#3051,.F.);
#3950=ORIENTED_EDGE('',*,*,#3052,.F.);
#3951=ORIENTED_EDGE('',*,*,#3053,.F.);
#3952=ORIENTED_EDGE('',*,*,#3054,.F.);
#3953=ORIENTED_EDGE('',*,*,#3055,.F.);
#3954=ORIENTED_EDGE('',*,*,#3056,.F.);
#3955=ORIENTED_EDGE('',*,*,#3057,.F.);
#3956=ORIENTED_EDGE('',*,*,#3058,.F.);
#3957=ORIENTED_EDGE('',*,*,#3059,.F.);
#3958=ORIENTED_EDGE('',*,*,#3060,.F.);
#3959=ORIENTED_EDGE('',*,*,#3061,.F.);
#3960=ORIENTED_EDGE('',*,*,#3062,.F.);
#3961=ORIENTED_EDGE('',*,*,#3063,.F.);
#3962=ORIENTED_EDGE('',*,*,#2853,.F.);
#3963=ORIENTED_EDGE('',*,*,#3064,.F.);
#3964=ORIENTED_EDGE('',*,*,#3065,.F.);
#3965=ORIENTED_EDGE('',*,*,#2860,.T.);
#3966=ORIENTED_EDGE('',*,*,#2883,.T.);
#3967=ORIENTED_EDGE('',*,*,#3066,.T.);
#3968=ORIENTED_EDGE('',*,*,#3067,.T.);
#3969=ORIENTED_EDGE('',*,*,#3068,.T.);
#3970=ORIENTED_EDGE('',*,*,#2882,.T.);
#3971=ORIENTED_EDGE('',*,*,#3069,.T.);
#3972=ORIENTED_EDGE('',*,*,#3070,.T.);
#3973=ORIENTED_EDGE('',*,*,#3066,.F.);
#3974=ORIENTED_EDGE('',*,*,#2881,.T.);
#3975=ORIENTED_EDGE('',*,*,#3071,.T.);
#3976=ORIENTED_EDGE('',*,*,#3072,.T.);
#3977=ORIENTED_EDGE('',*,*,#3069,.F.);
#3978=ORIENTED_EDGE('',*,*,#2859,.F.);
#3979=ORIENTED_EDGE('',*,*,#3073,.T.);
#3980=ORIENTED_EDGE('',*,*,#3074,.T.);
#3981=ORIENTED_EDGE('',*,*,#3075,.T.);
#3982=ORIENTED_EDGE('',*,*,#3076,.T.);
#3983=ORIENTED_EDGE('',*,*,#3077,.T.);
#3984=ORIENTED_EDGE('',*,*,#3078,.T.);
#3985=ORIENTED_EDGE('',*,*,#3079,.T.);
#3986=ORIENTED_EDGE('',*,*,#3080,.T.);
#3987=ORIENTED_EDGE('',*,*,#3081,.T.);
#3988=ORIENTED_EDGE('',*,*,#3082,.T.);
#3989=ORIENTED_EDGE('',*,*,#3083,.T.);
#3990=ORIENTED_EDGE('',*,*,#3084,.T.);
#3991=ORIENTED_EDGE('',*,*,#3085,.T.);
#3992=ORIENTED_EDGE('',*,*,#3086,.T.);
#3993=ORIENTED_EDGE('',*,*,#3087,.T.);
#3994=ORIENTED_EDGE('',*,*,#3067,.F.);
#3995=ORIENTED_EDGE('',*,*,#3070,.F.);
#3996=ORIENTED_EDGE('',*,*,#3072,.F.);
#3997=ORIENTED_EDGE('',*,*,#3088,.T.);
#3998=ORIENTED_EDGE('',*,*,#3089,.T.);
#3999=ORIENTED_EDGE('',*,*,#3090,.T.);
#4000=ORIENTED_EDGE('',*,*,#3091,.T.);
#4001=ORIENTED_EDGE('',*,*,#3092,.T.);
#4002=ORIENTED_EDGE('',*,*,#3093,.T.);
#4003=ORIENTED_EDGE('',*,*,#3094,.T.);
#4004=ORIENTED_EDGE('',*,*,#3095,.T.);
#4005=ORIENTED_EDGE('',*,*,#3096,.T.);
#4006=ORIENTED_EDGE('',*,*,#3097,.T.);
#4007=ORIENTED_EDGE('',*,*,#3098,.T.);
#4008=ORIENTED_EDGE('',*,*,#3099,.T.);
#4009=ORIENTED_EDGE('',*,*,#3100,.T.);
#4010=ORIENTED_EDGE('',*,*,#3101,.T.);
#4011=ORIENTED_EDGE('',*,*,#3102,.T.);
#4012=ORIENTED_EDGE('',*,*,#3103,.T.);
#4013=ORIENTED_EDGE('',*,*,#3104,.T.);
#4014=ORIENTED_EDGE('',*,*,#3105,.T.);
#4015=ORIENTED_EDGE('',*,*,#3106,.T.);
#4016=ORIENTED_EDGE('',*,*,#3107,.T.);
#4017=ORIENTED_EDGE('',*,*,#3064,.T.);
#4018=ORIENTED_EDGE('',*,*,#2852,.F.);
#4019=ORIENTED_EDGE('',*,*,#2856,.F.);
#4020=ORIENTED_EDGE('',*,*,#3108,.T.);
#4021=ORIENTED_EDGE('',*,*,#3109,.T.);
#4022=ORIENTED_EDGE('',*,*,#3110,.T.);
#4023=ORIENTED_EDGE('',*,*,#3111,.T.);
#4024=ORIENTED_EDGE('',*,*,#3112,.T.);
#4025=ORIENTED_EDGE('',*,*,#3113,.T.);
#4026=ORIENTED_EDGE('',*,*,#3114,.T.);
#4027=ORIENTED_EDGE('',*,*,#3115,.T.);
#4028=ORIENTED_EDGE('',*,*,#3116,.T.);
#4029=ORIENTED_EDGE('',*,*,#2676,.T.);
#4030=ORIENTED_EDGE('',*,*,#3117,.T.);
#4031=ORIENTED_EDGE('',*,*,#3118,.T.);
#4032=ORIENTED_EDGE('',*,*,#3119,.T.);
#4033=ORIENTED_EDGE('',*,*,#3120,.T.);
#4034=ORIENTED_EDGE('',*,*,#3121,.T.);
#4035=ORIENTED_EDGE('',*,*,#2665,.T.);
#4036=ORIENTED_EDGE('',*,*,#3122,.T.);
#4037=ORIENTED_EDGE('',*,*,#3123,.T.);
#4038=ORIENTED_EDGE('',*,*,#3124,.T.);
#4039=ORIENTED_EDGE('',*,*,#3125,.T.);
#4040=ORIENTED_EDGE('',*,*,#3126,.T.);
#4041=ORIENTED_EDGE('',*,*,#2738,.T.);
#4042=ORIENTED_EDGE('',*,*,#3127,.T.);
#4043=ORIENTED_EDGE('',*,*,#3128,.T.);
#4044=ORIENTED_EDGE('',*,*,#3129,.T.);
#4045=ORIENTED_EDGE('',*,*,#3130,.T.);
#4046=ORIENTED_EDGE('',*,*,#3131,.T.);
#4047=ORIENTED_EDGE('',*,*,#2713,.T.);
#4048=ORIENTED_EDGE('',*,*,#3132,.T.);
#4049=ORIENTED_EDGE('',*,*,#3133,.T.);
#4050=ORIENTED_EDGE('',*,*,#3134,.T.);
#4051=ORIENTED_EDGE('',*,*,#3135,.T.);
#4052=ORIENTED_EDGE('',*,*,#3136,.T.);
#4053=ORIENTED_EDGE('',*,*,#3137,.T.);
#4054=ORIENTED_EDGE('',*,*,#3138,.T.);
#4055=ORIENTED_EDGE('',*,*,#3139,.T.);
#4056=ORIENTED_EDGE('',*,*,#3140,.T.);
#4057=ORIENTED_EDGE('',*,*,#3141,.T.);
#4058=ORIENTED_EDGE('',*,*,#3142,.T.);
#4059=ORIENTED_EDGE('',*,*,#3143,.T.);
#4060=ORIENTED_EDGE('',*,*,#3144,.T.);
#4061=ORIENTED_EDGE('',*,*,#3145,.T.);
#4062=ORIENTED_EDGE('',*,*,#3146,.T.);
#4063=ORIENTED_EDGE('',*,*,#3147,.T.);
#4064=ORIENTED_EDGE('',*,*,#3148,.T.);
#4065=ORIENTED_EDGE('',*,*,#3149,.T.);
#4066=ORIENTED_EDGE('',*,*,#3150,.T.);
#4067=ORIENTED_EDGE('',*,*,#3151,.T.);
#4068=ORIENTED_EDGE('',*,*,#3152,.T.);
#4069=ORIENTED_EDGE('',*,*,#3153,.T.);
#4070=ORIENTED_EDGE('',*,*,#3154,.T.);
#4071=ORIENTED_EDGE('',*,*,#3155,.T.);
#4072=ORIENTED_EDGE('',*,*,#3156,.T.);
#4073=ORIENTED_EDGE('',*,*,#3157,.T.);
#4074=ORIENTED_EDGE('',*,*,#3158,.T.);
#4075=ORIENTED_EDGE('',*,*,#3159,.T.);
#4076=ORIENTED_EDGE('',*,*,#3160,.T.);
#4077=ORIENTED_EDGE('',*,*,#3161,.T.);
#4078=ORIENTED_EDGE('',*,*,#3162,.T.);
#4079=ORIENTED_EDGE('',*,*,#3163,.T.);
#4080=ORIENTED_EDGE('',*,*,#3164,.T.);
#4081=ORIENTED_EDGE('',*,*,#3165,.T.);
#4082=ORIENTED_EDGE('',*,*,#3166,.T.);
#4083=ORIENTED_EDGE('',*,*,#3167,.T.);
#4084=ORIENTED_EDGE('',*,*,#3168,.T.);
#4085=ORIENTED_EDGE('',*,*,#3169,.T.);
#4086=ORIENTED_EDGE('',*,*,#3170,.T.);
#4087=ORIENTED_EDGE('',*,*,#3171,.T.);
#4088=ORIENTED_EDGE('',*,*,#3172,.T.);
#4089=ORIENTED_EDGE('',*,*,#3173,.T.);
#4090=ORIENTED_EDGE('',*,*,#3174,.T.);
#4091=ORIENTED_EDGE('',*,*,#3175,.T.);
#4092=ORIENTED_EDGE('',*,*,#3176,.T.);
#4093=ORIENTED_EDGE('',*,*,#3177,.T.);
#4094=ORIENTED_EDGE('',*,*,#3178,.T.);
#4095=ORIENTED_EDGE('',*,*,#3179,.T.);
#4096=ORIENTED_EDGE('',*,*,#3180,.T.);
#4097=ORIENTED_EDGE('',*,*,#3181,.T.);
#4098=ORIENTED_EDGE('',*,*,#3182,.T.);
#4099=ORIENTED_EDGE('',*,*,#3183,.T.);
#4100=ORIENTED_EDGE('',*,*,#3184,.T.);
#4101=ORIENTED_EDGE('',*,*,#3185,.T.);
#4102=ORIENTED_EDGE('',*,*,#3186,.T.);
#4103=ORIENTED_EDGE('',*,*,#3187,.T.);
#4104=ORIENTED_EDGE('',*,*,#3188,.T.);
#4105=ORIENTED_EDGE('',*,*,#3189,.T.);
#4106=ORIENTED_EDGE('',*,*,#3190,.T.);
#4107=ORIENTED_EDGE('',*,*,#3191,.T.);
#4108=ORIENTED_EDGE('',*,*,#3192,.T.);
#4109=ORIENTED_EDGE('',*,*,#3193,.T.);
#4110=ORIENTED_EDGE('',*,*,#3194,.T.);
#4111=ORIENTED_EDGE('',*,*,#3195,.T.);
#4112=ORIENTED_EDGE('',*,*,#3196,.T.);
#4113=ORIENTED_EDGE('',*,*,#3197,.T.);
#4114=ORIENTED_EDGE('',*,*,#3198,.T.);
#4115=ORIENTED_EDGE('',*,*,#3199,.T.);
#4116=ORIENTED_EDGE('',*,*,#3200,.T.);
#4117=ORIENTED_EDGE('',*,*,#3201,.T.);
#4118=ORIENTED_EDGE('',*,*,#3202,.T.);
#4119=ORIENTED_EDGE('',*,*,#3203,.T.);
#4120=ORIENTED_EDGE('',*,*,#3204,.T.);
#4121=ORIENTED_EDGE('',*,*,#3205,.T.);
#4122=ORIENTED_EDGE('',*,*,#3206,.T.);
#4123=ORIENTED_EDGE('',*,*,#3207,.T.);
#4124=ORIENTED_EDGE('',*,*,#3208,.T.);
#4125=ORIENTED_EDGE('',*,*,#3209,.T.);
#4126=ORIENTED_EDGE('',*,*,#3210,.T.);
#4127=ORIENTED_EDGE('',*,*,#3211,.T.);
#4128=ORIENTED_EDGE('',*,*,#3212,.T.);
#4129=ORIENTED_EDGE('',*,*,#3213,.T.);
#4130=ORIENTED_EDGE('',*,*,#3214,.T.);
#4131=ORIENTED_EDGE('',*,*,#3215,.T.);
#4132=ORIENTED_EDGE('',*,*,#3216,.T.);
#4133=ORIENTED_EDGE('',*,*,#3217,.T.);
#4134=ORIENTED_EDGE('',*,*,#3218,.T.);
#4135=ORIENTED_EDGE('',*,*,#3219,.T.);
#4136=ORIENTED_EDGE('',*,*,#3220,.T.);
#4137=ORIENTED_EDGE('',*,*,#3221,.T.);
#4138=ORIENTED_EDGE('',*,*,#3222,.T.);
#4139=ORIENTED_EDGE('',*,*,#3223,.T.);
#4140=ORIENTED_EDGE('',*,*,#3224,.T.);
#4141=ORIENTED_EDGE('',*,*,#3225,.T.);
#4142=ORIENTED_EDGE('',*,*,#3226,.T.);
#4143=ORIENTED_EDGE('',*,*,#3227,.T.);
#4144=ORIENTED_EDGE('',*,*,#3228,.T.);
#4145=ORIENTED_EDGE('',*,*,#3229,.T.);
#4146=ORIENTED_EDGE('',*,*,#3230,.T.);
#4147=ORIENTED_EDGE('',*,*,#3231,.T.);
#4148=ORIENTED_EDGE('',*,*,#3232,.T.);
#4149=ORIENTED_EDGE('',*,*,#3233,.T.);
#4150=ORIENTED_EDGE('',*,*,#3234,.T.);
#4151=ORIENTED_EDGE('',*,*,#3235,.T.);
#4152=ORIENTED_EDGE('',*,*,#3236,.T.);
#4153=ORIENTED_EDGE('',*,*,#3237,.T.);
#4154=ORIENTED_EDGE('',*,*,#3238,.T.);
#4155=ORIENTED_EDGE('',*,*,#3239,.T.);
#4156=ORIENTED_EDGE('',*,*,#3240,.T.);
#4157=ORIENTED_EDGE('',*,*,#3241,.T.);
#4158=ORIENTED_EDGE('',*,*,#3071,.F.);
#4159=ORIENTED_EDGE('',*,*,#2880,.T.);
#4160=ORIENTED_EDGE('',*,*,#3242,.T.);
#4161=ORIENTED_EDGE('',*,*,#3088,.F.);
#4162=ORIENTED_EDGE('',*,*,#2900,.T.);
#4163=ORIENTED_EDGE('',*,*,#3243,.T.);
#4164=ORIENTED_EDGE('',*,*,#3139,.F.);
#4165=ORIENTED_EDGE('',*,*,#3244,.F.);
#4166=ORIENTED_EDGE('',*,*,#2901,.T.);
#4167=ORIENTED_EDGE('',*,*,#3244,.T.);
#4168=ORIENTED_EDGE('',*,*,#3138,.F.);
#4169=ORIENTED_EDGE('',*,*,#3245,.F.);
#4170=ORIENTED_EDGE('',*,*,#2902,.T.);
#4171=ORIENTED_EDGE('',*,*,#3245,.T.);
#4172=ORIENTED_EDGE('',*,*,#3137,.F.);
#4173=ORIENTED_EDGE('',*,*,#3246,.F.);
#4174=ORIENTED_EDGE('',*,*,#2903,.T.);
#4175=ORIENTED_EDGE('',*,*,#3246,.T.);
#4176=ORIENTED_EDGE('',*,*,#3136,.F.);
#4177=ORIENTED_EDGE('',*,*,#3247,.F.);
#4178=ORIENTED_EDGE('',*,*,#2904,.T.);
#4179=ORIENTED_EDGE('',*,*,#3247,.T.);
#4180=ORIENTED_EDGE('',*,*,#3135,.F.);
#4181=ORIENTED_EDGE('',*,*,#3248,.F.);
#4182=ORIENTED_EDGE('',*,*,#2905,.T.);
#4183=ORIENTED_EDGE('',*,*,#3248,.T.);
#4184=ORIENTED_EDGE('',*,*,#3134,.F.);
#4185=ORIENTED_EDGE('',*,*,#3249,.F.);
#4186=ORIENTED_EDGE('',*,*,#2906,.T.);
#4187=ORIENTED_EDGE('',*,*,#3249,.T.);
#4188=ORIENTED_EDGE('',*,*,#3133,.F.);
#4189=ORIENTED_EDGE('',*,*,#3250,.F.);
#4190=ORIENTED_EDGE('',*,*,#2899,.T.);
#4191=ORIENTED_EDGE('',*,*,#3250,.T.);
#4192=ORIENTED_EDGE('',*,*,#3132,.F.);
#4193=ORIENTED_EDGE('',*,*,#3243,.F.);
#4194=ORIENTED_EDGE('',*,*,#2908,.T.);
#4195=ORIENTED_EDGE('',*,*,#3251,.T.);
#4196=ORIENTED_EDGE('',*,*,#3147,.F.);
#4197=ORIENTED_EDGE('',*,*,#3252,.F.);
#4198=ORIENTED_EDGE('',*,*,#2909,.T.);
#4199=ORIENTED_EDGE('',*,*,#3252,.T.);
#4200=ORIENTED_EDGE('',*,*,#3146,.F.);
#4201=ORIENTED_EDGE('',*,*,#3253,.F.);
#4202=ORIENTED_EDGE('',*,*,#2910,.T.);
#4203=ORIENTED_EDGE('',*,*,#3253,.T.);
#4204=ORIENTED_EDGE('',*,*,#3145,.F.);
#4205=ORIENTED_EDGE('',*,*,#3254,.F.);
#4206=ORIENTED_EDGE('',*,*,#2911,.T.);
#4207=ORIENTED_EDGE('',*,*,#3254,.T.);
#4208=ORIENTED_EDGE('',*,*,#3144,.F.);
#4209=ORIENTED_EDGE('',*,*,#3255,.F.);
#4210=ORIENTED_EDGE('',*,*,#2912,.T.);
#4211=ORIENTED_EDGE('',*,*,#3255,.T.);
#4212=ORIENTED_EDGE('',*,*,#3143,.F.);
#4213=ORIENTED_EDGE('',*,*,#3256,.F.);
#4214=ORIENTED_EDGE('',*,*,#2913,.T.);
#4215=ORIENTED_EDGE('',*,*,#3256,.T.);
#4216=ORIENTED_EDGE('',*,*,#3142,.F.);
#4217=ORIENTED_EDGE('',*,*,#3257,.F.);
#4218=ORIENTED_EDGE('',*,*,#2914,.T.);
#4219=ORIENTED_EDGE('',*,*,#3257,.T.);
#4220=ORIENTED_EDGE('',*,*,#3141,.F.);
#4221=ORIENTED_EDGE('',*,*,#3258,.F.);
#4222=ORIENTED_EDGE('',*,*,#2907,.T.);
#4223=ORIENTED_EDGE('',*,*,#3258,.T.);
#4224=ORIENTED_EDGE('',*,*,#3140,.F.);
#4225=ORIENTED_EDGE('',*,*,#3251,.F.);
#4226=ORIENTED_EDGE('',*,*,#2916,.T.);
#4227=ORIENTED_EDGE('',*,*,#3259,.T.);
#4228=ORIENTED_EDGE('',*,*,#3155,.F.);
#4229=ORIENTED_EDGE('',*,*,#3260,.F.);
#4230=ORIENTED_EDGE('',*,*,#2917,.T.);
#4231=ORIENTED_EDGE('',*,*,#3260,.T.);
#4232=ORIENTED_EDGE('',*,*,#3154,.F.);
#4233=ORIENTED_EDGE('',*,*,#3261,.F.);
#4234=ORIENTED_EDGE('',*,*,#2918,.T.);
#4235=ORIENTED_EDGE('',*,*,#3261,.T.);
#4236=ORIENTED_EDGE('',*,*,#3153,.F.);
#4237=ORIENTED_EDGE('',*,*,#3262,.F.);
#4238=ORIENTED_EDGE('',*,*,#2919,.T.);
#4239=ORIENTED_EDGE('',*,*,#3262,.T.);
#4240=ORIENTED_EDGE('',*,*,#3152,.F.);
#4241=ORIENTED_EDGE('',*,*,#3263,.F.);
#4242=ORIENTED_EDGE('',*,*,#2920,.T.);
#4243=ORIENTED_EDGE('',*,*,#3263,.T.);
#4244=ORIENTED_EDGE('',*,*,#3151,.F.);
#4245=ORIENTED_EDGE('',*,*,#3264,.F.);
#4246=ORIENTED_EDGE('',*,*,#2921,.T.);
#4247=ORIENTED_EDGE('',*,*,#3264,.T.);
#4248=ORIENTED_EDGE('',*,*,#3150,.F.);
#4249=ORIENTED_EDGE('',*,*,#3265,.F.);
#4250=ORIENTED_EDGE('',*,*,#2922,.T.);
#4251=ORIENTED_EDGE('',*,*,#3265,.T.);
#4252=ORIENTED_EDGE('',*,*,#3149,.F.);
#4253=ORIENTED_EDGE('',*,*,#3266,.F.);
#4254=ORIENTED_EDGE('',*,*,#2915,.T.);
#4255=ORIENTED_EDGE('',*,*,#3266,.T.);
#4256=ORIENTED_EDGE('',*,*,#3148,.F.);
#4257=ORIENTED_EDGE('',*,*,#3259,.F.);
#4258=ORIENTED_EDGE('',*,*,#2924,.T.);
#4259=ORIENTED_EDGE('',*,*,#3267,.T.);
#4260=ORIENTED_EDGE('',*,*,#3163,.F.);
#4261=ORIENTED_EDGE('',*,*,#3268,.F.);
#4262=ORIENTED_EDGE('',*,*,#2925,.T.);
#4263=ORIENTED_EDGE('',*,*,#3268,.T.);
#4264=ORIENTED_EDGE('',*,*,#3162,.F.);
#4265=ORIENTED_EDGE('',*,*,#3269,.F.);
#4266=ORIENTED_EDGE('',*,*,#2926,.T.);
#4267=ORIENTED_EDGE('',*,*,#3269,.T.);
#4268=ORIENTED_EDGE('',*,*,#3161,.F.);
#4269=ORIENTED_EDGE('',*,*,#3270,.F.);
#4270=ORIENTED_EDGE('',*,*,#2927,.T.);
#4271=ORIENTED_EDGE('',*,*,#3270,.T.);
#4272=ORIENTED_EDGE('',*,*,#3160,.F.);
#4273=ORIENTED_EDGE('',*,*,#3271,.F.);
#4274=ORIENTED_EDGE('',*,*,#2928,.T.);
#4275=ORIENTED_EDGE('',*,*,#3271,.T.);
#4276=ORIENTED_EDGE('',*,*,#3159,.F.);
#4277=ORIENTED_EDGE('',*,*,#3272,.F.);
#4278=ORIENTED_EDGE('',*,*,#2929,.T.);
#4279=ORIENTED_EDGE('',*,*,#3272,.T.);
#4280=ORIENTED_EDGE('',*,*,#3158,.F.);
#4281=ORIENTED_EDGE('',*,*,#3273,.F.);
#4282=ORIENTED_EDGE('',*,*,#2930,.T.);
#4283=ORIENTED_EDGE('',*,*,#3273,.T.);
#4284=ORIENTED_EDGE('',*,*,#3157,.F.);
#4285=ORIENTED_EDGE('',*,*,#3274,.F.);
#4286=ORIENTED_EDGE('',*,*,#2923,.T.);
#4287=ORIENTED_EDGE('',*,*,#3274,.T.);
#4288=ORIENTED_EDGE('',*,*,#3156,.F.);
#4289=ORIENTED_EDGE('',*,*,#3267,.F.);
#4290=ORIENTED_EDGE('',*,*,#2932,.T.);
#4291=ORIENTED_EDGE('',*,*,#3275,.T.);
#4292=ORIENTED_EDGE('',*,*,#3171,.F.);
#4293=ORIENTED_EDGE('',*,*,#3276,.F.);
#4294=ORIENTED_EDGE('',*,*,#2933,.T.);
#4295=ORIENTED_EDGE('',*,*,#3276,.T.);
#4296=ORIENTED_EDGE('',*,*,#3170,.F.);
#4297=ORIENTED_EDGE('',*,*,#3277,.F.);
#4298=ORIENTED_EDGE('',*,*,#2934,.T.);
#4299=ORIENTED_EDGE('',*,*,#3277,.T.);
#4300=ORIENTED_EDGE('',*,*,#3169,.F.);
#4301=ORIENTED_EDGE('',*,*,#3278,.F.);
#4302=ORIENTED_EDGE('',*,*,#2935,.T.);
#4303=ORIENTED_EDGE('',*,*,#3278,.T.);
#4304=ORIENTED_EDGE('',*,*,#3168,.F.);
#4305=ORIENTED_EDGE('',*,*,#3279,.F.);
#4306=ORIENTED_EDGE('',*,*,#2936,.T.);
#4307=ORIENTED_EDGE('',*,*,#3279,.T.);
#4308=ORIENTED_EDGE('',*,*,#3167,.F.);
#4309=ORIENTED_EDGE('',*,*,#3280,.F.);
#4310=ORIENTED_EDGE('',*,*,#2937,.T.);
#4311=ORIENTED_EDGE('',*,*,#3280,.T.);
#4312=ORIENTED_EDGE('',*,*,#3166,.F.);
#4313=ORIENTED_EDGE('',*,*,#3281,.F.);
#4314=ORIENTED_EDGE('',*,*,#2938,.T.);
#4315=ORIENTED_EDGE('',*,*,#3281,.T.);
#4316=ORIENTED_EDGE('',*,*,#3165,.F.);
#4317=ORIENTED_EDGE('',*,*,#3282,.F.);
#4318=ORIENTED_EDGE('',*,*,#2931,.T.);
#4319=ORIENTED_EDGE('',*,*,#3282,.T.);
#4320=ORIENTED_EDGE('',*,*,#3164,.F.);
#4321=ORIENTED_EDGE('',*,*,#3275,.F.);
#4322=ORIENTED_EDGE('',*,*,#2940,.T.);
#4323=ORIENTED_EDGE('',*,*,#3283,.T.);
#4324=ORIENTED_EDGE('',*,*,#3179,.F.);
#4325=ORIENTED_EDGE('',*,*,#3284,.F.);
#4326=ORIENTED_EDGE('',*,*,#2941,.T.);
#4327=ORIENTED_EDGE('',*,*,#3284,.T.);
#4328=ORIENTED_EDGE('',*,*,#3178,.F.);
#4329=ORIENTED_EDGE('',*,*,#3285,.F.);
#4330=ORIENTED_EDGE('',*,*,#2942,.T.);
#4331=ORIENTED_EDGE('',*,*,#3285,.T.);
#4332=ORIENTED_EDGE('',*,*,#3177,.F.);
#4333=ORIENTED_EDGE('',*,*,#3286,.F.);
#4334=ORIENTED_EDGE('',*,*,#2943,.T.);
#4335=ORIENTED_EDGE('',*,*,#3286,.T.);
#4336=ORIENTED_EDGE('',*,*,#3176,.F.);
#4337=ORIENTED_EDGE('',*,*,#3287,.F.);
#4338=ORIENTED_EDGE('',*,*,#2944,.T.);
#4339=ORIENTED_EDGE('',*,*,#3287,.T.);
#4340=ORIENTED_EDGE('',*,*,#3175,.F.);
#4341=ORIENTED_EDGE('',*,*,#3288,.F.);
#4342=ORIENTED_EDGE('',*,*,#2945,.T.);
#4343=ORIENTED_EDGE('',*,*,#3288,.T.);
#4344=ORIENTED_EDGE('',*,*,#3174,.F.);
#4345=ORIENTED_EDGE('',*,*,#3289,.F.);
#4346=ORIENTED_EDGE('',*,*,#2946,.T.);
#4347=ORIENTED_EDGE('',*,*,#3289,.T.);
#4348=ORIENTED_EDGE('',*,*,#3173,.F.);
#4349=ORIENTED_EDGE('',*,*,#3290,.F.);
#4350=ORIENTED_EDGE('',*,*,#2939,.T.);
#4351=ORIENTED_EDGE('',*,*,#3290,.T.);
#4352=ORIENTED_EDGE('',*,*,#3172,.F.);
#4353=ORIENTED_EDGE('',*,*,#3283,.F.);
#4354=ORIENTED_EDGE('',*,*,#2948,.T.);
#4355=ORIENTED_EDGE('',*,*,#3291,.T.);
#4356=ORIENTED_EDGE('',*,*,#3187,.F.);
#4357=ORIENTED_EDGE('',*,*,#3292,.F.);
#4358=ORIENTED_EDGE('',*,*,#2949,.T.);
#4359=ORIENTED_EDGE('',*,*,#3292,.T.);
#4360=ORIENTED_EDGE('',*,*,#3186,.F.);
#4361=ORIENTED_EDGE('',*,*,#3293,.F.);
#4362=ORIENTED_EDGE('',*,*,#2950,.T.);
#4363=ORIENTED_EDGE('',*,*,#3293,.T.);
#4364=ORIENTED_EDGE('',*,*,#3185,.F.);
#4365=ORIENTED_EDGE('',*,*,#3294,.F.);
#4366=ORIENTED_EDGE('',*,*,#2951,.T.);
#4367=ORIENTED_EDGE('',*,*,#3294,.T.);
#4368=ORIENTED_EDGE('',*,*,#3184,.F.);
#4369=ORIENTED_EDGE('',*,*,#3295,.F.);
#4370=ORIENTED_EDGE('',*,*,#2952,.T.);
#4371=ORIENTED_EDGE('',*,*,#3295,.T.);
#4372=ORIENTED_EDGE('',*,*,#3183,.F.);
#4373=ORIENTED_EDGE('',*,*,#3296,.F.);
#4374=ORIENTED_EDGE('',*,*,#2953,.T.);
#4375=ORIENTED_EDGE('',*,*,#3296,.T.);
#4376=ORIENTED_EDGE('',*,*,#3182,.F.);
#4377=ORIENTED_EDGE('',*,*,#3297,.F.);
#4378=ORIENTED_EDGE('',*,*,#2954,.T.);
#4379=ORIENTED_EDGE('',*,*,#3297,.T.);
#4380=ORIENTED_EDGE('',*,*,#3181,.F.);
#4381=ORIENTED_EDGE('',*,*,#3298,.F.);
#4382=ORIENTED_EDGE('',*,*,#2947,.T.);
#4383=ORIENTED_EDGE('',*,*,#3298,.T.);
#4384=ORIENTED_EDGE('',*,*,#3180,.F.);
#4385=ORIENTED_EDGE('',*,*,#3291,.F.);
#4386=ORIENTED_EDGE('',*,*,#3188,.F.);
#4387=ORIENTED_EDGE('',*,*,#3299,.T.);
#4388=ORIENTED_EDGE('',*,*,#2955,.T.);
#4389=ORIENTED_EDGE('',*,*,#3299,.F.);
#4390=ORIENTED_EDGE('',*,*,#3189,.F.);
#4391=ORIENTED_EDGE('',*,*,#3300,.T.);
#4392=ORIENTED_EDGE('',*,*,#2956,.T.);
#4393=ORIENTED_EDGE('',*,*,#3300,.F.);
#4394=ORIENTED_EDGE('',*,*,#2958,.T.);
#4395=ORIENTED_EDGE('',*,*,#3301,.T.);
#4396=ORIENTED_EDGE('',*,*,#3197,.F.);
#4397=ORIENTED_EDGE('',*,*,#3302,.F.);
#4398=ORIENTED_EDGE('',*,*,#2959,.T.);
#4399=ORIENTED_EDGE('',*,*,#3302,.T.);
#4400=ORIENTED_EDGE('',*,*,#3196,.F.);
#4401=ORIENTED_EDGE('',*,*,#3303,.F.);
#4402=ORIENTED_EDGE('',*,*,#2960,.T.);
#4403=ORIENTED_EDGE('',*,*,#3303,.T.);
#4404=ORIENTED_EDGE('',*,*,#3195,.F.);
#4405=ORIENTED_EDGE('',*,*,#3304,.F.);
#4406=ORIENTED_EDGE('',*,*,#2961,.T.);
#4407=ORIENTED_EDGE('',*,*,#3304,.T.);
#4408=ORIENTED_EDGE('',*,*,#3194,.F.);
#4409=ORIENTED_EDGE('',*,*,#3305,.F.);
#4410=ORIENTED_EDGE('',*,*,#2962,.T.);
#4411=ORIENTED_EDGE('',*,*,#3305,.T.);
#4412=ORIENTED_EDGE('',*,*,#3193,.F.);
#4413=ORIENTED_EDGE('',*,*,#3306,.F.);
#4414=ORIENTED_EDGE('',*,*,#2963,.T.);
#4415=ORIENTED_EDGE('',*,*,#3306,.T.);
#4416=ORIENTED_EDGE('',*,*,#3192,.F.);
#4417=ORIENTED_EDGE('',*,*,#3307,.F.);
#4418=ORIENTED_EDGE('',*,*,#2964,.T.);
#4419=ORIENTED_EDGE('',*,*,#3307,.T.);
#4420=ORIENTED_EDGE('',*,*,#3191,.F.);
#4421=ORIENTED_EDGE('',*,*,#3308,.F.);
#4422=ORIENTED_EDGE('',*,*,#2957,.T.);
#4423=ORIENTED_EDGE('',*,*,#3308,.T.);
#4424=ORIENTED_EDGE('',*,*,#3190,.F.);
#4425=ORIENTED_EDGE('',*,*,#3301,.F.);
#4426=ORIENTED_EDGE('',*,*,#2965,.T.);
#4427=ORIENTED_EDGE('',*,*,#2825,.T.);
#4428=ORIENTED_EDGE('',*,*,#2717,.T.);
#4429=ORIENTED_EDGE('',*,*,#2714,.F.);
#4430=ORIENTED_EDGE('',*,*,#3131,.F.);
#4431=ORIENTED_EDGE('',*,*,#3309,.F.);
#4432=ORIENTED_EDGE('',*,*,#2966,.T.);
#4433=ORIENTED_EDGE('',*,*,#3309,.T.);
#4434=ORIENTED_EDGE('',*,*,#3130,.F.);
#4435=ORIENTED_EDGE('',*,*,#3310,.F.);
#4436=ORIENTED_EDGE('',*,*,#2967,.T.);
#4437=ORIENTED_EDGE('',*,*,#3310,.T.);
#4438=ORIENTED_EDGE('',*,*,#3129,.F.);
#4439=ORIENTED_EDGE('',*,*,#3311,.F.);
#4440=ORIENTED_EDGE('',*,*,#2968,.T.);
#4441=ORIENTED_EDGE('',*,*,#3311,.T.);
#4442=ORIENTED_EDGE('',*,*,#3128,.F.);
#4443=ORIENTED_EDGE('',*,*,#3312,.F.);
#4444=ORIENTED_EDGE('',*,*,#2969,.T.);
#4445=ORIENTED_EDGE('',*,*,#3312,.T.);
#4446=ORIENTED_EDGE('',*,*,#3127,.F.);
#4447=ORIENTED_EDGE('',*,*,#2741,.T.);
#4448=ORIENTED_EDGE('',*,*,#2760,.T.);
#4449=ORIENTED_EDGE('',*,*,#3313,.F.);
#4450=ORIENTED_EDGE('',*,*,#2759,.T.);
#4451=ORIENTED_EDGE('',*,*,#3314,.F.);
#4452=ORIENTED_EDGE('',*,*,#2970,.T.);
#4453=ORIENTED_EDGE('',*,*,#3313,.T.);
#4454=ORIENTED_EDGE('',*,*,#2758,.T.);
#4455=ORIENTED_EDGE('',*,*,#3315,.F.);
#4456=ORIENTED_EDGE('',*,*,#2971,.T.);
#4457=ORIENTED_EDGE('',*,*,#3314,.T.);
#4458=ORIENTED_EDGE('',*,*,#2757,.T.);
#4459=ORIENTED_EDGE('',*,*,#3316,.F.);
#4460=ORIENTED_EDGE('',*,*,#2972,.T.);
#4461=ORIENTED_EDGE('',*,*,#3315,.T.);
#4462=ORIENTED_EDGE('',*,*,#2756,.T.);
#4463=ORIENTED_EDGE('',*,*,#3317,.F.);
#4464=ORIENTED_EDGE('',*,*,#2973,.T.);
#4465=ORIENTED_EDGE('',*,*,#3316,.T.);
#4466=ORIENTED_EDGE('',*,*,#2755,.T.);
#4467=ORIENTED_EDGE('',*,*,#2829,.F.);
#4468=ORIENTED_EDGE('',*,*,#2974,.T.);
#4469=ORIENTED_EDGE('',*,*,#3317,.T.);
#4470=ORIENTED_EDGE('',*,*,#2743,.T.);
#4471=ORIENTED_EDGE('',*,*,#3318,.F.);
#4472=ORIENTED_EDGE('',*,*,#2975,.T.);
#4473=ORIENTED_EDGE('',*,*,#2848,.T.);
#4474=ORIENTED_EDGE('',*,*,#2742,.T.);
#4475=ORIENTED_EDGE('',*,*,#3319,.F.);
#4476=ORIENTED_EDGE('',*,*,#2976,.T.);
#4477=ORIENTED_EDGE('',*,*,#3318,.T.);
#4478=ORIENTED_EDGE('',*,*,#2762,.T.);
#4479=ORIENTED_EDGE('',*,*,#3320,.F.);
#4480=ORIENTED_EDGE('',*,*,#2977,.T.);
#4481=ORIENTED_EDGE('',*,*,#3319,.T.);
#4482=ORIENTED_EDGE('',*,*,#2978,.T.);
#4483=ORIENTED_EDGE('',*,*,#3320,.T.);
#4484=ORIENTED_EDGE('',*,*,#2761,.T.);
#4485=ORIENTED_EDGE('',*,*,#2739,.F.);
#4486=ORIENTED_EDGE('',*,*,#3126,.F.);
#4487=ORIENTED_EDGE('',*,*,#3321,.F.);
#4488=ORIENTED_EDGE('',*,*,#2979,.T.);
#4489=ORIENTED_EDGE('',*,*,#3321,.T.);
#4490=ORIENTED_EDGE('',*,*,#3125,.F.);
#4491=ORIENTED_EDGE('',*,*,#3322,.F.);
#4492=ORIENTED_EDGE('',*,*,#2980,.T.);
#4493=ORIENTED_EDGE('',*,*,#3322,.T.);
#4494=ORIENTED_EDGE('',*,*,#3124,.F.);
#4495=ORIENTED_EDGE('',*,*,#3323,.F.);
#4496=ORIENTED_EDGE('',*,*,#2981,.T.);
#4497=ORIENTED_EDGE('',*,*,#3323,.T.);
#4498=ORIENTED_EDGE('',*,*,#3123,.F.);
#4499=ORIENTED_EDGE('',*,*,#3324,.F.);
#4500=ORIENTED_EDGE('',*,*,#2982,.T.);
#4501=ORIENTED_EDGE('',*,*,#3324,.T.);
#4502=ORIENTED_EDGE('',*,*,#3122,.F.);
#4503=ORIENTED_EDGE('',*,*,#2716,.T.);
#4504=ORIENTED_EDGE('',*,*,#2737,.T.);
#4505=ORIENTED_EDGE('',*,*,#3325,.F.);
#4506=ORIENTED_EDGE('',*,*,#2736,.T.);
#4507=ORIENTED_EDGE('',*,*,#3326,.F.);
#4508=ORIENTED_EDGE('',*,*,#2983,.T.);
#4509=ORIENTED_EDGE('',*,*,#3325,.T.);
#4510=ORIENTED_EDGE('',*,*,#2735,.T.);
#4511=ORIENTED_EDGE('',*,*,#3327,.F.);
#4512=ORIENTED_EDGE('',*,*,#2984,.T.);
#4513=ORIENTED_EDGE('',*,*,#3326,.T.);
#4514=ORIENTED_EDGE('',*,*,#2734,.T.);
#4515=ORIENTED_EDGE('',*,*,#3328,.F.);
#4516=ORIENTED_EDGE('',*,*,#2985,.T.);
#4517=ORIENTED_EDGE('',*,*,#3327,.T.);
#4518=ORIENTED_EDGE('',*,*,#2733,.T.);
#4519=ORIENTED_EDGE('',*,*,#3329,.F.);
#4520=ORIENTED_EDGE('',*,*,#2986,.T.);
#4521=ORIENTED_EDGE('',*,*,#3328,.T.);
#4522=ORIENTED_EDGE('',*,*,#2732,.T.);
#4523=ORIENTED_EDGE('',*,*,#3330,.F.);
#4524=ORIENTED_EDGE('',*,*,#2987,.T.);
#4525=ORIENTED_EDGE('',*,*,#3329,.T.);
#4526=ORIENTED_EDGE('',*,*,#2731,.T.);
#4527=ORIENTED_EDGE('',*,*,#3331,.F.);
#4528=ORIENTED_EDGE('',*,*,#2988,.T.);
#4529=ORIENTED_EDGE('',*,*,#3330,.T.);
#4530=ORIENTED_EDGE('',*,*,#2730,.T.);
#4531=ORIENTED_EDGE('',*,*,#3332,.F.);
#4532=ORIENTED_EDGE('',*,*,#2989,.T.);
#4533=ORIENTED_EDGE('',*,*,#3331,.T.);
#4534=ORIENTED_EDGE('',*,*,#2729,.T.);
#4535=ORIENTED_EDGE('',*,*,#2806,.F.);
#4536=ORIENTED_EDGE('',*,*,#2990,.T.);
#4537=ORIENTED_EDGE('',*,*,#3332,.T.);
#4538=ORIENTED_EDGE('',*,*,#3198,.F.);
#4539=ORIENTED_EDGE('',*,*,#3333,.T.);
#4540=ORIENTED_EDGE('',*,*,#2991,.T.);
#4541=ORIENTED_EDGE('',*,*,#3333,.F.);
#4542=ORIENTED_EDGE('',*,*,#2702,.T.);
#4543=ORIENTED_EDGE('',*,*,#3334,.F.);
#4544=ORIENTED_EDGE('',*,*,#2992,.T.);
#4545=ORIENTED_EDGE('',*,*,#2802,.T.);
#4546=ORIENTED_EDGE('',*,*,#2993,.T.);
#4547=ORIENTED_EDGE('',*,*,#3334,.T.);
#4548=ORIENTED_EDGE('',*,*,#2701,.T.);
#4549=ORIENTED_EDGE('',*,*,#3335,.F.);
#4550=ORIENTED_EDGE('',*,*,#3111,.F.);
#4551=ORIENTED_EDGE('',*,*,#3336,.F.);
#4552=ORIENTED_EDGE('',*,*,#2994,.T.);
#4553=ORIENTED_EDGE('',*,*,#3336,.T.);
#4554=ORIENTED_EDGE('',*,*,#3110,.F.);
#4555=ORIENTED_EDGE('',*,*,#3337,.F.);
#4556=ORIENTED_EDGE('',*,*,#2995,.T.);
#4557=ORIENTED_EDGE('',*,*,#3337,.T.);
#4558=ORIENTED_EDGE('',*,*,#3109,.F.);
#4559=ORIENTED_EDGE('',*,*,#3338,.F.);
#4560=ORIENTED_EDGE('',*,*,#2996,.T.);
#4561=ORIENTED_EDGE('',*,*,#3338,.T.);
#4562=ORIENTED_EDGE('',*,*,#3108,.F.);
#4563=ORIENTED_EDGE('',*,*,#2668,.T.);
#4564=ORIENTED_EDGE('',*,*,#2673,.T.);
#4565=ORIENTED_EDGE('',*,*,#2765,.F.);
#4566=ORIENTED_EDGE('',*,*,#2670,.T.);
#4567=ORIENTED_EDGE('',*,*,#3339,.F.);
#4568=ORIENTED_EDGE('',*,*,#2997,.T.);
#4569=ORIENTED_EDGE('',*,*,#2766,.T.);
#4570=ORIENTED_EDGE('',*,*,#2669,.T.);
#4571=ORIENTED_EDGE('',*,*,#3340,.F.);
#4572=ORIENTED_EDGE('',*,*,#2998,.T.);
#4573=ORIENTED_EDGE('',*,*,#3339,.T.);
#4574=ORIENTED_EDGE('',*,*,#2675,.T.);
#4575=ORIENTED_EDGE('',*,*,#3341,.F.);
#4576=ORIENTED_EDGE('',*,*,#2999,.T.);
#4577=ORIENTED_EDGE('',*,*,#3340,.T.);
#4578=ORIENTED_EDGE('',*,*,#3000,.T.);
#4579=ORIENTED_EDGE('',*,*,#3341,.T.);
#4580=ORIENTED_EDGE('',*,*,#2674,.T.);
#4581=ORIENTED_EDGE('',*,*,#2666,.F.);
#4582=ORIENTED_EDGE('',*,*,#3121,.F.);
#4583=ORIENTED_EDGE('',*,*,#3342,.F.);
#4584=ORIENTED_EDGE('',*,*,#3001,.T.);
#4585=ORIENTED_EDGE('',*,*,#3342,.T.);
#4586=ORIENTED_EDGE('',*,*,#3120,.F.);
#4587=ORIENTED_EDGE('',*,*,#3343,.F.);
#4588=ORIENTED_EDGE('',*,*,#3002,.T.);
#4589=ORIENTED_EDGE('',*,*,#3343,.T.);
#4590=ORIENTED_EDGE('',*,*,#3119,.F.);
#4591=ORIENTED_EDGE('',*,*,#3344,.F.);
#4592=ORIENTED_EDGE('',*,*,#3003,.T.);
#4593=ORIENTED_EDGE('',*,*,#3344,.T.);
#4594=ORIENTED_EDGE('',*,*,#3118,.F.);
#4595=ORIENTED_EDGE('',*,*,#3345,.F.);
#4596=ORIENTED_EDGE('',*,*,#3004,.T.);
#4597=ORIENTED_EDGE('',*,*,#3345,.T.);
#4598=ORIENTED_EDGE('',*,*,#3117,.F.);
#4599=ORIENTED_EDGE('',*,*,#2679,.T.);
#4600=ORIENTED_EDGE('',*,*,#2698,.T.);
#4601=ORIENTED_EDGE('',*,*,#3346,.F.);
#4602=ORIENTED_EDGE('',*,*,#2697,.T.);
#4603=ORIENTED_EDGE('',*,*,#3347,.F.);
#4604=ORIENTED_EDGE('',*,*,#3005,.T.);
#4605=ORIENTED_EDGE('',*,*,#3346,.T.);
#4606=ORIENTED_EDGE('',*,*,#2696,.T.);
#4607=ORIENTED_EDGE('',*,*,#3348,.F.);
#4608=ORIENTED_EDGE('',*,*,#3006,.T.);
#4609=ORIENTED_EDGE('',*,*,#3347,.T.);
#4610=ORIENTED_EDGE('',*,*,#2695,.T.);
#4611=ORIENTED_EDGE('',*,*,#3349,.F.);
#4612=ORIENTED_EDGE('',*,*,#3007,.T.);
#4613=ORIENTED_EDGE('',*,*,#3348,.T.);
#4614=ORIENTED_EDGE('',*,*,#2694,.T.);
#4615=ORIENTED_EDGE('',*,*,#3350,.F.);
#4616=ORIENTED_EDGE('',*,*,#3008,.T.);
#4617=ORIENTED_EDGE('',*,*,#3349,.T.);
#4618=ORIENTED_EDGE('',*,*,#2693,.T.);
#4619=ORIENTED_EDGE('',*,*,#2770,.F.);
#4620=ORIENTED_EDGE('',*,*,#3009,.T.);
#4621=ORIENTED_EDGE('',*,*,#3350,.T.);
#4622=ORIENTED_EDGE('',*,*,#2681,.T.);
#4623=ORIENTED_EDGE('',*,*,#3351,.F.);
#4624=ORIENTED_EDGE('',*,*,#3010,.T.);
#4625=ORIENTED_EDGE('',*,*,#2789,.T.);
#4626=ORIENTED_EDGE('',*,*,#2680,.T.);
#4627=ORIENTED_EDGE('',*,*,#3352,.F.);
#4628=ORIENTED_EDGE('',*,*,#3011,.T.);
#4629=ORIENTED_EDGE('',*,*,#3351,.T.);
#4630=ORIENTED_EDGE('',*,*,#2700,.T.);
#4631=ORIENTED_EDGE('',*,*,#3353,.F.);
#4632=ORIENTED_EDGE('',*,*,#3012,.T.);
#4633=ORIENTED_EDGE('',*,*,#3352,.T.);
#4634=ORIENTED_EDGE('',*,*,#3013,.T.);
#4635=ORIENTED_EDGE('',*,*,#3353,.T.);
#4636=ORIENTED_EDGE('',*,*,#2699,.T.);
#4637=ORIENTED_EDGE('',*,*,#2677,.F.);
#4638=ORIENTED_EDGE('',*,*,#3116,.F.);
#4639=ORIENTED_EDGE('',*,*,#3354,.F.);
#4640=ORIENTED_EDGE('',*,*,#3014,.T.);
#4641=ORIENTED_EDGE('',*,*,#3354,.T.);
#4642=ORIENTED_EDGE('',*,*,#3115,.F.);
#4643=ORIENTED_EDGE('',*,*,#3355,.F.);
#4644=ORIENTED_EDGE('',*,*,#3015,.T.);
#4645=ORIENTED_EDGE('',*,*,#3355,.T.);
#4646=ORIENTED_EDGE('',*,*,#3114,.F.);
#4647=ORIENTED_EDGE('',*,*,#3356,.F.);
#4648=ORIENTED_EDGE('',*,*,#3016,.T.);
#4649=ORIENTED_EDGE('',*,*,#3356,.T.);
#4650=ORIENTED_EDGE('',*,*,#3113,.F.);
#4651=ORIENTED_EDGE('',*,*,#3357,.F.);
#4652=ORIENTED_EDGE('',*,*,#3017,.T.);
#4653=ORIENTED_EDGE('',*,*,#3357,.T.);
#4654=ORIENTED_EDGE('',*,*,#3112,.F.);
#4655=ORIENTED_EDGE('',*,*,#3335,.T.);
#4656=ORIENTED_EDGE('',*,*,#2712,.T.);
#4657=ORIENTED_EDGE('',*,*,#3358,.F.);
#4658=ORIENTED_EDGE('',*,*,#2711,.T.);
#4659=ORIENTED_EDGE('',*,*,#3359,.F.);
#4660=ORIENTED_EDGE('',*,*,#3018,.T.);
#4661=ORIENTED_EDGE('',*,*,#3358,.T.);
#4662=ORIENTED_EDGE('',*,*,#2710,.T.);
#4663=ORIENTED_EDGE('',*,*,#3360,.F.);
#4664=ORIENTED_EDGE('',*,*,#3019,.T.);
#4665=ORIENTED_EDGE('',*,*,#3359,.T.);
#4666=ORIENTED_EDGE('',*,*,#2709,.T.);
#4667=ORIENTED_EDGE('',*,*,#2793,.F.);
#4668=ORIENTED_EDGE('',*,*,#3020,.T.);
#4669=ORIENTED_EDGE('',*,*,#3360,.T.);
#4670=ORIENTED_EDGE('',*,*,#3022,.T.);
#4671=ORIENTED_EDGE('',*,*,#3361,.T.);
#4672=ORIENTED_EDGE('',*,*,#3206,.F.);
#4673=ORIENTED_EDGE('',*,*,#3362,.F.);
#4674=ORIENTED_EDGE('',*,*,#3023,.T.);
#4675=ORIENTED_EDGE('',*,*,#3362,.T.);
#4676=ORIENTED_EDGE('',*,*,#3205,.F.);
#4677=ORIENTED_EDGE('',*,*,#3363,.F.);
#4678=ORIENTED_EDGE('',*,*,#3024,.T.);
#4679=ORIENTED_EDGE('',*,*,#3363,.T.);
#4680=ORIENTED_EDGE('',*,*,#3204,.F.);
#4681=ORIENTED_EDGE('',*,*,#3364,.F.);
#4682=ORIENTED_EDGE('',*,*,#3025,.T.);
#4683=ORIENTED_EDGE('',*,*,#3364,.T.);
#4684=ORIENTED_EDGE('',*,*,#3203,.F.);
#4685=ORIENTED_EDGE('',*,*,#3365,.F.);
#4686=ORIENTED_EDGE('',*,*,#3026,.T.);
#4687=ORIENTED_EDGE('',*,*,#3365,.T.);
#4688=ORIENTED_EDGE('',*,*,#3202,.F.);
#4689=ORIENTED_EDGE('',*,*,#3366,.F.);
#4690=ORIENTED_EDGE('',*,*,#3027,.T.);
#4691=ORIENTED_EDGE('',*,*,#3366,.T.);
#4692=ORIENTED_EDGE('',*,*,#3201,.F.);
#4693=ORIENTED_EDGE('',*,*,#3367,.F.);
#4694=ORIENTED_EDGE('',*,*,#3028,.T.);
#4695=ORIENTED_EDGE('',*,*,#3367,.T.);
#4696=ORIENTED_EDGE('',*,*,#3200,.F.);
#4697=ORIENTED_EDGE('',*,*,#3368,.F.);
#4698=ORIENTED_EDGE('',*,*,#3021,.T.);
#4699=ORIENTED_EDGE('',*,*,#3368,.T.);
#4700=ORIENTED_EDGE('',*,*,#3199,.F.);
#4701=ORIENTED_EDGE('',*,*,#3361,.F.);
#4702=ORIENTED_EDGE('',*,*,#3030,.T.);
#4703=ORIENTED_EDGE('',*,*,#3369,.T.);
#4704=ORIENTED_EDGE('',*,*,#3214,.F.);
#4705=ORIENTED_EDGE('',*,*,#3370,.F.);
#4706=ORIENTED_EDGE('',*,*,#3031,.T.);
#4707=ORIENTED_EDGE('',*,*,#3370,.T.);
#4708=ORIENTED_EDGE('',*,*,#3213,.F.);
#4709=ORIENTED_EDGE('',*,*,#3371,.F.);
#4710=ORIENTED_EDGE('',*,*,#3032,.T.);
#4711=ORIENTED_EDGE('',*,*,#3371,.T.);
#4712=ORIENTED_EDGE('',*,*,#3212,.F.);
#4713=ORIENTED_EDGE('',*,*,#3372,.F.);
#4714=ORIENTED_EDGE('',*,*,#3033,.T.);
#4715=ORIENTED_EDGE('',*,*,#3372,.T.);
#4716=ORIENTED_EDGE('',*,*,#3211,.F.);
#4717=ORIENTED_EDGE('',*,*,#3373,.F.);
#4718=ORIENTED_EDGE('',*,*,#3034,.T.);
#4719=ORIENTED_EDGE('',*,*,#3373,.T.);
#4720=ORIENTED_EDGE('',*,*,#3210,.F.);
#4721=ORIENTED_EDGE('',*,*,#3374,.F.);
#4722=ORIENTED_EDGE('',*,*,#3035,.T.);
#4723=ORIENTED_EDGE('',*,*,#3374,.T.);
#4724=ORIENTED_EDGE('',*,*,#3209,.F.);
#4725=ORIENTED_EDGE('',*,*,#3375,.F.);
#4726=ORIENTED_EDGE('',*,*,#3036,.T.);
#4727=ORIENTED_EDGE('',*,*,#3375,.T.);
#4728=ORIENTED_EDGE('',*,*,#3208,.F.);
#4729=ORIENTED_EDGE('',*,*,#3376,.F.);
#4730=ORIENTED_EDGE('',*,*,#3029,.T.);
#4731=ORIENTED_EDGE('',*,*,#3376,.T.);
#4732=ORIENTED_EDGE('',*,*,#3207,.F.);
#4733=ORIENTED_EDGE('',*,*,#3369,.F.);
#4734=ORIENTED_EDGE('',*,*,#3038,.T.);
#4735=ORIENTED_EDGE('',*,*,#3377,.T.);
#4736=ORIENTED_EDGE('',*,*,#3222,.F.);
#4737=ORIENTED_EDGE('',*,*,#3378,.F.);
#4738=ORIENTED_EDGE('',*,*,#3039,.T.);
#4739=ORIENTED_EDGE('',*,*,#3378,.T.);
#4740=ORIENTED_EDGE('',*,*,#3221,.F.);
#4741=ORIENTED_EDGE('',*,*,#3379,.F.);
#4742=ORIENTED_EDGE('',*,*,#3040,.T.);
#4743=ORIENTED_EDGE('',*,*,#3379,.T.);
#4744=ORIENTED_EDGE('',*,*,#3220,.F.);
#4745=ORIENTED_EDGE('',*,*,#3380,.F.);
#4746=ORIENTED_EDGE('',*,*,#3041,.T.);
#4747=ORIENTED_EDGE('',*,*,#3380,.T.);
#4748=ORIENTED_EDGE('',*,*,#3219,.F.);
#4749=ORIENTED_EDGE('',*,*,#3381,.F.);
#4750=ORIENTED_EDGE('',*,*,#3042,.T.);
#4751=ORIENTED_EDGE('',*,*,#3381,.T.);
#4752=ORIENTED_EDGE('',*,*,#3218,.F.);
#4753=ORIENTED_EDGE('',*,*,#3382,.F.);
#4754=ORIENTED_EDGE('',*,*,#3043,.T.);
#4755=ORIENTED_EDGE('',*,*,#3382,.T.);
#4756=ORIENTED_EDGE('',*,*,#3217,.F.);
#4757=ORIENTED_EDGE('',*,*,#3383,.F.);
#4758=ORIENTED_EDGE('',*,*,#3044,.T.);
#4759=ORIENTED_EDGE('',*,*,#3383,.T.);
#4760=ORIENTED_EDGE('',*,*,#3216,.F.);
#4761=ORIENTED_EDGE('',*,*,#3384,.F.);
#4762=ORIENTED_EDGE('',*,*,#3037,.T.);
#4763=ORIENTED_EDGE('',*,*,#3384,.T.);
#4764=ORIENTED_EDGE('',*,*,#3215,.F.);
#4765=ORIENTED_EDGE('',*,*,#3377,.F.);
#4766=ORIENTED_EDGE('',*,*,#3223,.F.);
#4767=ORIENTED_EDGE('',*,*,#3385,.T.);
#4768=ORIENTED_EDGE('',*,*,#3045,.T.);
#4769=ORIENTED_EDGE('',*,*,#3385,.F.);
#4770=ORIENTED_EDGE('',*,*,#3224,.F.);
#4771=ORIENTED_EDGE('',*,*,#3386,.T.);
#4772=ORIENTED_EDGE('',*,*,#3046,.T.);
#4773=ORIENTED_EDGE('',*,*,#3386,.F.);
#4774=ORIENTED_EDGE('',*,*,#3225,.F.);
#4775=ORIENTED_EDGE('',*,*,#3387,.T.);
#4776=ORIENTED_EDGE('',*,*,#3047,.T.);
#4777=ORIENTED_EDGE('',*,*,#3387,.F.);
#4778=ORIENTED_EDGE('',*,*,#3049,.T.);
#4779=ORIENTED_EDGE('',*,*,#3388,.T.);
#4780=ORIENTED_EDGE('',*,*,#3233,.F.);
#4781=ORIENTED_EDGE('',*,*,#3389,.F.);
#4782=ORIENTED_EDGE('',*,*,#3050,.T.);
#4783=ORIENTED_EDGE('',*,*,#3389,.T.);
#4784=ORIENTED_EDGE('',*,*,#3232,.F.);
#4785=ORIENTED_EDGE('',*,*,#3390,.F.);
#4786=ORIENTED_EDGE('',*,*,#3051,.T.);
#4787=ORIENTED_EDGE('',*,*,#3390,.T.);
#4788=ORIENTED_EDGE('',*,*,#3231,.F.);
#4789=ORIENTED_EDGE('',*,*,#3391,.F.);
#4790=ORIENTED_EDGE('',*,*,#3052,.T.);
#4791=ORIENTED_EDGE('',*,*,#3391,.T.);
#4792=ORIENTED_EDGE('',*,*,#3230,.F.);
#4793=ORIENTED_EDGE('',*,*,#3392,.F.);
#4794=ORIENTED_EDGE('',*,*,#3053,.T.);
#4795=ORIENTED_EDGE('',*,*,#3392,.T.);
#4796=ORIENTED_EDGE('',*,*,#3229,.F.);
#4797=ORIENTED_EDGE('',*,*,#3393,.F.);
#4798=ORIENTED_EDGE('',*,*,#3054,.T.);
#4799=ORIENTED_EDGE('',*,*,#3393,.T.);
#4800=ORIENTED_EDGE('',*,*,#3228,.F.);
#4801=ORIENTED_EDGE('',*,*,#3394,.F.);
#4802=ORIENTED_EDGE('',*,*,#3055,.T.);
#4803=ORIENTED_EDGE('',*,*,#3394,.T.);
#4804=ORIENTED_EDGE('',*,*,#3227,.F.);
#4805=ORIENTED_EDGE('',*,*,#3395,.F.);
#4806=ORIENTED_EDGE('',*,*,#3048,.T.);
#4807=ORIENTED_EDGE('',*,*,#3395,.T.);
#4808=ORIENTED_EDGE('',*,*,#3226,.F.);
#4809=ORIENTED_EDGE('',*,*,#3388,.F.);
#4810=ORIENTED_EDGE('',*,*,#3057,.T.);
#4811=ORIENTED_EDGE('',*,*,#3396,.T.);
#4812=ORIENTED_EDGE('',*,*,#3241,.F.);
#4813=ORIENTED_EDGE('',*,*,#3397,.F.);
#4814=ORIENTED_EDGE('',*,*,#3058,.T.);
#4815=ORIENTED_EDGE('',*,*,#3397,.T.);
#4816=ORIENTED_EDGE('',*,*,#3240,.F.);
#4817=ORIENTED_EDGE('',*,*,#3398,.F.);
#4818=ORIENTED_EDGE('',*,*,#3059,.T.);
#4819=ORIENTED_EDGE('',*,*,#3398,.T.);
#4820=ORIENTED_EDGE('',*,*,#3239,.F.);
#4821=ORIENTED_EDGE('',*,*,#3399,.F.);
#4822=ORIENTED_EDGE('',*,*,#3060,.T.);
#4823=ORIENTED_EDGE('',*,*,#3399,.T.);
#4824=ORIENTED_EDGE('',*,*,#3238,.F.);
#4825=ORIENTED_EDGE('',*,*,#3400,.F.);
#4826=ORIENTED_EDGE('',*,*,#3061,.T.);
#4827=ORIENTED_EDGE('',*,*,#3400,.T.);
#4828=ORIENTED_EDGE('',*,*,#3237,.F.);
#4829=ORIENTED_EDGE('',*,*,#3401,.F.);
#4830=ORIENTED_EDGE('',*,*,#3062,.T.);
#4831=ORIENTED_EDGE('',*,*,#3401,.T.);
#4832=ORIENTED_EDGE('',*,*,#3236,.F.);
#4833=ORIENTED_EDGE('',*,*,#3402,.F.);
#4834=ORIENTED_EDGE('',*,*,#3063,.T.);
#4835=ORIENTED_EDGE('',*,*,#3402,.T.);
#4836=ORIENTED_EDGE('',*,*,#3235,.F.);
#4837=ORIENTED_EDGE('',*,*,#3403,.F.);
#4838=ORIENTED_EDGE('',*,*,#3056,.T.);
#4839=ORIENTED_EDGE('',*,*,#3403,.T.);
#4840=ORIENTED_EDGE('',*,*,#3234,.F.);
#4841=ORIENTED_EDGE('',*,*,#3396,.F.);
#4842=ORIENTED_EDGE('',*,*,#2868,.T.);
#4843=ORIENTED_EDGE('',*,*,#3404,.T.);
#4844=ORIENTED_EDGE('',*,*,#3100,.F.);
#4845=ORIENTED_EDGE('',*,*,#3405,.F.);
#4846=ORIENTED_EDGE('',*,*,#2869,.T.);
#4847=ORIENTED_EDGE('',*,*,#3405,.T.);
#4848=ORIENTED_EDGE('',*,*,#3099,.F.);
#4849=ORIENTED_EDGE('',*,*,#3406,.F.);
#4850=ORIENTED_EDGE('',*,*,#2870,.T.);
#4851=ORIENTED_EDGE('',*,*,#3406,.T.);
#4852=ORIENTED_EDGE('',*,*,#3098,.F.);
#4853=ORIENTED_EDGE('',*,*,#3407,.F.);
#4854=ORIENTED_EDGE('',*,*,#2871,.F.);
#4855=ORIENTED_EDGE('',*,*,#3407,.T.);
#4856=ORIENTED_EDGE('',*,*,#3097,.F.);
#4857=ORIENTED_EDGE('',*,*,#3408,.F.);
#4858=ORIENTED_EDGE('',*,*,#2872,.F.);
#4859=ORIENTED_EDGE('',*,*,#3408,.T.);
#4860=ORIENTED_EDGE('',*,*,#3096,.F.);
#4861=ORIENTED_EDGE('',*,*,#3409,.F.);
#4862=ORIENTED_EDGE('',*,*,#2873,.F.);
#4863=ORIENTED_EDGE('',*,*,#3409,.T.);
#4864=ORIENTED_EDGE('',*,*,#3095,.F.);
#4865=ORIENTED_EDGE('',*,*,#3410,.F.);
#4866=ORIENTED_EDGE('',*,*,#2874,.T.);
#4867=ORIENTED_EDGE('',*,*,#3410,.T.);
#4868=ORIENTED_EDGE('',*,*,#3094,.F.);
#4869=ORIENTED_EDGE('',*,*,#3411,.F.);
#4870=ORIENTED_EDGE('',*,*,#2875,.T.);
#4871=ORIENTED_EDGE('',*,*,#3411,.T.);
#4872=ORIENTED_EDGE('',*,*,#3093,.F.);
#4873=ORIENTED_EDGE('',*,*,#3412,.F.);
#4874=ORIENTED_EDGE('',*,*,#2876,.T.);
#4875=ORIENTED_EDGE('',*,*,#3412,.T.);
#4876=ORIENTED_EDGE('',*,*,#3092,.F.);
#4877=ORIENTED_EDGE('',*,*,#3413,.F.);
#4878=ORIENTED_EDGE('',*,*,#2877,.F.);
#4879=ORIENTED_EDGE('',*,*,#3413,.T.);
#4880=ORIENTED_EDGE('',*,*,#3091,.F.);
#4881=ORIENTED_EDGE('',*,*,#3414,.F.);
#4882=ORIENTED_EDGE('',*,*,#2878,.F.);
#4883=ORIENTED_EDGE('',*,*,#3414,.T.);
#4884=ORIENTED_EDGE('',*,*,#3090,.F.);
#4885=ORIENTED_EDGE('',*,*,#3415,.F.);
#4886=ORIENTED_EDGE('',*,*,#2879,.F.);
#4887=ORIENTED_EDGE('',*,*,#3415,.T.);
#4888=ORIENTED_EDGE('',*,*,#3089,.F.);
#4889=ORIENTED_EDGE('',*,*,#3242,.F.);
#4890=ORIENTED_EDGE('',*,*,#3068,.F.);
#4891=ORIENTED_EDGE('',*,*,#3087,.F.);
#4892=ORIENTED_EDGE('',*,*,#3416,.F.);
#4893=ORIENTED_EDGE('',*,*,#2884,.T.);
#4894=ORIENTED_EDGE('',*,*,#2885,.T.);
#4895=ORIENTED_EDGE('',*,*,#3416,.T.);
#4896=ORIENTED_EDGE('',*,*,#3086,.F.);
#4897=ORIENTED_EDGE('',*,*,#3417,.F.);
#4898=ORIENTED_EDGE('',*,*,#2886,.T.);
#4899=ORIENTED_EDGE('',*,*,#3417,.T.);
#4900=ORIENTED_EDGE('',*,*,#3085,.F.);
#4901=ORIENTED_EDGE('',*,*,#3418,.F.);
#4902=ORIENTED_EDGE('',*,*,#2887,.T.);
#4903=ORIENTED_EDGE('',*,*,#3418,.T.);
#4904=ORIENTED_EDGE('',*,*,#3084,.F.);
#4905=ORIENTED_EDGE('',*,*,#3419,.F.);
#4906=ORIENTED_EDGE('',*,*,#2888,.F.);
#4907=ORIENTED_EDGE('',*,*,#3419,.T.);
#4908=ORIENTED_EDGE('',*,*,#3083,.F.);
#4909=ORIENTED_EDGE('',*,*,#3420,.F.);
#4910=ORIENTED_EDGE('',*,*,#2889,.F.);
#4911=ORIENTED_EDGE('',*,*,#3420,.T.);
#4912=ORIENTED_EDGE('',*,*,#3082,.F.);
#4913=ORIENTED_EDGE('',*,*,#3421,.F.);
#4914=ORIENTED_EDGE('',*,*,#2890,.F.);
#4915=ORIENTED_EDGE('',*,*,#3421,.T.);
#4916=ORIENTED_EDGE('',*,*,#3081,.F.);
#4917=ORIENTED_EDGE('',*,*,#3422,.F.);
#4918=ORIENTED_EDGE('',*,*,#2891,.F.);
#4919=ORIENTED_EDGE('',*,*,#3422,.T.);
#4920=ORIENTED_EDGE('',*,*,#3080,.F.);
#4921=ORIENTED_EDGE('',*,*,#3423,.F.);
#4922=ORIENTED_EDGE('',*,*,#2892,.T.);
#4923=ORIENTED_EDGE('',*,*,#3423,.T.);
#4924=ORIENTED_EDGE('',*,*,#3079,.F.);
#4925=ORIENTED_EDGE('',*,*,#3424,.F.);
#4926=ORIENTED_EDGE('',*,*,#2893,.T.);
#4927=ORIENTED_EDGE('',*,*,#3424,.T.);
#4928=ORIENTED_EDGE('',*,*,#3078,.F.);
#4929=ORIENTED_EDGE('',*,*,#3425,.F.);
#4930=ORIENTED_EDGE('',*,*,#2894,.F.);
#4931=ORIENTED_EDGE('',*,*,#3425,.T.);
#4932=ORIENTED_EDGE('',*,*,#3077,.F.);
#4933=ORIENTED_EDGE('',*,*,#3426,.F.);
#4934=ORIENTED_EDGE('',*,*,#2895,.T.);
#4935=ORIENTED_EDGE('',*,*,#3426,.T.);
#4936=ORIENTED_EDGE('',*,*,#3076,.F.);
#4937=ORIENTED_EDGE('',*,*,#3427,.F.);
#4938=ORIENTED_EDGE('',*,*,#2896,.T.);
#4939=ORIENTED_EDGE('',*,*,#3427,.T.);
#4940=ORIENTED_EDGE('',*,*,#3075,.F.);
#4941=ORIENTED_EDGE('',*,*,#3428,.F.);
#4942=ORIENTED_EDGE('',*,*,#2897,.T.);
#4943=ORIENTED_EDGE('',*,*,#3428,.T.);
#4944=ORIENTED_EDGE('',*,*,#3074,.F.);
#4945=ORIENTED_EDGE('',*,*,#3429,.F.);
#4946=ORIENTED_EDGE('',*,*,#2858,.F.);
#4947=ORIENTED_EDGE('',*,*,#2898,.T.);
#4948=ORIENTED_EDGE('',*,*,#3429,.T.);
#4949=ORIENTED_EDGE('',*,*,#3073,.F.);
#4950=ORIENTED_EDGE('',*,*,#2861,.F.);
#4951=ORIENTED_EDGE('',*,*,#3065,.T.);
#4952=ORIENTED_EDGE('',*,*,#3107,.F.);
#4953=ORIENTED_EDGE('',*,*,#3430,.F.);
#4954=ORIENTED_EDGE('',*,*,#2862,.F.);
#4955=ORIENTED_EDGE('',*,*,#3430,.T.);
#4956=ORIENTED_EDGE('',*,*,#3106,.F.);
#4957=ORIENTED_EDGE('',*,*,#3431,.F.);
#4958=ORIENTED_EDGE('',*,*,#2863,.F.);
#4959=ORIENTED_EDGE('',*,*,#3431,.T.);
#4960=ORIENTED_EDGE('',*,*,#3105,.F.);
#4961=ORIENTED_EDGE('',*,*,#3432,.F.);
#4962=ORIENTED_EDGE('',*,*,#2864,.T.);
#4963=ORIENTED_EDGE('',*,*,#3432,.T.);
#4964=ORIENTED_EDGE('',*,*,#3104,.F.);
#4965=ORIENTED_EDGE('',*,*,#3433,.F.);
#4966=ORIENTED_EDGE('',*,*,#2865,.T.);
#4967=ORIENTED_EDGE('',*,*,#3433,.T.);
#4968=ORIENTED_EDGE('',*,*,#3103,.F.);
#4969=ORIENTED_EDGE('',*,*,#3434,.F.);
#4970=ORIENTED_EDGE('',*,*,#2866,.T.);
#4971=ORIENTED_EDGE('',*,*,#3434,.T.);
#4972=ORIENTED_EDGE('',*,*,#3102,.F.);
#4973=ORIENTED_EDGE('',*,*,#3435,.F.);
#4974=ORIENTED_EDGE('',*,*,#2867,.T.);
#4975=ORIENTED_EDGE('',*,*,#3435,.T.);
#4976=ORIENTED_EDGE('',*,*,#3101,.F.);
#4977=ORIENTED_EDGE('',*,*,#3404,.F.);
#4978=PLANE('',#5502);
#4979=PLANE('',#5503);
#4980=PLANE('',#5504);
#4981=PLANE('',#5505);
#4982=PLANE('',#5506);
#4983=PLANE('',#5507);
#4984=PLANE('',#5508);
#4985=PLANE('',#5509);
#4986=PLANE('',#5510);
#4987=PLANE('',#5511);
#4988=PLANE('',#5512);
#4989=PLANE('',#5513);
#4990=PLANE('',#5514);
#4991=PLANE('',#5515);
#4992=PLANE('',#5516);
#4993=PLANE('',#5517);
#4994=PLANE('',#5518);
#4995=PLANE('',#5519);
#4996=PLANE('',#5520);
#4997=PLANE('',#5521);
#4998=PLANE('',#5522);
#4999=PLANE('',#5523);
#5000=PLANE('',#5524);
#5001=PLANE('',#5525);
#5002=PLANE('',#5526);
#5003=PLANE('',#5527);
#5004=PLANE('',#5528);
#5005=PLANE('',#5529);
#5006=PLANE('',#5530);
#5007=PLANE('',#5531);
#5008=PLANE('',#5532);
#5009=PLANE('',#5533);
#5010=PLANE('',#5534);
#5011=PLANE('',#5535);
#5012=PLANE('',#5536);
#5013=PLANE('',#5537);
#5014=PLANE('',#5538);
#5015=PLANE('',#5539);
#5016=PLANE('',#5540);
#5017=PLANE('',#5541);
#5018=PLANE('',#5542);
#5019=PLANE('',#5543);
#5020=PLANE('',#5544);
#5021=PLANE('',#5545);
#5022=PLANE('',#5546);
#5023=PLANE('',#5547);
#5024=PLANE('',#5548);
#5025=PLANE('',#5549);
#5026=PLANE('',#5550);
#5027=PLANE('',#5551);
#5028=PLANE('',#5552);
#5029=PLANE('',#5553);
#5030=PLANE('',#5554);
#5031=PLANE('',#5555);
#5032=PLANE('',#5564);
#5033=PLANE('',#5565);
#5034=PLANE('',#5566);
#5035=PLANE('',#5567);
#5036=PLANE('',#5568);
#5037=PLANE('',#5577);
#5038=PLANE('',#5578);
#5039=PLANE('',#5579);
#5040=PLANE('',#5580);
#5041=PLANE('',#5581);
#5042=PLANE('',#5582);
#5043=PLANE('',#5583);
#5044=PLANE('',#5584);
#5045=PLANE('',#5585);
#5046=PLANE('',#5586);
#5047=PLANE('',#5587);
#5048=PLANE('',#5588);
#5049=PLANE('',#5589);
#5050=PLANE('',#5590);
#5051=PLANE('',#5591);
#5052=PLANE('',#5592);
#5053=PLANE('',#5593);
#5054=PLANE('',#5594);
#5055=PLANE('',#5595);
#5056=PLANE('',#5596);
#5057=PLANE('',#5597);
#5058=PLANE('',#5598);
#5059=PLANE('',#5599);
#5060=PLANE('',#5600);
#5061=PLANE('',#5601);
#5062=PLANE('',#5602);
#5063=PLANE('',#5603);
#5064=PLANE('',#5604);
#5065=PLANE('',#5605);
#5066=PLANE('',#5606);
#5067=PLANE('',#5607);
#5068=PLANE('',#5608);
#5069=PLANE('',#5609);
#5070=PLANE('',#5610);
#5071=PLANE('',#5611);
#5072=PLANE('',#5612);
#5073=PLANE('',#5613);
#5074=PLANE('',#5614);
#5075=PLANE('',#5615);
#5076=PLANE('',#5616);
#5077=PLANE('',#5617);
#5078=PLANE('',#5618);
#5079=PLANE('',#5619);
#5080=PLANE('',#5620);
#5081=PLANE('',#5621);
#5082=PLANE('',#5622);
#5083=PLANE('',#5623);
#5084=PLANE('',#5624);
#5085=PLANE('',#5625);
#5086=PLANE('',#5626);
#5087=PLANE('',#5627);
#5088=PLANE('',#5628);
#5089=PLANE('',#5629);
#5090=PLANE('',#5630);
#5091=PLANE('',#5631);
#5092=PLANE('',#5632);
#5093=PLANE('',#5633);
#5094=PLANE('',#5636);
#5095=PLANE('',#5637);
#5096=PLANE('',#5638);
#5097=PLANE('',#5639);
#5098=PLANE('',#5640);
#5099=PLANE('',#5641);
#5100=PLANE('',#5642);
#5101=PLANE('',#5643);
#5102=PLANE('',#5644);
#5103=PLANE('',#5645);
#5104=PLANE('',#5646);
#5105=PLANE('',#5647);
#5106=PLANE('',#5648);
#5107=PLANE('',#5649);
#5108=PLANE('',#5650);
#5109=PLANE('',#5651);
#5110=PLANE('',#5652);
#5111=PLANE('',#5653);
#5112=PLANE('',#5654);
#5113=PLANE('',#5655);
#5114=PLANE('',#5656);
#5115=PLANE('',#5657);
#5116=PLANE('',#5658);
#5117=PLANE('',#5659);
#5118=PLANE('',#5660);
#5119=PLANE('',#5661);
#5120=PLANE('',#5662);
#5121=PLANE('',#5663);
#5122=PLANE('',#5664);
#5123=PLANE('',#5665);
#5124=PLANE('',#5666);
#5125=PLANE('',#5667);
#5126=PLANE('',#5668);
#5127=PLANE('',#5669);
#5128=PLANE('',#5671);
#5129=PLANE('',#5672);
#5130=PLANE('',#5673);
#5131=PLANE('',#5674);
#5132=PLANE('',#5675);
#5133=PLANE('',#5676);
#5134=PLANE('',#5677);
#5135=PLANE('',#5678);
#5136=PLANE('',#5679);
#5137=PLANE('',#5680);
#5138=PLANE('',#5681);
#5139=PLANE('',#5682);
#5140=PLANE('',#5683);
#5141=PLANE('',#5684);
#5142=PLANE('',#5685);
#5143=PLANE('',#5686);
#5144=PLANE('',#5687);
#5145=PLANE('',#5688);
#5146=PLANE('',#5689);
#5147=PLANE('',#5690);
#5148=PLANE('',#5691);
#5149=PLANE('',#5692);
#5150=PLANE('',#5693);
#5151=PLANE('',#5694);
#5152=PLANE('',#5695);
#5153=PLANE('',#5696);
#5154=PLANE('',#5697);
#5155=PLANE('',#5698);
#5156=PLANE('',#5699);
#5157=PLANE('',#5700);
#5158=PLANE('',#5701);
#5159=PLANE('',#5702);
#5160=PLANE('',#5703);
#5161=PLANE('',#5704);
#5162=PLANE('',#5705);
#5163=PLANE('',#5706);
#5164=PLANE('',#5707);
#5165=PLANE('',#5708);
#5166=PLANE('',#5709);
#5167=PLANE('',#5710);
#5168=PLANE('',#5711);
#5169=PLANE('',#5712);
#5170=PLANE('',#5713);
#5171=PLANE('',#5714);
#5172=PLANE('',#5715);
#5173=PLANE('',#5716);
#5174=PLANE('',#5717);
#5175=PLANE('',#5718);
#5176=PLANE('',#5719);
#5177=PLANE('',#5720);
#5178=PLANE('',#5721);
#5179=PLANE('',#5722);
#5180=PLANE('',#5723);
#5181=PLANE('',#5727);
#5182=PLANE('',#5728);
#5183=PLANE('',#5729);
#5184=PLANE('',#5730);
#5185=PLANE('',#5731);
#5186=PLANE('',#5732);
#5187=PLANE('',#5733);
#5188=PLANE('',#5734);
#5189=PLANE('',#5735);
#5190=PLANE('',#5736);
#5191=PLANE('',#5737);
#5192=PLANE('',#5738);
#5193=PLANE('',#5739);
#5194=PLANE('',#5740);
#5195=PLANE('',#5741);
#5196=PLANE('',#5742);
#5197=PLANE('',#5743);
#5198=PLANE('',#5744);
#5199=PLANE('',#5745);
#5200=PLANE('',#5746);
#5201=PLANE('',#5747);
#5202=PLANE('',#5748);
#5203=PLANE('',#5749);
#5204=PLANE('',#5751);
#5205=PLANE('',#5752);
#5206=PLANE('',#5753);
#5207=PLANE('',#5754);
#5208=PLANE('',#5755);
#5209=PLANE('',#5756);
#5210=PLANE('',#5757);
#5211=PLANE('',#5758);
#5212=PLANE('',#5759);
#5213=PLANE('',#5760);
#5214=PLANE('',#5761);
#5215=PLANE('',#5762);
#5216=PLANE('',#5763);
#5217=PLANE('',#5764);
#5218=PLANE('',#5765);
#5219=PLANE('',#5766);
#5220=PLANE('',#5767);
#5221=PLANE('',#5768);
#5222=PLANE('',#5769);
#5223=PLANE('',#5770);
#5224=PLANE('',#5771);
#5225=PLANE('',#5772);
#5226=PLANE('',#5773);
#5227=PLANE('',#5775);
#5228=PLANE('',#5776);
#5229=ADVANCED_FACE('',(#81),#4978,.F.);
#5230=ADVANCED_FACE('',(#82),#4979,.F.);
#5231=ADVANCED_FACE('',(#83),#4980,.F.);
#5232=ADVANCED_FACE('',(#84),#4981,.F.);
#5233=ADVANCED_FACE('',(#85),#4982,.F.);
#5234=ADVANCED_FACE('',(#86),#4983,.F.);
#5235=ADVANCED_FACE('',(#87),#4984,.F.);
#5236=ADVANCED_FACE('',(#88),#4985,.F.);
#5237=ADVANCED_FACE('',(#89),#4986,.F.);
#5238=ADVANCED_FACE('',(#90),#4987,.T.);
#5239=ADVANCED_FACE('',(#91),#4988,.T.);
#5240=ADVANCED_FACE('',(#92),#4989,.T.);
#5241=ADVANCED_FACE('',(#93),#4990,.T.);
#5242=ADVANCED_FACE('',(#94),#4991,.T.);
#5243=ADVANCED_FACE('',(#95),#4992,.T.);
#5244=ADVANCED_FACE('',(#96),#4993,.T.);
#5245=ADVANCED_FACE('',(#97),#4994,.T.);
#5246=ADVANCED_FACE('',(#98),#4995,.T.);
#5247=ADVANCED_FACE('',(#99),#4996,.T.);
#5248=ADVANCED_FACE('',(#100),#4997,.T.);
#5249=ADVANCED_FACE('',(#101),#4998,.T.);
#5250=ADVANCED_FACE('',(#102),#4999,.T.);
#5251=ADVANCED_FACE('',(#103),#5000,.T.);
#5252=ADVANCED_FACE('',(#104),#5001,.T.);
#5253=ADVANCED_FACE('',(#105),#5002,.T.);
#5254=ADVANCED_FACE('',(#106),#5003,.T.);
#5255=ADVANCED_FACE('',(#107),#5004,.T.);
#5256=ADVANCED_FACE('',(#108),#5005,.T.);
#5257=ADVANCED_FACE('',(#109),#5006,.T.);
#5258=ADVANCED_FACE('',(#110),#5007,.T.);
#5259=ADVANCED_FACE('',(#111),#5008,.T.);
#5260=ADVANCED_FACE('',(#112),#5009,.T.);
#5261=ADVANCED_FACE('',(#113),#5010,.T.);
#5262=ADVANCED_FACE('',(#114),#5011,.T.);
#5263=ADVANCED_FACE('',(#115),#5012,.T.);
#5264=ADVANCED_FACE('',(#116),#5013,.T.);
#5265=ADVANCED_FACE('',(#117),#5014,.T.);
#5266=ADVANCED_FACE('',(#118),#5015,.T.);
#5267=ADVANCED_FACE('',(#119),#5016,.T.);
#5268=ADVANCED_FACE('',(#120),#5017,.T.);
#5269=ADVANCED_FACE('',(#121),#5018,.T.);
#5270=ADVANCED_FACE('',(#122),#5019,.T.);
#5271=ADVANCED_FACE('',(#123),#5020,.T.);
#5272=ADVANCED_FACE('',(#124),#5021,.T.);
#5273=ADVANCED_FACE('',(#125),#5022,.T.);
#5274=ADVANCED_FACE('',(#126),#5023,.T.);
#5275=ADVANCED_FACE('',(#127),#5024,.T.);
#5276=ADVANCED_FACE('',(#128),#5025,.T.);
#5277=ADVANCED_FACE('',(#129),#5026,.T.);
#5278=ADVANCED_FACE('',(#130),#5027,.T.);
#5279=ADVANCED_FACE('',(#131),#5028,.F.);
#5280=ADVANCED_FACE('',(#132),#5029,.F.);
#5281=ADVANCED_FACE('',(#133),#5030,.F.);
#5282=ADVANCED_FACE('',(#134,#23,#24,#25,#26,#27,#28,#29,#30,#31,#32,#33,
#34,#35,#36,#37,#38,#39,#40,#41,#42,#43),#5031,.F.);
#5283=ADVANCED_FACE('',(#135),#5032,.T.);
#5284=ADVANCED_FACE('',(#136),#5033,.F.);
#5285=ADVANCED_FACE('',(#137),#5034,.F.);
#5286=ADVANCED_FACE('',(#138),#5035,.F.);
#5287=ADVANCED_FACE('',(#139,#44,#45,#46,#47,#48,#49,#50,#51,#52,#53,#54,
#55,#56,#57,#58,#59,#60,#61,#62,#63,#64),#5036,.T.);
#5288=ADVANCED_FACE('',(#140),#5037,.T.);
#5289=ADVANCED_FACE('',(#141),#5038,.T.);
#5290=ADVANCED_FACE('',(#142),#5039,.T.);
#5291=ADVANCED_FACE('',(#143),#5040,.T.);
#5292=ADVANCED_FACE('',(#144),#5041,.T.);
#5293=ADVANCED_FACE('',(#145),#5042,.T.);
#5294=ADVANCED_FACE('',(#146),#5043,.T.);
#5295=ADVANCED_FACE('',(#147),#5044,.T.);
#5296=ADVANCED_FACE('',(#148),#5045,.T.);
#5297=ADVANCED_FACE('',(#149),#5046,.T.);
#5298=ADVANCED_FACE('',(#150),#5047,.T.);
#5299=ADVANCED_FACE('',(#151),#5048,.T.);
#5300=ADVANCED_FACE('',(#152),#5049,.T.);
#5301=ADVANCED_FACE('',(#153),#5050,.T.);
#5302=ADVANCED_FACE('',(#154),#5051,.T.);
#5303=ADVANCED_FACE('',(#155),#5052,.T.);
#5304=ADVANCED_FACE('',(#156),#5053,.T.);
#5305=ADVANCED_FACE('',(#157),#5054,.T.);
#5306=ADVANCED_FACE('',(#158),#5055,.T.);
#5307=ADVANCED_FACE('',(#159),#5056,.T.);
#5308=ADVANCED_FACE('',(#160),#5057,.T.);
#5309=ADVANCED_FACE('',(#161),#5058,.T.);
#5310=ADVANCED_FACE('',(#162),#5059,.T.);
#5311=ADVANCED_FACE('',(#163),#5060,.T.);
#5312=ADVANCED_FACE('',(#164),#5061,.T.);
#5313=ADVANCED_FACE('',(#165),#5062,.T.);
#5314=ADVANCED_FACE('',(#166),#5063,.T.);
#5315=ADVANCED_FACE('',(#167),#5064,.T.);
#5316=ADVANCED_FACE('',(#168),#5065,.T.);
#5317=ADVANCED_FACE('',(#169),#5066,.T.);
#5318=ADVANCED_FACE('',(#170),#5067,.T.);
#5319=ADVANCED_FACE('',(#171),#5068,.T.);
#5320=ADVANCED_FACE('',(#172),#5069,.T.);
#5321=ADVANCED_FACE('',(#173),#5070,.T.);
#5322=ADVANCED_FACE('',(#174),#5071,.T.);
#5323=ADVANCED_FACE('',(#175),#5072,.T.);
#5324=ADVANCED_FACE('',(#176),#5073,.T.);
#5325=ADVANCED_FACE('',(#177),#5074,.T.);
#5326=ADVANCED_FACE('',(#178),#5075,.T.);
#5327=ADVANCED_FACE('',(#179),#5076,.T.);
#5328=ADVANCED_FACE('',(#180),#5077,.T.);
#5329=ADVANCED_FACE('',(#181),#5078,.T.);
#5330=ADVANCED_FACE('',(#182),#5079,.T.);
#5331=ADVANCED_FACE('',(#183),#5080,.T.);
#5332=ADVANCED_FACE('',(#184),#5081,.T.);
#5333=ADVANCED_FACE('',(#185),#5082,.T.);
#5334=ADVANCED_FACE('',(#186),#5083,.T.);
#5335=ADVANCED_FACE('',(#187),#5084,.T.);
#5336=ADVANCED_FACE('',(#188),#5085,.T.);
#5337=ADVANCED_FACE('',(#189),#5086,.T.);
#5338=ADVANCED_FACE('',(#190),#5087,.T.);
#5339=ADVANCED_FACE('',(#191),#5088,.T.);
#5340=ADVANCED_FACE('',(#192),#5089,.T.);
#5341=ADVANCED_FACE('',(#193),#5090,.T.);
#5342=ADVANCED_FACE('',(#194),#5091,.T.);
#5343=ADVANCED_FACE('',(#195),#5092,.T.);
#5344=ADVANCED_FACE('',(#196),#5093,.T.);
#5345=ADVANCED_FACE('',(#197),#15,.F.);
#5346=ADVANCED_FACE('',(#198),#16,.F.);
#5347=ADVANCED_FACE('',(#199),#5094,.T.);
#5348=ADVANCED_FACE('',(#200),#5095,.T.);
#5349=ADVANCED_FACE('',(#201),#5096,.T.);
#5350=ADVANCED_FACE('',(#202),#5097,.T.);
#5351=ADVANCED_FACE('',(#203),#5098,.T.);
#5352=ADVANCED_FACE('',(#204),#5099,.T.);
#5353=ADVANCED_FACE('',(#205),#5100,.T.);
#5354=ADVANCED_FACE('',(#206),#5101,.T.);
#5355=ADVANCED_FACE('',(#207),#5102,.T.);
#5356=ADVANCED_FACE('',(#208),#5103,.T.);
#5357=ADVANCED_FACE('',(#209),#5104,.T.);
#5358=ADVANCED_FACE('',(#210),#5105,.T.);
#5359=ADVANCED_FACE('',(#211),#5106,.T.);
#5360=ADVANCED_FACE('',(#212),#5107,.T.);
#5361=ADVANCED_FACE('',(#213),#5108,.T.);
#5362=ADVANCED_FACE('',(#214),#5109,.T.);
#5363=ADVANCED_FACE('',(#215),#5110,.T.);
#5364=ADVANCED_FACE('',(#216),#5111,.T.);
#5365=ADVANCED_FACE('',(#217),#5112,.T.);
#5366=ADVANCED_FACE('',(#218),#5113,.T.);
#5367=ADVANCED_FACE('',(#219),#5114,.T.);
#5368=ADVANCED_FACE('',(#220),#5115,.T.);
#5369=ADVANCED_FACE('',(#221),#5116,.T.);
#5370=ADVANCED_FACE('',(#222),#5117,.T.);
#5371=ADVANCED_FACE('',(#223),#5118,.T.);
#5372=ADVANCED_FACE('',(#224),#5119,.T.);
#5373=ADVANCED_FACE('',(#225),#5120,.T.);
#5374=ADVANCED_FACE('',(#226),#5121,.T.);
#5375=ADVANCED_FACE('',(#227),#5122,.T.);
#5376=ADVANCED_FACE('',(#228),#5123,.T.);
#5377=ADVANCED_FACE('',(#229),#5124,.T.);
#5378=ADVANCED_FACE('',(#230),#5125,.T.);
#5379=ADVANCED_FACE('',(#231),#5126,.T.);
#5380=ADVANCED_FACE('',(#232),#5127,.T.);
#5381=ADVANCED_FACE('',(#233),#17,.F.);
#5382=ADVANCED_FACE('',(#234),#5128,.T.);
#5383=ADVANCED_FACE('',(#235),#5129,.T.);
#5384=ADVANCED_FACE('',(#236),#5130,.T.);
#5385=ADVANCED_FACE('',(#237),#5131,.T.);
#5386=ADVANCED_FACE('',(#238),#5132,.T.);
#5387=ADVANCED_FACE('',(#239),#5133,.T.);
#5388=ADVANCED_FACE('',(#240),#5134,.T.);
#5389=ADVANCED_FACE('',(#241),#5135,.T.);
#5390=ADVANCED_FACE('',(#242),#5136,.T.);
#5391=ADVANCED_FACE('',(#243),#5137,.T.);
#5392=ADVANCED_FACE('',(#244),#5138,.T.);
#5393=ADVANCED_FACE('',(#245),#5139,.T.);
#5394=ADVANCED_FACE('',(#246),#5140,.T.);
#5395=ADVANCED_FACE('',(#247),#5141,.T.);
#5396=ADVANCED_FACE('',(#248),#5142,.T.);
#5397=ADVANCED_FACE('',(#249),#5143,.T.);
#5398=ADVANCED_FACE('',(#250),#5144,.T.);
#5399=ADVANCED_FACE('',(#251),#5145,.T.);
#5400=ADVANCED_FACE('',(#252),#5146,.T.);
#5401=ADVANCED_FACE('',(#253),#5147,.T.);
#5402=ADVANCED_FACE('',(#254),#5148,.T.);
#5403=ADVANCED_FACE('',(#255),#5149,.T.);
#5404=ADVANCED_FACE('',(#256),#5150,.T.);
#5405=ADVANCED_FACE('',(#257),#5151,.T.);
#5406=ADVANCED_FACE('',(#258),#5152,.T.);
#5407=ADVANCED_FACE('',(#259),#5153,.T.);
#5408=ADVANCED_FACE('',(#260),#5154,.T.);
#5409=ADVANCED_FACE('',(#261),#5155,.T.);
#5410=ADVANCED_FACE('',(#262),#5156,.T.);
#5411=ADVANCED_FACE('',(#263),#5157,.T.);
#5412=ADVANCED_FACE('',(#264),#5158,.T.);
#5413=ADVANCED_FACE('',(#265),#5159,.T.);
#5414=ADVANCED_FACE('',(#266),#5160,.T.);
#5415=ADVANCED_FACE('',(#267),#5161,.T.);
#5416=ADVANCED_FACE('',(#268),#5162,.T.);
#5417=ADVANCED_FACE('',(#269),#5163,.T.);
#5418=ADVANCED_FACE('',(#270),#5164,.T.);
#5419=ADVANCED_FACE('',(#271),#5165,.T.);
#5420=ADVANCED_FACE('',(#272),#5166,.T.);
#5421=ADVANCED_FACE('',(#273),#5167,.T.);
#5422=ADVANCED_FACE('',(#274),#5168,.T.);
#5423=ADVANCED_FACE('',(#275),#5169,.T.);
#5424=ADVANCED_FACE('',(#276),#5170,.T.);
#5425=ADVANCED_FACE('',(#277),#5171,.T.);
#5426=ADVANCED_FACE('',(#278),#5172,.T.);
#5427=ADVANCED_FACE('',(#279),#5173,.T.);
#5428=ADVANCED_FACE('',(#280),#5174,.T.);
#5429=ADVANCED_FACE('',(#281),#5175,.T.);
#5430=ADVANCED_FACE('',(#282),#5176,.T.);
#5431=ADVANCED_FACE('',(#283),#5177,.T.);
#5432=ADVANCED_FACE('',(#284),#5178,.T.);
#5433=ADVANCED_FACE('',(#285),#5179,.T.);
#5434=ADVANCED_FACE('',(#286),#5180,.T.);
#5435=ADVANCED_FACE('',(#287),#18,.F.);
#5436=ADVANCED_FACE('',(#288),#19,.F.);
#5437=ADVANCED_FACE('',(#289),#20,.F.);
#5438=ADVANCED_FACE('',(#290),#5181,.T.);
#5439=ADVANCED_FACE('',(#291),#5182,.T.);
#5440=ADVANCED_FACE('',(#292),#5183,.T.);
#5441=ADVANCED_FACE('',(#293),#5184,.T.);
#5442=ADVANCED_FACE('',(#294),#5185,.T.);
#5443=ADVANCED_FACE('',(#295),#5186,.T.);
#5444=ADVANCED_FACE('',(#296),#5187,.T.);
#5445=ADVANCED_FACE('',(#297),#5188,.T.);
#5446=ADVANCED_FACE('',(#298),#5189,.T.);
#5447=ADVANCED_FACE('',(#299),#5190,.T.);
#5448=ADVANCED_FACE('',(#300),#5191,.T.);
#5449=ADVANCED_FACE('',(#301),#5192,.T.);
#5450=ADVANCED_FACE('',(#302),#5193,.T.);
#5451=ADVANCED_FACE('',(#303),#5194,.T.);
#5452=ADVANCED_FACE('',(#304),#5195,.T.);
#5453=ADVANCED_FACE('',(#305),#5196,.T.);
#5454=ADVANCED_FACE('',(#306),#5197,.T.);
#5455=ADVANCED_FACE('',(#307),#5198,.T.);
#5456=ADVANCED_FACE('',(#308),#5199,.T.);
#5457=ADVANCED_FACE('',(#309),#5200,.T.);
#5458=ADVANCED_FACE('',(#310),#5201,.T.);
#5459=ADVANCED_FACE('',(#311),#5202,.T.);
#5460=ADVANCED_FACE('',(#312),#5203,.T.);
#5461=ADVANCED_FACE('',(#313),#21,.T.);
#5462=ADVANCED_FACE('',(#314),#5204,.T.);
#5463=ADVANCED_FACE('',(#315),#5205,.T.);
#5464=ADVANCED_FACE('',(#316),#5206,.T.);
#5465=ADVANCED_FACE('',(#317),#5207,.T.);
#5466=ADVANCED_FACE('',(#318),#5208,.T.);
#5467=ADVANCED_FACE('',(#319),#5209,.T.);
#5468=ADVANCED_FACE('',(#320),#5210,.T.);
#5469=ADVANCED_FACE('',(#321),#5211,.T.);
#5470=ADVANCED_FACE('',(#322),#5212,.T.);
#5471=ADVANCED_FACE('',(#323),#5213,.T.);
#5472=ADVANCED_FACE('',(#324),#5214,.T.);
#5473=ADVANCED_FACE('',(#325),#5215,.T.);
#5474=ADVANCED_FACE('',(#326),#5216,.T.);
#5475=ADVANCED_FACE('',(#327),#5217,.T.);
#5476=ADVANCED_FACE('',(#328),#5218,.T.);
#5477=ADVANCED_FACE('',(#329),#5219,.T.);
#5478=ADVANCED_FACE('',(#330),#5220,.T.);
#5479=ADVANCED_FACE('',(#331),#5221,.T.);
#5480=ADVANCED_FACE('',(#332),#5222,.T.);
#5481=ADVANCED_FACE('',(#333),#5223,.T.);
#5482=ADVANCED_FACE('',(#334),#5224,.T.);
#5483=ADVANCED_FACE('',(#335),#5225,.T.);
#5484=ADVANCED_FACE('',(#336),#5226,.T.);
#5485=ADVANCED_FACE('',(#337),#22,.T.);
#5486=ADVANCED_FACE('',(#338),#5227,.T.);
#5487=ADVANCED_FACE('',(#339),#5228,.T.);
#5488=CLOSED_SHELL('',(#5229,#5230,#5231,#5232,#5233,#5234,#5235,#5236,
#5237,#5238,#5239,#5240,#5241,#5242,#5243,#5244,#5245,#5246,#5247,#5248,
#5249,#5250,#5251,#5252,#5253,#5254,#5255,#5256,#5257,#5258,#5259,#5260,
#5261,#5262,#5263,#5264,#5265,#5266,#5267,#5268,#5269,#5270,#5271,#5272,
#5273,#5274,#5275,#5276,#5277,#5278,#5279,#5280,#5281,#5282,#5283,#5284,
#5285,#5286,#5287,#5288,#5289,#5290,#5291,#5292,#5293,#5294,#5295,#5296,
#5297,#5298,#5299,#5300,#5301,#5302,#5303,#5304,#5305,#5306,#5307,#5308,
#5309,#5310,#5311,#5312,#5313,#5314,#5315,#5316,#5317,#5318,#5319,#5320,
#5321,#5322,#5323,#5324,#5325,#5326,#5327,#5328,#5329,#5330,#5331,#5332,
#5333,#5334,#5335,#5336,#5337,#5338,#5339,#5340,#5341,#5342,#5343,#5344,
#5345,#5346,#5347,#5348,#5349,#5350,#5351,#5352,#5353,#5354,#5355,#5356,
#5357,#5358,#5359,#5360,#5361,#5362,#5363,#5364,#5365,#5366,#5367,#5368,
#5369,#5370,#5371,#5372,#5373,#5374,#5375,#5376,#5377,#5378,#5379,#5380,
#5381,#5382,#5383,#5384,#5385,#5386,#5387,#5388,#5389,#5390,#5391,#5392,
#5393,#5394,#5395,#5396,#5397,#5398,#5399,#5400,#5401,#5402,#5403,#5404,
#5405,#5406,#5407,#5408,#5409,#5410,#5411,#5412,#5413,#5414,#5415,#5416,
#5417,#5418,#5419,#5420,#5421,#5422,#5423,#5424,#5425,#5426,#5427,#5428,
#5429,#5430,#5431,#5432,#5433,#5434,#5435,#5436,#5437,#5438,#5439,#5440,
#5441,#5442,#5443,#5444,#5445,#5446,#5447,#5448,#5449,#5450,#5451,#5452,
#5453,#5454,#5455,#5456,#5457,#5458,#5459,#5460,#5461,#5462,#5463,#5464,
#5465,#5466,#5467,#5468,#5469,#5470,#5471,#5472,#5473,#5474,#5475,#5476,
#5477,#5478,#5479,#5480,#5481,#5482,#5483,#5484,#5485,#5486,#5487));
#5489=DERIVED_UNIT_ELEMENT(#5491,1.);
#5490=DERIVED_UNIT_ELEMENT(#8634,-3.);
#5491=(
MASS_UNIT()
NAMED_UNIT(*)
SI_UNIT(.KILO.,.GRAM.)
);
#5492=DERIVED_UNIT((#5489,#5490));
#5493=MEASURE_REPRESENTATION_ITEM('density measure',
POSITIVE_RATIO_MEASURE(7850.),#5492);
#5494=PROPERTY_DEFINITION_REPRESENTATION(#5499,#5496);
#5495=PROPERTY_DEFINITION_REPRESENTATION(#5500,#5497);
#5496=REPRESENTATION('material name',(#5498),#8631);
#5497=REPRESENTATION('density',(#5493),#8631);
#5498=DESCRIPTIVE_REPRESENTATION_ITEM('\X2\94A2\X0\','\X2\94A2\X0\');
#5499=PROPERTY_DEFINITION('material property','material name',#8641);
#5500=PROPERTY_DEFINITION('material property','density of part',#8641);
#5501=AXIS2_PLACEMENT_3D('',#7084,#5777,#5778);
#5502=AXIS2_PLACEMENT_3D('',#7085,#5779,#5780);
#5503=AXIS2_PLACEMENT_3D('',#7094,#5785,#5786);
#5504=AXIS2_PLACEMENT_3D('',#7108,#5794,#5795);
#5505=AXIS2_PLACEMENT_3D('',#7117,#5800,#5801);
#5506=AXIS2_PLACEMENT_3D('',#7159,#5823,#5824);
#5507=AXIS2_PLACEMENT_3D('',#7184,#5837,#5838);
#5508=AXIS2_PLACEMENT_3D('',#7193,#5843,#5844);
#5509=AXIS2_PLACEMENT_3D('',#7235,#5866,#5867);
#5510=AXIS2_PLACEMENT_3D('',#7244,#5872,#5873);
#5511=AXIS2_PLACEMENT_3D('',#7286,#5895,#5896);
#5512=AXIS2_PLACEMENT_3D('',#7292,#5900,#5901);
#5513=AXIS2_PLACEMENT_3D('',#7296,#5904,#5905);
#5514=AXIS2_PLACEMENT_3D('',#7302,#5909,#5910);
#5515=AXIS2_PLACEMENT_3D('',#7306,#5913,#5914);
#5516=AXIS2_PLACEMENT_3D('',#7310,#5917,#5918);
#5517=AXIS2_PLACEMENT_3D('',#7314,#5921,#5922);
#5518=AXIS2_PLACEMENT_3D('',#7318,#5925,#5926);
#5519=AXIS2_PLACEMENT_3D('',#7322,#5929,#5930);
#5520=AXIS2_PLACEMENT_3D('',#7326,#5933,#5934);
#5521=AXIS2_PLACEMENT_3D('',#7330,#5937,#5938);
#5522=AXIS2_PLACEMENT_3D('',#7334,#5941,#5942);
#5523=AXIS2_PLACEMENT_3D('',#7338,#5945,#5946);
#5524=AXIS2_PLACEMENT_3D('',#7342,#5949,#5950);
#5525=AXIS2_PLACEMENT_3D('',#7348,#5954,#5955);
#5526=AXIS2_PLACEMENT_3D('',#7352,#5958,#5959);
#5527=AXIS2_PLACEMENT_3D('',#7356,#5962,#5963);
#5528=AXIS2_PLACEMENT_3D('',#7360,#5966,#5967);
#5529=AXIS2_PLACEMENT_3D('',#7364,#5970,#5971);
#5530=AXIS2_PLACEMENT_3D('',#7368,#5974,#5975);
#5531=AXIS2_PLACEMENT_3D('',#7374,#5979,#5980);
#5532=AXIS2_PLACEMENT_3D('',#7378,#5983,#5984);
#5533=AXIS2_PLACEMENT_3D('',#7382,#5987,#5988);
#5534=AXIS2_PLACEMENT_3D('',#7386,#5991,#5992);
#5535=AXIS2_PLACEMENT_3D('',#7390,#5995,#5996);
#5536=AXIS2_PLACEMENT_3D('',#7394,#5999,#6000);
#5537=AXIS2_PLACEMENT_3D('',#7398,#6003,#6004);
#5538=AXIS2_PLACEMENT_3D('',#7402,#6007,#6008);
#5539=AXIS2_PLACEMENT_3D('',#7406,#6011,#6012);
#5540=AXIS2_PLACEMENT_3D('',#7410,#6015,#6016);
#5541=AXIS2_PLACEMENT_3D('',#7414,#6019,#6020);
#5542=AXIS2_PLACEMENT_3D('',#7420,#6024,#6025);
#5543=AXIS2_PLACEMENT_3D('',#7424,#6028,#6029);
#5544=AXIS2_PLACEMENT_3D('',#7428,#6032,#6033);
#5545=AXIS2_PLACEMENT_3D('',#7432,#6036,#6037);
#5546=AXIS2_PLACEMENT_3D('',#7436,#6040,#6041);
#5547=AXIS2_PLACEMENT_3D('',#7440,#6044,#6045);
#5548=AXIS2_PLACEMENT_3D('',#7444,#6048,#6049);
#5549=AXIS2_PLACEMENT_3D('',#7448,#6052,#6053);
#5550=AXIS2_PLACEMENT_3D('',#7452,#6056,#6057);
#5551=AXIS2_PLACEMENT_3D('',#7456,#6060,#6061);
#5552=AXIS2_PLACEMENT_3D('',#7460,#6064,#6065);
#5553=AXIS2_PLACEMENT_3D('',#7469,#6070,#6071);
#5554=AXIS2_PLACEMENT_3D('',#7475,#6075,#6076);
#5555=AXIS2_PLACEMENT_3D('',#7481,#6080,#6081);
#5556=AXIS2_PLACEMENT_3D('',#7493,#6087,#6088);
#5557=AXIS2_PLACEMENT_3D('',#7513,#6098,#6099);
#5558=AXIS2_PLACEMENT_3D('',#7672,#6179,#6180);
#5559=AXIS2_PLACEMENT_3D('',#7674,#6181,#6182);
#5560=AXIS2_PLACEMENT_3D('',#7742,#6217,#6218);
#5561=AXIS2_PLACEMENT_3D('',#7847,#6272,#6273);
#5562=AXIS2_PLACEMENT_3D('',#7849,#6274,#6275);
#5563=AXIS2_PLACEMENT_3D('',#7851,#6276,#6277);
#5564=AXIS2_PLACEMENT_3D('',#7884,#6294,#6295);
#5565=AXIS2_PLACEMENT_3D('',#7888,#6298,#6299);
#5566=AXIS2_PLACEMENT_3D('',#7894,#6303,#6304);
#5567=AXIS2_PLACEMENT_3D('',#7898,#6307,#6308);
#5568=AXIS2_PLACEMENT_3D('',#7902,#6311,#6312);
#5569=AXIS2_PLACEMENT_3D('',#7943,#6333,#6334);
#5570=AXIS2_PLACEMENT_3D('',#7963,#6344,#6345);
#5571=AXIS2_PLACEMENT_3D('',#8128,#6430,#6431);
#5572=AXIS2_PLACEMENT_3D('',#8130,#6432,#6433);
#5573=AXIS2_PLACEMENT_3D('',#8148,#6442,#6443);
#5574=AXIS2_PLACEMENT_3D('',#8198,#6468,#6469);
#5575=AXIS2_PLACEMENT_3D('',#8200,#6470,#6471);
#5576=AXIS2_PLACEMENT_3D('',#8202,#6472,#6473);
#5577=AXIS2_PLACEMENT_3D('',#8235,#6490,#6491);
#5578=AXIS2_PLACEMENT_3D('',#8237,#6493,#6494);
#5579=AXIS2_PLACEMENT_3D('',#8240,#6497,#6498);
#5580=AXIS2_PLACEMENT_3D('',#8242,#6500,#6501);
#5581=AXIS2_PLACEMENT_3D('',#8244,#6503,#6504);
#5582=AXIS2_PLACEMENT_3D('',#8246,#6506,#6507);
#5583=AXIS2_PLACEMENT_3D('',#8248,#6509,#6510);
#5584=AXIS2_PLACEMENT_3D('',#8250,#6512,#6513);
#5585=AXIS2_PLACEMENT_3D('',#8252,#6515,#6516);
#5586=AXIS2_PLACEMENT_3D('',#8253,#6517,#6518);
#5587=AXIS2_PLACEMENT_3D('',#8256,#6521,#6522);
#5588=AXIS2_PLACEMENT_3D('',#8258,#6524,#6525);
#5589=AXIS2_PLACEMENT_3D('',#8260,#6527,#6528);
#5590=AXIS2_PLACEMENT_3D('',#8262,#6530,#6531);
#5591=AXIS2_PLACEMENT_3D('',#8264,#6533,#6534);
#5592=AXIS2_PLACEMENT_3D('',#8266,#6536,#6537);
#5593=AXIS2_PLACEMENT_3D('',#8268,#6539,#6540);
#5594=AXIS2_PLACEMENT_3D('',#8269,#6541,#6542);
#5595=AXIS2_PLACEMENT_3D('',#8272,#6545,#6546);
#5596=AXIS2_PLACEMENT_3D('',#8274,#6548,#6549);
#5597=AXIS2_PLACEMENT_3D('',#8276,#6551,#6552);
#5598=AXIS2_PLACEMENT_3D('',#8278,#6554,#6555);
#5599=AXIS2_PLACEMENT_3D('',#8280,#6557,#6558);
#5600=AXIS2_PLACEMENT_3D('',#8282,#6560,#6561);
#5601=AXIS2_PLACEMENT_3D('',#8284,#6563,#6564);
#5602=AXIS2_PLACEMENT_3D('',#8285,#6565,#6566);
#5603=AXIS2_PLACEMENT_3D('',#8288,#6569,#6570);
#5604=AXIS2_PLACEMENT_3D('',#8290,#6572,#6573);
#5605=AXIS2_PLACEMENT_3D('',#8292,#6575,#6576);
#5606=AXIS2_PLACEMENT_3D('',#8294,#6578,#6579);
#5607=AXIS2_PLACEMENT_3D('',#8296,#6581,#6582);
#5608=AXIS2_PLACEMENT_3D('',#8298,#6584,#6585);
#5609=AXIS2_PLACEMENT_3D('',#8300,#6587,#6588);
#5610=AXIS2_PLACEMENT_3D('',#8301,#6589,#6590);
#5611=AXIS2_PLACEMENT_3D('',#8304,#6593,#6594);
#5612=AXIS2_PLACEMENT_3D('',#8306,#6596,#6597);
#5613=AXIS2_PLACEMENT_3D('',#8308,#6599,#6600);
#5614=AXIS2_PLACEMENT_3D('',#8310,#6602,#6603);
#5615=AXIS2_PLACEMENT_3D('',#8312,#6605,#6606);
#5616=AXIS2_PLACEMENT_3D('',#8314,#6608,#6609);
#5617=AXIS2_PLACEMENT_3D('',#8316,#6611,#6612);
#5618=AXIS2_PLACEMENT_3D('',#8317,#6613,#6614);
#5619=AXIS2_PLACEMENT_3D('',#8320,#6617,#6618);
#5620=AXIS2_PLACEMENT_3D('',#8322,#6620,#6621);
#5621=AXIS2_PLACEMENT_3D('',#8324,#6623,#6624);
#5622=AXIS2_PLACEMENT_3D('',#8326,#6626,#6627);
#5623=AXIS2_PLACEMENT_3D('',#8328,#6629,#6630);
#5624=AXIS2_PLACEMENT_3D('',#8330,#6632,#6633);
#5625=AXIS2_PLACEMENT_3D('',#8332,#6635,#6636);
#5626=AXIS2_PLACEMENT_3D('',#8333,#6637,#6638);
#5627=AXIS2_PLACEMENT_3D('',#8336,#6641,#6642);
#5628=AXIS2_PLACEMENT_3D('',#8338,#6644,#6645);
#5629=AXIS2_PLACEMENT_3D('',#8340,#6647,#6648);
#5630=AXIS2_PLACEMENT_3D('',#8342,#6650,#6651);
#5631=AXIS2_PLACEMENT_3D('',#8344,#6653,#6654);
#5632=AXIS2_PLACEMENT_3D('',#8346,#6656,#6657);
#5633=AXIS2_PLACEMENT_3D('',#8348,#6659,#6660);
#5634=AXIS2_PLACEMENT_3D('',#8349,#6661,#6662);
#5635=AXIS2_PLACEMENT_3D('',#8351,#6664,#6665);
#5636=AXIS2_PLACEMENT_3D('',#8353,#6667,#6668);
#5637=AXIS2_PLACEMENT_3D('',#8356,#6671,#6672);
#5638=AXIS2_PLACEMENT_3D('',#8358,#6674,#6675);
#5639=AXIS2_PLACEMENT_3D('',#8360,#6677,#6678);
#5640=AXIS2_PLACEMENT_3D('',#8362,#6680,#6681);
#5641=AXIS2_PLACEMENT_3D('',#8364,#6683,#6684);
#5642=AXIS2_PLACEMENT_3D('',#8366,#6686,#6687);
#5643=AXIS2_PLACEMENT_3D('',#8368,#6689,#6690);
#5644=AXIS2_PLACEMENT_3D('',#8369,#6691,#6692);
#5645=AXIS2_PLACEMENT_3D('',#8371,#6694,#6695);
#5646=AXIS2_PLACEMENT_3D('',#8373,#6697,#6698);
#5647=AXIS2_PLACEMENT_3D('',#8375,#6700,#6701);
#5648=AXIS2_PLACEMENT_3D('',#8377,#6703,#6704);
#5649=AXIS2_PLACEMENT_3D('',#8379,#6706,#6707);
#5650=AXIS2_PLACEMENT_3D('',#8381,#6709,#6710);
#5651=AXIS2_PLACEMENT_3D('',#8383,#6712,#6713);
#5652=AXIS2_PLACEMENT_3D('',#8385,#6715,#6716);
#5653=AXIS2_PLACEMENT_3D('',#8387,#6718,#6719);
#5654=AXIS2_PLACEMENT_3D('',#8388,#6720,#6721);
#5655=AXIS2_PLACEMENT_3D('',#8390,#6723,#6724);
#5656=AXIS2_PLACEMENT_3D('',#8392,#6726,#6727);
#5657=AXIS2_PLACEMENT_3D('',#8394,#6729,#6730);
#5658=AXIS2_PLACEMENT_3D('',#8396,#6732,#6733);
#5659=AXIS2_PLACEMENT_3D('',#8398,#6735,#6736);
#5660=AXIS2_PLACEMENT_3D('',#8400,#6738,#6739);
#5661=AXIS2_PLACEMENT_3D('',#8402,#6741,#6742);
#5662=AXIS2_PLACEMENT_3D('',#8404,#6744,#6745);
#5663=AXIS2_PLACEMENT_3D('',#8406,#6747,#6748);
#5664=AXIS2_PLACEMENT_3D('',#8408,#6750,#6751);
#5665=AXIS2_PLACEMENT_3D('',#8410,#6753,#6754);
#5666=AXIS2_PLACEMENT_3D('',#8412,#6756,#6757);
#5667=AXIS2_PLACEMENT_3D('',#8414,#6759,#6760);
#5668=AXIS2_PLACEMENT_3D('',#8416,#6762,#6763);
#5669=AXIS2_PLACEMENT_3D('',#8418,#6765,#6766);
#5670=AXIS2_PLACEMENT_3D('',#8419,#6767,#6768);
#5671=AXIS2_PLACEMENT_3D('',#8421,#6770,#6771);
#5672=AXIS2_PLACEMENT_3D('',#8423,#6773,#6774);
#5673=AXIS2_PLACEMENT_3D('',#8426,#6777,#6778);
#5674=AXIS2_PLACEMENT_3D('',#8428,#6780,#6781);
#5675=AXIS2_PLACEMENT_3D('',#8430,#6783,#6784);
#5676=AXIS2_PLACEMENT_3D('',#8431,#6785,#6786);
#5677=AXIS2_PLACEMENT_3D('',#8433,#6788,#6789);
#5678=AXIS2_PLACEMENT_3D('',#8435,#6791,#6792);
#5679=AXIS2_PLACEMENT_3D('',#8437,#6794,#6795);
#5680=AXIS2_PLACEMENT_3D('',#8439,#6797,#6798);
#5681=AXIS2_PLACEMENT_3D('',#8441,#6800,#6801);
#5682=AXIS2_PLACEMENT_3D('',#8443,#6803,#6804);
#5683=AXIS2_PLACEMENT_3D('',#8445,#6806,#6807);
#5684=AXIS2_PLACEMENT_3D('',#8447,#6809,#6810);
#5685=AXIS2_PLACEMENT_3D('',#8449,#6812,#6813);
#5686=AXIS2_PLACEMENT_3D('',#8451,#6815,#6816);
#5687=AXIS2_PLACEMENT_3D('',#8453,#6818,#6819);
#5688=AXIS2_PLACEMENT_3D('',#8455,#6821,#6822);
#5689=AXIS2_PLACEMENT_3D('',#8456,#6823,#6824);
#5690=AXIS2_PLACEMENT_3D('',#8458,#6826,#6827);
#5691=AXIS2_PLACEMENT_3D('',#8460,#6829,#6830);
#5692=AXIS2_PLACEMENT_3D('',#8462,#6832,#6833);
#5693=AXIS2_PLACEMENT_3D('',#8464,#6835,#6836);
#5694=AXIS2_PLACEMENT_3D('',#8466,#6838,#6839);
#5695=AXIS2_PLACEMENT_3D('',#8468,#6841,#6842);
#5696=AXIS2_PLACEMENT_3D('',#8470,#6844,#6845);
#5697=AXIS2_PLACEMENT_3D('',#8472,#6847,#6848);
#5698=AXIS2_PLACEMENT_3D('',#8474,#6850,#6851);
#5699=AXIS2_PLACEMENT_3D('',#8476,#6853,#6854);
#5700=AXIS2_PLACEMENT_3D('',#8477,#6855,#6856);
#5701=AXIS2_PLACEMENT_3D('',#8480,#6859,#6860);
#5702=AXIS2_PLACEMENT_3D('',#8482,#6862,#6863);
#5703=AXIS2_PLACEMENT_3D('',#8484,#6865,#6866);
#5704=AXIS2_PLACEMENT_3D('',#8486,#6868,#6869);
#5705=AXIS2_PLACEMENT_3D('',#8488,#6871,#6872);
#5706=AXIS2_PLACEMENT_3D('',#8490,#6874,#6875);
#5707=AXIS2_PLACEMENT_3D('',#8492,#6877,#6878);
#5708=AXIS2_PLACEMENT_3D('',#8493,#6879,#6880);
#5709=AXIS2_PLACEMENT_3D('',#8496,#6883,#6884);
#5710=AXIS2_PLACEMENT_3D('',#8498,#6886,#6887);
#5711=AXIS2_PLACEMENT_3D('',#8500,#6889,#6890);
#5712=AXIS2_PLACEMENT_3D('',#8502,#6892,#6893);
#5713=AXIS2_PLACEMENT_3D('',#8504,#6895,#6896);
#5714=AXIS2_PLACEMENT_3D('',#8506,#6898,#6899);
#5715=AXIS2_PLACEMENT_3D('',#8508,#6901,#6902);
#5716=AXIS2_PLACEMENT_3D('',#8509,#6903,#6904);
#5717=AXIS2_PLACEMENT_3D('',#8512,#6907,#6908);
#5718=AXIS2_PLACEMENT_3D('',#8514,#6910,#6911);
#5719=AXIS2_PLACEMENT_3D('',#8516,#6913,#6914);
#5720=AXIS2_PLACEMENT_3D('',#8518,#6916,#6917);
#5721=AXIS2_PLACEMENT_3D('',#8520,#6919,#6920);
#5722=AXIS2_PLACEMENT_3D('',#8522,#6922,#6923);
#5723=AXIS2_PLACEMENT_3D('',#8524,#6925,#6926);
#5724=AXIS2_PLACEMENT_3D('',#8525,#6927,#6928);
#5725=AXIS2_PLACEMENT_3D('',#8527,#6930,#6931);
#5726=AXIS2_PLACEMENT_3D('',#8529,#6933,#6934);
#5727=AXIS2_PLACEMENT_3D('',#8531,#6936,#6937);
#5728=AXIS2_PLACEMENT_3D('',#8534,#6940,#6941);
#5729=AXIS2_PLACEMENT_3D('',#8536,#6943,#6944);
#5730=AXIS2_PLACEMENT_3D('',#8538,#6946,#6947);
#5731=AXIS2_PLACEMENT_3D('',#8540,#6949,#6950);
#5732=AXIS2_PLACEMENT_3D('',#8542,#6952,#6953);
#5733=AXIS2_PLACEMENT_3D('',#8544,#6955,#6956);
#5734=AXIS2_PLACEMENT_3D('',#8546,#6958,#6959);
#5735=AXIS2_PLACEMENT_3D('',#8547,#6960,#6961);
#5736=AXIS2_PLACEMENT_3D('',#8550,#6964,#6965);
#5737=AXIS2_PLACEMENT_3D('',#8552,#6967,#6968);
#5738=AXIS2_PLACEMENT_3D('',#8554,#6970,#6971);
#5739=AXIS2_PLACEMENT_3D('',#8556,#6973,#6974);
#5740=AXIS2_PLACEMENT_3D('',#8558,#6976,#6977);
#5741=AXIS2_PLACEMENT_3D('',#8560,#6979,#6980);
#5742=AXIS2_PLACEMENT_3D('',#8562,#6982,#6983);
#5743=AXIS2_PLACEMENT_3D('',#8563,#6984,#6985);
#5744=AXIS2_PLACEMENT_3D('',#8566,#6988,#6989);
#5745=AXIS2_PLACEMENT_3D('',#8568,#6991,#6992);
#5746=AXIS2_PLACEMENT_3D('',#8570,#6994,#6995);
#5747=AXIS2_PLACEMENT_3D('',#8572,#6997,#6998);
#5748=AXIS2_PLACEMENT_3D('',#8574,#7000,#7001);
#5749=AXIS2_PLACEMENT_3D('',#8576,#7003,#7004);
#5750=AXIS2_PLACEMENT_3D('',#8578,#7006,#7007);
#5751=AXIS2_PLACEMENT_3D('',#8580,#7009,#7010);
#5752=AXIS2_PLACEMENT_3D('',#8582,#7012,#7013);
#5753=AXIS2_PLACEMENT_3D('',#8584,#7015,#7016);
#5754=AXIS2_PLACEMENT_3D('',#8586,#7018,#7019);
#5755=AXIS2_PLACEMENT_3D('',#8587,#7020,#7021);
#5756=AXIS2_PLACEMENT_3D('',#8589,#7023,#7024);
#5757=AXIS2_PLACEMENT_3D('',#8591,#7026,#7027);
#5758=AXIS2_PLACEMENT_3D('',#8593,#7029,#7030);
#5759=AXIS2_PLACEMENT_3D('',#8595,#7032,#7033);
#5760=AXIS2_PLACEMENT_3D('',#8597,#7035,#7036);
#5761=AXIS2_PLACEMENT_3D('',#8599,#7038,#7039);
#5762=AXIS2_PLACEMENT_3D('',#8601,#7041,#7042);
#5763=AXIS2_PLACEMENT_3D('',#8603,#7044,#7045);
#5764=AXIS2_PLACEMENT_3D('',#8605,#7047,#7048);
#5765=AXIS2_PLACEMENT_3D('',#8607,#7050,#7051);
#5766=AXIS2_PLACEMENT_3D('',#8609,#7053,#7054);
#5767=AXIS2_PLACEMENT_3D('',#8611,#7056,#7057);
#5768=AXIS2_PLACEMENT_3D('',#8613,#7059,#7060);
#5769=AXIS2_PLACEMENT_3D('',#8615,#7062,#7063);
#5770=AXIS2_PLACEMENT_3D('',#8616,#7064,#7065);
#5771=AXIS2_PLACEMENT_3D('',#8618,#7067,#7068);
#5772=AXIS2_PLACEMENT_3D('',#8620,#7070,#7071);
#5773=AXIS2_PLACEMENT_3D('',#8622,#7073,#7074);
#5774=AXIS2_PLACEMENT_3D('',#8624,#7076,#7077);
#5775=AXIS2_PLACEMENT_3D('',#8626,#7079,#7080);
#5776=AXIS2_PLACEMENT_3D('',#8628,#7082,#7083);
#5777=DIRECTION('axis',(0.,0.,1.));
#5778=DIRECTION('refdir',(1.,0.,0.));
#5779=DIRECTION('center_axis',(1.,0.,0.));
#5780=DIRECTION('ref_axis',(0.,0.,1.));
#5781=DIRECTION('',(0.,1.22464679914735E-16,1.));
#5782=DIRECTION('',(0.,-1.,0.));
#5783=DIRECTION('',(0.,0.,1.));
#5784=DIRECTION('',(0.,-1.,0.));
#5785=DIRECTION('center_axis',(0.,-1.,0.));
#5786=DIRECTION('ref_axis',(0.,0.,-1.));
#5787=DIRECTION('',(-1.,0.,0.));
#5788=DIRECTION('',(5.38220354409477E-15,0.,-1.));
#5789=DIRECTION('',(1.,0.,0.));
#5790=DIRECTION('',(0.,0.,-1.));
#5791=DIRECTION('',(-1.,0.,0.));
#5792=DIRECTION('',(1.,0.,0.));
#5793=DIRECTION('',(0.,0.,-1.));
#5794=DIRECTION('center_axis',(-1.,0.,0.));
#5795=DIRECTION('ref_axis',(0.,0.,-1.));
#5796=DIRECTION('',(0.,-1.22464679914735E-16,-1.));
#5797=DIRECTION('',(0.,-1.,0.));
#5798=DIRECTION('',(0.,0.,-1.));
#5799=DIRECTION('',(0.,-1.,0.));
#5800=DIRECTION('center_axis',(0.,-1.,0.));
#5801=DIRECTION('ref_axis',(0.,0.,-1.));
#5802=DIRECTION('',(1.,0.,0.));
#5803=DIRECTION('',(0.,0.,1.));
#5804=DIRECTION('',(-1.,0.,0.));
#5805=DIRECTION('',(0.,0.,1.));
#5806=DIRECTION('',(-1.,0.,0.));
#5807=DIRECTION('',(0.,0.,1.));
#5808=DIRECTION('',(1.,0.,0.));
#5809=DIRECTION('',(0.,0.,1.));
#5810=DIRECTION('',(-1.,0.,1.26878257702187E-15));
#5811=DIRECTION('',(0.,0.,1.));
#5812=DIRECTION('',(-1.,0.,0.));
#5813=DIRECTION('',(0.,0.,1.));
#5814=DIRECTION('',(1.,0.,0.));
#5815=DIRECTION('',(1.0304389284579E-14,0.,1.));
#5816=DIRECTION('',(1.,0.,0.));
#5817=DIRECTION('',(0.,0.,1.));
#5818=DIRECTION('',(-1.,0.,0.));
#5819=DIRECTION('',(0.,0.,1.));
#5820=DIRECTION('',(1.,0.,0.));
#5821=DIRECTION('',(-1.,0.,0.));
#5822=DIRECTION('',(0.,0.,1.));
#5823=DIRECTION('center_axis',(0.,-1.,0.));
#5824=DIRECTION('ref_axis',(0.,0.,-1.));
#5825=DIRECTION('',(-1.86590173374864E-16,0.,1.));
#5826=DIRECTION('',(1.,0.,0.));
#5827=DIRECTION('',(0.,0.,-1.));
#5828=DIRECTION('',(1.,0.,0.));
#5829=DIRECTION('',(-1.1644411123593E-14,0.,-1.));
#5830=DIRECTION('',(-1.,0.,0.));
#5831=DIRECTION('',(0.,0.,-1.));
#5832=DIRECTION('',(-1.,0.,0.));
#5833=DIRECTION('',(5.38223668140623E-15,0.,-1.));
#5834=DIRECTION('',(1.,0.,0.));
#5835=DIRECTION('',(0.,0.,-1.));
#5836=DIRECTION('',(-1.,0.,0.));
#5837=DIRECTION('center_axis',(0.,0.,1.));
#5838=DIRECTION('ref_axis',(-1.,0.,0.));
#5839=DIRECTION('',(-1.,0.,0.));
#5840=DIRECTION('',(0.,-1.,0.));
#5841=DIRECTION('',(-1.,0.,0.));
#5842=DIRECTION('',(0.,-1.,0.));
#5843=DIRECTION('center_axis',(0.,-1.,0.));
#5844=DIRECTION('ref_axis',(0.,0.,-1.));
#5845=DIRECTION('',(0.,0.,1.));
#5846=DIRECTION('',(1.,0.,0.));
#5847=DIRECTION('',(0.,0.,-1.));
#5848=DIRECTION('',(1.,0.,0.));
#5849=DIRECTION('',(0.,0.,1.));
#5850=DIRECTION('',(1.,0.,0.));
#5851=DIRECTION('',(0.,0.,1.));
#5852=DIRECTION('',(1.,0.,0.));
#5853=DIRECTION('',(0.,0.,-1.));
#5854=DIRECTION('',(1.,0.,0.));
#5855=DIRECTION('',(0.,0.,-1.));
#5856=DIRECTION('',(1.,0.,0.));
#5857=DIRECTION('',(0.,0.,1.));
#5858=DIRECTION('',(1.,0.,0.));
#5859=DIRECTION('',(-5.49937514535254E-15,0.,-1.));
#5860=DIRECTION('',(1.,0.,0.));
#5861=DIRECTION('',(0.,0.,-1.));
#5862=DIRECTION('',(1.,0.,0.));
#5863=DIRECTION('',(0.,0.,1.));
#5864=DIRECTION('',(1.,0.,0.));
#5865=DIRECTION('',(0.,0.,-1.));
#5866=DIRECTION('center_axis',(0.,0.,-1.));
#5867=DIRECTION('ref_axis',(1.,0.,0.));
#5868=DIRECTION('',(1.,0.,0.));
#5869=DIRECTION('',(0.,-1.,0.));
#5870=DIRECTION('',(1.,0.,0.));
#5871=DIRECTION('',(0.,-1.,0.));
#5872=DIRECTION('center_axis',(0.,-1.,0.));
#5873=DIRECTION('ref_axis',(0.,0.,-1.));
#5874=DIRECTION('',(0.,0.,1.));
#5875=DIRECTION('',(-1.,0.,0.));
#5876=DIRECTION('',(0.,0.,-1.));
#5877=DIRECTION('',(-1.,0.,0.));
#5878=DIRECTION('',(0.,0.,-1.));
#5879=DIRECTION('',(-1.,0.,0.));
#5880=DIRECTION('',(0.,0.,1.));
#5881=DIRECTION('',(-1.,0.,0.));
#5882=DIRECTION('',(3.77915381781901E-15,0.,1.));
#5883=DIRECTION('',(-1.,0.,0.));
#5884=DIRECTION('',(-3.77915381781901E-15,0.,-1.));
#5885=DIRECTION('',(-1.,0.,0.));
#5886=DIRECTION('',(0.,0.,1.));
#5887=DIRECTION('',(-1.,0.,0.));
#5888=DIRECTION('',(0.,0.,1.));
#5889=DIRECTION('',(-1.,0.,0.));
#5890=DIRECTION('',(0.,0.,-1.));
#5891=DIRECTION('',(-1.,0.,0.));
#5892=DIRECTION('',(0.,0.,1.));
#5893=DIRECTION('',(0.,0.,-1.));
#5894=DIRECTION('',(-1.,0.,0.));
#5895=DIRECTION('center_axis',(-1.,0.,0.));
#5896=DIRECTION('ref_axis',(0.,1.22464679914736E-16,1.));
#5897=DIRECTION('',(0.,1.,0.));
#5898=DIRECTION('',(0.,1.22464679914736E-16,1.));
#5899=DIRECTION('',(0.,1.,0.));
#5900=DIRECTION('center_axis',(0.,0.,-1.));
#5901=DIRECTION('ref_axis',(-1.,0.,0.));
#5902=DIRECTION('',(0.,1.,0.));
#5903=DIRECTION('',(-1.,0.,0.));
#5904=DIRECTION('center_axis',(0.,0.,-1.));
#5905=DIRECTION('ref_axis',(-1.,0.,0.));
#5906=DIRECTION('',(0.,1.,0.));
#5907=DIRECTION('',(-1.,0.,0.));
#5908=DIRECTION('',(0.,1.,0.));
#5909=DIRECTION('center_axis',(1.,0.,0.));
#5910=DIRECTION('ref_axis',(0.,-1.22464679914735E-16,-1.));
#5911=DIRECTION('',(0.,1.,0.));
#5912=DIRECTION('',(0.,-1.22464679914735E-16,-1.));
#5913=DIRECTION('center_axis',(0.,0.,1.));
#5914=DIRECTION('ref_axis',(1.,0.,0.));
#5915=DIRECTION('',(0.,1.,0.));
#5916=DIRECTION('',(1.,0.,0.));
#5917=DIRECTION('center_axis',(1.,0.,0.));
#5918=DIRECTION('ref_axis',(0.,-1.22464679914735E-16,-1.));
#5919=DIRECTION('',(0.,1.,0.));
#5920=DIRECTION('',(0.,-1.22464679914735E-16,-1.));
#5921=DIRECTION('center_axis',(1.26878257702187E-15,0.,1.));
#5922=DIRECTION('ref_axis',(1.,-1.40863163025292E-31,-1.26878257702187E-15));
#5923=DIRECTION('',(0.,1.,0.));
#5924=DIRECTION('',(1.,-1.40863163025292E-31,-1.26878257702187E-15));
#5925=DIRECTION('center_axis',(1.,0.,0.));
#5926=DIRECTION('ref_axis',(0.,-1.22464679914735E-16,-1.));
#5927=DIRECTION('',(0.,1.,0.));
#5928=DIRECTION('',(0.,-1.22464679914735E-16,-1.));
#5929=DIRECTION('center_axis',(0.,0.,-1.));
#5930=DIRECTION('ref_axis',(-1.,0.,0.));
#5931=DIRECTION('',(0.,1.,0.));
#5932=DIRECTION('',(-1.,0.,0.));
#5933=DIRECTION('center_axis',(1.,0.,0.));
#5934=DIRECTION('ref_axis',(0.,-1.22464679914735E-16,-1.));
#5935=DIRECTION('',(0.,1.,0.));
#5936=DIRECTION('',(0.,-1.22464679914735E-16,-1.));
#5937=DIRECTION('center_axis',(0.,0.,1.));
#5938=DIRECTION('ref_axis',(1.,0.,0.));
#5939=DIRECTION('',(0.,1.,0.));
#5940=DIRECTION('',(1.,0.,0.));
#5941=DIRECTION('center_axis',(1.,0.,0.));
#5942=DIRECTION('ref_axis',(0.,-1.22464679914737E-16,-1.));
#5943=DIRECTION('',(0.,1.,0.));
#5944=DIRECTION('',(0.,-1.22464679914737E-16,-1.));
#5945=DIRECTION('center_axis',(0.,0.,1.));
#5946=DIRECTION('ref_axis',(1.,0.,0.));
#5947=DIRECTION('',(0.,1.,0.));
#5948=DIRECTION('',(1.,0.,0.));
#5949=DIRECTION('center_axis',(0.,0.,1.));
#5950=DIRECTION('ref_axis',(1.,0.,0.));
#5951=DIRECTION('',(0.,1.,0.));
#5952=DIRECTION('',(1.,0.,0.));
#5953=DIRECTION('',(0.,1.,0.));
#5954=DIRECTION('center_axis',(-1.,0.,0.));
#5955=DIRECTION('ref_axis',(0.,1.22464679914737E-16,1.));
#5956=DIRECTION('',(0.,1.,0.));
#5957=DIRECTION('',(0.,1.22464679914737E-16,1.));
#5958=DIRECTION('center_axis',(0.,0.,1.));
#5959=DIRECTION('ref_axis',(1.,0.,0.));
#5960=DIRECTION('',(0.,1.,0.));
#5961=DIRECTION('',(1.,0.,0.));
#5962=DIRECTION('center_axis',(-1.,0.,1.1644411123593E-14));
#5963=DIRECTION('ref_axis',(1.1644411123593E-14,1.22464679914735E-16,1.));
#5964=DIRECTION('',(0.,1.,0.));
#5965=DIRECTION('',(1.1644411123593E-14,1.22464679914735E-16,1.));
#5966=DIRECTION('center_axis',(0.,0.,-1.));
#5967=DIRECTION('ref_axis',(-1.,0.,0.));
#5968=DIRECTION('',(0.,1.,0.));
#5969=DIRECTION('',(-1.,0.,0.));
#5970=DIRECTION('center_axis',(-1.,0.,0.));
#5971=DIRECTION('ref_axis',(0.,1.22464679914735E-16,1.));
#5972=DIRECTION('',(0.,1.,0.));
#5973=DIRECTION('',(0.,1.22464679914735E-16,1.));
#5974=DIRECTION('center_axis',(0.,0.,-1.));
#5975=DIRECTION('ref_axis',(-1.,0.,0.));
#5976=DIRECTION('',(0.,1.,0.));
#5977=DIRECTION('',(-1.,0.,0.));
#5978=DIRECTION('',(0.,1.,0.));
#5979=DIRECTION('center_axis',(-1.,0.,0.));
#5980=DIRECTION('ref_axis',(0.,1.22464679914735E-16,1.));
#5981=DIRECTION('',(0.,1.,0.));
#5982=DIRECTION('',(0.,1.22464679914735E-16,1.));
#5983=DIRECTION('center_axis',(0.,0.,-1.));
#5984=DIRECTION('ref_axis',(-1.,0.,0.));
#5985=DIRECTION('',(0.,1.,0.));
#5986=DIRECTION('',(-1.,0.,0.));
#5987=DIRECTION('center_axis',(-1.,0.,0.));
#5988=DIRECTION('ref_axis',(0.,1.22464679914735E-16,1.));
#5989=DIRECTION('',(0.,1.,0.));
#5990=DIRECTION('',(0.,1.22464679914735E-16,1.));
#5991=DIRECTION('center_axis',(0.,0.,-1.));
#5992=DIRECTION('ref_axis',(-1.,0.,0.));
#5993=DIRECTION('',(0.,1.,0.));
#5994=DIRECTION('',(-1.,0.,0.));
#5995=DIRECTION('center_axis',(1.,0.,0.));
#5996=DIRECTION('ref_axis',(0.,-1.22464679914736E-16,-1.));
#5997=DIRECTION('',(0.,1.,0.));
#5998=DIRECTION('',(0.,-1.22464679914736E-16,-1.));
#5999=DIRECTION('center_axis',(0.,0.,-1.));
#6000=DIRECTION('ref_axis',(-1.,0.,0.));
#6001=DIRECTION('',(0.,1.,0.));
#6002=DIRECTION('',(-1.,0.,0.));
#6003=DIRECTION('center_axis',(1.,0.,0.));
#6004=DIRECTION('ref_axis',(0.,-1.22464679914734E-16,-1.));
#6005=DIRECTION('',(0.,1.,0.));
#6006=DIRECTION('',(0.,-1.22464679914734E-16,-1.));
#6007=DIRECTION('center_axis',(0.,0.,-1.));
#6008=DIRECTION('ref_axis',(-1.,0.,0.));
#6009=DIRECTION('',(0.,1.,0.));
#6010=DIRECTION('',(-1.,0.,0.));
#6011=DIRECTION('center_axis',(-1.,0.,0.));
#6012=DIRECTION('ref_axis',(0.,1.22464679914734E-16,1.));
#6013=DIRECTION('',(0.,1.,0.));
#6014=DIRECTION('',(0.,1.22464679914734E-16,1.));
#6015=DIRECTION('center_axis',(0.,0.,-1.));
#6016=DIRECTION('ref_axis',(-1.,0.,0.));
#6017=DIRECTION('',(0.,1.,0.));
#6018=DIRECTION('',(-1.,0.,0.));
#6019=DIRECTION('center_axis',(1.,0.,0.));
#6020=DIRECTION('ref_axis',(0.,-1.22464679914735E-16,-1.));
#6021=DIRECTION('',(0.,1.,0.));
#6022=DIRECTION('',(0.,-1.22464679914735E-16,-1.));
#6023=DIRECTION('',(0.,1.,0.));
#6024=DIRECTION('center_axis',(0.,0.,1.));
#6025=DIRECTION('ref_axis',(1.,0.,0.));
#6026=DIRECTION('',(0.,1.,0.));
#6027=DIRECTION('',(1.,0.,0.));
#6028=DIRECTION('center_axis',(-1.,0.,3.77915381781901E-15));
#6029=DIRECTION('ref_axis',(3.77915381781901E-15,1.22464679914735E-16,1.));
#6030=DIRECTION('',(0.,1.,0.));
#6031=DIRECTION('',(3.77915381781901E-15,1.22464679914735E-16,1.));
#6032=DIRECTION('center_axis',(0.,0.,1.));
#6033=DIRECTION('ref_axis',(1.,0.,0.));
#6034=DIRECTION('',(0.,1.,0.));
#6035=DIRECTION('',(1.,0.,0.));
#6036=DIRECTION('center_axis',(1.,0.,-3.77915381781901E-15));
#6037=DIRECTION('ref_axis',(-3.77915381781901E-15,-1.22464679914735E-16,
-1.));
#6038=DIRECTION('',(0.,1.,0.));
#6039=DIRECTION('',(-3.77915381781901E-15,-1.22464679914735E-16,-1.));
#6040=DIRECTION('center_axis',(0.,0.,1.));
#6041=DIRECTION('ref_axis',(1.,0.,0.));
#6042=DIRECTION('',(0.,1.,0.));
#6043=DIRECTION('',(1.,0.,0.));
#6044=DIRECTION('center_axis',(1.,0.,0.));
#6045=DIRECTION('ref_axis',(0.,-1.22464679914735E-16,-1.));
#6046=DIRECTION('',(0.,1.,0.));
#6047=DIRECTION('',(0.,-1.22464679914735E-16,-1.));
#6048=DIRECTION('center_axis',(0.,0.,1.));
#6049=DIRECTION('ref_axis',(1.,0.,0.));
#6050=DIRECTION('',(0.,1.,0.));
#6051=DIRECTION('',(1.,0.,0.));
#6052=DIRECTION('center_axis',(-1.,0.,0.));
#6053=DIRECTION('ref_axis',(0.,1.22464679914735E-16,1.));
#6054=DIRECTION('',(0.,1.,0.));
#6055=DIRECTION('',(0.,1.22464679914735E-16,1.));
#6056=DIRECTION('center_axis',(0.,0.,1.));
#6057=DIRECTION('ref_axis',(1.,0.,0.));
#6058=DIRECTION('',(0.,1.,0.));
#6059=DIRECTION('',(1.,0.,0.));
#6060=DIRECTION('center_axis',(-1.,0.,0.));
#6061=DIRECTION('ref_axis',(0.,1.22464679914735E-16,1.));
#6062=DIRECTION('',(0.,1.,0.));
#6063=DIRECTION('',(0.,1.22464679914735E-16,1.));
#6064=DIRECTION('center_axis',(0.,0.,1.));
#6065=DIRECTION('ref_axis',(1.,0.,0.));
#6066=DIRECTION('',(-1.,0.,0.));
#6067=DIRECTION('',(0.,1.,0.));
#6068=DIRECTION('',(1.,0.,0.));
#6069=DIRECTION('',(0.,-1.,0.));
#6070=DIRECTION('center_axis',(-1.,0.,0.));
#6071=DIRECTION('ref_axis',(0.,-1.8607661461806E-16,1.));
#6072=DIRECTION('',(0.,-1.22464679914735E-16,-1.));
#6073=DIRECTION('',(0.,1.,0.));
#6074=DIRECTION('',(0.,1.22464679914735E-16,1.));
#6075=DIRECTION('center_axis',(0.,0.,-1.));
#6076=DIRECTION('ref_axis',(-1.,1.63747420863901E-15,0.));
#6077=DIRECTION('',(1.,0.,0.));
#6078=DIRECTION('',(0.,1.,0.));
#6079=DIRECTION('',(-1.,0.,0.));
#6080=DIRECTION('center_axis',(0.,1.,-1.22464679914735E-16));
#6081=DIRECTION('ref_axis',(1.,0.,0.));
#6082=DIRECTION('',(-3.2622601063087E-15,-1.22464675356499E-16,-1.));
#6083=DIRECTION('',(-1.,0.,0.));
#6084=DIRECTION('',(0.,1.8607661461806E-16,1.));
#6085=DIRECTION('',(1.,-1.63747420863901E-15,0.));
#6086=DIRECTION('',(-3.2622601063087E-15,-1.22464675356499E-16,-1.));
#6087=DIRECTION('center_axis',(-2.73842970747242E-22,1.,-1.2258840317249E-16));
#6088=DIRECTION('ref_axis',(0.00221334537217154,1.22588103504206E-16,0.999997550548132));
#6089=DIRECTION('',(1.,0.,-3.57130647241622E-16));
#6090=DIRECTION('',(0.,0.,1.));
#6091=DIRECTION('',(1.,0.,0.));
#6092=DIRECTION('',(0.,0.,-1.));
#6093=DIRECTION('',(1.,0.,-3.57130647241622E-16));
#6094=DIRECTION('',(0.,0.,-1.));
#6095=DIRECTION('',(-1.,0.,0.));
#6096=DIRECTION('',(0.,0.,1.));
#6097=DIRECTION('',(1.,0.,-3.57130647241622E-16));
#6098=DIRECTION('center_axis',(-1.96898871976465E-21,1.,-1.22464679165173E-16));
#6099=DIRECTION('ref_axis',(-0.999999927539842,4.46513557763736E-20,0.000380684003512444));
#6100=DIRECTION('',(1.40312267795853E-15,1.22464679859209E-16,1.));
#6101=DIRECTION('',(1.,9.49157384727202E-16,0.));
#6102=DIRECTION('',(0.,0.,-1.));
#6103=DIRECTION('',(-1.,0.,0.));
#6104=DIRECTION('',(1.40312267795853E-15,1.22464679859209E-16,1.));
#6105=DIRECTION('',(-1.,0.,0.));
#6106=DIRECTION('',(0.,1.22464679914735E-16,1.));
#6107=DIRECTION('',(1.,0.,0.));
#6108=DIRECTION('',(1.40312267795853E-15,1.22464679859209E-16,1.));
#6109=DIRECTION('',(-1.,0.,0.));
#6110=DIRECTION('',(1.26877797331986E-15,-1.22464679914735E-16,-1.));
#6111=DIRECTION('',(-1.,0.,0.));
#6112=DIRECTION('',(0.,1.22464679914735E-16,1.));
#6113=DIRECTION('',(1.,0.,0.));
#6114=DIRECTION('',(1.26887166523401E-15,-1.22464679914735E-16,-1.));
#6115=DIRECTION('',(-1.,0.,0.));
#6116=DIRECTION('',(0.,1.22464679914735E-16,1.));
#6117=DIRECTION('',(1.,0.,0.));
#6118=DIRECTION('',(0.,0.,-1.));
#6119=DIRECTION('',(-1.,0.,-7.85613102817098E-15));
#6120=DIRECTION('',(0.,-6.62706982889712E-15,-1.));
#6121=DIRECTION('',(-1.,0.,0.));
#6122=DIRECTION('',(-3.2622601063087E-15,-1.22464675356499E-16,-1.));
#6123=DIRECTION('',(0.,-1.22464679914735E-16,-1.));
#6124=DIRECTION('',(-1.,0.,0.));
#6125=DIRECTION('',(0.,1.22464679914735E-16,1.));
#6126=DIRECTION('',(1.,0.,0.));
#6127=DIRECTION('',(0.,1.22464679914735E-16,1.));
#6128=DIRECTION('',(1.,0.,0.));
#6129=DIRECTION('',(0.,-1.22464679914735E-16,-1.));
#6130=DIRECTION('',(-1.,0.,0.));
#6131=DIRECTION('',(-1.,0.,0.));
#6132=DIRECTION('',(-1.26889629906631E-15,1.22464679914735E-16,1.));
#6133=DIRECTION('',(1.,0.,0.));
#6134=DIRECTION('',(0.,-1.22464679914735E-16,-1.));
#6135=DIRECTION('',(1.,0.,0.));
#6136=DIRECTION('',(0.,-1.22464679914735E-16,-1.));
#6137=DIRECTION('',(-1.,0.,0.));
#6138=DIRECTION('',(0.,1.22464679914735E-16,1.));
#6139=DIRECTION('',(-1.26889629906631E-15,-1.22464679914735E-16,-1.));
#6140=DIRECTION('',(-1.,0.,0.));
#6141=DIRECTION('',(1.26889629906631E-15,1.22464679914735E-16,1.));
#6142=DIRECTION('',(1.,0.,0.));
#6143=DIRECTION('',(0.,1.22464679914735E-16,1.));
#6144=DIRECTION('',(1.,0.,0.));
#6145=DIRECTION('',(0.,-1.22464679914735E-16,-1.));
#6146=DIRECTION('',(-1.,0.,0.));
#6147=DIRECTION('',(-1.,0.,0.));
#6148=DIRECTION('',(1.26889629906631E-15,1.22464679914735E-16,1.));
#6149=DIRECTION('',(1.,0.,0.));
#6150=DIRECTION('',(-1.26889629906631E-15,-1.22464679914735E-16,-1.));
#6151=DIRECTION('',(1.,0.,0.));
#6152=DIRECTION('',(0.,-1.22464679914735E-16,-1.));
#6153=DIRECTION('',(-1.,0.,0.));
#6154=DIRECTION('',(0.,1.22464679914735E-16,1.));
#6155=DIRECTION('',(-1.,0.,0.));
#6156=DIRECTION('',(0.,1.22464679914735E-16,1.));
#6157=DIRECTION('',(1.,0.,0.));
#6158=DIRECTION('',(0.,-1.22464679914735E-16,-1.));
#6159=DIRECTION('',(1.,0.,0.));
#6160=DIRECTION('',(1.26877797331986E-15,-1.22464679914735E-16,-1.));
#6161=DIRECTION('',(-1.,0.,0.));
#6162=DIRECTION('',(-1.26877797331986E-15,1.22464679914735E-16,1.));
#6163=DIRECTION('',(1.26889629906631E-15,1.22464679914735E-16,1.));
#6164=DIRECTION('',(1.,0.,0.));
#6165=DIRECTION('',(-1.26889629906631E-15,-1.22464679914735E-16,-1.));
#6166=DIRECTION('',(-1.,0.,0.));
#6167=DIRECTION('',(0.,-1.22464679914735E-16,-1.));
#6168=DIRECTION('',(-1.,0.,0.));
#6169=DIRECTION('',(0.,1.22464679914735E-16,1.));
#6170=DIRECTION('',(1.,0.,0.));
#6171=DIRECTION('',(0.,-1.22464679914735E-16,-1.));
#6172=DIRECTION('',(-1.,0.,0.));
#6173=DIRECTION('',(0.,1.22464679914735E-16,1.));
#6174=DIRECTION('',(1.,0.,0.));
#6175=DIRECTION('',(-1.26877797331986E-15,1.22464679914735E-16,1.));
#6176=DIRECTION('',(1.,0.,0.));
#6177=DIRECTION('',(1.26877797331986E-15,-1.22464679914735E-16,-1.));
#6178=DIRECTION('',(-1.,0.,0.));
#6179=DIRECTION('center_axis',(0.,-1.,1.22464679914735E-16));
#6180=DIRECTION('ref_axis',(1.,0.,0.));
#6181=DIRECTION('center_axis',(0.,-1.,1.22464679914735E-16));
#6182=DIRECTION('ref_axis',(-1.,0.,0.));
#6183=DIRECTION('',(0.,-1.22464679914735E-16,-1.));
#6184=DIRECTION('',(-1.,0.,0.));
#6185=DIRECTION('',(-1.26889629906631E-15,1.22464679914735E-16,1.));
#6186=DIRECTION('',(1.,0.,0.));
#6187=DIRECTION('',(0.,1.22464679914735E-16,1.));
#6188=DIRECTION('',(1.,0.,0.));
#6189=DIRECTION('',(-1.26877797331986E-15,-1.22464679914735E-16,-1.));
#6190=DIRECTION('',(-1.,0.,0.));
#6191=DIRECTION('',(0.,1.22464679914736E-16,1.));
#6192=DIRECTION('',(-1.,0.,0.));
#6193=DIRECTION('',(0.,1.22464679914735E-16,1.));
#6194=DIRECTION('',(1.,0.,0.));
#6195=DIRECTION('',(0.,1.22464679914736E-16,1.));
#6196=DIRECTION('',(1.,0.,0.));
#6197=DIRECTION('',(0.,1.22464679914735E-16,1.));
#6198=DIRECTION('',(1.,0.,0.));
#6199=DIRECTION('',(0.,-1.22464679914735E-16,-1.));
#6200=DIRECTION('',(1.,0.,0.));
#6201=DIRECTION('',(1.,0.,0.));
#6202=DIRECTION('',(0.,-1.22464679914735E-16,-1.));
#6203=DIRECTION('',(1.,0.,0.));
#6204=DIRECTION('',(2.83314402947532E-15,-1.22464679914736E-16,-1.));
#6205=DIRECTION('',(1.,0.,0.));
#6206=DIRECTION('',(0.,-1.22464679914735E-16,-1.));
#6207=DIRECTION('',(-1.,0.,0.));
#6208=DIRECTION('',(0.,-1.22464679914736E-16,-1.));
#6209=DIRECTION('',(-1.,0.,0.));
#6210=DIRECTION('',(0.,-1.22464679914734E-16,-1.));
#6211=DIRECTION('',(-1.,0.,0.));
#6212=DIRECTION('',(0.,1.22464679914734E-16,1.));
#6213=DIRECTION('',(-1.,0.,0.));
#6214=DIRECTION('',(5.49937514535254E-15,1.22464679914736E-16,1.));
#6215=DIRECTION('',(-1.,0.,0.));
#6216=DIRECTION('',(0.,-1.22464679914735E-16,-1.));
#6217=DIRECTION('center_axis',(0.,-1.,0.));
#6218=DIRECTION('ref_axis',(1.,0.,0.));
#6219=DIRECTION('',(-1.,0.,0.));
#6220=DIRECTION('',(-1.26886890262088E-15,1.22464679914735E-16,1.));
#6221=DIRECTION('',(1.,0.,0.));
#6222=DIRECTION('',(0.,1.22464679914735E-16,1.));
#6223=DIRECTION('',(-1.,0.,0.));
#6224=DIRECTION('',(-5.38220354409477E-15,1.22464679914735E-16,1.));
#6225=DIRECTION('',(1.,0.,0.));
#6226=DIRECTION('',(0.,1.22464679914736E-16,1.));
#6227=DIRECTION('',(1.,0.,0.));
#6228=DIRECTION('',(0.,1.22464679914737E-16,1.));
#6229=DIRECTION('',(1.,0.,0.));
#6230=DIRECTION('',(0.,-1.22464679914737E-16,-1.));
#6231=DIRECTION('',(1.,0.,0.));
#6232=DIRECTION('',(0.,-1.22464679914736E-16,-1.));
#6233=DIRECTION('',(1.,0.,0.));
#6234=DIRECTION('',(0.,-1.22464679914735E-16,-1.));
#6235=DIRECTION('',(-1.,0.,0.));
#6236=DIRECTION('',(-1.0304389284579E-14,-1.22464679914736E-16,-1.));
#6237=DIRECTION('',(0.,-1.22464679914736E-16,-1.));
#6238=DIRECTION('',(-1.,0.,0.));
#6239=DIRECTION('',(0.,-1.22464679914735E-16,-1.));
#6240=DIRECTION('',(-1.,0.,0.));
#6241=DIRECTION('',(0.,-1.22464679914735E-16,-1.));
#6242=DIRECTION('',(-1.,0.,0.));
#6243=DIRECTION('',(0.,1.22464679914735E-16,1.));
#6244=DIRECTION('',(-1.,0.,0.));
#6245=DIRECTION('',(0.,1.22464679914735E-16,1.));
#6246=DIRECTION('',(-1.,2.14504140134982E-30,0.));
#6247=DIRECTION('',(-5.38223668140623E-15,1.22464679914735E-16,1.));
#6248=DIRECTION('',(1.26887166523401E-15,1.22464679914735E-16,1.));
#6249=DIRECTION('',(1.,0.,0.));
#6250=DIRECTION('',(-1.26887166523401E-15,-1.22464679914735E-16,-1.));
#6251=DIRECTION('',(-1.,0.,0.));
#6252=DIRECTION('',(-1.26877797331986E-15,-1.22464679914735E-16,-1.));
#6253=DIRECTION('',(-1.,0.,0.));
#6254=DIRECTION('',(1.26877797331986E-15,1.22464679914735E-16,1.));
#6255=DIRECTION('',(1.,0.,0.));
#6256=DIRECTION('',(-1.,0.,0.));
#6257=DIRECTION('',(-1.26887811137811E-15,1.22464679914736E-16,1.));
#6258=DIRECTION('',(1.,0.,0.));
#6259=DIRECTION('',(0.,-1.22464679914736E-16,-1.));
#6260=DIRECTION('',(1.,-1.40863163025292E-31,0.));
#6261=DIRECTION('',(1.26877797331986E-15,-1.22464679914735E-16,-1.));
#6262=DIRECTION('',(-1.,0.,0.));
#6263=DIRECTION('',(0.,1.22464679914736E-16,1.));
#6264=DIRECTION('',(1.,0.,0.));
#6265=DIRECTION('',(0.,-1.22464679914736E-16,-1.));
#6266=DIRECTION('',(-1.,0.,0.));
#6267=DIRECTION('',(0.,1.22464679914736E-16,1.));
#6268=DIRECTION('',(-1.,0.,0.));
#6269=DIRECTION('',(1.26877797331986E-15,1.22464679914736E-16,1.));
#6270=DIRECTION('',(1.,0.,0.));
#6271=DIRECTION('',(-1.26877797331986E-15,-1.22464679914736E-16,-1.));
#6272=DIRECTION('center_axis',(0.,-1.,1.22464679914735E-16));
#6273=DIRECTION('ref_axis',(1.,0.,0.));
#6274=DIRECTION('center_axis',(0.,-1.,0.));
#6275=DIRECTION('ref_axis',(1.,0.,0.));
#6276=DIRECTION('center_axis',(0.,-1.,0.));
#6277=DIRECTION('ref_axis',(1.,0.,0.));
#6278=DIRECTION('',(-1.26889629906631E-15,-1.22464679914735E-16,-1.));
#6279=DIRECTION('',(-1.,0.,0.));
#6280=DIRECTION('',(1.26889629906631E-15,1.22464679914735E-16,1.));
#6281=DIRECTION('',(1.,0.,0.));
#6282=DIRECTION('',(0.,1.22464679914735E-16,1.));
#6283=DIRECTION('',(1.,0.,0.));
#6284=DIRECTION('',(0.,-1.22464679914735E-16,-1.));
#6285=DIRECTION('',(-1.,0.,0.));
#6286=DIRECTION('',(-1.26887811137811E-15,-1.22464679914736E-16,-1.));
#6287=DIRECTION('',(-1.,0.,0.));
#6288=DIRECTION('',(1.26887811137811E-15,1.22464679914736E-16,1.));
#6289=DIRECTION('',(1.,0.,0.));
#6290=DIRECTION('',(1.26877797331986E-15,1.22464679914735E-16,1.));
#6291=DIRECTION('',(1.,0.,0.));
#6292=DIRECTION('',(-1.26877797331986E-15,-1.22464679914735E-16,-1.));
#6293=DIRECTION('',(-1.,0.,0.));
#6294=DIRECTION('center_axis',(1.,0.,-3.2622601063087E-15));
#6295=DIRECTION('ref_axis',(-3.2622601063087E-15,-1.22464675356499E-16,
-1.));
#6296=DIRECTION('',(-3.2622601063087E-15,-1.22464675356499E-16,-1.));
#6297=DIRECTION('',(0.,1.,0.));
#6298=DIRECTION('center_axis',(0.,0.,-1.));
#6299=DIRECTION('ref_axis',(-1.,-9.49157384727202E-16,0.));
#6300=DIRECTION('',(0.,1.,0.));
#6301=DIRECTION('',(-1.,0.,0.));
#6302=DIRECTION('',(0.,-1.,0.));
#6303=DIRECTION('center_axis',(1.,0.,0.));
#6304=DIRECTION('ref_axis',(0.,0.,-1.));
#6305=DIRECTION('',(0.,1.,0.));
#6306=DIRECTION('',(0.,-1.22464679914735E-16,-1.));
#6307=DIRECTION('center_axis',(0.,0.,1.));
#6308=DIRECTION('ref_axis',(1.,0.,0.));
#6309=DIRECTION('',(0.,1.,0.));
#6310=DIRECTION('',(1.,0.,0.));
#6311=DIRECTION('center_axis',(0.,1.,-1.22464679914735E-16));
#6312=DIRECTION('ref_axis',(1.,0.,0.));
#6313=DIRECTION('',(-3.2622601063087E-15,-1.22464675356499E-16,-1.));
#6314=DIRECTION('',(-1.,0.,0.));
#6315=DIRECTION('',(0.,-6.62706982889712E-15,-1.));
#6316=DIRECTION('',(-1.,0.,-7.85613102817098E-15));
#6317=DIRECTION('',(0.,0.,1.));
#6318=DIRECTION('',(1.,0.,0.));
#6319=DIRECTION('',(0.,1.22464679914735E-16,1.));
#6320=DIRECTION('',(1.,0.,0.));
#6321=DIRECTION('',(-1.26887166523401E-15,1.22464679914735E-16,1.));
#6322=DIRECTION('',(-1.,0.,0.));
#6323=DIRECTION('',(0.,-1.22464679914735E-16,-1.));
#6324=DIRECTION('',(-1.,0.,0.));
#6325=DIRECTION('',(1.26877797331986E-15,-1.22464679914735E-16,-1.));
#6326=DIRECTION('',(-1.,0.,0.));
#6327=DIRECTION('',(1.40312267795853E-15,1.22464679859209E-16,1.));
#6328=DIRECTION('',(1.40312267795853E-15,1.22464679859209E-16,1.));
#6329=DIRECTION('',(1.,0.,0.));
#6330=DIRECTION('',(0.,0.,1.));
#6331=DIRECTION('',(-1.,-9.49157384727202E-16,0.));
#6332=DIRECTION('',(1.40312267795853E-15,1.22464679859209E-16,1.));
#6333=DIRECTION('center_axis',(-1.96898871976465E-21,1.,-1.22464679165173E-16));
#6334=DIRECTION('ref_axis',(-0.999999927539842,4.46513557763736E-20,0.000380684003512444));
#6335=DIRECTION('',(1.,0.,-3.57130647241622E-16));
#6336=DIRECTION('',(0.,0.,-1.));
#6337=DIRECTION('',(1.,0.,0.));
#6338=DIRECTION('',(0.,0.,1.));
#6339=DIRECTION('',(1.,0.,-3.57130647241622E-16));
#6340=DIRECTION('',(0.,0.,-1.));
#6341=DIRECTION('',(1.,0.,0.));
#6342=DIRECTION('',(0.,0.,1.));
#6343=DIRECTION('',(1.,0.,-3.57130647241622E-16));
#6344=DIRECTION('center_axis',(-2.73842970747242E-22,1.,-1.2258840317249E-16));
#6345=DIRECTION('ref_axis',(0.00221334537217154,1.22588103504206E-16,0.999997550548132));
#6346=DIRECTION('',(-3.2622601063087E-15,-1.22464675356499E-16,-1.));
#6347=DIRECTION('',(-1.,1.63747420863901E-15,0.));
#6348=DIRECTION('',(0.,-1.8607661461806E-16,-1.));
#6349=DIRECTION('',(1.,0.,0.));
#6350=DIRECTION('',(-1.,0.,0.));
#6351=DIRECTION('',(0.,1.22464679914735E-16,1.));
#6352=DIRECTION('',(1.,0.,0.));
#6353=DIRECTION('',(-1.26886890262088E-15,1.22464679914735E-16,1.));
#6354=DIRECTION('',(-1.,0.,0.));
#6355=DIRECTION('',(0.,1.22464679914735E-16,1.));
#6356=DIRECTION('',(-1.,0.,0.));
#6357=DIRECTION('',(0.,-1.22464679914735E-16,-1.));
#6358=DIRECTION('',(-1.,0.,0.));
#6359=DIRECTION('',(1.,0.,0.));
#6360=DIRECTION('',(0.,-1.22464679914737E-16,-1.));
#6361=DIRECTION('',(1.,0.,0.));
#6362=DIRECTION('',(0.,1.22464679914737E-16,1.));
#6363=DIRECTION('',(1.,0.,0.));
#6364=DIRECTION('',(0.,-1.22464679914735E-16,-1.));
#6365=DIRECTION('',(-1.,0.,0.));
#6366=DIRECTION('',(0.,-1.22464679914735E-16,-1.));
#6367=DIRECTION('',(1.,0.,0.));
#6368=DIRECTION('',(2.83314402947532E-15,-1.22464679914736E-16,-1.));
#6369=DIRECTION('',(0.,1.22464679914735E-16,1.));
#6370=DIRECTION('',(1.,0.,0.));
#6371=DIRECTION('',(0.,1.22464679914735E-16,1.));
#6372=DIRECTION('',(-1.,0.,0.));
#6373=DIRECTION('',(0.,1.22464679914736E-16,1.));
#6374=DIRECTION('',(0.,-1.22464679914735E-16,-1.));
#6375=DIRECTION('',(-1.,0.,0.));
#6376=DIRECTION('',(0.,-1.22464679914735E-16,-1.));
#6377=DIRECTION('',(1.,0.,0.));
#6378=DIRECTION('',(0.,1.22464679914735E-16,1.));
#6379=DIRECTION('',(1.,0.,0.));
#6380=DIRECTION('',(0.,1.22464679914735E-16,1.));
#6381=DIRECTION('',(-1.,0.,0.));
#6382=DIRECTION('',(-1.,0.,0.));
#6383=DIRECTION('',(0.,1.22464679914735E-16,1.));
#6384=DIRECTION('',(-1.,0.,0.));
#6385=DIRECTION('',(0.,-1.22464679914735E-16,-1.));
#6386=DIRECTION('',(1.,0.,0.));
#6387=DIRECTION('',(0.,-1.22464679914735E-16,-1.));
#6388=DIRECTION('',(1.,0.,0.));
#6389=DIRECTION('',(-1.26889629906631E-15,1.22464679914735E-16,1.));
#6390=DIRECTION('',(-1.26889629906631E-15,-1.22464679914735E-16,-1.));
#6391=DIRECTION('',(-1.,0.,0.));
#6392=DIRECTION('',(0.,-1.22464679914735E-16,-1.));
#6393=DIRECTION('',(1.,0.,0.));
#6394=DIRECTION('',(0.,1.22464679914735E-16,1.));
#6395=DIRECTION('',(1.,0.,0.));
#6396=DIRECTION('',(1.26889629906631E-15,1.22464679914735E-16,1.));
#6397=DIRECTION('',(-1.,0.,0.));
#6398=DIRECTION('',(-1.,0.,0.));
#6399=DIRECTION('',(0.,1.22464679914735E-16,1.));
#6400=DIRECTION('',(-1.,0.,0.));
#6401=DIRECTION('',(0.,-1.22464679914735E-16,-1.));
#6402=DIRECTION('',(1.,0.,0.));
#6403=DIRECTION('',(-1.26889629906631E-15,-1.22464679914735E-16,-1.));
#6404=DIRECTION('',(1.,0.,0.));
#6405=DIRECTION('',(1.26889629906631E-15,1.22464679914735E-16,1.));
#6406=DIRECTION('',(-1.,0.,0.));
#6407=DIRECTION('',(-1.26877797331986E-15,1.22464679914735E-16,1.));
#6408=DIRECTION('',(-1.,0.,0.));
#6409=DIRECTION('',(1.26877797331986E-15,-1.22464679914735E-16,-1.));
#6410=DIRECTION('',(1.,0.,0.));
#6411=DIRECTION('',(0.,-1.22464679914735E-16,-1.));
#6412=DIRECTION('',(1.,0.,0.));
#6413=DIRECTION('',(0.,1.22464679914735E-16,1.));
#6414=DIRECTION('',(1.26889629906631E-15,1.22464679914735E-16,1.));
#6415=DIRECTION('',(1.,0.,0.));
#6416=DIRECTION('',(0.,1.22464679914735E-16,1.));
#6417=DIRECTION('',(-1.,0.,0.));
#6418=DIRECTION('',(0.,-1.22464679914735E-16,-1.));
#6419=DIRECTION('',(-1.,0.,0.));
#6420=DIRECTION('',(-1.26889629906631E-15,-1.22464679914735E-16,-1.));
#6421=DIRECTION('',(1.,0.,0.));
#6422=DIRECTION('',(0.,-1.22464679914735E-16,-1.));
#6423=DIRECTION('',(-1.,0.,0.));
#6424=DIRECTION('',(1.26877797331986E-15,-1.22464679914735E-16,-1.));
#6425=DIRECTION('',(1.,0.,0.));
#6426=DIRECTION('',(-1.26877797331986E-15,1.22464679914735E-16,1.));
#6427=DIRECTION('',(1.,0.,0.));
#6428=DIRECTION('',(0.,1.22464679914735E-16,1.));
#6429=DIRECTION('',(-1.,0.,0.));
#6430=DIRECTION('center_axis',(0.,-1.,1.22464679914735E-16));
#6431=DIRECTION('ref_axis',(1.,0.,0.));
#6432=DIRECTION('center_axis',(0.,-1.,1.22464679914735E-16));
#6433=DIRECTION('ref_axis',(-1.,0.,0.));
#6434=DIRECTION('',(0.,-1.22464679914735E-16,-1.));
#6435=DIRECTION('',(-1.,0.,0.));
#6436=DIRECTION('',(-1.26877797331986E-15,-1.22464679914735E-16,-1.));
#6437=DIRECTION('',(1.,0.,0.));
#6438=DIRECTION('',(0.,1.22464679914735E-16,1.));
#6439=DIRECTION('',(1.,0.,0.));
#6440=DIRECTION('',(-1.26889629906631E-15,1.22464679914735E-16,1.));
#6441=DIRECTION('',(-1.,0.,0.));
#6442=DIRECTION('center_axis',(0.,-1.,0.));
#6443=DIRECTION('ref_axis',(1.,0.,0.));
#6444=DIRECTION('',(1.26887166523401E-15,1.22464679914735E-16,1.));
#6445=DIRECTION('',(1.,0.,0.));
#6446=DIRECTION('',(1.26877797331986E-15,1.22464679914735E-16,1.));
#6447=DIRECTION('',(-1.,0.,0.));
#6448=DIRECTION('',(-1.26877797331986E-15,-1.22464679914735E-16,-1.));
#6449=DIRECTION('',(-1.,0.,0.));
#6450=DIRECTION('',(-1.26887166523401E-15,-1.22464679914735E-16,-1.));
#6451=DIRECTION('',(1.,0.,0.));
#6452=DIRECTION('',(-1.,0.,0.));
#6453=DIRECTION('',(0.,1.22464679914736E-16,1.));
#6454=DIRECTION('',(-1.,0.,0.));
#6455=DIRECTION('',(1.26877797331986E-15,-1.22464679914735E-16,-1.));
#6456=DIRECTION('',(1.,-1.40863163025292E-31,0.));
#6457=DIRECTION('',(0.,-1.22464679914736E-16,-1.));
#6458=DIRECTION('',(1.,0.,0.));
#6459=DIRECTION('',(-1.26887811137811E-15,1.22464679914736E-16,1.));
#6460=DIRECTION('',(1.,0.,0.));
#6461=DIRECTION('',(-1.26877797331986E-15,-1.22464679914736E-16,-1.));
#6462=DIRECTION('',(1.,0.,0.));
#6463=DIRECTION('',(1.26877797331986E-15,1.22464679914736E-16,1.));
#6464=DIRECTION('',(-1.,0.,0.));
#6465=DIRECTION('',(0.,1.22464679914736E-16,1.));
#6466=DIRECTION('',(-1.,0.,0.));
#6467=DIRECTION('',(0.,-1.22464679914736E-16,-1.));
#6468=DIRECTION('center_axis',(0.,-1.,1.22464679914735E-16));
#6469=DIRECTION('ref_axis',(1.,0.,0.));
#6470=DIRECTION('center_axis',(0.,-1.,0.));
#6471=DIRECTION('ref_axis',(1.,0.,0.));
#6472=DIRECTION('center_axis',(0.,-1.,0.));
#6473=DIRECTION('ref_axis',(1.,0.,0.));
#6474=DIRECTION('',(-1.26889629906631E-15,-1.22464679914735E-16,-1.));
#6475=DIRECTION('',(-1.,0.,0.));
#6476=DIRECTION('',(0.,-1.22464679914735E-16,-1.));
#6477=DIRECTION('',(1.,0.,0.));
#6478=DIRECTION('',(0.,1.22464679914735E-16,1.));
#6479=DIRECTION('',(1.,0.,0.));
#6480=DIRECTION('',(1.26889629906631E-15,1.22464679914735E-16,1.));
#6481=DIRECTION('',(-1.,0.,0.));
#6482=DIRECTION('',(-1.26887811137811E-15,-1.22464679914736E-16,-1.));
#6483=DIRECTION('',(-1.,0.,0.));
#6484=DIRECTION('',(-1.26877797331986E-15,-1.22464679914735E-16,-1.));
#6485=DIRECTION('',(1.,0.,0.));
#6486=DIRECTION('',(1.26877797331986E-15,1.22464679914735E-16,1.));
#6487=DIRECTION('',(1.,0.,0.));
#6488=DIRECTION('',(1.26887811137811E-15,1.22464679914736E-16,1.));
#6489=DIRECTION('',(-1.,0.,0.));
#6490=DIRECTION('center_axis',(-1.,0.,1.40312267795853E-15));
#6491=DIRECTION('ref_axis',(1.40312267795853E-15,1.22464679859209E-16,1.));
#6492=DIRECTION('',(0.,1.,0.));
#6493=DIRECTION('center_axis',(0.,0.,-1.));
#6494=DIRECTION('ref_axis',(-1.,0.,0.));
#6495=DIRECTION('',(0.,1.,0.));
#6496=DIRECTION('',(0.,1.,0.));
#6497=DIRECTION('center_axis',(-1.,0.,0.));
#6498=DIRECTION('ref_axis',(0.,1.22464679914735E-16,1.));
#6499=DIRECTION('',(0.,1.,0.));
#6500=DIRECTION('center_axis',(0.,0.,1.));
#6501=DIRECTION('ref_axis',(1.,0.,0.));
#6502=DIRECTION('',(0.,1.,0.));
#6503=DIRECTION('center_axis',(-1.,0.,0.));
#6504=DIRECTION('ref_axis',(0.,1.22464679914735E-16,1.));
#6505=DIRECTION('',(0.,1.,0.));
#6506=DIRECTION('center_axis',(0.,0.,1.));
#6507=DIRECTION('ref_axis',(1.,0.,0.));
#6508=DIRECTION('',(0.,1.,0.));
#6509=DIRECTION('center_axis',(1.,0.,0.));
#6510=DIRECTION('ref_axis',(0.,-1.22464679914735E-16,-1.));
#6511=DIRECTION('',(0.,1.,0.));
#6512=DIRECTION('center_axis',(0.,0.,-1.));
#6513=DIRECTION('ref_axis',(-1.,0.,0.));
#6514=DIRECTION('',(0.,1.,0.));
#6515=DIRECTION('center_axis',(1.,0.,0.));
#6516=DIRECTION('ref_axis',(0.,-1.22464679914735E-16,-1.));
#6517=DIRECTION('center_axis',(-1.,0.,-1.26889629906631E-15));
#6518=DIRECTION('ref_axis',(-1.26889629906631E-15,1.22464679914735E-16,
1.));
#6519=DIRECTION('',(0.,1.,0.));
#6520=DIRECTION('',(0.,1.,0.));
#6521=DIRECTION('center_axis',(0.,0.,1.));
#6522=DIRECTION('ref_axis',(1.,0.,0.));
#6523=DIRECTION('',(0.,1.,0.));
#6524=DIRECTION('center_axis',(1.,0.,0.));
#6525=DIRECTION('ref_axis',(0.,-1.22464679914735E-16,-1.));
#6526=DIRECTION('',(0.,1.,0.));
#6527=DIRECTION('center_axis',(0.,0.,1.));
#6528=DIRECTION('ref_axis',(1.,0.,0.));
#6529=DIRECTION('',(0.,1.,0.));
#6530=DIRECTION('center_axis',(1.,0.,0.));
#6531=DIRECTION('ref_axis',(0.,-1.22464679914735E-16,-1.));
#6532=DIRECTION('',(0.,1.,0.));
#6533=DIRECTION('center_axis',(0.,0.,-1.));
#6534=DIRECTION('ref_axis',(-1.,0.,0.));
#6535=DIRECTION('',(0.,1.,0.));
#6536=DIRECTION('center_axis',(-1.,0.,0.));
#6537=DIRECTION('ref_axis',(0.,1.22464679914735E-16,1.));
#6538=DIRECTION('',(0.,1.,0.));
#6539=DIRECTION('center_axis',(0.,0.,-1.));
#6540=DIRECTION('ref_axis',(-1.,0.,0.));
#6541=DIRECTION('center_axis',(0.,0.,-1.));
#6542=DIRECTION('ref_axis',(-1.,0.,0.));
#6543=DIRECTION('',(0.,1.,0.));
#6544=DIRECTION('',(0.,1.,0.));
#6545=DIRECTION('center_axis',(-1.,0.,1.26889629906631E-15));
#6546=DIRECTION('ref_axis',(1.26889629906631E-15,1.22464679914735E-16,1.));
#6547=DIRECTION('',(0.,1.,0.));
#6548=DIRECTION('center_axis',(0.,0.,1.));
#6549=DIRECTION('ref_axis',(1.,0.,0.));
#6550=DIRECTION('',(0.,1.,0.));
#6551=DIRECTION('center_axis',(-1.,0.,0.));
#6552=DIRECTION('ref_axis',(0.,1.22464679914735E-16,1.));
#6553=DIRECTION('',(0.,1.,0.));
#6554=DIRECTION('center_axis',(0.,0.,1.));
#6555=DIRECTION('ref_axis',(1.,0.,0.));
#6556=DIRECTION('',(0.,1.,0.));
#6557=DIRECTION('center_axis',(1.,0.,0.));
#6558=DIRECTION('ref_axis',(0.,-1.22464679914735E-16,-1.));
#6559=DIRECTION('',(0.,1.,0.));
#6560=DIRECTION('center_axis',(0.,0.,-1.));
#6561=DIRECTION('ref_axis',(-1.,0.,0.));
#6562=DIRECTION('',(0.,1.,0.));
#6563=DIRECTION('center_axis',(1.,0.,-1.26889629906631E-15));
#6564=DIRECTION('ref_axis',(-1.26889629906631E-15,-1.22464679914735E-16,
-1.));
#6565=DIRECTION('center_axis',(-1.,0.,1.26889629906631E-15));
#6566=DIRECTION('ref_axis',(1.26889629906631E-15,1.22464679914735E-16,1.));
#6567=DIRECTION('',(0.,1.,0.));
#6568=DIRECTION('',(0.,1.,0.));
#6569=DIRECTION('center_axis',(0.,0.,1.));
#6570=DIRECTION('ref_axis',(1.,0.,0.));
#6571=DIRECTION('',(0.,1.,0.));
#6572=DIRECTION('center_axis',(1.,0.,-1.26889629906631E-15));
#6573=DIRECTION('ref_axis',(-1.26889629906631E-15,-1.22464679914735E-16,
-1.));
#6574=DIRECTION('',(0.,1.,0.));
#6575=DIRECTION('center_axis',(0.,0.,1.));
#6576=DIRECTION('ref_axis',(1.,0.,0.));
#6577=DIRECTION('',(0.,1.,0.));
#6578=DIRECTION('center_axis',(1.,0.,0.));
#6579=DIRECTION('ref_axis',(0.,-1.22464679914735E-16,-1.));
#6580=DIRECTION('',(0.,1.,0.));
#6581=DIRECTION('center_axis',(0.,0.,-1.));
#6582=DIRECTION('ref_axis',(-1.,0.,0.));
#6583=DIRECTION('',(0.,1.,0.));
#6584=DIRECTION('center_axis',(-1.,0.,0.));
#6585=DIRECTION('ref_axis',(0.,1.22464679914735E-16,1.));
#6586=DIRECTION('',(0.,1.,0.));
#6587=DIRECTION('center_axis',(0.,0.,-1.));
#6588=DIRECTION('ref_axis',(-1.,0.,0.));
#6589=DIRECTION('center_axis',(-1.,0.,0.));
#6590=DIRECTION('ref_axis',(0.,1.22464679914735E-16,1.));
#6591=DIRECTION('',(0.,1.,0.));
#6592=DIRECTION('',(0.,1.,0.));
#6593=DIRECTION('center_axis',(0.,0.,1.));
#6594=DIRECTION('ref_axis',(1.,0.,0.));
#6595=DIRECTION('',(0.,1.,0.));
#6596=DIRECTION('center_axis',(1.,0.,0.));
#6597=DIRECTION('ref_axis',(0.,-1.22464679914735E-16,-1.));
#6598=DIRECTION('',(0.,1.,0.));
#6599=DIRECTION('center_axis',(0.,0.,1.));
#6600=DIRECTION('ref_axis',(1.,0.,0.));
#6601=DIRECTION('',(0.,1.,0.));
#6602=DIRECTION('center_axis',(1.,0.,1.26877797331986E-15));
#6603=DIRECTION('ref_axis',(1.26877797331986E-15,-1.22464679914735E-16,
-1.));
#6604=DIRECTION('',(0.,1.,0.));
#6605=DIRECTION('center_axis',(0.,0.,-1.));
#6606=DIRECTION('ref_axis',(-1.,0.,0.));
#6607=DIRECTION('',(0.,1.,0.));
#6608=DIRECTION('center_axis',(-1.,0.,-1.26877797331986E-15));
#6609=DIRECTION('ref_axis',(-1.26877797331986E-15,1.22464679914735E-16,
1.));
#6610=DIRECTION('',(0.,1.,0.));
#6611=DIRECTION('center_axis',(0.,0.,-1.));
#6612=DIRECTION('ref_axis',(-1.,0.,0.));
#6613=DIRECTION('center_axis',(0.,0.,1.));
#6614=DIRECTION('ref_axis',(1.,0.,0.));
#6615=DIRECTION('',(0.,1.,0.));
#6616=DIRECTION('',(0.,1.,0.));
#6617=DIRECTION('center_axis',(1.,0.,-1.26889629906631E-15));
#6618=DIRECTION('ref_axis',(-1.26889629906631E-15,-1.22464679914735E-16,
-1.));
#6619=DIRECTION('',(0.,1.,0.));
#6620=DIRECTION('center_axis',(0.,0.,-1.));
#6621=DIRECTION('ref_axis',(-1.,0.,0.));
#6622=DIRECTION('',(0.,1.,0.));
#6623=DIRECTION('center_axis',(1.,0.,0.));
#6624=DIRECTION('ref_axis',(0.,-1.22464679914735E-16,-1.));
#6625=DIRECTION('',(0.,1.,0.));
#6626=DIRECTION('center_axis',(0.,0.,-1.));
#6627=DIRECTION('ref_axis',(-1.,0.,0.));
#6628=DIRECTION('',(0.,1.,0.));
#6629=DIRECTION('center_axis',(-1.,0.,0.));
#6630=DIRECTION('ref_axis',(0.,1.22464679914735E-16,1.));
#6631=DIRECTION('',(0.,1.,0.));
#6632=DIRECTION('center_axis',(0.,0.,1.));
#6633=DIRECTION('ref_axis',(1.,0.,0.));
#6634=DIRECTION('',(0.,1.,0.));
#6635=DIRECTION('center_axis',(-1.,0.,1.26889629906631E-15));
#6636=DIRECTION('ref_axis',(1.26889629906631E-15,1.22464679914735E-16,1.));
#6637=DIRECTION('center_axis',(0.,0.,-1.));
#6638=DIRECTION('ref_axis',(-1.,0.,0.));
#6639=DIRECTION('',(0.,1.,0.));
#6640=DIRECTION('',(0.,1.,0.));
#6641=DIRECTION('center_axis',(-1.,0.,0.));
#6642=DIRECTION('ref_axis',(0.,1.22464679914735E-16,1.));
#6643=DIRECTION('',(0.,1.,0.));
#6644=DIRECTION('center_axis',(0.,0.,1.));
#6645=DIRECTION('ref_axis',(1.,0.,0.));
#6646=DIRECTION('',(0.,1.,0.));
#6647=DIRECTION('center_axis',(-1.,0.,-1.26877797331986E-15));
#6648=DIRECTION('ref_axis',(-1.26877797331986E-15,1.22464679914735E-16,
1.));
#6649=DIRECTION('',(0.,1.,0.));
#6650=DIRECTION('center_axis',(0.,0.,1.));
#6651=DIRECTION('ref_axis',(1.,0.,0.));
#6652=DIRECTION('',(0.,1.,0.));
#6653=DIRECTION('center_axis',(1.,0.,1.26877797331986E-15));
#6654=DIRECTION('ref_axis',(1.26877797331986E-15,-1.22464679914735E-16,
-1.));
#6655=DIRECTION('',(0.,1.,0.));
#6656=DIRECTION('center_axis',(0.,0.,-1.));
#6657=DIRECTION('ref_axis',(-1.,0.,0.));
#6658=DIRECTION('',(0.,1.,0.));
#6659=DIRECTION('center_axis',(1.,0.,0.));
#6660=DIRECTION('ref_axis',(0.,-1.22464679914735E-16,-1.));
#6661=DIRECTION('center_axis',(0.,1.,0.));
#6662=DIRECTION('ref_axis',(1.,0.,0.));
#6663=DIRECTION('',(0.,-1.,0.));
#6664=DIRECTION('center_axis',(0.,1.,0.));
#6665=DIRECTION('ref_axis',(-1.,0.,0.));
#6666=DIRECTION('',(0.,-1.,0.));
#6667=DIRECTION('center_axis',(0.,0.,-1.));
#6668=DIRECTION('ref_axis',(-1.,0.,0.));
#6669=DIRECTION('',(0.,1.,0.));
#6670=DIRECTION('',(0.,1.,0.));
#6671=DIRECTION('center_axis',(-1.,0.,-1.26889629906631E-15));
#6672=DIRECTION('ref_axis',(-1.26889629906631E-15,1.22464679914735E-16,
1.));
#6673=DIRECTION('',(0.,1.,0.));
#6674=DIRECTION('center_axis',(0.,0.,1.));
#6675=DIRECTION('ref_axis',(1.,0.,0.));
#6676=DIRECTION('',(0.,1.,0.));
#6677=DIRECTION('center_axis',(-1.,0.,0.));
#6678=DIRECTION('ref_axis',(0.,1.22464679914735E-16,1.));
#6679=DIRECTION('',(0.,1.,0.));
#6680=DIRECTION('center_axis',(0.,0.,1.));
#6681=DIRECTION('ref_axis',(1.,0.,0.));
#6682=DIRECTION('',(0.,1.,0.));
#6683=DIRECTION('center_axis',(1.,0.,-1.26877797331986E-15));
#6684=DIRECTION('ref_axis',(-1.26877797331986E-15,-1.22464679914735E-16,
-1.));
#6685=DIRECTION('',(0.,1.,0.));
#6686=DIRECTION('center_axis',(0.,0.,-1.));
#6687=DIRECTION('ref_axis',(-1.,0.,0.));
#6688=DIRECTION('',(0.,1.,0.));
#6689=DIRECTION('center_axis',(1.,0.,0.));
#6690=DIRECTION('ref_axis',(0.,-1.22464679914735E-16,-1.));
#6691=DIRECTION('center_axis',(-1.,0.,0.));
#6692=DIRECTION('ref_axis',(0.,1.22464679914736E-16,1.));
#6693=DIRECTION('',(0.,1.,0.));
#6694=DIRECTION('center_axis',(0.,0.,-1.));
#6695=DIRECTION('ref_axis',(-1.,0.,0.));
#6696=DIRECTION('',(0.,1.,0.));
#6697=DIRECTION('center_axis',(-1.,0.,0.));
#6698=DIRECTION('ref_axis',(0.,1.22464679914735E-16,1.));
#6699=DIRECTION('',(0.,1.,0.));
#6700=DIRECTION('center_axis',(0.,0.,1.));
#6701=DIRECTION('ref_axis',(1.,0.,0.));
#6702=DIRECTION('',(0.,1.,0.));
#6703=DIRECTION('center_axis',(-1.,0.,0.));
#6704=DIRECTION('ref_axis',(0.,1.22464679914736E-16,1.));
#6705=DIRECTION('',(0.,1.,0.));
#6706=DIRECTION('center_axis',(0.,0.,1.));
#6707=DIRECTION('ref_axis',(1.,0.,0.));
#6708=DIRECTION('',(0.,1.,0.));
#6709=DIRECTION('center_axis',(-1.,0.,0.));
#6710=DIRECTION('ref_axis',(0.,1.22464679914735E-16,1.));
#6711=DIRECTION('',(0.,1.,0.));
#6712=DIRECTION('center_axis',(0.,0.,1.));
#6713=DIRECTION('ref_axis',(1.,0.,0.));
#6714=DIRECTION('',(0.,1.,0.));
#6715=DIRECTION('center_axis',(1.,0.,0.));
#6716=DIRECTION('ref_axis',(0.,-1.22464679914735E-16,-1.));
#6717=DIRECTION('',(0.,1.,0.));
#6718=DIRECTION('center_axis',(0.,0.,1.));
#6719=DIRECTION('ref_axis',(1.,0.,0.));
#6720=DIRECTION('center_axis',(0.,0.,1.));
#6721=DIRECTION('ref_axis',(1.,0.,0.));
#6722=DIRECTION('',(0.,1.,0.));
#6723=DIRECTION('center_axis',(1.,0.,0.));
#6724=DIRECTION('ref_axis',(0.,-1.22464679914735E-16,-1.));
#6725=DIRECTION('',(0.,1.,0.));
#6726=DIRECTION('center_axis',(0.,0.,1.));
#6727=DIRECTION('ref_axis',(1.,0.,0.));
#6728=DIRECTION('',(0.,1.,0.));
#6729=DIRECTION('center_axis',(1.,0.,2.83314402947532E-15));
#6730=DIRECTION('ref_axis',(2.83314402947532E-15,-1.22464679914736E-16,
-1.));
#6731=DIRECTION('',(0.,1.,0.));
#6732=DIRECTION('center_axis',(0.,0.,1.));
#6733=DIRECTION('ref_axis',(1.,0.,0.));
#6734=DIRECTION('',(0.,1.,0.));
#6735=DIRECTION('center_axis',(1.,0.,0.));
#6736=DIRECTION('ref_axis',(0.,-1.22464679914735E-16,-1.));
#6737=DIRECTION('',(0.,1.,0.));
#6738=DIRECTION('center_axis',(0.,0.,-1.));
#6739=DIRECTION('ref_axis',(-1.,0.,0.));
#6740=DIRECTION('',(0.,1.,0.));
#6741=DIRECTION('center_axis',(1.,0.,0.));
#6742=DIRECTION('ref_axis',(0.,-1.22464679914736E-16,-1.));
#6743=DIRECTION('',(0.,1.,0.));
#6744=DIRECTION('center_axis',(0.,0.,-1.));
#6745=DIRECTION('ref_axis',(-1.,0.,0.));
#6746=DIRECTION('',(0.,1.,0.));
#6747=DIRECTION('center_axis',(1.,0.,0.));
#6748=DIRECTION('ref_axis',(0.,-1.22464679914734E-16,-1.));
#6749=DIRECTION('',(0.,1.,0.));
#6750=DIRECTION('center_axis',(0.,0.,-1.));
#6751=DIRECTION('ref_axis',(-1.,0.,0.));
#6752=DIRECTION('',(0.,1.,0.));
#6753=DIRECTION('center_axis',(-1.,0.,0.));
#6754=DIRECTION('ref_axis',(0.,1.22464679914734E-16,1.));
#6755=DIRECTION('',(0.,1.,0.));
#6756=DIRECTION('center_axis',(0.,0.,-1.));
#6757=DIRECTION('ref_axis',(-1.,0.,0.));
#6758=DIRECTION('',(0.,1.,0.));
#6759=DIRECTION('center_axis',(-1.,0.,5.49937514535254E-15));
#6760=DIRECTION('ref_axis',(5.49937514535254E-15,1.22464679914736E-16,1.));
#6761=DIRECTION('',(0.,1.,0.));
#6762=DIRECTION('center_axis',(0.,0.,-1.));
#6763=DIRECTION('ref_axis',(-1.,0.,0.));
#6764=DIRECTION('',(0.,1.,0.));
#6765=DIRECTION('center_axis',(1.,0.,0.));
#6766=DIRECTION('ref_axis',(0.,-1.22464679914735E-16,-1.));
#6767=DIRECTION('center_axis',(0.,1.,0.));
#6768=DIRECTION('ref_axis',(1.,0.,0.));
#6769=DIRECTION('',(0.,-1.,0.));
#6770=DIRECTION('center_axis',(0.,0.,-1.));
#6771=DIRECTION('ref_axis',(-1.,0.,0.));
#6772=DIRECTION('',(0.,1.,0.));
#6773=DIRECTION('center_axis',(-1.,0.,-1.26886890262088E-15));
#6774=DIRECTION('ref_axis',(-1.26886890262088E-15,1.22464679914735E-16,
1.));
#6775=DIRECTION('',(0.,-1.,0.));
#6776=DIRECTION('',(0.,1.,0.));
#6777=DIRECTION('center_axis',(0.,0.,1.));
#6778=DIRECTION('ref_axis',(1.,0.,0.));
#6779=DIRECTION('',(0.,1.,0.));
#6780=DIRECTION('center_axis',(-1.,0.,0.));
#6781=DIRECTION('ref_axis',(0.,1.22464679914735E-16,1.));
#6782=DIRECTION('',(0.,1.,0.));
#6783=DIRECTION('center_axis',(0.,0.,-1.));
#6784=DIRECTION('ref_axis',(-1.,0.,0.));
#6785=DIRECTION('center_axis',(-1.,0.,-5.38220354409477E-15));
#6786=DIRECTION('ref_axis',(-5.38220354409477E-15,1.22464679914735E-16,
1.));
#6787=DIRECTION('',(0.,1.,0.));
#6788=DIRECTION('center_axis',(0.,0.,1.));
#6789=DIRECTION('ref_axis',(1.,0.,0.));
#6790=DIRECTION('',(0.,1.,0.));
#6791=DIRECTION('center_axis',(-1.,0.,0.));
#6792=DIRECTION('ref_axis',(0.,1.22464679914736E-16,1.));
#6793=DIRECTION('',(0.,1.,0.));
#6794=DIRECTION('center_axis',(0.,0.,1.));
#6795=DIRECTION('ref_axis',(1.,0.,0.));
#6796=DIRECTION('',(0.,1.,0.));
#6797=DIRECTION('center_axis',(-1.,0.,0.));
#6798=DIRECTION('ref_axis',(0.,1.22464679914737E-16,1.));
#6799=DIRECTION('',(0.,1.,0.));
#6800=DIRECTION('center_axis',(0.,0.,1.));
#6801=DIRECTION('ref_axis',(1.,0.,0.));
#6802=DIRECTION('',(0.,1.,0.));
#6803=DIRECTION('center_axis',(1.,0.,0.));
#6804=DIRECTION('ref_axis',(0.,-1.22464679914737E-16,-1.));
#6805=DIRECTION('',(0.,1.,0.));
#6806=DIRECTION('center_axis',(0.,0.,1.));
#6807=DIRECTION('ref_axis',(1.,0.,0.));
#6808=DIRECTION('',(0.,1.,0.));
#6809=DIRECTION('center_axis',(1.,0.,0.));
#6810=DIRECTION('ref_axis',(0.,-1.22464679914736E-16,-1.));
#6811=DIRECTION('',(0.,1.,0.));
#6812=DIRECTION('center_axis',(0.,0.,1.));
#6813=DIRECTION('ref_axis',(1.,0.,0.));
#6814=DIRECTION('',(0.,1.,0.));
#6815=DIRECTION('center_axis',(1.,0.,0.));
#6816=DIRECTION('ref_axis',(0.,-1.22464679914735E-16,-1.));
#6817=DIRECTION('',(0.,1.,0.));
#6818=DIRECTION('center_axis',(0.,0.,-1.));
#6819=DIRECTION('ref_axis',(-1.,0.,0.));
#6820=DIRECTION('',(0.,1.,0.));
#6821=DIRECTION('center_axis',(1.,0.,-1.0304389284579E-14));
#6822=DIRECTION('ref_axis',(-1.0304389284579E-14,-1.22464679914736E-16,
-1.));
#6823=DIRECTION('center_axis',(1.,0.,0.));
#6824=DIRECTION('ref_axis',(0.,-1.22464679914736E-16,-1.));
#6825=DIRECTION('',(0.,1.,0.));
#6826=DIRECTION('center_axis',(0.,0.,-1.));
#6827=DIRECTION('ref_axis',(-1.,0.,0.));
#6828=DIRECTION('',(0.,1.,0.));
#6829=DIRECTION('center_axis',(1.,0.,0.));
#6830=DIRECTION('ref_axis',(0.,-1.22464679914735E-16,-1.));
#6831=DIRECTION('',(0.,1.,0.));
#6832=DIRECTION('center_axis',(0.,0.,-1.));
#6833=DIRECTION('ref_axis',(-1.,0.,0.));
#6834=DIRECTION('',(0.,1.,0.));
#6835=DIRECTION('center_axis',(1.,0.,0.));
#6836=DIRECTION('ref_axis',(0.,-1.22464679914735E-16,-1.));
#6837=DIRECTION('',(0.,1.,0.));
#6838=DIRECTION('center_axis',(0.,0.,-1.));
#6839=DIRECTION('ref_axis',(-1.,0.,0.));
#6840=DIRECTION('',(0.,1.,0.));
#6841=DIRECTION('center_axis',(-1.,0.,0.));
#6842=DIRECTION('ref_axis',(0.,1.22464679914735E-16,1.));
#6843=DIRECTION('',(0.,1.,0.));
#6844=DIRECTION('center_axis',(0.,0.,-1.));
#6845=DIRECTION('ref_axis',(-1.,0.,0.));
#6846=DIRECTION('',(0.,1.,0.));
#6847=DIRECTION('center_axis',(-1.,0.,0.));
#6848=DIRECTION('ref_axis',(0.,1.22464679914735E-16,1.));
#6849=DIRECTION('',(0.,1.,0.));
#6850=DIRECTION('center_axis',(0.,0.,-1.));
#6851=DIRECTION('ref_axis',(-1.,2.14504140134982E-30,0.));
#6852=DIRECTION('',(0.,1.,0.));
#6853=DIRECTION('center_axis',(-1.,0.,-5.38223668140623E-15));
#6854=DIRECTION('ref_axis',(-5.38223668140623E-15,1.22464679914735E-16,
1.));
#6855=DIRECTION('center_axis',(0.,0.,1.));
#6856=DIRECTION('ref_axis',(1.,0.,0.));
#6857=DIRECTION('',(0.,1.,0.));
#6858=DIRECTION('',(0.,1.,0.));
#6859=DIRECTION('center_axis',(1.,0.,-1.26887166523401E-15));
#6860=DIRECTION('ref_axis',(-1.26887166523401E-15,-1.22464679914735E-16,
-1.));
#6861=DIRECTION('',(0.,1.,0.));
#6862=DIRECTION('center_axis',(0.,0.,-1.));
#6863=DIRECTION('ref_axis',(-1.,0.,0.));
#6864=DIRECTION('',(0.,1.,0.));
#6865=DIRECTION('center_axis',(1.,0.,-1.26877797331986E-15));
#6866=DIRECTION('ref_axis',(-1.26877797331986E-15,-1.22464679914735E-16,
-1.));
#6867=DIRECTION('',(0.,1.,0.));
#6868=DIRECTION('center_axis',(0.,0.,-1.));
#6869=DIRECTION('ref_axis',(-1.,0.,0.));
#6870=DIRECTION('',(0.,1.,0.));
#6871=DIRECTION('center_axis',(-1.,0.,1.26877797331986E-15));
#6872=DIRECTION('ref_axis',(1.26877797331986E-15,1.22464679914735E-16,1.));
#6873=DIRECTION('',(0.,1.,0.));
#6874=DIRECTION('center_axis',(0.,0.,1.));
#6875=DIRECTION('ref_axis',(1.,0.,0.));
#6876=DIRECTION('',(0.,1.,0.));
#6877=DIRECTION('center_axis',(-1.,0.,1.26887166523401E-15));
#6878=DIRECTION('ref_axis',(1.26887166523401E-15,1.22464679914735E-16,1.));
#6879=DIRECTION('center_axis',(-1.,0.,-1.26887811137811E-15));
#6880=DIRECTION('ref_axis',(-1.26887811137811E-15,1.22464679914736E-16,
1.));
#6881=DIRECTION('',(0.,1.,0.));
#6882=DIRECTION('',(0.,1.,0.));
#6883=DIRECTION('center_axis',(0.,0.,1.));
#6884=DIRECTION('ref_axis',(1.,0.,0.));
#6885=DIRECTION('',(0.,1.,0.));
#6886=DIRECTION('center_axis',(1.,0.,0.));
#6887=DIRECTION('ref_axis',(0.,-1.22464679914736E-16,-1.));
#6888=DIRECTION('',(0.,1.,0.));
#6889=DIRECTION('center_axis',(0.,0.,1.));
#6890=DIRECTION('ref_axis',(1.,-1.40863163025292E-31,0.));
#6891=DIRECTION('',(0.,1.,0.));
#6892=DIRECTION('center_axis',(1.,0.,1.26877797331986E-15));
#6893=DIRECTION('ref_axis',(1.26877797331986E-15,-1.22464679914735E-16,
-1.));
#6894=DIRECTION('',(0.,1.,0.));
#6895=DIRECTION('center_axis',(0.,0.,-1.));
#6896=DIRECTION('ref_axis',(-1.,0.,0.));
#6897=DIRECTION('',(0.,1.,0.));
#6898=DIRECTION('center_axis',(-1.,0.,0.));
#6899=DIRECTION('ref_axis',(0.,1.22464679914736E-16,1.));
#6900=DIRECTION('',(0.,1.,0.));
#6901=DIRECTION('center_axis',(0.,0.,-1.));
#6902=DIRECTION('ref_axis',(-1.,0.,0.));
#6903=DIRECTION('center_axis',(1.,0.,0.));
#6904=DIRECTION('ref_axis',(0.,-1.22464679914736E-16,-1.));
#6905=DIRECTION('',(0.,1.,0.));
#6906=DIRECTION('',(0.,1.,0.));
#6907=DIRECTION('center_axis',(0.,0.,-1.));
#6908=DIRECTION('ref_axis',(-1.,0.,0.));
#6909=DIRECTION('',(0.,1.,0.));
#6910=DIRECTION('center_axis',(-1.,0.,0.));
#6911=DIRECTION('ref_axis',(0.,1.22464679914736E-16,1.));
#6912=DIRECTION('',(0.,1.,0.));
#6913=DIRECTION('center_axis',(0.,0.,-1.));
#6914=DIRECTION('ref_axis',(-1.,0.,0.));
#6915=DIRECTION('',(0.,1.,0.));
#6916=DIRECTION('center_axis',(-1.,0.,1.26877797331986E-15));
#6917=DIRECTION('ref_axis',(1.26877797331986E-15,1.22464679914736E-16,1.));
#6918=DIRECTION('',(0.,1.,0.));
#6919=DIRECTION('center_axis',(0.,0.,1.));
#6920=DIRECTION('ref_axis',(1.,0.,0.));
#6921=DIRECTION('',(0.,1.,0.));
#6922=DIRECTION('center_axis',(1.,0.,-1.26877797331986E-15));
#6923=DIRECTION('ref_axis',(-1.26877797331986E-15,-1.22464679914736E-16,
-1.));
#6924=DIRECTION('',(0.,1.,0.));
#6925=DIRECTION('center_axis',(0.,0.,1.));
#6926=DIRECTION('ref_axis',(1.,0.,0.));
#6927=DIRECTION('center_axis',(0.,1.,0.));
#6928=DIRECTION('ref_axis',(1.,0.,0.));
#6929=DIRECTION('',(0.,-1.,0.));
#6930=DIRECTION('center_axis',(0.,1.,0.));
#6931=DIRECTION('ref_axis',(1.,0.,0.));
#6932=DIRECTION('',(0.,-1.,0.));
#6933=DIRECTION('center_axis',(0.,1.,0.));
#6934=DIRECTION('ref_axis',(1.,0.,0.));
#6935=DIRECTION('',(0.,-1.,0.));
#6936=DIRECTION('center_axis',(0.,0.,-1.));
#6937=DIRECTION('ref_axis',(-1.,0.,0.));
#6938=DIRECTION('',(0.,1.,0.));
#6939=DIRECTION('',(0.,1.,0.));
#6940=DIRECTION('center_axis',(-1.,0.,1.26889629906631E-15));
#6941=DIRECTION('ref_axis',(1.26889629906631E-15,1.22464679914735E-16,1.));
#6942=DIRECTION('',(0.,1.,0.));
#6943=DIRECTION('center_axis',(0.,0.,1.));
#6944=DIRECTION('ref_axis',(1.,0.,0.));
#6945=DIRECTION('',(0.,1.,0.));
#6946=DIRECTION('center_axis',(-1.,0.,0.));
#6947=DIRECTION('ref_axis',(0.,1.22464679914735E-16,1.));
#6948=DIRECTION('',(0.,1.,0.));
#6949=DIRECTION('center_axis',(0.,0.,1.));
#6950=DIRECTION('ref_axis',(1.,0.,0.));
#6951=DIRECTION('',(0.,1.,0.));
#6952=DIRECTION('center_axis',(1.,0.,0.));
#6953=DIRECTION('ref_axis',(0.,-1.22464679914735E-16,-1.));
#6954=DIRECTION('',(0.,1.,0.));
#6955=DIRECTION('center_axis',(0.,0.,-1.));
#6956=DIRECTION('ref_axis',(-1.,0.,0.));
#6957=DIRECTION('',(0.,1.,0.));
#6958=DIRECTION('center_axis',(1.,0.,-1.26889629906631E-15));
#6959=DIRECTION('ref_axis',(-1.26889629906631E-15,-1.22464679914735E-16,
-1.));
#6960=DIRECTION('center_axis',(0.,0.,-1.));
#6961=DIRECTION('ref_axis',(-1.,0.,0.));
#6962=DIRECTION('',(0.,1.,0.));
#6963=DIRECTION('',(0.,1.,0.));
#6964=DIRECTION('center_axis',(-1.,0.,1.26887811137811E-15));
#6965=DIRECTION('ref_axis',(1.26887811137811E-15,1.22464679914736E-16,1.));
#6966=DIRECTION('',(0.,1.,0.));
#6967=DIRECTION('center_axis',(0.,0.,1.));
#6968=DIRECTION('ref_axis',(1.,0.,0.));
#6969=DIRECTION('',(0.,1.,0.));
#6970=DIRECTION('center_axis',(-1.,0.,1.26877797331986E-15));
#6971=DIRECTION('ref_axis',(1.26877797331986E-15,1.22464679914735E-16,1.));
#6972=DIRECTION('',(0.,1.,0.));
#6973=DIRECTION('center_axis',(0.,0.,1.));
#6974=DIRECTION('ref_axis',(1.,0.,0.));
#6975=DIRECTION('',(0.,1.,0.));
#6976=DIRECTION('center_axis',(1.,0.,-1.26877797331986E-15));
#6977=DIRECTION('ref_axis',(-1.26877797331986E-15,-1.22464679914735E-16,
-1.));
#6978=DIRECTION('',(0.,1.,0.));
#6979=DIRECTION('center_axis',(0.,0.,-1.));
#6980=DIRECTION('ref_axis',(-1.,0.,0.));
#6981=DIRECTION('',(0.,1.,0.));
#6982=DIRECTION('center_axis',(1.,0.,-1.26887811137811E-15));
#6983=DIRECTION('ref_axis',(-1.26887811137811E-15,-1.22464679914736E-16,
-1.));
#6984=DIRECTION('center_axis',(0.,0.,1.));
#6985=DIRECTION('ref_axis',(1.,0.,0.));
#6986=DIRECTION('',(0.,1.,0.));
#6987=DIRECTION('',(0.,1.,0.));
#6988=DIRECTION('center_axis',(1.,0.,0.));
#6989=DIRECTION('ref_axis',(0.,0.,-1.));
#6990=DIRECTION('',(0.,1.,0.));
#6991=DIRECTION('center_axis',(3.57130647241622E-16,0.,1.));
#6992=DIRECTION('ref_axis',(1.,0.,-3.57130647241622E-16));
#6993=DIRECTION('',(0.,1.,0.));
#6994=DIRECTION('center_axis',(-1.,0.,0.));
#6995=DIRECTION('ref_axis',(0.,0.,1.));
#6996=DIRECTION('',(0.,1.,0.));
#6997=DIRECTION('center_axis',(0.,0.,1.));
#6998=DIRECTION('ref_axis',(1.,0.,0.));
#6999=DIRECTION('',(0.,1.,0.));
#7000=DIRECTION('center_axis',(1.,0.,0.));
#7001=DIRECTION('ref_axis',(0.,0.,-1.));
#7002=DIRECTION('',(0.,1.,0.));
#7003=DIRECTION('center_axis',(3.57130647241622E-16,0.,1.));
#7004=DIRECTION('ref_axis',(1.,0.,-3.57130647241622E-16));
#7005=DIRECTION('',(0.,1.,0.));
#7006=DIRECTION('center_axis',(0.,1.,0.));
#7007=DIRECTION('ref_axis',(-0.999999927539842,0.,0.000380684003512444));
#7008=DIRECTION('',(0.,1.,0.));
#7009=DIRECTION('center_axis',(-1.,0.,1.40312267795853E-15));
#7010=DIRECTION('ref_axis',(1.40312267795853E-15,1.22464679859209E-16,1.));
#7011=DIRECTION('',(0.,1.,0.));
#7012=DIRECTION('center_axis',(0.,0.,-1.));
#7013=DIRECTION('ref_axis',(-1.,-9.49157384727202E-16,0.));
#7014=DIRECTION('',(0.,1.,0.));
#7015=DIRECTION('center_axis',(-1.,0.,0.));
#7016=DIRECTION('ref_axis',(0.,0.,1.));
#7017=DIRECTION('',(0.,1.,0.));
#7018=DIRECTION('center_axis',(0.,0.,1.));
#7019=DIRECTION('ref_axis',(1.,0.,0.));
#7020=DIRECTION('center_axis',(-1.,0.,1.40312267795853E-15));
#7021=DIRECTION('ref_axis',(1.40312267795853E-15,1.22464679859209E-16,1.));
#7022=DIRECTION('',(0.,1.,0.));
#7023=DIRECTION('center_axis',(0.,0.,-1.));
#7024=DIRECTION('ref_axis',(-1.,0.,0.));
#7025=DIRECTION('',(0.,1.,0.));
#7026=DIRECTION('center_axis',(1.,0.,1.26877797331986E-15));
#7027=DIRECTION('ref_axis',(1.26877797331986E-15,-1.22464679914735E-16,
-1.));
#7028=DIRECTION('',(0.,1.,0.));
#7029=DIRECTION('center_axis',(0.,0.,-1.));
#7030=DIRECTION('ref_axis',(-1.,0.,0.));
#7031=DIRECTION('',(0.,1.,0.));
#7032=DIRECTION('center_axis',(1.,0.,0.));
#7033=DIRECTION('ref_axis',(0.,-1.22464679914735E-16,-1.));
#7034=DIRECTION('',(0.,1.,0.));
#7035=DIRECTION('center_axis',(0.,0.,-1.));
#7036=DIRECTION('ref_axis',(-1.,0.,0.));
#7037=DIRECTION('',(0.,1.,0.));
#7038=DIRECTION('center_axis',(-1.,0.,-1.26887166523401E-15));
#7039=DIRECTION('ref_axis',(-1.26887166523401E-15,1.22464679914735E-16,
1.));
#7040=DIRECTION('',(0.,1.,0.));
#7041=DIRECTION('center_axis',(0.,0.,1.));
#7042=DIRECTION('ref_axis',(1.,0.,0.));
#7043=DIRECTION('',(0.,1.,0.));
#7044=DIRECTION('center_axis',(-1.,0.,0.));
#7045=DIRECTION('ref_axis',(0.,1.22464679914735E-16,1.));
#7046=DIRECTION('',(0.,1.,0.));
#7047=DIRECTION('center_axis',(0.,0.,1.));
#7048=DIRECTION('ref_axis',(1.,0.,0.));
#7049=DIRECTION('',(0.,1.,0.));
#7050=DIRECTION('center_axis',(-1.,0.,0.));
#7051=DIRECTION('ref_axis',(0.,0.,1.));
#7052=DIRECTION('',(0.,1.,0.));
#7053=DIRECTION('center_axis',(7.85613102817098E-15,0.,-1.));
#7054=DIRECTION('ref_axis',(-1.,0.,-7.85613102817098E-15));
#7055=DIRECTION('',(0.,1.,0.));
#7056=DIRECTION('center_axis',(1.,0.,0.));
#7057=DIRECTION('ref_axis',(0.,-6.62706982889712E-15,-1.));
#7058=DIRECTION('',(0.,1.,0.));
#7059=DIRECTION('center_axis',(0.,0.,-1.));
#7060=DIRECTION('ref_axis',(-1.,0.,0.));
#7061=DIRECTION('',(0.,1.,0.));
#7062=DIRECTION('center_axis',(1.,0.,-3.2622601063087E-15));
#7063=DIRECTION('ref_axis',(-3.2622601063087E-15,-1.22464675356499E-16,
-1.));
#7064=DIRECTION('center_axis',(0.,0.,1.));
#7065=DIRECTION('ref_axis',(1.,0.,0.));
#7066=DIRECTION('',(0.,1.,0.));
#7067=DIRECTION('center_axis',(1.,0.,0.));
#7068=DIRECTION('ref_axis',(0.,-1.8607661461806E-16,-1.));
#7069=DIRECTION('',(0.,1.,0.));
#7070=DIRECTION('center_axis',(0.,0.,-1.));
#7071=DIRECTION('ref_axis',(-1.,1.63747420863901E-15,0.));
#7072=DIRECTION('',(0.,1.,0.));
#7073=DIRECTION('center_axis',(1.,0.,-3.2622601063087E-15));
#7074=DIRECTION('ref_axis',(-3.2622601063087E-15,-1.22464675356499E-16,
-1.));
#7075=DIRECTION('',(0.,1.,0.));
#7076=DIRECTION('center_axis',(0.,1.,0.));
#7077=DIRECTION('ref_axis',(0.00221334537217154,0.,0.999997550548132));
#7078=DIRECTION('',(0.,1.,0.));
#7079=DIRECTION('center_axis',(3.57130647241622E-16,0.,1.));
#7080=DIRECTION('ref_axis',(1.,0.,-3.57130647241622E-16));
#7081=DIRECTION('',(0.,1.,0.));
#7082=DIRECTION('center_axis',(-1.,0.,0.));
#7083=DIRECTION('ref_axis',(0.,0.,1.));
#7084=CARTESIAN_POINT('',(0.,0.,0.));
#7085=CARTESIAN_POINT('Origin',(35.6122000530451,4.8,-60.2944979730785));
#7086=CARTESIAN_POINT('',(35.6122000530451,4.8,-60.2944979730785));
#7087=CARTESIAN_POINT('',(35.6122000530451,4.8,-53.544894213871));
#7088=CARTESIAN_POINT('',(35.6122000530451,4.79999999999999,-30.1452063356807));
#7089=CARTESIAN_POINT('',(35.6122000530451,1.2,-60.2944979730785));
#7090=CARTESIAN_POINT('',(35.6122000530451,4.8,-60.2944979730785));
#7091=CARTESIAN_POINT('',(35.6122000530451,1.2,-53.544894213871));
#7092=CARTESIAN_POINT('',(35.6122000530451,1.2,-60.2944979730785));
#7093=CARTESIAN_POINT('',(35.6122000530451,4.8,-53.544894213871));
#7094=CARTESIAN_POINT('Origin',(34.8776991640433,1.2,-56.9196960934748));
#7095=CARTESIAN_POINT('',(35.0625988338426,1.2,-58.5692046024918));
#7096=CARTESIAN_POINT('',(34.1431982750415,1.2,-58.5692046024918));
#7097=CARTESIAN_POINT('',(34.5104487195424,1.2,-58.5692046024918));
#7098=CARTESIAN_POINT('',(35.0625988338426,1.2,-55.2687778816384));
#7099=CARTESIAN_POINT('',(35.0625988338426,1.2,-57.7444503479833));
#7100=CARTESIAN_POINT('',(34.1431982750415,1.2,-55.2687778816384));
#7101=CARTESIAN_POINT('',(34.9701489989429,1.2,-55.2687778816384));
#7102=CARTESIAN_POINT('',(34.1431982750415,1.2,-53.544894213871));
#7103=CARTESIAN_POINT('',(34.1431982750415,1.2,-56.0942369875566));
#7104=CARTESIAN_POINT('',(35.6122000530451,1.2,-53.544894213871));
#7105=CARTESIAN_POINT('',(34.1431982750415,1.2,-60.2944979730785));
#7106=CARTESIAN_POINT('',(34.1431982750415,1.2,-60.2944979730785));
#7107=CARTESIAN_POINT('',(34.1431982750415,1.2,-58.6070970332767));
#7108=CARTESIAN_POINT('Origin',(17.8428731543913,4.8,-29.7446478333783));
#7109=CARTESIAN_POINT('',(17.8428731543913,4.8,-29.7446478333783));
#7110=CARTESIAN_POINT('',(17.8428731543913,4.8,-60.2944979730785));
#7111=CARTESIAN_POINT('',(17.8428731543913,4.79999999999999,-14.8702812658305));
#7112=CARTESIAN_POINT('',(17.8428731543913,1.2,-29.7446478333783));
#7113=CARTESIAN_POINT('',(17.8428731543913,4.8,-29.7446478333783));
#7114=CARTESIAN_POINT('',(17.8428731543913,1.2,-60.2944979730785));
#7115=CARTESIAN_POINT('',(17.8428731543913,1.2,-53.544894213871));
#7116=CARTESIAN_POINT('',(17.8428731543913,4.8,-60.2944979730785));
#7117=CARTESIAN_POINT('Origin',(22.0780776248002,1.2,-45.0195729032284));
#7118=CARTESIAN_POINT('',(20.8632719351888,1.2,-31.4686508813844));
#7119=CARTESIAN_POINT('',(21.8428731543913,1.2,-31.4686508813844));
#7120=CARTESIAN_POINT('',(21.9604753895958,1.2,-31.4686508813844));
#7121=CARTESIAN_POINT('',(20.8632719351888,1.2,-34.7690572821972));
#7122=CARTESIAN_POINT('',(20.8632719351888,1.2,-38.2441118923064));
#7123=CARTESIAN_POINT('',(21.8428731543913,1.2,-34.7690572821972));
#7124=CARTESIAN_POINT('',(21.4706747799945,1.2,-34.7690572821972));
#7125=CARTESIAN_POINT('',(21.8428731543913,1.2,-36.4943608128042));
#7126=CARTESIAN_POINT('',(21.8428731543913,1.2,-39.8943150927128));
#7127=CARTESIAN_POINT('',(26.3132820952092,1.2,-36.4943608128042));
#7128=CARTESIAN_POINT('',(21.9604753895958,1.2,-36.4943608128042));
#7129=CARTESIAN_POINT('',(26.3132820952092,1.2,-37.9463521767869));
#7130=CARTESIAN_POINT('',(26.3132820952092,1.2,-40.7569668580163));
#7131=CARTESIAN_POINT('',(21.5943615973682,1.2,-37.9463521767869));
#7132=CARTESIAN_POINT('',(24.1956798600047,1.2,-37.9463521767869));
#7133=CARTESIAN_POINT('',(21.5943615973682,1.2,-51.9468855778537));
#7134=CARTESIAN_POINT('',(21.5943615973682,1.2,-41.4829625400077));
#7135=CARTESIAN_POINT('',(21.6128731543913,1.2,-51.9468855778537));
#7136=CARTESIAN_POINT('',(21.8362196110842,1.2,-51.9468855778537));
#7137=CARTESIAN_POINT('',(21.6128731543913,1.2,-52.0193925628677));
#7138=CARTESIAN_POINT('',(21.6128731543913,1.2,-48.4832292405411));
#7139=CARTESIAN_POINT('',(26.3132820952092,1.2,-52.0193925628677));
#7140=CARTESIAN_POINT('',(21.8454753895957,1.2,-52.0193925628677));
#7141=CARTESIAN_POINT('',(26.3132820952092,1.2,-53.544894213871));
#7142=CARTESIAN_POINT('',(26.3132820952092,1.2,-48.5194827330481));
#7143=CARTESIAN_POINT('',(21.8428731543913,1.2,-53.544894213871));
#7144=CARTESIAN_POINT('',(24.1956798600047,1.2,-53.544894213871));
#7145=CARTESIAN_POINT('',(21.8428731543913,1.2,-55.2687778816384));
#7146=CARTESIAN_POINT('',(21.8428731543913,1.2,-49.2822335585497));
#7147=CARTESIAN_POINT('',(20.8632719351888,1.2,-55.2687778816384));
#7148=CARTESIAN_POINT('',(21.9604753895958,1.2,-55.2687778816384));
#7149=CARTESIAN_POINT('',(20.8632719351888,1.2,-58.5692046024918));
#7150=CARTESIAN_POINT('',(20.8632719351888,1.2,-50.1441753924334));
#7151=CARTESIAN_POINT('',(21.8428731543913,1.2,-58.5692046024918));
#7152=CARTESIAN_POINT('',(21.4706747799945,1.2,-58.5692046024918));
#7153=CARTESIAN_POINT('',(21.8428731543913,1.2,-60.2944979730785));
#7154=CARTESIAN_POINT('',(21.8428731543913,1.2,-51.7943887528601));
#7155=CARTESIAN_POINT('',(17.8428731543913,1.2,-60.2944979730785));
#7156=CARTESIAN_POINT('',(21.8428731543913,1.2,-29.7446478333783));
#7157=CARTESIAN_POINT('',(21.8428731543913,1.2,-29.7446478333783));
#7158=CARTESIAN_POINT('',(21.8428731543913,1.2,-37.3821103683033));
#7159=CARTESIAN_POINT('Origin',(33.2626953540356,1.2,-33.8822551485929));
#7160=CARTESIAN_POINT('',(35.6122000530451,1.2,-38.0198624638075));
#7161=CARTESIAN_POINT('',(35.6122000530451,1.2,-29.7446478333783));
#7162=CARTESIAN_POINT('',(35.6122000530451,1.2,-53.544894213871));
#7163=CARTESIAN_POINT('',(35.5948441983333,1.2,-38.0198624638075));
#7164=CARTESIAN_POINT('',(34.4374477035403,1.2,-38.0198624638075));
#7165=CARTESIAN_POINT('',(35.5948441983333,1.2,-37.9463521767869));
#7166=CARTESIAN_POINT('',(35.5948441983333,1.2,-35.9510588062002));
#7167=CARTESIAN_POINT('',(30.9131906550262,1.2,-37.9463521767869));
#7168=CARTESIAN_POINT('',(34.4287697761845,1.2,-37.9463521767869));
#7169=CARTESIAN_POINT('',(30.9131906550263,1.2,-36.4943608128042));
#7170=CARTESIAN_POINT('',(30.9131906550263,1.2,-35.9143036626899));
#7171=CARTESIAN_POINT('',(34.1431982750415,1.2,-36.4943608128042));
#7172=CARTESIAN_POINT('',(32.087943004531,1.2,-36.4943608128042));
#7173=CARTESIAN_POINT('',(34.1431982750415,1.2,-34.7690572821972));
#7174=CARTESIAN_POINT('',(34.1431982750415,1.2,-35.1883079806986));
#7175=CARTESIAN_POINT('',(35.0625988338426,1.2,-34.7690572821972));
#7176=CARTESIAN_POINT('',(33.7029468145386,1.2,-34.7690572821972));
#7177=CARTESIAN_POINT('',(35.0625988338426,1.2,-31.4686508813844));
#7178=CARTESIAN_POINT('',(35.0625988338426,1.2,-34.325656215395));
#7179=CARTESIAN_POINT('',(34.1431982750415,1.2,-31.4686508813844));
#7180=CARTESIAN_POINT('',(34.1626470939391,1.2,-31.4686508813844));
#7181=CARTESIAN_POINT('',(34.1431982750415,1.2,-29.7446478333783));
#7182=CARTESIAN_POINT('',(34.1431982750415,1.2,-32.6754530149886));
#7183=CARTESIAN_POINT('',(36.8036895403105,1.2,-29.7446478333783));
#7184=CARTESIAN_POINT('Origin',(-3.73757642650788,4.8,12.1362284683743));
#7185=CARTESIAN_POINT('',(-3.73757642650788,4.8,12.1362284683743));
#7186=CARTESIAN_POINT('',(-34.2873884661319,4.8,12.1362284683743));
#7187=CARTESIAN_POINT('',(-1.86790315404671,4.8,12.1362284683743));
#7188=CARTESIAN_POINT('',(-3.73757642650788,1.2,12.1362284683743));
#7189=CARTESIAN_POINT('',(-3.73757642650788,4.8,12.1362284683743));
#7190=CARTESIAN_POINT('',(-34.2873884661319,1.2,12.1362284683743));
#7191=CARTESIAN_POINT('',(-27.5377262868076,1.2,12.1362284683743));
#7192=CARTESIAN_POINT('',(-34.2873884661319,4.8,12.1362284683743));
#7193=CARTESIAN_POINT('Origin',(-19.0124824463199,1.2,8.52117512826765));
#7194=CARTESIAN_POINT('',(-3.73757642650788,1.2,8.13622846837433));
#7195=CARTESIAN_POINT('',(-3.73757642650788,1.2,12.1362284683743));
#7196=CARTESIAN_POINT('',(-5.46287995711495,1.2,8.13622846837433));
#7197=CARTESIAN_POINT('',(-11.3750294364139,1.2,8.13622846837433));
#7198=CARTESIAN_POINT('',(-5.46287995711495,1.2,9.05552996697734));
#7199=CARTESIAN_POINT('',(-5.46287995711495,1.2,8.32870179832099));
#7200=CARTESIAN_POINT('',(-8.76198841533186,1.2,9.05552996697734));
#7201=CARTESIAN_POINT('',(-12.2376812017174,1.2,9.05552996697733));
#7202=CARTESIAN_POINT('',(-8.76198841533186,1.2,8.13622846837433));
#7203=CARTESIAN_POINT('',(-8.76198841533186,1.2,8.78835254762249));
#7204=CARTESIAN_POINT('',(-10.4872919459389,1.2,8.13622846837433));
#7205=CARTESIAN_POINT('',(-13.8872354308259,1.2,8.13622846837433));
#7206=CARTESIAN_POINT('',(-10.4872919459389,1.2,4.90612178816098));
#7207=CARTESIAN_POINT('',(-10.4872919459389,1.2,8.32870179832099));
#7208=CARTESIAN_POINT('',(-12.0127935969422,1.2,4.90612178816098));
#7209=CARTESIAN_POINT('',(-14.7498871961294,1.2,4.90612178816098));
#7210=CARTESIAN_POINT('',(-12.0127935969422,1.2,9.60513118617977));
#7211=CARTESIAN_POINT('',(-12.0127935969422,1.2,6.71364845821431));
#7212=CARTESIAN_POINT('',(-12.0556511026572,1.2,9.60513118617977));
#7213=CARTESIAN_POINT('',(-15.5126380216311,1.2,9.60513118617977));
#7214=CARTESIAN_POINT('',(-12.0556511026572,1.2,9.65334302260344));
#7215=CARTESIAN_POINT('',(-12.0556511026572,1.2,9.06315315722371));
#7216=CARTESIAN_POINT('',(-26.0561337036224,1.2,9.65334302260344));
#7217=CARTESIAN_POINT('',(-15.5340667744886,1.2,9.65334302260344));
#7218=CARTESIAN_POINT('',(-26.0561337036224,1.2,4.90612178816098));
#7219=CARTESIAN_POINT('',(-26.0561337036224,1.2,9.08725907543555));
#7220=CARTESIAN_POINT('',(-27.5377262868076,1.2,4.90612178816098));
#7221=CARTESIAN_POINT('',(-22.5343080749712,1.2,4.90612178816098));
#7222=CARTESIAN_POINT('',(-27.5377262868076,1.2,8.13622846837433));
#7223=CARTESIAN_POINT('',(-27.5377262868076,1.2,6.71364845821434));
#7224=CARTESIAN_POINT('',(-29.2630780775112,1.2,8.13622846837433));
#7225=CARTESIAN_POINT('',(-23.2751043665637,1.2,8.13622846837433));
#7226=CARTESIAN_POINT('',(-29.2630780775112,1.2,9.05552996697734));
#7227=CARTESIAN_POINT('',(-29.2630780775112,1.2,8.32870179832099));
#7228=CARTESIAN_POINT('',(-32.5620950955452,1.2,9.05552996697734));
#7229=CARTESIAN_POINT('',(-24.1377802619155,1.2,9.05552996697733));
#7230=CARTESIAN_POINT('',(-32.5620950955452,1.2,8.13622846837433));
#7231=CARTESIAN_POINT('',(-32.5620950955452,1.2,8.78835254762249));
#7232=CARTESIAN_POINT('',(-34.2873884661319,1.2,8.13622846837433));
#7233=CARTESIAN_POINT('',(-25.7872887709326,1.2,8.13622846837433));
#7234=CARTESIAN_POINT('',(-34.2873884661319,1.2,8.13622846837433));
#7235=CARTESIAN_POINT('Origin',(-34.2873884661319,4.8,-8.1640966522759));
#7236=CARTESIAN_POINT('',(-34.2873884661319,4.8,-8.1640966522759));
#7237=CARTESIAN_POINT('',(-3.73757642650788,4.8,-8.1640966522759));
#7238=CARTESIAN_POINT('',(-17.1428091738587,4.79999999999999,-8.1640966522759));
#7239=CARTESIAN_POINT('',(-34.2873884661319,1.2,-8.1640966522759));
#7240=CARTESIAN_POINT('',(-34.2873884661319,4.8,-8.1640966522759));
#7241=CARTESIAN_POINT('',(-3.73757642650788,1.2,-8.1640966522759));
#7242=CARTESIAN_POINT('',(-10.4872919459389,1.2,-8.1640966522759));
#7243=CARTESIAN_POINT('',(-3.73757642650788,4.8,-8.1640966522759));
#7244=CARTESIAN_POINT('Origin',(-19.0124824463199,1.2,-3.92889218186696));
#7245=CARTESIAN_POINT('',(-32.5620950955452,1.2,-5.14379693167646));
#7246=CARTESIAN_POINT('',(-32.5620950955452,1.2,-4.1640966522759));
#7247=CARTESIAN_POINT('',(-32.5620950955452,1.2,-4.04649441707143));
#7248=CARTESIAN_POINT('',(-29.2630780775112,1.2,-5.14379693167646));
#7249=CARTESIAN_POINT('',(-25.7872887709326,1.2,-5.14379693167646));
#7250=CARTESIAN_POINT('',(-29.2630780775112,1.2,-4.1640966522759));
#7251=CARTESIAN_POINT('',(-29.2630780775112,1.2,-4.53634455677171));
#7252=CARTESIAN_POINT('',(-27.5377262868076,1.2,-4.1640966522759));
#7253=CARTESIAN_POINT('',(-24.1377802619155,1.2,-4.1640966522759));
#7254=CARTESIAN_POINT('',(-27.5377262868076,1.2,0.306312288541984));
#7255=CARTESIAN_POINT('',(-27.5377262868076,1.2,-4.04649441707143));
#7256=CARTESIAN_POINT('',(-26.0561337036224,1.2,0.306312288541984));
#7257=CARTESIAN_POINT('',(-23.2751043665637,1.2,0.306312288541983));
#7258=CARTESIAN_POINT('',(-26.0561337036224,1.2,-4.34719037846335));
#7259=CARTESIAN_POINT('',(-26.0561337036224,1.2,-1.81128994666249));
#7260=CARTESIAN_POINT('',(-26.0122220957992,1.2,-4.34719037846335));
#7261=CARTESIAN_POINT('',(-22.5343080749712,1.2,-4.34719037846335));
#7262=CARTESIAN_POINT('',(-26.0122220957992,1.2,-4.3940966522759));
#7263=CARTESIAN_POINT('',(-26.0122220957992,1.2,-4.13804128016514));
#7264=CARTESIAN_POINT('',(-12.0127935969422,1.2,-4.3940966522759));
#7265=CARTESIAN_POINT('',(-22.5123522710596,1.2,-4.3940966522759));
#7266=CARTESIAN_POINT('',(-12.0127935969422,1.2,0.306312288541984));
#7267=CARTESIAN_POINT('',(-12.0127935969422,1.2,-4.16149441707144));
#7268=CARTESIAN_POINT('',(-10.4872919459389,1.2,0.306312288541984));
#7269=CARTESIAN_POINT('',(-15.5126380216311,1.2,0.306312288541983));
#7270=CARTESIAN_POINT('',(-10.4872919459389,1.2,-4.1640966522759));
#7271=CARTESIAN_POINT('',(-10.4872919459389,1.2,-1.81128994666249));
#7272=CARTESIAN_POINT('',(-8.76198841533186,1.2,-4.1640966522759));
#7273=CARTESIAN_POINT('',(-14.7498871961294,1.2,-4.1640966522759));
#7274=CARTESIAN_POINT('',(-8.76198841533186,1.2,-5.14379693167646));
#7275=CARTESIAN_POINT('',(-8.76198841533186,1.2,-4.04649441707143));
#7276=CARTESIAN_POINT('',(-5.46287995711495,1.2,-5.14379693167646));
#7277=CARTESIAN_POINT('',(-13.8872354308259,1.2,-5.14379693167646));
#7278=CARTESIAN_POINT('',(-5.46287995711495,1.2,-4.1640966522759));
#7279=CARTESIAN_POINT('',(-5.46287995711495,1.2,-4.53634455677171));
#7280=CARTESIAN_POINT('',(-3.73757642650788,1.2,-4.1640966522759));
#7281=CARTESIAN_POINT('',(-12.2376812017174,1.2,-4.1640966522759));
#7282=CARTESIAN_POINT('',(-3.73757642650788,1.2,-8.1640966522759));
#7283=CARTESIAN_POINT('',(-34.2873884661319,1.2,-4.1640966522759));
#7284=CARTESIAN_POINT('',(-34.2873884661319,1.2,-4.1640966522759));
#7285=CARTESIAN_POINT('',(-26.6499354562259,1.2,-4.1640966522759));
#7286=CARTESIAN_POINT('Origin',(34.1431982750415,-1.08621968651488E-14,
-55.2687778816384));
#7287=CARTESIAN_POINT('',(34.1431982750415,-1.08621968651488E-14,-55.2687778816384));
#7288=CARTESIAN_POINT('',(34.1431982750415,-1.08621968651488E-14,-55.2687778816384));
#7289=CARTESIAN_POINT('',(34.1431982750415,-1.06510820035655E-14,-53.544894213871));
#7290=CARTESIAN_POINT('',(34.1431982750415,-1.08621968651488E-14,-55.2687778816384));
#7291=CARTESIAN_POINT('',(34.1431982750415,-1.06510820035655E-14,-53.544894213871));
#7292=CARTESIAN_POINT('Origin',(35.0625988338426,-1.08621968651488E-14,
-55.2687778816384));
#7293=CARTESIAN_POINT('',(35.0625988338426,-1.08621968651488E-14,-55.2687778816384));
#7294=CARTESIAN_POINT('',(35.0625988338426,-1.08621968651488E-14,-55.2687778816384));
#7295=CARTESIAN_POINT('',(35.0625988338426,-1.08621968651488E-14,-55.2687778816384));
#7296=CARTESIAN_POINT('Origin',(26.3132820952092,-1.06510820035655E-14,
-53.544894213871));
#7297=CARTESIAN_POINT('',(26.3132820952092,-1.06510820035655E-14,-53.544894213871));
#7298=CARTESIAN_POINT('',(26.3132820952092,-1.06510820035655E-14,-53.544894213871));
#7299=CARTESIAN_POINT('',(21.8428731543913,-1.06510820035655E-14,-53.544894213871));
#7300=CARTESIAN_POINT('',(26.3132820952092,-1.06510820035655E-14,-53.544894213871));
#7301=CARTESIAN_POINT('',(21.8428731543913,-1.06510820035655E-14,-53.544894213871));
#7302=CARTESIAN_POINT('Origin',(26.3132820952092,-1.04642619321659E-14,
-52.0193925628677));
#7303=CARTESIAN_POINT('',(26.3132820952092,-1.04642619321659E-14,-52.0193925628677));
#7304=CARTESIAN_POINT('',(26.3132820952092,-1.04642619321659E-14,-52.0193925628677));
#7305=CARTESIAN_POINT('',(26.3132820952092,-1.04642619321659E-14,-52.0193925628677));
#7306=CARTESIAN_POINT('Origin',(21.6128731543913,-1.04642619321659E-14,
-52.0193925628677));
#7307=CARTESIAN_POINT('',(21.6128731543913,-1.04642619321659E-14,-52.0193925628677));
#7308=CARTESIAN_POINT('',(21.6128731543913,-1.04642619321659E-14,-52.0193925628677));
#7309=CARTESIAN_POINT('',(21.6128731543913,-1.04642619321659E-14,-52.0193925628677));
#7310=CARTESIAN_POINT('Origin',(21.6128731543913,-1.04553823874546E-14,
-51.9468855778537));
#7311=CARTESIAN_POINT('',(21.6128731543913,-1.04553823874546E-14,-51.9468855778537));
#7312=CARTESIAN_POINT('',(21.6128731543913,-1.04553823874546E-14,-51.9468855778537));
#7313=CARTESIAN_POINT('',(21.6128731543913,-8.74981395962783E-15,-38.0198624638075));
#7314=CARTESIAN_POINT('Origin',(21.5943615973682,-1.04553823874546E-14,
-51.9468855778537));
#7315=CARTESIAN_POINT('',(21.5943615973682,-1.04553823874546E-14,-51.9468855778537));
#7316=CARTESIAN_POINT('',(21.5943615973682,-1.04553823874546E-14,-51.9468855778537));
#7317=CARTESIAN_POINT('',(21.5943615973682,-1.04553823874546E-14,-51.9468855778537));
#7318=CARTESIAN_POINT('Origin',(21.5943615973682,-8.74081154585741E-15,
-37.9463521767869));
#7319=CARTESIAN_POINT('',(21.5943615973682,-8.74081154585741E-15,-37.9463521767869));
#7320=CARTESIAN_POINT('',(21.5943615973682,-8.74081154585741E-15,-37.9463521767869));
#7321=CARTESIAN_POINT('',(21.5943615973682,-8.74081154585741E-15,-37.9463521767869));
#7322=CARTESIAN_POINT('Origin',(26.3132820952092,-8.74081154585741E-15,
-37.9463521767869));
#7323=CARTESIAN_POINT('',(26.3132820952092,-8.74081154585741E-15,-37.9463521767869));
#7324=CARTESIAN_POINT('',(26.3132820952092,-8.74081154585741E-15,-37.9463521767869));
#7325=CARTESIAN_POINT('',(31.6943615973681,-8.74081154585741E-15,-37.9463521767869));
#7326=CARTESIAN_POINT('Origin',(26.3132820952092,-8.56299388822831E-15,
-36.4943608128042));
#7327=CARTESIAN_POINT('',(26.3132820952092,-8.56299388822831E-15,-36.4943608128042));
#7328=CARTESIAN_POINT('',(26.3132820952092,-8.56299388822831E-15,-36.4943608128042));
#7329=CARTESIAN_POINT('',(26.3132820952092,-8.56299388822831E-15,-36.4943608128042));
#7330=CARTESIAN_POINT('Origin',(21.8428731543913,-8.56299388822831E-15,
-36.4943608128042));
#7331=CARTESIAN_POINT('',(21.8428731543913,-8.56299388822831E-15,-36.4943608128042));
#7332=CARTESIAN_POINT('',(21.8428731543913,-8.56299388822831E-15,-36.4943608128042));
#7333=CARTESIAN_POINT('',(21.8428731543913,-8.56299388822831E-15,-36.4943608128042));
#7334=CARTESIAN_POINT('Origin',(21.8428731543913,-8.35170514359675E-15,
-34.7690572821972));
#7335=CARTESIAN_POINT('',(21.8428731543913,-8.35170514359675E-15,-34.7690572821972));
#7336=CARTESIAN_POINT('',(21.8428731543913,-8.35170514359675E-15,-34.7690572821972));
#7337=CARTESIAN_POINT('',(21.8428731543913,-8.35170514359675E-15,-34.7690572821972));
#7338=CARTESIAN_POINT('Origin',(20.8632719351888,-8.35170514359675E-15,
-34.7690572821972));
#7339=CARTESIAN_POINT('',(20.8632719351888,-8.35170514359675E-15,-34.7690572821972));
#7340=CARTESIAN_POINT('',(20.8632719351888,-8.35170514359675E-15,-34.7690572821972));
#7341=CARTESIAN_POINT('',(20.8632719351888,-8.35170514359675E-15,-34.7690572821972));
#7342=CARTESIAN_POINT('Origin',(34.1431982750415,-8.35170514359675E-15,
-34.7690572821972));
#7343=CARTESIAN_POINT('',(34.1431982750415,-8.35170514359675E-15,-34.7690572821972));
#7344=CARTESIAN_POINT('',(34.1431982750415,-8.35170514359675E-15,-34.7690572821972));
#7345=CARTESIAN_POINT('',(35.0625988338426,-8.35170514359675E-15,-34.7690572821972));
#7346=CARTESIAN_POINT('',(34.1431982750415,-8.35170514359675E-15,-34.7690572821972));
#7347=CARTESIAN_POINT('',(35.0625988338426,-8.35170514359675E-15,-34.7690572821972));
#7348=CARTESIAN_POINT('Origin',(34.1431982750415,-8.56299388822831E-15,
-36.4943608128042));
#7349=CARTESIAN_POINT('',(34.1431982750415,-8.56299388822831E-15,-36.4943608128042));
#7350=CARTESIAN_POINT('',(34.1431982750415,-8.56299388822831E-15,-36.4943608128042));
#7351=CARTESIAN_POINT('',(34.1431982750415,-8.56299388822831E-15,-36.4943608128042));
#7352=CARTESIAN_POINT('Origin',(30.9131906550263,-8.56299388822831E-15,
-36.4943608128042));
#7353=CARTESIAN_POINT('',(30.9131906550263,-8.56299388822831E-15,-36.4943608128042));
#7354=CARTESIAN_POINT('',(30.9131906550263,-8.56299388822831E-15,-36.4943608128042));
#7355=CARTESIAN_POINT('',(30.9131906550263,-8.56299388822831E-15,-36.4943608128042));
#7356=CARTESIAN_POINT('Origin',(30.9131906550262,-8.74081154585741E-15,
-37.9463521767869));
#7357=CARTESIAN_POINT('',(30.9131906550262,-8.74081154585741E-15,-37.9463521767869));
#7358=CARTESIAN_POINT('',(30.9131906550262,-8.74081154585741E-15,-37.9463521767869));
#7359=CARTESIAN_POINT('',(30.9131906550262,-8.74981395962783E-15,-38.0198624638075));
#7360=CARTESIAN_POINT('Origin',(35.5948441983333,-8.74081154585741E-15,
-37.9463521767869));
#7361=CARTESIAN_POINT('',(35.5948441983333,-8.74081154585741E-15,-37.9463521767869));
#7362=CARTESIAN_POINT('',(35.5948441983333,-8.74081154585741E-15,-37.9463521767869));
#7363=CARTESIAN_POINT('',(31.6943615973681,-8.74081154585741E-15,-37.9463521767869));
#7364=CARTESIAN_POINT('Origin',(35.5948441983333,-8.74981395962783E-15,
-38.0198624638075));
#7365=CARTESIAN_POINT('',(35.5948441983333,-8.74981395962783E-15,-38.0198624638075));
#7366=CARTESIAN_POINT('',(35.5948441983333,-8.74981395962783E-15,-38.0198624638075));
#7367=CARTESIAN_POINT('',(35.5948441983333,-1.04553823874546E-14,-51.9468855778537));
#7368=CARTESIAN_POINT('Origin',(-12.0556511026572,-2.9115301092251E-15,
9.65334302260344));
#7369=CARTESIAN_POINT('',(-12.0556511026572,-2.9115301092251E-15,9.65334302260344));
#7370=CARTESIAN_POINT('',(-12.0556511026572,-2.9115301092251E-15,9.65334302260344));
#7371=CARTESIAN_POINT('',(-26.0561337036224,-2.9115301092251E-15,9.65334302260344));
#7372=CARTESIAN_POINT('',(-15.9561337036224,-2.9115301092251E-15,9.65334302260344));
#7373=CARTESIAN_POINT('',(-26.0561337036224,-2.9115301092251E-15,9.65334302260344));
#7374=CARTESIAN_POINT('Origin',(-12.0556511026572,-2.91743435634083E-15,
9.60513118617977));
#7375=CARTESIAN_POINT('',(-12.0556511026572,-2.91743435634083E-15,9.60513118617977));
#7376=CARTESIAN_POINT('',(-12.0556511026572,-2.91743435634083E-15,9.60513118617977));
#7377=CARTESIAN_POINT('',(-12.0556511026572,-4.62610095082231E-15,-4.34719037846335));
#7378=CARTESIAN_POINT('Origin',(-12.0127935969422,-2.91743435634083E-15,
9.60513118617977));
#7379=CARTESIAN_POINT('',(-12.0127935969422,-2.91743435634083E-15,9.60513118617977));
#7380=CARTESIAN_POINT('',(-12.0127935969422,-2.91743435634083E-15,9.60513118617977));
#7381=CARTESIAN_POINT('',(-12.0127935969422,-2.91743435634083E-15,9.60513118617977));
#7382=CARTESIAN_POINT('Origin',(-12.0127935969422,-3.49289703818553E-15,
4.90612178816098));
#7383=CARTESIAN_POINT('',(-12.0127935969422,-3.49289703818553E-15,4.90612178816098));
#7384=CARTESIAN_POINT('',(-12.0127935969422,-3.49289703818553E-15,4.90612178816098));
#7385=CARTESIAN_POINT('',(-12.0127935969422,-3.49289703818553E-15,4.90612178816098));
#7386=CARTESIAN_POINT('Origin',(-10.4872919459389,-3.49289703818553E-15,
4.90612178816098));
#7387=CARTESIAN_POINT('',(-10.4872919459389,-3.49289703818553E-15,4.90612178816098));
#7388=CARTESIAN_POINT('',(-10.4872919459389,-3.49289703818553E-15,4.90612178816098));
#7389=CARTESIAN_POINT('',(-10.4872919459389,-3.49289703818553E-15,4.90612178816098));
#7390=CARTESIAN_POINT('Origin',(-10.4872919459389,-3.09732305750276E-15,
8.13622846837433));
#7391=CARTESIAN_POINT('',(-10.4872919459389,-3.09732305750276E-15,8.13622846837433));
#7392=CARTESIAN_POINT('',(-10.4872919459389,-3.09732305750276E-15,8.13622846837433));
#7393=CARTESIAN_POINT('',(-10.4872919459389,-3.09732305750276E-15,8.13622846837433));
#7394=CARTESIAN_POINT('Origin',(-8.76198841533186,-3.09732305750276E-15,
8.13622846837433));
#7395=CARTESIAN_POINT('',(-8.76198841533186,-3.09732305750276E-15,8.13622846837433));
#7396=CARTESIAN_POINT('',(-8.76198841533186,-3.09732305750276E-15,8.13622846837433));
#7397=CARTESIAN_POINT('',(-8.76198841533186,-3.09732305750276E-15,8.13622846837433));
#7398=CARTESIAN_POINT('Origin',(-8.76198841533186,-2.98474109373121E-15,
9.05552996697733));
#7399=CARTESIAN_POINT('',(-8.76198841533186,-2.98474109373121E-15,9.05552996697733));
#7400=CARTESIAN_POINT('',(-8.76198841533186,-2.98474109373121E-15,9.05552996697733));
#7401=CARTESIAN_POINT('',(-8.76198841533186,-2.98474109373121E-15,9.05552996697733));
#7402=CARTESIAN_POINT('Origin',(-5.46287995711495,-2.98474109373121E-15,
9.05552996697733));
#7403=CARTESIAN_POINT('',(-5.46287995711495,-2.98474109373121E-15,9.05552996697733));
#7404=CARTESIAN_POINT('',(-5.46287995711495,-2.98474109373121E-15,9.05552996697733));
#7405=CARTESIAN_POINT('',(-5.46287995711495,-2.98474109373121E-15,9.05552996697733));
#7406=CARTESIAN_POINT('Origin',(-5.46287995711495,-3.09732305750276E-15,
8.13622846837433));
#7407=CARTESIAN_POINT('',(-5.46287995711495,-3.09732305750276E-15,8.13622846837433));
#7408=CARTESIAN_POINT('',(-5.46287995711495,-3.09732305750276E-15,8.13622846837433));
#7409=CARTESIAN_POINT('',(-5.46287995711495,-3.09732305750276E-15,8.13622846837433));
#7410=CARTESIAN_POINT('Origin',(-3.73757642650788,-3.09732305750276E-15,
8.13622846837433));
#7411=CARTESIAN_POINT('',(-3.73757642650788,-3.09732305750276E-15,8.13622846837433));
#7412=CARTESIAN_POINT('',(-3.73757642650788,-3.09732305750276E-15,8.13622846837433));
#7413=CARTESIAN_POINT('',(-3.73757642650788,-3.09732305750276E-15,8.13622846837433));
#7414=CARTESIAN_POINT('Origin',(-10.4872919459389,-4.05621123622514E-15,
0.306312288541983));
#7415=CARTESIAN_POINT('',(-10.4872919459389,-4.05621123622514E-15,0.306312288541983));
#7416=CARTESIAN_POINT('',(-10.4872919459389,-4.05621123622514E-15,0.306312288541983));
#7417=CARTESIAN_POINT('',(-10.4872919459389,-4.60367843625037E-15,-4.1640966522759));
#7418=CARTESIAN_POINT('',(-10.4872919459389,-4.05621123622514E-15,0.306312288541983));
#7419=CARTESIAN_POINT('',(-10.4872919459389,-4.60367843625037E-15,-4.1640966522759));
#7420=CARTESIAN_POINT('Origin',(-12.0127935969422,-4.05621123622514E-15,
0.306312288541983));
#7421=CARTESIAN_POINT('',(-12.0127935969422,-4.05621123622514E-15,0.306312288541983));
#7422=CARTESIAN_POINT('',(-12.0127935969422,-4.05621123622514E-15,0.306312288541983));
#7423=CARTESIAN_POINT('',(-12.0127935969422,-4.05621123622514E-15,0.306312288541983));
#7424=CARTESIAN_POINT('Origin',(-12.0127935969422,-4.63184531263076E-15,
-4.3940966522759));
#7425=CARTESIAN_POINT('',(-12.0127935969422,-4.63184531263076E-15,-4.3940966522759));
#7426=CARTESIAN_POINT('',(-12.0127935969422,-4.63184531263076E-15,-4.3940966522759));
#7427=CARTESIAN_POINT('',(-12.0127935969422,-4.63184531263076E-15,-4.3940966522759));
#7428=CARTESIAN_POINT('Origin',(-26.0122220957992,-4.63184531263076E-15,
-4.3940966522759));
#7429=CARTESIAN_POINT('',(-26.0122220957992,-4.63184531263076E-15,-4.3940966522759));
#7430=CARTESIAN_POINT('',(-26.0122220957992,-4.63184531263076E-15,-4.3940966522759));
#7431=CARTESIAN_POINT('',(-26.0122220957992,-4.63184531263076E-15,-4.3940966522759));
#7432=CARTESIAN_POINT('Origin',(-26.0122220957992,-4.62610095082231E-15,
-4.34719037846335));
#7433=CARTESIAN_POINT('',(-26.0122220957992,-4.62610095082231E-15,-4.34719037846335));
#7434=CARTESIAN_POINT('',(-26.0122220957992,-4.62610095082231E-15,-4.34719037846335));
#7435=CARTESIAN_POINT('',(-26.0122220957992,-4.05621123622514E-15,0.306312288541983));
#7436=CARTESIAN_POINT('Origin',(-26.0561337036224,-4.62610095082231E-15,
-4.34719037846335));
#7437=CARTESIAN_POINT('',(-26.0561337036224,-4.62610095082231E-15,-4.34719037846335));
#7438=CARTESIAN_POINT('',(-26.0561337036224,-4.62610095082231E-15,-4.34719037846335));
#7439=CARTESIAN_POINT('',(-26.0561337036224,-4.62610095082231E-15,-4.34719037846335));
#7440=CARTESIAN_POINT('Origin',(-26.0561337036224,-4.05621123622513E-15,
0.306312288541983));
#7441=CARTESIAN_POINT('',(-26.0561337036224,-4.05621123622513E-15,0.306312288541983));
#7442=CARTESIAN_POINT('',(-26.0561337036224,-4.05621123622513E-15,0.306312288541983));
#7443=CARTESIAN_POINT('',(-26.0561337036224,-2.9115301092251E-15,9.65334302260344));
#7444=CARTESIAN_POINT('Origin',(-27.5377262868076,-4.05621123622514E-15,
0.306312288541983));
#7445=CARTESIAN_POINT('',(-27.5377262868076,-4.05621123622514E-15,0.306312288541983));
#7446=CARTESIAN_POINT('',(-27.5377262868076,-4.05621123622514E-15,0.306312288541983));
#7447=CARTESIAN_POINT('',(-27.5377262868076,-4.05621123622514E-15,0.306312288541983));
#7448=CARTESIAN_POINT('Origin',(-27.5377262868076,-4.60367843625037E-15,
-4.1640966522759));
#7449=CARTESIAN_POINT('',(-27.5377262868076,-4.60367843625037E-15,-4.1640966522759));
#7450=CARTESIAN_POINT('',(-27.5377262868076,-4.60367843625037E-15,-4.1640966522759));
#7451=CARTESIAN_POINT('',(-27.5377262868076,-4.60367843625037E-15,-4.1640966522759));
#7452=CARTESIAN_POINT('Origin',(-29.2630780775112,-4.60367843625037E-15,
-4.1640966522759));
#7453=CARTESIAN_POINT('',(-29.2630780775112,-4.60367843625037E-15,-4.1640966522759));
#7454=CARTESIAN_POINT('',(-29.2630780775112,-4.60367843625037E-15,-4.1640966522759));
#7455=CARTESIAN_POINT('',(-29.2630780775112,-4.60367843625037E-15,-4.1640966522759));
#7456=CARTESIAN_POINT('Origin',(-29.2630780775112,-4.72365711737953E-15,
-5.14379693167646));
#7457=CARTESIAN_POINT('',(-29.2630780775112,-4.72365711737953E-15,-5.14379693167646));
#7458=CARTESIAN_POINT('',(-29.2630780775112,-4.72365711737953E-15,-5.14379693167646));
#7459=CARTESIAN_POINT('',(-29.2630780775112,-4.72365711737953E-15,-5.14379693167646));
#7460=CARTESIAN_POINT('Origin',(36.8036895403105,-4.09368552159732E-15,
-22.900384399214));
#7461=CARTESIAN_POINT('',(39.3036895403104,-4.09368552159732E-15,-22.900384399214));
#7462=CARTESIAN_POINT('',(36.8036895403105,-4.09368552159732E-15,-22.900384399214));
#7463=CARTESIAN_POINT('',(18.4027298293625,-6.89821191796952E-15,-22.900384399214));
#7464=CARTESIAN_POINT('',(36.8036895403105,4.8,-22.900384399214));
#7465=CARTESIAN_POINT('',(36.8036895403105,-4.09368552159732E-15,-22.900384399214));
#7466=CARTESIAN_POINT('',(39.3036895403104,4.8,-22.900384399214));
#7467=CARTESIAN_POINT('',(18.4027298293625,4.79999999999999,-22.900384399214));
#7468=CARTESIAN_POINT('',(39.3036895403102,-2.69146046826245E-15,-22.900384399214));
#7469=CARTESIAN_POINT('Origin',(36.8036895403105,0.,-44.900384399214));
#7470=CARTESIAN_POINT('',(36.8036895403105,0.,-44.900384399214));
#7471=CARTESIAN_POINT('',(36.8036895403105,-6.84282912176096E-15,-22.4481495487484));
#7472=CARTESIAN_POINT('',(36.8036895403105,4.8,-44.900384399214));
#7473=CARTESIAN_POINT('',(36.8036895403105,0.,-44.900384399214));
#7474=CARTESIAN_POINT('',(36.8036895403105,4.79999999999999,-22.4481495487484));
#7475=CARTESIAN_POINT('Origin',(39.3036895403104,-4.09368552159732E-15,
-44.900384399214));
#7476=CARTESIAN_POINT('',(39.3036895403104,-4.09368552159732E-15,-44.900384399214));
#7477=CARTESIAN_POINT('',(19.6527298293624,-9.5924348760937E-15,-44.900384399214));
#7478=CARTESIAN_POINT('',(39.3036895403104,4.8,-44.900384399214));
#7479=CARTESIAN_POINT('',(39.3036895403101,-2.69146046826245E-15,-44.900384399214));
#7480=CARTESIAN_POINT('',(19.6527298293624,4.79999999999999,-44.900384399214));
#7481=CARTESIAN_POINT('Origin',(0.00177011841446806,-4.09322336742822E-15,
0.00408530171720045));
#7482=CARTESIAN_POINT('',(39.3036895403104,-4.09368552159732E-15,22.900384399214));
#7483=CARTESIAN_POINT('',(39.3036895403105,3.65834411452043E-15,63.3004386601298));
#7484=CARTESIAN_POINT('',(36.8036895403105,-4.09368552159732E-15,22.900384399214));
#7485=CARTESIAN_POINT('',(39.3036895403104,-4.09368552159732E-15,22.900384399214));
#7486=CARTESIAN_POINT('',(36.8036895403105,0.,44.900384399214));
#7487=CARTESIAN_POINT('',(36.8036895403105,-4.09368552159732E-15,22.900384399214));
#7488=CARTESIAN_POINT('',(39.3036895403104,-4.09368552159732E-15,44.900384399214));
#7489=CARTESIAN_POINT('',(36.8036895403105,0.,44.900384399214));
#7490=CARTESIAN_POINT('',(39.3036895403105,3.65834411452043E-15,63.3004386601298));
#7491=CARTESIAN_POINT('',(39.3036895403105,3.65834411452043E-15,63.3004386601298));
#7492=CARTESIAN_POINT('',(37.309393596997,3.90327409647172E-15,65.300384399214));
#7493=CARTESIAN_POINT('Origin',(37.3049697389361,3.65825478015503E-15,63.3016691148613));
#7494=CARTESIAN_POINT('',(8.30368954031007,0.,65.300384399214));
#7495=CARTESIAN_POINT('',(-37.3001443880655,3.90327409647172E-15,65.300384399214));
#7496=CARTESIAN_POINT('',(8.30368954031007,0.,48.707786204221));
#7497=CARTESIAN_POINT('',(8.30368954031007,0.,65.300384399214));
#7498=CARTESIAN_POINT('',(6.20368954031008,0.,48.707786204221));
#7499=CARTESIAN_POINT('',(8.30368954031007,0.,48.707786204221));
#7500=CARTESIAN_POINT('',(6.20368954031008,0.,65.300384399214));
#7501=CARTESIAN_POINT('',(6.20368954031008,0.,48.707786204221));
#7502=CARTESIAN_POINT('',(-25.1001496822285,0.,65.300384399214));
#7503=CARTESIAN_POINT('',(-37.3001443880655,3.90327409647172E-15,65.300384399214));
#7504=CARTESIAN_POINT('',(-25.1001496822285,0.,59.500384399214));
#7505=CARTESIAN_POINT('',(-25.1001496822285,0.,65.300384399214));
#7506=CARTESIAN_POINT('',(-32.3001496822285,0.,59.500384399214));
#7507=CARTESIAN_POINT('',(-25.1001496822285,0.,59.500384399214));
#7508=CARTESIAN_POINT('',(-32.3001496822285,0.,65.300384399214));
#7509=CARTESIAN_POINT('',(-32.3001496822285,0.,59.500384399214));
#7510=CARTESIAN_POINT('',(-37.3001443880655,3.90327093852314E-15,65.300384399214));
#7511=CARTESIAN_POINT('',(-37.3001443880655,3.90327409647172E-15,65.300384399214));
#7512=CARTESIAN_POINT('',(-39.3001496822285,3.65834411452043E-15,63.3004372496811));
#7513=CARTESIAN_POINT('Origin',(-37.2994409161148,3.65825478015504E-15,
63.299675611803));
#7514=CARTESIAN_POINT('',(-39.3001496822285,-4.09368552159732E-15,44.900384399214));
#7515=CARTESIAN_POINT('',(-39.3001496822287,-1.18457151577151E-14,-63.2998142682229));
#7516=CARTESIAN_POINT('',(-36.8001496822285,-1.72079205977931E-15,44.900384399214));
#7517=CARTESIAN_POINT('',(-39.3001496822285,-4.09368552159732E-15,44.900384399214));
#7518=CARTESIAN_POINT('',(-36.8001496822285,-1.72079205977931E-15,22.900384399214));
#7519=CARTESIAN_POINT('',(-36.8001496822285,-1.72079205977931E-15,44.900384399214));
#7520=CARTESIAN_POINT('',(-39.3001496822285,-1.72079205977931E-15,22.900384399214));
#7521=CARTESIAN_POINT('',(-36.8001496822285,-1.72079205977931E-15,22.900384399214));
#7522=CARTESIAN_POINT('',(-39.3001496822285,-1.72079205977931E-15,-22.900384399214));
#7523=CARTESIAN_POINT('',(-39.3001496822287,-1.18457151577151E-14,-63.2998142682229));
#7524=CARTESIAN_POINT('',(-36.8001496822285,-1.72079205977931E-15,-22.900384399214));
#7525=CARTESIAN_POINT('',(-19.649189781907,-6.89821191796952E-15,-22.900384399214));
#7526=CARTESIAN_POINT('',(-36.8001496822285,-1.72079205977931E-15,-44.900384399214));
#7527=CARTESIAN_POINT('',(-36.8001496822285,-5.49571764269887E-15,-11.4481495487484));
#7528=CARTESIAN_POINT('',(-39.3001496822285,-4.09368552159732E-15,-44.900384399214));
#7529=CARTESIAN_POINT('',(-18.399189781907,-9.5924348760937E-15,-44.900384399214));
#7530=CARTESIAN_POINT('',(-39.3001496822287,-3.03711610168124E-15,-60.412865093264));
#7531=CARTESIAN_POINT('',(-39.3001496822287,-1.18457151577151E-14,-63.2998142682229));
#7532=CARTESIAN_POINT('',(-35.5557527028604,-3.03711610168124E-15,-60.412865093264));
#7533=CARTESIAN_POINT('',(-35.3919880569297,-3.03711610168124E-15,-60.412865093264));
#7534=CARTESIAN_POINT('',(-35.5557527028604,-9.92284300045735E-15,-47.5983714808255));
#7535=CARTESIAN_POINT('',(-35.5557527028604,-9.92284300045735E-15,-47.5983714808255));
#7536=CARTESIAN_POINT('',(-35.5372919459389,-9.92284300045735E-15,-47.5983714808255));
#7537=CARTESIAN_POINT('',(-25.4557527028604,-9.92284300045735E-15,-47.5983714808255));
#7538=CARTESIAN_POINT('',(-35.5372919459389,-9.9162923687725E-15,-47.5448815138456));
#7539=CARTESIAN_POINT('',(-35.5372919459389,-1.16307366085797E-14,-61.5443811328448));
#7540=CARTESIAN_POINT('',(-21.5377135867822,-9.9162923687725E-15,-47.5448815138456));
#7541=CARTESIAN_POINT('',(-35.5372919459389,-9.9162923687725E-15,-47.5448815138456));
#7542=CARTESIAN_POINT('',(-21.5377135867822,-1.16307366085797E-14,-61.5443811328448));
#7543=CARTESIAN_POINT('',(-21.5377135867822,-9.9162923687725E-15,-47.5448815138456));
#7544=CARTESIAN_POINT('',(-21.5552701018952,-1.16307366085797E-14,-61.5443811328448));
#7545=CARTESIAN_POINT('',(-21.5377135867822,-1.16307366085797E-14,-61.5443811328448));
#7546=CARTESIAN_POINT('',(-21.5552701018952,-1.16374138420546E-14,-61.5989048818923));
#7547=CARTESIAN_POINT('',(-21.5552701018952,-1.16374138420546E-14,-61.5989048818923));
#7548=CARTESIAN_POINT('',(-34.3191216011995,6.10692336214226E-14,-61.5989048818923));
#7549=CARTESIAN_POINT('',(-35.5557527028604,-1.16374138420546E-14,-61.5989048818923));
#7550=CARTESIAN_POINT('',(-34.3191216011995,6.10692336214226E-14,-65.2922137957796));
#7551=CARTESIAN_POINT('',(-34.3191216011995,6.10692336214226E-14,-61.412865093264));
#7552=CARTESIAN_POINT('',(34.5036895403105,-5.41980562386529E-15,-65.2922137957791));
#7553=CARTESIAN_POINT('',(37.1421145767389,-1.20906451396664E-14,-65.292213795779));
#7554=CARTESIAN_POINT('',(34.5036895403105,0.,-60.5922137957791));
#7555=CARTESIAN_POINT('',(34.5036895403105,0.,-60.5922137957791));
#7556=CARTESIAN_POINT('',(39.3036895403101,0.,-60.5922137957791));
#7557=CARTESIAN_POINT('',(39.3036895403101,0.,-60.5922137957791));
#7558=CARTESIAN_POINT('',(39.3036895403105,3.65834411452043E-15,63.3004386601298));
#7559=CARTESIAN_POINT('',(-16.4872030457611,-5.25039117463018E-15,-9.44490691389642));
#7560=CARTESIAN_POINT('',(-16.4872030457611,-5.25692936387866E-15,-9.49829528067315));
#7561=CARTESIAN_POINT('',(-16.4872030457611,-6.9648021309201E-15,-23.4441347523521));
#7562=CARTESIAN_POINT('',(-2.48787614710732,-5.25039117463018E-15,-9.44490691389642));
#7563=CARTESIAN_POINT('',(-16.4872030457611,-5.25039117463018E-15,-9.44490691389642));
#7564=CARTESIAN_POINT('',(-2.48787614710732,-6.9648021309201E-15,-23.4441347523521));
#7565=CARTESIAN_POINT('',(-2.48787614710732,-5.25039117463018E-15,-9.44490691389642));
#7566=CARTESIAN_POINT('',(-2.55603210341924,-6.9648021309201E-15,-23.4441347523521));
#7567=CARTESIAN_POINT('',(-2.48787614710732,-6.9648021309201E-15,-23.4441347523521));
#7568=CARTESIAN_POINT('',(-2.55603210341924,-6.97150020547586E-15,-23.49882868174));
#7569=CARTESIAN_POINT('',(-2.55603210341924,-6.97150020547586E-15,-23.49882868174));
#7570=CARTESIAN_POINT('',(-16.5565147043844,-6.97150020547586E-15,-23.49882868174));
#7571=CARTESIAN_POINT('',(-16.5565147043844,-6.97150020547586E-15,-23.49882868174));
#7572=CARTESIAN_POINT('',(-16.5565147043844,-5.25692936387866E-15,-9.49829528067315));
#7573=CARTESIAN_POINT('',(-16.5565147043844,-5.25692936387866E-15,-9.49829528067315));
#7574=CARTESIAN_POINT('',(-6.45651470438444,-5.25692936387866E-15,-9.49829528067315));
#7575=CARTESIAN_POINT('',(-21.5377135867822,-5.25039117463018E-15,-9.44490691389642));
#7576=CARTESIAN_POINT('',(-21.5417826749204,-5.25039117463017E-15,-9.44490691389642));
#7577=CARTESIAN_POINT('',(-35.5372919459389,-5.25039117463018E-15,-9.44490691389642));
#7578=CARTESIAN_POINT('',(-21.5377135867822,-6.9648021309201E-15,-23.4441347523521));
#7579=CARTESIAN_POINT('',(-21.5377135867822,-5.25039117463018E-15,-9.44490691389642));
#7580=CARTESIAN_POINT('',(-35.5372919459389,-6.9648021309201E-15,-23.4441347523521));
#7581=CARTESIAN_POINT('',(-21.5377135867822,-6.9648021309201E-15,-23.4441347523521));
#7582=CARTESIAN_POINT('',(-35.5372919459389,-6.96058196756627E-15,-23.4096745034316));
#7583=CARTESIAN_POINT('',(-35.5372919459389,-6.9648021309201E-15,-23.4441347523521));
#7584=CARTESIAN_POINT('',(-35.5422652758856,-6.96058196756627E-15,-23.4096745034316));
#7585=CARTESIAN_POINT('',(-35.5422652758856,-6.96058196756627E-15,-23.4096745034316));
#7586=CARTESIAN_POINT('',(-35.5422652758856,-5.24601112596906E-15,-9.40914110236481));
#7587=CARTESIAN_POINT('',(-35.5422652758856,-5.24601112596906E-15,-9.40914110236481));
#7588=CARTESIAN_POINT('',(-21.5417826749204,-5.24601112596906E-15,-9.40914110236481));
#7589=CARTESIAN_POINT('',(-25.4422652758856,-5.24601112596906E-15,-9.40914110236481));
#7590=CARTESIAN_POINT('',(-21.5417826749204,-6.96058196756627E-15,-23.4096745034316));
#7591=CARTESIAN_POINT('',(21.6128731543913,-2.91743435634083E-15,9.60513118617977));
#7592=CARTESIAN_POINT('',(21.6128731543913,-2.93019376377142E-15,9.50094271780284));
#7593=CARTESIAN_POINT('',(21.6128731543913,-4.63184531263076E-15,-4.3940966522759));
#7594=CARTESIAN_POINT('',(35.6122000530451,-2.91743435634083E-15,9.60513118617977));
#7595=CARTESIAN_POINT('',(21.6128731543913,-2.91743435634083E-15,9.60513118617977));
#7596=CARTESIAN_POINT('',(35.612200053045,-4.63184531263076E-15,-4.3940966522759));
#7597=CARTESIAN_POINT('',(35.6122000530451,-2.91743435634083E-15,9.60513118617977));
#7598=CARTESIAN_POINT('',(35.5948441983333,-4.63184531263076E-15,-4.3940966522759));
#7599=CARTESIAN_POINT('',(35.612200053045,-4.63184531263076E-15,-4.3940966522759));
#7600=CARTESIAN_POINT('',(35.5948441983333,-4.64476460536862E-15,-4.49959068326397));
#7601=CARTESIAN_POINT('',(35.5948441983333,-4.64476460536862E-15,-4.49959068326397));
#7602=CARTESIAN_POINT('',(21.5943615973682,-4.64476460536862E-15,-4.49959068326397));
#7603=CARTESIAN_POINT('',(21.5943615973682,-4.64476460536862E-15,-4.49959068326397));
#7604=CARTESIAN_POINT('',(21.5943615973682,-2.93019376377142E-15,9.50094271780284));
#7605=CARTESIAN_POINT('',(21.5943615973682,-2.93019376377142E-15,9.50094271780284));
#7606=CARTESIAN_POINT('',(31.6943615973681,-2.93019376377142E-15,9.50094271780284));
#7607=CARTESIAN_POINT('',(16.5621619529689,-2.91743435634083E-15,9.60513118617977));
#7608=CARTESIAN_POINT('',(16.5448060982572,-2.91743435634083E-15,9.60513118617977));
#7609=CARTESIAN_POINT('',(2.56283505431509,-2.91743435634083E-15,9.60513118617977));
#7610=CARTESIAN_POINT('',(16.5621619529689,-4.63184531263076E-15,-4.3940966522759));
#7611=CARTESIAN_POINT('',(16.5621619529689,-2.91743435634083E-15,9.60513118617977));
#7612=CARTESIAN_POINT('',(2.56283505431507,-4.63184531263076E-15,-4.3940966522759));
#7613=CARTESIAN_POINT('',(16.5621619529689,-4.63184531263076E-15,-4.3940966522759));
#7614=CARTESIAN_POINT('',(2.56283505431507,-4.62610095082231E-15,-4.34719037846335));
#7615=CARTESIAN_POINT('',(2.56283505431507,-4.63184531263076E-15,-4.3940966522759));
#7616=CARTESIAN_POINT('',(2.54432349729197,-4.62610095082231E-15,-4.34719037846335));
#7617=CARTESIAN_POINT('',(2.54432349729197,-4.62610095082231E-15,-4.34719037846335));
#7618=CARTESIAN_POINT('',(2.54432349729197,-2.9115301092251E-15,9.65334302260344));
#7619=CARTESIAN_POINT('',(2.54432349729197,-2.9115301092251E-15,9.65334302260344));
#7620=CARTESIAN_POINT('',(16.5448060982572,-2.9115301092251E-15,9.65334302260344));
#7621=CARTESIAN_POINT('',(12.6443234972919,-2.9115301092251E-15,9.65334302260344));
#7622=CARTESIAN_POINT('',(16.5448060982572,-4.62610095082231E-15,-4.34719037846335));
#7623=CARTESIAN_POINT('',(-2.48787614710732,-1.23833347914974E-18,33.417678811275));
#7624=CARTESIAN_POINT('',(-2.50523200181904,-1.23833347914998E-18,33.417678811275));
#7625=CARTESIAN_POINT('',(-16.4872030457611,-1.23833347914974E-18,33.417678811275));
#7626=CARTESIAN_POINT('',(-2.48787614710732,-1.71564928976908E-15,19.4184509728193));
#7627=CARTESIAN_POINT('',(-2.48787614710732,-1.23833347914974E-18,33.417678811275));
#7628=CARTESIAN_POINT('',(-16.4872030457611,-1.71564928976908E-15,19.4184509728193));
#7629=CARTESIAN_POINT('',(-2.48787614710732,-1.71564928976908E-15,19.4184509728193));
#7630=CARTESIAN_POINT('',(-16.4872030457611,-1.71457084159721E-15,19.4272571704317));
#7631=CARTESIAN_POINT('',(-16.4872030457611,-1.71564928976908E-15,19.4184509728193));
#7632=CARTESIAN_POINT('',(-16.5057146027842,-1.71457084159721E-15,19.4272571704317));
#7633=CARTESIAN_POINT('',(-16.5057146027842,-1.71457084159721E-15,19.4272571704317));
#7634=CARTESIAN_POINT('',(-16.5057146027842,0.,33.4277905714985));
#7635=CARTESIAN_POINT('',(-16.5057146027842,0.,33.4277905714985));
#7636=CARTESIAN_POINT('',(-2.50523200181904,0.,33.4277905714985));
#7637=CARTESIAN_POINT('',(-6.40571460278424,0.,33.4277905714985));
#7638=CARTESIAN_POINT('',(-2.50523200181902,-1.71457084159721E-15,19.4272571704317));
#7639=CARTESIAN_POINT('',(35.612200053045,-6.9648021309201E-15,-23.4441347523521));
#7640=CARTESIAN_POINT('',(35.612200053045,-6.95905776911165E-15,-23.3972284785395));
#7641=CARTESIAN_POINT('',(35.6122000530451,-5.25039117463018E-15,-9.44490691389642));
#7642=CARTESIAN_POINT('',(21.6128731543913,-6.9648021309201E-15,-23.4441347523521));
#7643=CARTESIAN_POINT('',(35.612200053045,-6.9648021309201E-15,-23.4441347523521));
#7644=CARTESIAN_POINT('',(21.6128731543913,-5.25039117463018E-15,-9.44490691389642));
#7645=CARTESIAN_POINT('',(21.6128731543913,-6.9648021309201E-15,-23.4441347523521));
#7646=CARTESIAN_POINT('',(21.6451616989684,-5.25039117463017E-15,-9.44490691389642));
#7647=CARTESIAN_POINT('',(21.6128731543913,-5.25039117463018E-15,-9.44490691389642));
#7648=CARTESIAN_POINT('',(21.6451616989684,-5.24448692751445E-15,-9.39669507747276));
#7649=CARTESIAN_POINT('',(21.6451616989684,-5.24448692751445E-15,-9.39669507747276));
#7650=CARTESIAN_POINT('',(35.6456442999335,-5.24448692751445E-15,-9.39669507747276));
#7651=CARTESIAN_POINT('',(31.7451616989683,-5.24448692751445E-15,-9.39669507747276));
#7652=CARTESIAN_POINT('',(35.6456442999335,-6.95905776911165E-15,-23.3972284785395));
#7653=CARTESIAN_POINT('',(35.6456442999335,-6.95905776911165E-15,-23.3972284785395));
#7654=CARTESIAN_POINT('',(21.6451616989684,-6.95905776911165E-15,-23.3972284785395));
#7655=CARTESIAN_POINT('',(-16.4872030457611,-9.9162923687725E-15,-47.5448815138456));
#7656=CARTESIAN_POINT('',(-16.4872030457611,-9.91973239136629E-15,-47.5729714300254));
#7657=CARTESIAN_POINT('',(-16.4872030457611,-1.16307366085797E-14,-61.5443811328448));
#7658=CARTESIAN_POINT('',(-2.48787614710732,-9.9162923687725E-15,-47.5448815138456));
#7659=CARTESIAN_POINT('',(-16.4872030457611,-9.9162923687725E-15,-47.5448815138456));
#7660=CARTESIAN_POINT('',(-2.48787614710732,-1.16307366085797E-14,-61.5443811328448));
#7661=CARTESIAN_POINT('',(-2.48787614710732,-9.9162923687725E-15,-47.5448815138456));
#7662=CARTESIAN_POINT('',(-2.50523200181902,-1.16307366085797E-14,-61.5443811328448));
#7663=CARTESIAN_POINT('',(-2.48787614710732,-1.16307366085797E-14,-61.5443811328448));
#7664=CARTESIAN_POINT('',(-2.50523200181902,-1.16343032329635E-14,-61.5735048310923));
#7665=CARTESIAN_POINT('',(-2.50523200181902,-1.16343032329635E-14,-61.5735048310923));
#7666=CARTESIAN_POINT('',(-16.5057146027842,-1.16343032329635E-14,-61.5735048310923));
#7667=CARTESIAN_POINT('',(-16.5057146027842,-1.16343032329635E-14,-61.5735048310923));
#7668=CARTESIAN_POINT('',(-16.5057146027842,-9.91973239136629E-15,-47.5729714300254));
#7669=CARTESIAN_POINT('',(-16.5057146027842,-9.91973239136629E-15,-47.5729714300254));
#7670=CARTESIAN_POINT('',(-6.40571460278424,-9.91973239136629E-15,-47.5729714300254));
#7671=CARTESIAN_POINT('',(-1.23807172749847,5.36297002779261E-16,37.8069879298932));
#7672=CARTESIAN_POINT('Origin',(0.011930812506607,5.36297002779261E-16,
37.8069879298932));
#7673=CARTESIAN_POINT('',(-35.7381428476407,-2.26636178820582E-15,14.921542159436));
#7674=CARTESIAN_POINT('Origin',(-36.9881453876458,-2.26636178820582E-15,
14.921542159436));
#7675=CARTESIAN_POINT('',(-35.5372919459389,-1.23833347914974E-18,33.417678811275));
#7676=CARTESIAN_POINT('',(-35.5372919459389,-6.22121818210555E-18,33.3769904698983));
#7677=CARTESIAN_POINT('',(-35.5372919459389,-1.71564928976908E-15,19.4184509728193));
#7678=CARTESIAN_POINT('',(-21.5377135867822,-1.23833347914974E-18,33.417678811275));
#7679=CARTESIAN_POINT('',(-35.5372919459389,-1.23833347914974E-18,33.417678811275));
#7680=CARTESIAN_POINT('',(-21.5377135867822,-1.71564928976908E-15,19.4184509728193));
#7681=CARTESIAN_POINT('',(-21.5377135867822,-1.23833347914974E-18,33.417678811275));
#7682=CARTESIAN_POINT('',(-21.6060702034954,-1.71564928976907E-15,19.4184509728193));
#7683=CARTESIAN_POINT('',(-21.5377135867822,-1.71564928976908E-15,19.4184509728193));
#7684=CARTESIAN_POINT('',(-21.6060702034954,-1.72079205977931E-15,19.3764570688315));
#7685=CARTESIAN_POINT('',(-21.6060702034954,-1.72079205977931E-15,19.3764570688315));
#7686=CARTESIAN_POINT('',(-35.6065528044606,-1.72079205977931E-15,19.3764570688315));
#7687=CARTESIAN_POINT('',(-35.6065528044606,-1.72079205977931E-15,19.3764570688315));
#7688=CARTESIAN_POINT('',(-35.6065528044606,-6.22121818210555E-18,33.3769904698983));
#7689=CARTESIAN_POINT('',(-35.6065528044606,-6.22121818210555E-18,33.3769904698983));
#7690=CARTESIAN_POINT('',(-25.5065528044606,-6.22121818210555E-18,33.3769904698983));
#7691=CARTESIAN_POINT('',(-3.73757642650788,-3.49289703818553E-15,4.90612178816098));
#7692=CARTESIAN_POINT('',(-3.73757642650788,-3.49289703818553E-15,4.90612178816098));
#7693=CARTESIAN_POINT('',(-2.91217637570778,-3.49289703818553E-15,4.90612178816098));
#7694=CARTESIAN_POINT('',(-2.91217637570778,-3.49289703818553E-15,4.90612178816098));
#7695=CARTESIAN_POINT('',(-2.91217637570778,-3.83583546925589E-15,2.10581698755137));
#7696=CARTESIAN_POINT('',(-2.91217637570778,-3.83583546925589E-15,2.10581698755137));
#7697=CARTESIAN_POINT('',(-3.73757642650788,-3.83583546925589E-15,2.10581698755137));
#7698=CARTESIAN_POINT('',(-3.73757642650788,-3.83583546925589E-15,2.10581698755137));
#7699=CARTESIAN_POINT('',(-3.73757642650788,-4.60367843625037E-15,-4.1640966522759));
#7700=CARTESIAN_POINT('',(-3.73757642650788,-4.60367843625037E-15,-4.1640966522759));
#7701=CARTESIAN_POINT('',(-5.46287995711495,-4.60367843625037E-15,-4.1640966522759));
#7702=CARTESIAN_POINT('',(-5.46287995711495,-4.60367843625037E-15,-4.1640966522759));
#7703=CARTESIAN_POINT('',(-5.46287995711495,-4.72365711737953E-15,-5.14379693167646));
#7704=CARTESIAN_POINT('',(-5.46287995711495,-4.72365711737953E-15,-5.14379693167646));
#7705=CARTESIAN_POINT('',(-8.76198841533186,-4.72365711737953E-15,-5.14379693167646));
#7706=CARTESIAN_POINT('',(-8.76198841533186,-4.72365711737953E-15,-5.14379693167646));
#7707=CARTESIAN_POINT('',(-8.76198841533186,-4.60367843625037E-15,-4.1640966522759));
#7708=CARTESIAN_POINT('',(-8.76198841533186,-4.60367843625037E-15,-4.1640966522759));
#7709=CARTESIAN_POINT('',(-10.4872919459389,-4.60367843625037E-15,-4.1640966522759));
#7710=CARTESIAN_POINT('',(-32.5620950955452,-4.72365711737953E-15,-5.14379693167646));
#7711=CARTESIAN_POINT('',(-32.5620950955452,-4.72365711737953E-15,-5.14379693167646));
#7712=CARTESIAN_POINT('',(-32.5620950955452,-4.60367843625037E-15,-4.1640966522759));
#7713=CARTESIAN_POINT('',(-32.5620950955452,-4.60367843625037E-15,-4.1640966522759));
#7714=CARTESIAN_POINT('',(-34.2873884661319,-4.60367843625037E-15,-4.1640966522759));
#7715=CARTESIAN_POINT('',(-34.2873884661319,-4.60367843625037E-15,-4.1640966522759));
#7716=CARTESIAN_POINT('',(-34.287388466132,-3.83583546925589E-15,2.10581698755137));
#7717=CARTESIAN_POINT('',(-34.287388466132,-3.83583546925589E-15,2.10581698755137));
#7718=CARTESIAN_POINT('',(-35.112849477054,-3.83583546925589E-15,2.10581698755137));
#7719=CARTESIAN_POINT('',(-35.112849477054,-3.83583546925589E-15,2.10581698755137));
#7720=CARTESIAN_POINT('',(-35.112849477054,-3.49289703818553E-15,4.90612178816098));
#7721=CARTESIAN_POINT('',(-35.112849477054,-3.49289703818553E-15,4.90612178816098));
#7722=CARTESIAN_POINT('',(-34.2873884661319,-3.49289703818553E-15,4.90612178816098));
#7723=CARTESIAN_POINT('',(-34.2873884661319,-3.49289703818553E-15,4.90612178816098));
#7724=CARTESIAN_POINT('',(-34.2873884661319,-3.09732305750276E-15,8.13622846837433));
#7725=CARTESIAN_POINT('',(-34.2873884661319,-3.09732305750276E-15,8.13622846837433));
#7726=CARTESIAN_POINT('',(-32.5620950955452,-3.09732305750276E-15,8.13622846837433));
#7727=CARTESIAN_POINT('',(-32.5620950955452,-3.09732305750276E-15,8.13622846837433));
#7728=CARTESIAN_POINT('',(-32.5620950955452,-2.98474109373121E-15,9.05552996697733));
#7729=CARTESIAN_POINT('',(-32.5620950955452,-2.98474109373121E-15,9.05552996697733));
#7730=CARTESIAN_POINT('',(-29.2630780775112,-2.98474109373121E-15,9.05552996697733));
#7731=CARTESIAN_POINT('',(-29.2630780775112,-2.98474109373121E-15,9.05552996697733));
#7732=CARTESIAN_POINT('',(-29.2630780775112,-3.09732305750276E-15,8.13622846837433));
#7733=CARTESIAN_POINT('',(-29.2630780775112,-3.09732305750276E-15,8.13622846837433));
#7734=CARTESIAN_POINT('',(-27.5377262868076,-3.09732305750276E-15,8.13622846837433));
#7735=CARTESIAN_POINT('',(-27.5377262868076,-3.09732305750276E-15,8.13622846837433));
#7736=CARTESIAN_POINT('',(-27.5377262868076,-3.49289703818553E-15,4.90612178816098));
#7737=CARTESIAN_POINT('',(-27.5377262868076,-3.49289703818553E-15,4.90612178816098));
#7738=CARTESIAN_POINT('',(-26.0561337036224,-3.49289703818553E-15,4.90612178816098));
#7739=CARTESIAN_POINT('',(-26.0122220957992,-3.49289703818553E-15,4.90612178816098));
#7740=CARTESIAN_POINT('',(-26.0561337036224,-2.9115301092251E-15,9.65334302260344));
#7741=CARTESIAN_POINT('',(-38.2591496822287,0.,63.021542159436));
#7742=CARTESIAN_POINT('Origin',(-37.0091496822287,0.,63.021542159436));
#7743=CARTESIAN_POINT('',(35.612200053045,-8.74981395962783E-15,-38.0198624638075));
#7744=CARTESIAN_POINT('',(35.612200053045,-8.74981395962783E-15,-38.0198624638075));
#7745=CARTESIAN_POINT('',(35.6122000530451,-1.04642619321659E-14,-52.0193925628677));
#7746=CARTESIAN_POINT('',(35.6122000530451,-1.04642619321659E-14,-52.0193925628677));
#7747=CARTESIAN_POINT('',(30.9131906550263,-1.04642619321659E-14,-52.0193925628677));
#7748=CARTESIAN_POINT('',(30.9131906550263,-1.04642619321659E-14,-52.0193925628677));
#7749=CARTESIAN_POINT('',(30.9131906550263,-1.06510820035655E-14,-53.544894213871));
#7750=CARTESIAN_POINT('',(30.9131906550263,-1.06510820035655E-14,-53.544894213871));
#7751=CARTESIAN_POINT('',(34.1431982750415,-1.06510820035655E-14,-53.544894213871));
#7752=CARTESIAN_POINT('',(35.0625988338426,-1.12663825671002E-14,-58.5692046024918));
#7753=CARTESIAN_POINT('',(35.0625988338426,-1.12663825671002E-14,-58.5692046024918));
#7754=CARTESIAN_POINT('',(34.1431982750415,-1.12663825671002E-14,-58.5692046024918));
#7755=CARTESIAN_POINT('',(34.1431982750415,-1.12663825671002E-14,-58.5692046024918));
#7756=CARTESIAN_POINT('',(34.1431982750415,-1.14776700674881E-14,-60.2944979730785));
#7757=CARTESIAN_POINT('',(34.1431982750415,-1.14776700674881E-14,-60.2944979730785));
#7758=CARTESIAN_POINT('',(30.9131906550263,-1.14776700674881E-14,-60.2944979730785));
#7759=CARTESIAN_POINT('',(30.9131906550263,-1.14776700674881E-14,-60.2944979730785));
#7760=CARTESIAN_POINT('',(30.9131906550263,-1.15785897356555E-14,-61.1185696012218));
#7761=CARTESIAN_POINT('',(30.9131906550263,-1.15785897356555E-14,-61.1185696012218));
#7762=CARTESIAN_POINT('',(28.1131855750161,-1.15785897356555E-14,-61.1185696012218));
#7763=CARTESIAN_POINT('',(28.1131855750161,-1.15785897356555E-14,-61.1185696012218));
#7764=CARTESIAN_POINT('',(28.1131855750161,-1.14776700674881E-14,-60.2944979730785));
#7765=CARTESIAN_POINT('',(28.1131855750161,-1.14776700674881E-14,-60.2944979730785));
#7766=CARTESIAN_POINT('',(21.8428731543913,-1.14776700674881E-14,-60.2944979730785));
#7767=CARTESIAN_POINT('',(21.8428731543913,-1.14776700674881E-14,-60.2944979730785));
#7768=CARTESIAN_POINT('',(21.8428731543913,-1.12663825671002E-14,-58.5692046024918));
#7769=CARTESIAN_POINT('',(21.8428731543913,-1.12663825671002E-14,-58.5692046024918));
#7770=CARTESIAN_POINT('',(20.8632719351888,-1.12663825671002E-14,-58.5692046024918));
#7771=CARTESIAN_POINT('',(20.8632719351888,-1.12663825671002E-14,-58.5692046024918));
#7772=CARTESIAN_POINT('',(20.8632719351888,-1.08621968651488E-14,-55.2687778816384));
#7773=CARTESIAN_POINT('',(20.8632719351888,-1.08621968651488E-14,-55.2687778816384));
#7774=CARTESIAN_POINT('',(21.8428731543913,-1.08621968651488E-14,-55.2687778816384));
#7775=CARTESIAN_POINT('',(21.8428731543913,-1.08621968651488E-14,-55.2687778816384));
#7776=CARTESIAN_POINT('',(21.8428731543913,-1.06510820035655E-14,-53.544894213871));
#7777=CARTESIAN_POINT('',(20.8632719351888,-7.94752193013267E-15,-31.4686508813844));
#7778=CARTESIAN_POINT('',(20.8632719351888,-7.94752193013267E-15,-31.4686508813844));
#7779=CARTESIAN_POINT('',(21.8428731543913,-7.94752193013267E-15,-31.4686508813844));
#7780=CARTESIAN_POINT('',(21.8428731543913,-7.94752193013267E-15,-31.4686508813844));
#7781=CARTESIAN_POINT('',(21.8428731543913,-7.73639244868657E-15,-29.7446478333783));
#7782=CARTESIAN_POINT('',(21.8428731543913,-7.73639244868657E-15,-29.7446478333783));
#7783=CARTESIAN_POINT('',(28.1131855750161,-7.73639244868657E-15,-29.7446478333783));
#7784=CARTESIAN_POINT('',(28.1131855750161,-7.73639244868657E-15,-29.7446478333783));
#7785=CARTESIAN_POINT('',(28.1131855750161,-7.63532191597828E-15,-28.9193443027712));
#7786=CARTESIAN_POINT('',(28.1131855750161,-7.63532191597828E-15,-28.9193443027712));
#7787=CARTESIAN_POINT('',(30.9131906550263,-7.63532191597828E-15,-28.9193443027712));
#7788=CARTESIAN_POINT('',(30.9131906550263,-7.63532191597828E-15,-28.9193443027712));
#7789=CARTESIAN_POINT('',(30.9131906550263,-7.73639244868657E-15,-29.7446478333783));
#7790=CARTESIAN_POINT('',(30.9131906550263,-7.73639244868657E-15,-29.7446478333783));
#7791=CARTESIAN_POINT('',(34.1431982750415,-7.73639244868657E-15,-29.7446478333783));
#7792=CARTESIAN_POINT('',(34.1431982750415,-7.73639244868657E-15,-29.7446478333783));
#7793=CARTESIAN_POINT('',(34.1431982750415,-7.94752193013267E-15,-31.4686508813844));
#7794=CARTESIAN_POINT('',(34.1431982750415,-7.94752193013267E-15,-31.4686508813844));
#7795=CARTESIAN_POINT('',(35.0625988338426,-7.94752193013267E-15,-31.4686508813844));
#7796=CARTESIAN_POINT('',(35.0625988338426,-7.94752193013267E-15,-31.4686508813844));
#7797=CARTESIAN_POINT('',(35.0625988338426,-8.35170514359675E-15,-34.7690572821972));
#7798=CARTESIAN_POINT('',(16.5621619529689,-1.16307366085797E-14,-61.5443811328448));
#7799=CARTESIAN_POINT('',(16.5621619529689,-1.16249714056903E-14,-61.4973046786919));
#7800=CARTESIAN_POINT('',(16.5621619529689,-9.9162923687725E-15,-47.5448815138456));
#7801=CARTESIAN_POINT('',(2.56283505431507,-1.16307366085797E-14,-61.5443811328448));
#7802=CARTESIAN_POINT('',(16.5621619529689,-1.16307366085797E-14,-61.5443811328448));
#7803=CARTESIAN_POINT('',(2.56283505431509,-9.9162923687725E-15,-47.5448815138456));
#7804=CARTESIAN_POINT('',(2.56283505431507,-1.16307366085797E-14,-61.5443811328448));
#7805=CARTESIAN_POINT('',(2.59512359889218,-9.9162923687725E-15,-47.5448815138456));
#7806=CARTESIAN_POINT('',(2.56283505431509,-9.9162923687725E-15,-47.5448815138456));
#7807=CARTESIAN_POINT('',(2.59512359889218,-9.91040056409314E-15,-47.4967712776251));
#7808=CARTESIAN_POINT('',(2.59512359889218,-9.91040056409314E-15,-47.4967712776251));
#7809=CARTESIAN_POINT('',(16.5956061998574,-9.91040056409314E-15,-47.4967712776251));
#7810=CARTESIAN_POINT('',(12.6951235988922,-9.91040056409314E-15,-47.4967712776251));
#7811=CARTESIAN_POINT('',(16.5956061998574,-1.16249714056903E-14,-61.4973046786919));
#7812=CARTESIAN_POINT('',(16.5956061998574,-1.16249714056903E-14,-61.4973046786919));
#7813=CARTESIAN_POINT('',(2.59512359889217,-1.16249714056903E-14,-61.4973046786919));
#7814=CARTESIAN_POINT('',(-21.5377135867822,-7.58334799291952E-15,-28.4949450139726));
#7815=CARTESIAN_POINT('',(-21.5552701018952,-7.58334799291952E-15,-28.4949450139726));
#7816=CARTESIAN_POINT('',(-35.5372919459389,-7.58334799291952E-15,-28.4949450139726));
#7817=CARTESIAN_POINT('',(-21.5377135867822,-9.29778352302127E-15,-42.4943735128296));
#7818=CARTESIAN_POINT('',(-21.5377135867822,-7.58334799291952E-15,-28.4949450139726));
#7819=CARTESIAN_POINT('',(-35.5372919459389,-9.29778352302127E-15,-42.4943735128296));
#7820=CARTESIAN_POINT('',(-21.5377135867822,-9.29778352302127E-15,-42.4943735128296));
#7821=CARTESIAN_POINT('',(-35.5372919459389,-9.28579336921889E-15,-42.3964664770156));
#7822=CARTESIAN_POINT('',(-35.5372919459389,-9.29778352302127E-15,-42.4943735128296));
#7823=CARTESIAN_POINT('',(-35.5557527028604,-9.28579336921889E-15,-42.3964664770156));
#7824=CARTESIAN_POINT('',(-35.5557527028604,-9.28579336921889E-15,-42.3964664770156));
#7825=CARTESIAN_POINT('',(-35.5557527028604,-7.57122252762169E-15,-28.3959330759488));
#7826=CARTESIAN_POINT('',(-35.5557527028604,-7.57122252762169E-15,-28.3959330759488));
#7827=CARTESIAN_POINT('',(-21.5552701018952,-7.57122252762169E-15,-28.3959330759488));
#7828=CARTESIAN_POINT('',(-25.4557527028604,-7.57122252762169E-15,-28.3959330759488));
#7829=CARTESIAN_POINT('',(-21.5552701018952,-9.2857933692189E-15,-42.3964664770156));
#7830=CARTESIAN_POINT('',(-16.4872030457611,-9.29778352302127E-15,-42.4943735128296));
#7831=CARTESIAN_POINT('',(-16.454914501184,-9.29778352302127E-15,-42.4943735128296));
#7832=CARTESIAN_POINT('',(-2.48787614710732,-9.29778352302127E-15,-42.4943735128296));
#7833=CARTESIAN_POINT('',(-16.4872030457611,-7.58334799291952E-15,-28.4949450139726));
#7834=CARTESIAN_POINT('',(-16.4872030457611,-9.29778352302127E-15,-42.4943735128296));
#7835=CARTESIAN_POINT('',(-2.48787614710732,-7.58334799291952E-15,-28.4949450139726));
#7836=CARTESIAN_POINT('',(-16.4872030457611,-7.58334799291952E-15,-28.4949450139726));
#7837=CARTESIAN_POINT('',(-2.48787614710732,-7.5836649639859E-15,-28.4975332791492));
#7838=CARTESIAN_POINT('',(-2.48787614710732,-7.58334799291952E-15,-28.4949450139726));
#7839=CARTESIAN_POINT('',(-2.45443190021882,-7.5836649639859E-15,-28.4975332791492));
#7840=CARTESIAN_POINT('',(-2.45443190021882,-7.5836649639859E-15,-28.4975332791492));
#7841=CARTESIAN_POINT('',(-2.45443190021884,-9.29823580558311E-15,-42.4980666802159));
#7842=CARTESIAN_POINT('',(-2.45443190021884,-9.29823580558311E-15,-42.4980666802159));
#7843=CARTESIAN_POINT('',(-16.454914501184,-9.29823580558311E-15,-42.4980666802159));
#7844=CARTESIAN_POINT('',(-16.454914501184,-9.29823580558311E-15,-42.4980666802159));
#7845=CARTESIAN_POINT('',(-16.454914501184,-7.5836649639859E-15,-28.4975332791492));
#7846=CARTESIAN_POINT('',(35.7620019326488,-2.26636178831219E-15,14.9215421585674));
#7847=CARTESIAN_POINT('Origin',(37.0120044726539,-2.26636178831219E-15,
14.9215421585674));
#7848=CARTESIAN_POINT('',(10.0119689125828,-8.54145260921186E-16,26.4531652222478));
#7849=CARTESIAN_POINT('Origin',(19.0119689125828,-8.54145260921186E-16,
26.4531652222478));
#7850=CARTESIAN_POINT('',(35.7626895403105,0.,63.021542159436));
#7851=CARTESIAN_POINT('Origin',(37.0126895403105,0.,63.021542159436));
#7852=CARTESIAN_POINT('',(2.56283505431509,-5.25039117463018E-15,-9.44490691389642));
#7853=CARTESIAN_POINT('',(2.56283505431508,-5.25070814569655E-15,-9.44749517907296));
#7854=CARTESIAN_POINT('',(2.56283505431507,-6.9648021309201E-15,-23.4441347523521));
#7855=CARTESIAN_POINT('',(16.5621619529689,-5.25039117463018E-15,-9.44490691389642));
#7856=CARTESIAN_POINT('',(2.56283505431509,-5.25039117463018E-15,-9.44490691389642));
#7857=CARTESIAN_POINT('',(16.5621619529689,-6.9648021309201E-15,-23.4441347523521));
#7858=CARTESIAN_POINT('',(16.5621619529689,-5.25039117463018E-15,-9.44490691389642));
#7859=CARTESIAN_POINT('',(16.5448060982572,-6.9648021309201E-15,-23.4441347523521));
#7860=CARTESIAN_POINT('',(16.5621619529689,-6.9648021309201E-15,-23.4441347523521));
#7861=CARTESIAN_POINT('',(16.5448060982572,-6.96527898729376E-15,-23.4480285801398));
#7862=CARTESIAN_POINT('',(16.5448060982572,-6.96527898729376E-15,-23.4480285801398));
#7863=CARTESIAN_POINT('',(2.54432349729197,-6.96527898729376E-15,-23.4480285801398));
#7864=CARTESIAN_POINT('',(2.54432349729197,-6.96527898729376E-15,-23.4480285801398));
#7865=CARTESIAN_POINT('',(2.54432349729197,-5.25070814569655E-15,-9.44749517907296));
#7866=CARTESIAN_POINT('',(2.54432349729197,-5.25070814569655E-15,-9.44749517907296));
#7867=CARTESIAN_POINT('',(12.6443234972919,-5.25070814569655E-15,-9.44749517907296));
#7868=CARTESIAN_POINT('',(2.56283505431509,-7.58334799291952E-15,-28.4949450139726));
#7869=CARTESIAN_POINT('',(2.56283505431508,-7.58631831354056E-15,-28.5191995224816));
#7870=CARTESIAN_POINT('',(2.56283505431507,-9.29778352302127E-15,-42.4943735128296));
#7871=CARTESIAN_POINT('',(16.5621619529689,-7.58334799291952E-15,-28.4949450139726));
#7872=CARTESIAN_POINT('',(2.56283505431509,-7.58334799291952E-15,-28.4949450139726));
#7873=CARTESIAN_POINT('',(16.5621619529689,-9.29778352302127E-15,-42.4943735128296));
#7874=CARTESIAN_POINT('',(16.5621619529689,-7.58334799291952E-15,-28.4949450139726));
#7875=CARTESIAN_POINT('',(16.5058779804009,-9.29778352302127E-15,-42.4943735128296));
#7876=CARTESIAN_POINT('',(16.5621619529689,-9.29778352302127E-15,-42.4943735128296));
#7877=CARTESIAN_POINT('',(16.5058779804009,-9.30088915513777E-15,-42.5197329235484));
#7878=CARTESIAN_POINT('',(16.5058779804009,-9.30088915513777E-15,-42.5197329235484));
#7879=CARTESIAN_POINT('',(2.50539537943573,-9.30088915513777E-15,-42.5197329235484));
#7880=CARTESIAN_POINT('',(2.50539537943573,-9.30088915513777E-15,-42.5197329235484));
#7881=CARTESIAN_POINT('',(2.50539537943574,-7.58631831354056E-15,-28.5191995224816));
#7882=CARTESIAN_POINT('',(2.50539537943574,-7.58631831354056E-15,-28.5191995224816));
#7883=CARTESIAN_POINT('',(12.6053953794357,-7.58631831354056E-15,-28.5191995224816));
#7884=CARTESIAN_POINT('Origin',(39.3036895403104,-1.28923541492759E-15,
22.900384399214));
#7885=CARTESIAN_POINT('',(39.3036895403104,4.8,22.900384399214));
#7886=CARTESIAN_POINT('',(39.3036895403105,4.8,63.3004386601298));
#7887=CARTESIAN_POINT('',(39.3036895403104,-4.09368552159732E-15,22.900384399214));
#7888=CARTESIAN_POINT('Origin',(-36.8001496822285,-1.72079205977931E-15,
-44.900384399214));
#7889=CARTESIAN_POINT('',(-36.8001496822285,4.8,-44.900384399214));
#7890=CARTESIAN_POINT('',(-36.8001496822285,-1.72079205977931E-15,-44.900384399214));
#7891=CARTESIAN_POINT('',(-39.3001496822285,4.8,-44.900384399214));
#7892=CARTESIAN_POINT('',(-18.399189781907,4.79999999999999,-44.900384399214));
#7893=CARTESIAN_POINT('',(-39.3001496822286,-6.60647895550662E-15,-44.900384399214));
#7894=CARTESIAN_POINT('Origin',(-36.8001496822285,-1.72079205977931E-15,
-22.900384399214));
#7895=CARTESIAN_POINT('',(-36.8001496822285,4.8,-22.900384399214));
#7896=CARTESIAN_POINT('',(-36.8001496822285,-1.72079205977931E-15,-22.900384399214));
#7897=CARTESIAN_POINT('',(-36.8001496822285,4.79999999999999,-11.4481495487484));
#7898=CARTESIAN_POINT('Origin',(-39.3001496822285,-1.72079205977931E-15,
-22.900384399214));
#7899=CARTESIAN_POINT('',(-39.3001496822285,4.8,-22.900384399214));
#7900=CARTESIAN_POINT('',(-39.3001496822286,-6.60647895550662E-15,-22.900384399214));
#7901=CARTESIAN_POINT('',(-19.649189781907,4.79999999999999,-22.900384399214));
#7902=CARTESIAN_POINT('Origin',(0.00177011841446806,4.8,0.00408530171720045));
#7903=CARTESIAN_POINT('',(39.3036895403101,4.8,-60.5922137957791));
#7904=CARTESIAN_POINT('',(39.3036895403105,4.8,63.3004386601298));
#7905=CARTESIAN_POINT('',(34.5036895403105,4.8,-60.5922137957791));
#7906=CARTESIAN_POINT('',(39.3036895403101,4.8,-60.5922137957791));
#7907=CARTESIAN_POINT('',(34.5036895403105,4.79999999999999,-65.2922137957791));
#7908=CARTESIAN_POINT('',(34.5036895403105,4.8,-60.5922137957791));
#7909=CARTESIAN_POINT('',(-34.3191216011995,4.80000000000006,-65.2922137957796));
#7910=CARTESIAN_POINT('',(37.1421145767389,4.79999999999999,-65.292213795779));
#7911=CARTESIAN_POINT('',(-34.3191216011995,4.80000000000006,-61.5989048818923));
#7912=CARTESIAN_POINT('',(-34.3191216011995,4.80000000000006,-61.412865093264));
#7913=CARTESIAN_POINT('',(-21.5552701018952,4.79999999999999,-61.5989048818923));
#7914=CARTESIAN_POINT('',(-35.5557527028604,4.79999999999999,-61.5989048818923));
#7915=CARTESIAN_POINT('',(-21.5552701018952,4.79999999999999,-61.5443811328448));
#7916=CARTESIAN_POINT('',(-21.5552701018952,4.79999999999999,-61.5989048818923));
#7917=CARTESIAN_POINT('',(-21.5377135867822,4.79999999999999,-61.5443811328448));
#7918=CARTESIAN_POINT('',(-21.5377135867822,4.79999999999999,-61.5443811328448));
#7919=CARTESIAN_POINT('',(-21.5377135867822,4.79999999999999,-47.5448815138456));
#7920=CARTESIAN_POINT('',(-21.5377135867822,4.79999999999999,-47.5448815138456));
#7921=CARTESIAN_POINT('',(-35.5372919459389,4.79999999999999,-47.5448815138456));
#7922=CARTESIAN_POINT('',(-35.5372919459389,4.79999999999999,-47.5448815138456));
#7923=CARTESIAN_POINT('',(-35.5372919459389,4.79999999999999,-47.5983714808255));
#7924=CARTESIAN_POINT('',(-35.5372919459389,4.79999999999999,-61.5443811328448));
#7925=CARTESIAN_POINT('',(-35.5557527028604,4.79999999999999,-47.5983714808255));
#7926=CARTESIAN_POINT('',(-25.4557527028604,4.79999999999999,-47.5983714808255));
#7927=CARTESIAN_POINT('',(-35.5557527028604,4.8,-60.412865093264));
#7928=CARTESIAN_POINT('',(-35.5557527028604,4.79999999999999,-47.5983714808255));
#7929=CARTESIAN_POINT('',(-39.3001496822287,4.8,-60.412865093264));
#7930=CARTESIAN_POINT('',(-35.3919880569297,4.8,-60.412865093264));
#7931=CARTESIAN_POINT('',(-39.3001496822287,4.79999999999999,-63.2998142682229));
#7932=CARTESIAN_POINT('',(-39.3001496822285,4.8,22.900384399214));
#7933=CARTESIAN_POINT('',(-39.3001496822287,4.79999999999999,-63.2998142682229));
#7934=CARTESIAN_POINT('',(-36.8001496822285,4.8,22.900384399214));
#7935=CARTESIAN_POINT('',(-36.8001496822285,4.8,22.900384399214));
#7936=CARTESIAN_POINT('',(-36.8001496822285,4.8,44.900384399214));
#7937=CARTESIAN_POINT('',(-36.8001496822285,4.8,44.900384399214));
#7938=CARTESIAN_POINT('',(-39.3001496822285,4.8,44.900384399214));
#7939=CARTESIAN_POINT('',(-39.3001496822285,4.8,44.900384399214));
#7940=CARTESIAN_POINT('',(-39.3001496822285,4.8,63.3004372496811));
#7941=CARTESIAN_POINT('',(-39.3001496822287,4.79999999999999,-63.2998142682229));
#7942=CARTESIAN_POINT('',(-37.3001443880655,4.8,65.300384399214));
#7943=CARTESIAN_POINT('Origin',(-37.2994409161148,4.8,63.299675611803));
#7944=CARTESIAN_POINT('',(-32.3001496822285,4.8,65.300384399214));
#7945=CARTESIAN_POINT('',(-37.3001443880655,4.8,65.300384399214));
#7946=CARTESIAN_POINT('',(-32.3001496822285,4.8,59.500384399214));
#7947=CARTESIAN_POINT('',(-32.3001496822285,4.8,59.500384399214));
#7948=CARTESIAN_POINT('',(-25.1001496822285,4.8,59.500384399214));
#7949=CARTESIAN_POINT('',(-25.1001496822285,4.8,59.500384399214));
#7950=CARTESIAN_POINT('',(-25.1001496822285,4.8,65.300384399214));
#7951=CARTESIAN_POINT('',(-25.1001496822285,4.8,65.300384399214));
#7952=CARTESIAN_POINT('',(6.20368954031008,4.8,65.300384399214));
#7953=CARTESIAN_POINT('',(-37.3001443880655,4.8,65.300384399214));
#7954=CARTESIAN_POINT('',(6.20368954031008,4.8,48.707786204221));
#7955=CARTESIAN_POINT('',(6.20368954031008,4.8,48.707786204221));
#7956=CARTESIAN_POINT('',(8.30368954031007,4.8,48.707786204221));
#7957=CARTESIAN_POINT('',(8.30368954031007,4.8,48.707786204221));
#7958=CARTESIAN_POINT('',(8.30368954031007,4.8,65.300384399214));
#7959=CARTESIAN_POINT('',(8.30368954031007,4.8,65.300384399214));
#7960=CARTESIAN_POINT('',(37.309393596997,4.8,65.300384399214));
#7961=CARTESIAN_POINT('',(-37.3001443880655,4.8,65.300384399214));
#7962=CARTESIAN_POINT('',(39.3036895403105,4.8,63.3004386601298));
#7963=CARTESIAN_POINT('Origin',(37.3049697389361,4.8,63.3016691148613));
#7964=CARTESIAN_POINT('',(39.3036895403104,4.8,44.900384399214));
#7965=CARTESIAN_POINT('',(39.3036895403105,4.8,63.3004386601298));
#7966=CARTESIAN_POINT('',(36.8036895403105,4.8,44.900384399214));
#7967=CARTESIAN_POINT('',(36.8036895403105,4.8,44.900384399214));
#7968=CARTESIAN_POINT('',(36.8036895403105,4.8,22.900384399214));
#7969=CARTESIAN_POINT('',(36.8036895403105,4.8,22.900384399214));
#7970=CARTESIAN_POINT('',(39.3036895403104,4.8,22.900384399214));
#7971=CARTESIAN_POINT('',(30.9131906550263,4.79999999999999,-53.544894213871));
#7972=CARTESIAN_POINT('',(17.8069850857298,4.79999999999999,-53.544894213871));
#7973=CARTESIAN_POINT('',(30.9131906550263,4.79999999999999,-52.0193925628677));
#7974=CARTESIAN_POINT('',(30.9131906550263,4.79999999999999,-53.544894213871));
#7975=CARTESIAN_POINT('',(35.6122000530451,4.79999999999999,-52.0193925628677));
#7976=CARTESIAN_POINT('',(30.9131906550263,4.79999999999999,-52.0193925628677));
#7977=CARTESIAN_POINT('',(35.6122000530451,4.8,-29.7446478333783));
#7978=CARTESIAN_POINT('',(35.6122000530451,4.79999999999999,-52.0193925628677));
#7979=CARTESIAN_POINT('',(30.9131906550263,4.79999999999999,-29.7446478333783));
#7980=CARTESIAN_POINT('',(17.8069850857298,4.79999999999999,-29.7446478333783));
#7981=CARTESIAN_POINT('',(30.9131906550263,4.79999999999999,-28.9193443027712));
#7982=CARTESIAN_POINT('',(30.9131906550263,4.79999999999999,-29.7446478333783));
#7983=CARTESIAN_POINT('',(28.1131855750161,4.79999999999999,-28.9193443027712));
#7984=CARTESIAN_POINT('',(30.9131906550263,4.79999999999999,-28.9193443027712));
#7985=CARTESIAN_POINT('',(28.1131855750161,4.79999999999999,-29.7446478333783));
#7986=CARTESIAN_POINT('',(28.1131855750161,4.79999999999999,-28.9193443027712));
#7987=CARTESIAN_POINT('',(28.1131855750161,4.79999999999999,-29.7446478333783));
#7988=CARTESIAN_POINT('',(28.1131855750161,4.79999999999999,-60.2944979730785));
#7989=CARTESIAN_POINT('',(8.92232163640288,4.79999999999999,-60.2944979730785));
#7990=CARTESIAN_POINT('',(28.1131855750161,4.79999999999999,-61.1185696012218));
#7991=CARTESIAN_POINT('',(28.1131855750161,4.79999999999999,-60.2944979730785));
#7992=CARTESIAN_POINT('',(30.9131906550263,4.79999999999999,-61.1185696012218));
#7993=CARTESIAN_POINT('',(28.1131855750161,4.79999999999999,-61.1185696012218));
#7994=CARTESIAN_POINT('',(30.9131906550263,4.79999999999999,-60.2944979730785));
#7995=CARTESIAN_POINT('',(30.9131906550263,4.79999999999999,-61.1185696012218));
#7996=CARTESIAN_POINT('',(30.9131906550263,4.79999999999999,-60.2944979730785));
#7997=CARTESIAN_POINT('',(-34.2873884661319,4.8,4.90612178816098));
#7998=CARTESIAN_POINT('',(-34.2873884661319,4.8,6.07015688504576));
#7999=CARTESIAN_POINT('',(-35.112849477054,4.8,4.90612178816098));
#8000=CARTESIAN_POINT('',(-34.2873884661319,4.8,4.90612178816098));
#8001=CARTESIAN_POINT('',(-35.112849477054,4.8,2.10581698755137));
#8002=CARTESIAN_POINT('',(-35.112849477054,4.8,4.90612178816098));
#8003=CARTESIAN_POINT('',(-34.287388466132,4.8,2.10581698755137));
#8004=CARTESIAN_POINT('',(-35.112849477054,4.8,2.10581698755137));
#8005=CARTESIAN_POINT('',(-34.287388466132,4.8,2.10581698755137));
#8006=CARTESIAN_POINT('',(-3.73757642650788,4.8,2.10581698755137));
#8007=CARTESIAN_POINT('',(-3.73757642650788,4.8,-4.08000567527935));
#8008=CARTESIAN_POINT('',(-2.91217637570778,4.8,2.10581698755137));
#8009=CARTESIAN_POINT('',(-3.73757642650788,4.8,2.10581698755137));
#8010=CARTESIAN_POINT('',(-2.91217637570778,4.8,4.90612178816098));
#8011=CARTESIAN_POINT('',(-2.91217637570778,4.8,2.10581698755137));
#8012=CARTESIAN_POINT('',(-3.73757642650788,4.8,4.90612178816098));
#8013=CARTESIAN_POINT('',(-2.91217637570778,4.8,4.90612178816098));
#8014=CARTESIAN_POINT('',(-3.73757642650788,4.8,4.90612178816098));
#8015=CARTESIAN_POINT('',(-16.4872030457611,4.79999999999999,-9.44490691389642));
#8016=CARTESIAN_POINT('',(-16.4872030457611,4.79999999999999,-9.49829528067315));
#8017=CARTESIAN_POINT('',(-16.4872030457611,4.79999999999999,-23.4441347523521));
#8018=CARTESIAN_POINT('',(-16.5565147043844,4.79999999999999,-9.49829528067315));
#8019=CARTESIAN_POINT('',(-6.45651470438444,4.79999999999999,-9.49829528067315));
#8020=CARTESIAN_POINT('',(-16.5565147043844,4.79999999999999,-23.49882868174));
#8021=CARTESIAN_POINT('',(-16.5565147043844,4.79999999999999,-9.49829528067315));
#8022=CARTESIAN_POINT('',(-2.55603210341924,4.79999999999999,-23.49882868174));
#8023=CARTESIAN_POINT('',(-16.5565147043844,4.79999999999999,-23.49882868174));
#8024=CARTESIAN_POINT('',(-2.55603210341924,4.79999999999999,-23.4441347523521));
#8025=CARTESIAN_POINT('',(-2.55603210341924,4.79999999999999,-23.49882868174));
#8026=CARTESIAN_POINT('',(-2.48787614710732,4.79999999999999,-23.4441347523521));
#8027=CARTESIAN_POINT('',(-2.48787614710732,4.79999999999999,-23.4441347523521));
#8028=CARTESIAN_POINT('',(-2.48787614710732,4.79999999999999,-9.44490691389642));
#8029=CARTESIAN_POINT('',(-2.48787614710732,4.79999999999999,-9.44490691389642));
#8030=CARTESIAN_POINT('',(-16.4872030457611,4.79999999999999,-9.44490691389642));
#8031=CARTESIAN_POINT('',(-21.5377135867822,4.79999999999999,-9.44490691389642));
#8032=CARTESIAN_POINT('',(-21.5417826749204,4.79999999999999,-9.44490691389642));
#8033=CARTESIAN_POINT('',(-35.5372919459389,4.79999999999999,-9.44490691389642));
#8034=CARTESIAN_POINT('',(-21.5417826749204,4.79999999999999,-9.40914110236481));
#8035=CARTESIAN_POINT('',(-21.5417826749204,4.79999999999999,-23.4096745034316));
#8036=CARTESIAN_POINT('',(-35.5422652758856,4.79999999999999,-9.40914110236481));
#8037=CARTESIAN_POINT('',(-25.4422652758856,4.79999999999999,-9.40914110236481));
#8038=CARTESIAN_POINT('',(-35.5422652758856,4.79999999999999,-23.4096745034316));
#8039=CARTESIAN_POINT('',(-35.5422652758856,4.79999999999999,-9.40914110236481));
#8040=CARTESIAN_POINT('',(-35.5372919459389,4.79999999999999,-23.4096745034316));
#8041=CARTESIAN_POINT('',(-35.5422652758856,4.79999999999999,-23.4096745034316));
#8042=CARTESIAN_POINT('',(-35.5372919459389,4.79999999999999,-23.4441347523521));
#8043=CARTESIAN_POINT('',(-35.5372919459389,4.79999999999999,-23.4441347523521));
#8044=CARTESIAN_POINT('',(-21.5377135867822,4.79999999999999,-23.4441347523521));
#8045=CARTESIAN_POINT('',(-21.5377135867822,4.79999999999999,-23.4441347523521));
#8046=CARTESIAN_POINT('',(-21.5377135867822,4.79999999999999,-9.44490691389642));
#8047=CARTESIAN_POINT('',(21.6128731543913,4.8,9.60513118617977));
#8048=CARTESIAN_POINT('',(21.6128731543913,4.8,9.50094271780284));
#8049=CARTESIAN_POINT('',(21.6128731543913,4.8,-4.3940966522759));
#8050=CARTESIAN_POINT('',(21.5943615973682,4.8,9.50094271780284));
#8051=CARTESIAN_POINT('',(31.6943615973681,4.8,9.50094271780284));
#8052=CARTESIAN_POINT('',(21.5943615973682,4.79999999999999,-4.49959068326397));
#8053=CARTESIAN_POINT('',(21.5943615973682,4.8,9.50094271780284));
#8054=CARTESIAN_POINT('',(35.5948441983333,4.79999999999999,-4.49959068326397));
#8055=CARTESIAN_POINT('',(21.5943615973682,4.8,-4.49959068326397));
#8056=CARTESIAN_POINT('',(35.5948441983333,4.79999999999999,-4.3940966522759));
#8057=CARTESIAN_POINT('',(35.5948441983333,4.8,-4.49959068326397));
#8058=CARTESIAN_POINT('',(35.612200053045,4.79999999999999,-4.3940966522759));
#8059=CARTESIAN_POINT('',(35.612200053045,4.8,-4.3940966522759));
#8060=CARTESIAN_POINT('',(35.6122000530451,4.8,9.60513118617977));
#8061=CARTESIAN_POINT('',(35.6122000530451,4.8,9.60513118617977));
#8062=CARTESIAN_POINT('',(21.6128731543913,4.8,9.60513118617977));
#8063=CARTESIAN_POINT('',(16.5621619529689,4.8,9.60513118617977));
#8064=CARTESIAN_POINT('',(16.5448060982572,4.8,9.60513118617977));
#8065=CARTESIAN_POINT('',(2.56283505431509,4.8,9.60513118617977));
#8066=CARTESIAN_POINT('',(16.5448060982572,4.8,9.65334302260344));
#8067=CARTESIAN_POINT('',(16.5448060982572,4.8,-4.34719037846335));
#8068=CARTESIAN_POINT('',(2.54432349729197,4.8,9.65334302260344));
#8069=CARTESIAN_POINT('',(12.6443234972919,4.8,9.65334302260344));
#8070=CARTESIAN_POINT('',(2.54432349729197,4.79999999999999,-4.34719037846335));
#8071=CARTESIAN_POINT('',(2.54432349729197,4.8,9.65334302260344));
#8072=CARTESIAN_POINT('',(2.56283505431507,4.79999999999999,-4.34719037846335));
#8073=CARTESIAN_POINT('',(2.54432349729197,4.8,-4.34719037846335));
#8074=CARTESIAN_POINT('',(2.56283505431507,4.79999999999999,-4.3940966522759));
#8075=CARTESIAN_POINT('',(2.56283505431507,4.8,-4.3940966522759));
#8076=CARTESIAN_POINT('',(16.5621619529689,4.79999999999999,-4.3940966522759));
#8077=CARTESIAN_POINT('',(16.5621619529689,4.8,-4.3940966522759));
#8078=CARTESIAN_POINT('',(16.5621619529689,4.8,9.60513118617977));
#8079=CARTESIAN_POINT('',(-2.48787614710732,4.8,33.417678811275));
#8080=CARTESIAN_POINT('',(-2.50523200181904,4.8,33.417678811275));
#8081=CARTESIAN_POINT('',(-16.4872030457611,4.8,33.417678811275));
#8082=CARTESIAN_POINT('',(-2.50523200181904,4.8,33.4277905714985));
#8083=CARTESIAN_POINT('',(-2.50523200181902,4.8,19.4272571704317));
#8084=CARTESIAN_POINT('',(-16.5057146027842,4.8,33.4277905714985));
#8085=CARTESIAN_POINT('',(-6.40571460278424,4.8,33.4277905714985));
#8086=CARTESIAN_POINT('',(-16.5057146027842,4.8,19.4272571704317));
#8087=CARTESIAN_POINT('',(-16.5057146027842,4.8,33.4277905714985));
#8088=CARTESIAN_POINT('',(-16.4872030457611,4.8,19.4272571704317));
#8089=CARTESIAN_POINT('',(-16.5057146027842,4.8,19.4272571704317));
#8090=CARTESIAN_POINT('',(-16.4872030457611,4.8,19.4184509728193));
#8091=CARTESIAN_POINT('',(-16.4872030457611,4.8,19.4184509728193));
#8092=CARTESIAN_POINT('',(-2.48787614710732,4.8,19.4184509728193));
#8093=CARTESIAN_POINT('',(-2.48787614710732,4.8,19.4184509728193));
#8094=CARTESIAN_POINT('',(-2.48787614710732,4.8,33.417678811275));
#8095=CARTESIAN_POINT('',(35.612200053045,4.79999999999999,-23.4441347523521));
#8096=CARTESIAN_POINT('',(35.612200053045,4.79999999999999,-23.3972284785395));
#8097=CARTESIAN_POINT('',(35.6122000530451,4.79999999999999,-9.44490691389642));
#8098=CARTESIAN_POINT('',(35.6456442999335,4.79999999999999,-23.3972284785395));
#8099=CARTESIAN_POINT('',(21.6451616989684,4.79999999999999,-23.3972284785395));
#8100=CARTESIAN_POINT('',(35.6456442999335,4.79999999999999,-9.39669507747276));
#8101=CARTESIAN_POINT('',(35.6456442999335,4.79999999999999,-23.3972284785395));
#8102=CARTESIAN_POINT('',(21.6451616989684,4.79999999999999,-9.39669507747276));
#8103=CARTESIAN_POINT('',(31.7451616989683,4.79999999999999,-9.39669507747276));
#8104=CARTESIAN_POINT('',(21.6451616989684,4.79999999999999,-9.44490691389642));
#8105=CARTESIAN_POINT('',(21.6451616989684,4.79999999999999,-9.39669507747276));
#8106=CARTESIAN_POINT('',(21.6128731543913,4.79999999999999,-9.44490691389642));
#8107=CARTESIAN_POINT('',(21.6128731543913,4.79999999999999,-9.44490691389642));
#8108=CARTESIAN_POINT('',(21.6128731543913,4.79999999999999,-23.4441347523521));
#8109=CARTESIAN_POINT('',(21.6128731543913,4.79999999999999,-23.4441347523521));
#8110=CARTESIAN_POINT('',(35.612200053045,4.79999999999999,-23.4441347523521));
#8111=CARTESIAN_POINT('',(-16.4872030457611,4.79999999999999,-47.5448815138456));
#8112=CARTESIAN_POINT('',(-16.4872030457611,4.79999999999999,-47.5729714300254));
#8113=CARTESIAN_POINT('',(-16.4872030457611,4.79999999999999,-61.5443811328448));
#8114=CARTESIAN_POINT('',(-16.5057146027842,4.79999999999999,-47.5729714300254));
#8115=CARTESIAN_POINT('',(-6.40571460278424,4.79999999999999,-47.5729714300254));
#8116=CARTESIAN_POINT('',(-16.5057146027842,4.79999999999999,-61.5735048310923));
#8117=CARTESIAN_POINT('',(-16.5057146027842,4.79999999999999,-47.5729714300254));
#8118=CARTESIAN_POINT('',(-2.50523200181902,4.79999999999999,-61.5735048310923));
#8119=CARTESIAN_POINT('',(-16.5057146027842,4.79999999999999,-61.5735048310923));
#8120=CARTESIAN_POINT('',(-2.50523200181902,4.79999999999999,-61.5443811328448));
#8121=CARTESIAN_POINT('',(-2.50523200181902,4.79999999999999,-61.5735048310923));
#8122=CARTESIAN_POINT('',(-2.48787614710732,4.79999999999999,-61.5443811328448));
#8123=CARTESIAN_POINT('',(-2.48787614710732,4.79999999999999,-61.5443811328448));
#8124=CARTESIAN_POINT('',(-2.48787614710732,4.79999999999999,-47.5448815138456));
#8125=CARTESIAN_POINT('',(-2.48787614710732,4.79999999999999,-47.5448815138456));
#8126=CARTESIAN_POINT('',(-16.4872030457611,4.79999999999999,-47.5448815138456));
#8127=CARTESIAN_POINT('',(-1.23807172749847,4.8,37.8069879298932));
#8128=CARTESIAN_POINT('Origin',(0.011930812506607,4.8,37.8069879298932));
#8129=CARTESIAN_POINT('',(-35.7381428476407,4.8,14.921542159436));
#8130=CARTESIAN_POINT('Origin',(-36.9881453876458,4.8,14.921542159436));
#8131=CARTESIAN_POINT('',(-35.5372919459389,4.8,33.417678811275));
#8132=CARTESIAN_POINT('',(-35.5372919459389,4.8,33.3769904698983));
#8133=CARTESIAN_POINT('',(-35.5372919459389,4.8,19.4184509728193));
#8134=CARTESIAN_POINT('',(-35.6065528044606,4.8,33.3769904698983));
#8135=CARTESIAN_POINT('',(-25.5065528044606,4.8,33.3769904698983));
#8136=CARTESIAN_POINT('',(-35.6065528044606,4.8,19.3764570688315));
#8137=CARTESIAN_POINT('',(-35.6065528044606,4.8,33.3769904698983));
#8138=CARTESIAN_POINT('',(-21.6060702034954,4.8,19.3764570688315));
#8139=CARTESIAN_POINT('',(-35.6065528044606,4.8,19.3764570688315));
#8140=CARTESIAN_POINT('',(-21.6060702034954,4.8,19.4184509728193));
#8141=CARTESIAN_POINT('',(-21.6060702034954,4.8,19.3764570688315));
#8142=CARTESIAN_POINT('',(-21.5377135867822,4.8,19.4184509728193));
#8143=CARTESIAN_POINT('',(-21.5377135867822,4.8,19.4184509728193));
#8144=CARTESIAN_POINT('',(-21.5377135867822,4.8,33.417678811275));
#8145=CARTESIAN_POINT('',(-21.5377135867822,4.8,33.417678811275));
#8146=CARTESIAN_POINT('',(-35.5372919459389,4.8,33.417678811275));
#8147=CARTESIAN_POINT('',(-38.2591496822287,4.8,63.021542159436));
#8148=CARTESIAN_POINT('Origin',(-37.0091496822287,4.8,63.021542159436));
#8149=CARTESIAN_POINT('',(16.5621619529689,4.79999999999999,-61.5443811328448));
#8150=CARTESIAN_POINT('',(16.5621619529689,4.79999999999999,-61.4973046786919));
#8151=CARTESIAN_POINT('',(16.5621619529689,4.79999999999999,-47.5448815138456));
#8152=CARTESIAN_POINT('',(16.5956061998574,4.79999999999999,-61.4973046786919));
#8153=CARTESIAN_POINT('',(2.59512359889217,4.79999999999999,-61.4973046786919));
#8154=CARTESIAN_POINT('',(16.5956061998574,4.79999999999999,-47.4967712776251));
#8155=CARTESIAN_POINT('',(16.5956061998574,4.79999999999999,-61.4973046786919));
#8156=CARTESIAN_POINT('',(2.59512359889218,4.79999999999999,-47.4967712776251));
#8157=CARTESIAN_POINT('',(12.6951235988922,4.79999999999999,-47.4967712776251));
#8158=CARTESIAN_POINT('',(2.59512359889218,4.79999999999999,-47.5448815138456));
#8159=CARTESIAN_POINT('',(2.59512359889218,4.79999999999999,-47.4967712776251));
#8160=CARTESIAN_POINT('',(2.56283505431509,4.79999999999999,-47.5448815138456));
#8161=CARTESIAN_POINT('',(2.56283505431509,4.79999999999999,-47.5448815138456));
#8162=CARTESIAN_POINT('',(2.56283505431507,4.79999999999999,-61.5443811328448));
#8163=CARTESIAN_POINT('',(2.56283505431507,4.79999999999999,-61.5443811328448));
#8164=CARTESIAN_POINT('',(16.5621619529689,4.79999999999999,-61.5443811328448));
#8165=CARTESIAN_POINT('',(-21.5377135867822,4.79999999999999,-28.4949450139726));
#8166=CARTESIAN_POINT('',(-21.5552701018952,4.79999999999999,-28.4949450139726));
#8167=CARTESIAN_POINT('',(-35.5372919459389,4.79999999999999,-28.4949450139726));
#8168=CARTESIAN_POINT('',(-21.5552701018952,4.79999999999999,-28.3959330759488));
#8169=CARTESIAN_POINT('',(-21.5552701018952,4.79999999999999,-42.3964664770156));
#8170=CARTESIAN_POINT('',(-35.5557527028604,4.79999999999999,-28.3959330759488));
#8171=CARTESIAN_POINT('',(-25.4557527028604,4.79999999999999,-28.3959330759488));
#8172=CARTESIAN_POINT('',(-35.5557527028604,4.79999999999999,-42.3964664770156));
#8173=CARTESIAN_POINT('',(-35.5557527028604,4.79999999999999,-28.3959330759488));
#8174=CARTESIAN_POINT('',(-35.5372919459389,4.79999999999999,-42.3964664770156));
#8175=CARTESIAN_POINT('',(-35.5557527028604,4.79999999999999,-42.3964664770156));
#8176=CARTESIAN_POINT('',(-35.5372919459389,4.79999999999999,-42.4943735128296));
#8177=CARTESIAN_POINT('',(-35.5372919459389,4.79999999999999,-42.4943735128296));
#8178=CARTESIAN_POINT('',(-21.5377135867822,4.79999999999999,-42.4943735128296));
#8179=CARTESIAN_POINT('',(-21.5377135867822,4.79999999999999,-42.4943735128296));
#8180=CARTESIAN_POINT('',(-21.5377135867822,4.79999999999999,-28.4949450139726));
#8181=CARTESIAN_POINT('',(-16.4872030457611,4.79999999999999,-42.4943735128296));
#8182=CARTESIAN_POINT('',(-16.454914501184,4.79999999999999,-42.4943735128296));
#8183=CARTESIAN_POINT('',(-2.48787614710732,4.79999999999999,-42.4943735128296));
#8184=CARTESIAN_POINT('',(-16.454914501184,4.79999999999999,-42.4980666802159));
#8185=CARTESIAN_POINT('',(-16.454914501184,4.79999999999999,-28.4975332791492));
#8186=CARTESIAN_POINT('',(-2.45443190021884,4.79999999999999,-42.4980666802159));
#8187=CARTESIAN_POINT('',(-16.454914501184,4.79999999999999,-42.4980666802159));
#8188=CARTESIAN_POINT('',(-2.45443190021882,4.79999999999999,-28.4975332791492));
#8189=CARTESIAN_POINT('',(-2.45443190021884,4.79999999999999,-42.4980666802159));
#8190=CARTESIAN_POINT('',(-2.48787614710732,4.79999999999999,-28.4975332791492));
#8191=CARTESIAN_POINT('',(-2.45443190021882,4.79999999999999,-28.4975332791492));
#8192=CARTESIAN_POINT('',(-2.48787614710732,4.79999999999999,-28.4949450139726));
#8193=CARTESIAN_POINT('',(-2.48787614710732,4.79999999999999,-28.4949450139726));
#8194=CARTESIAN_POINT('',(-16.4872030457611,4.79999999999999,-28.4949450139726));
#8195=CARTESIAN_POINT('',(-16.4872030457611,4.79999999999999,-28.4949450139726));
#8196=CARTESIAN_POINT('',(-16.4872030457611,4.79999999999999,-42.4943735128296));
#8197=CARTESIAN_POINT('',(35.7620019326488,4.8,14.9215421585674));
#8198=CARTESIAN_POINT('Origin',(37.0120044726539,4.8,14.9215421585674));
#8199=CARTESIAN_POINT('',(10.0119689125828,4.8,26.4531652222478));
#8200=CARTESIAN_POINT('Origin',(19.0119689125828,4.8,26.4531652222478));
#8201=CARTESIAN_POINT('',(35.7626895403105,4.8,63.021542159436));
#8202=CARTESIAN_POINT('Origin',(37.0126895403105,4.8,63.021542159436));
#8203=CARTESIAN_POINT('',(2.56283505431509,4.79999999999999,-9.44490691389642));
#8204=CARTESIAN_POINT('',(2.56283505431508,4.79999999999999,-9.44749517907296));
#8205=CARTESIAN_POINT('',(2.56283505431507,4.79999999999999,-23.4441347523521));
#8206=CARTESIAN_POINT('',(2.54432349729197,4.79999999999999,-9.44749517907296));
#8207=CARTESIAN_POINT('',(12.6443234972919,4.79999999999999,-9.44749517907296));
#8208=CARTESIAN_POINT('',(2.54432349729197,4.79999999999999,-23.4480285801398));
#8209=CARTESIAN_POINT('',(2.54432349729197,4.79999999999999,-9.44749517907296));
#8210=CARTESIAN_POINT('',(16.5448060982572,4.79999999999999,-23.4480285801398));
#8211=CARTESIAN_POINT('',(2.54432349729197,4.79999999999999,-23.4480285801398));
#8212=CARTESIAN_POINT('',(16.5448060982572,4.79999999999999,-23.4441347523521));
#8213=CARTESIAN_POINT('',(16.5448060982572,4.79999999999999,-23.4480285801398));
#8214=CARTESIAN_POINT('',(16.5621619529689,4.79999999999999,-23.4441347523521));
#8215=CARTESIAN_POINT('',(16.5621619529689,4.79999999999999,-23.4441347523521));
#8216=CARTESIAN_POINT('',(16.5621619529689,4.79999999999999,-9.44490691389642));
#8217=CARTESIAN_POINT('',(16.5621619529689,4.79999999999999,-9.44490691389642));
#8218=CARTESIAN_POINT('',(2.56283505431509,4.79999999999999,-9.44490691389642));
#8219=CARTESIAN_POINT('',(2.56283505431509,4.79999999999999,-28.4949450139726));
#8220=CARTESIAN_POINT('',(2.56283505431508,4.79999999999999,-28.5191995224816));
#8221=CARTESIAN_POINT('',(2.56283505431507,4.79999999999999,-42.4943735128296));
#8222=CARTESIAN_POINT('',(2.50539537943574,4.79999999999999,-28.5191995224816));
#8223=CARTESIAN_POINT('',(12.6053953794357,4.79999999999999,-28.5191995224816));
#8224=CARTESIAN_POINT('',(2.50539537943573,4.79999999999999,-42.5197329235484));
#8225=CARTESIAN_POINT('',(2.50539537943574,4.79999999999999,-28.5191995224816));
#8226=CARTESIAN_POINT('',(16.5058779804009,4.79999999999999,-42.5197329235484));
#8227=CARTESIAN_POINT('',(2.50539537943573,4.79999999999999,-42.5197329235484));
#8228=CARTESIAN_POINT('',(16.5058779804009,4.79999999999999,-42.4943735128296));
#8229=CARTESIAN_POINT('',(16.5058779804009,4.79999999999999,-42.5197329235484));
#8230=CARTESIAN_POINT('',(16.5621619529689,4.79999999999999,-42.4943735128296));
#8231=CARTESIAN_POINT('',(16.5621619529689,4.79999999999999,-42.4943735128296));
#8232=CARTESIAN_POINT('',(16.5621619529689,4.79999999999999,-28.4949450139726));
#8233=CARTESIAN_POINT('',(16.5621619529689,4.79999999999999,-28.4949450139726));
#8234=CARTESIAN_POINT('',(2.56283505431509,4.79999999999999,-28.4949450139726));
#8235=CARTESIAN_POINT('Origin',(-39.3001496822287,-1.14921658512339E-14,
-60.412865093264));
#8236=CARTESIAN_POINT('',(-39.3001496822285,-1.72079205977931E-15,22.900384399214));
#8237=CARTESIAN_POINT('Origin',(-2.48787614710732,-5.25039117463018E-15,
-9.44490691389642));
#8238=CARTESIAN_POINT('',(-16.4872030457611,-5.25039117463018E-15,-9.44490691389642));
#8239=CARTESIAN_POINT('',(-2.48787614710732,-5.25039117463018E-15,-9.44490691389642));
#8240=CARTESIAN_POINT('Origin',(-2.48787614710732,-6.9648021309201E-15,
-23.4441347523521));
#8241=CARTESIAN_POINT('',(-2.48787614710732,-6.9648021309201E-15,-23.4441347523521));
#8242=CARTESIAN_POINT('Origin',(-2.55603210341924,-6.9648021309201E-15,
-23.4441347523521));
#8243=CARTESIAN_POINT('',(-2.55603210341924,-6.9648021309201E-15,-23.4441347523521));
#8244=CARTESIAN_POINT('Origin',(-2.55603210341924,-6.97150020547586E-15,
-23.49882868174));
#8245=CARTESIAN_POINT('',(-2.55603210341924,-6.97150020547586E-15,-23.49882868174));
#8246=CARTESIAN_POINT('Origin',(-16.5565147043844,-6.97150020547586E-15,
-23.49882868174));
#8247=CARTESIAN_POINT('',(-16.5565147043844,-6.97150020547586E-15,-23.49882868174));
#8248=CARTESIAN_POINT('Origin',(-16.5565147043844,-5.25692936387866E-15,
-9.49829528067315));
#8249=CARTESIAN_POINT('',(-16.5565147043844,-5.25692936387866E-15,-9.49829528067315));
#8250=CARTESIAN_POINT('Origin',(-16.4872030457611,-5.25692936387866E-15,
-9.49829528067315));
#8251=CARTESIAN_POINT('',(-16.4872030457611,-5.25692936387866E-15,-9.49829528067315));
#8252=CARTESIAN_POINT('Origin',(-16.4872030457611,-5.25039117463018E-15,
-9.44490691389642));
#8253=CARTESIAN_POINT('Origin',(-21.5377135867822,-6.9648021309201E-15,
-23.4441347523521));
#8254=CARTESIAN_POINT('',(-21.5377135867822,-5.25039117463018E-15,-9.44490691389642));
#8255=CARTESIAN_POINT('',(-21.5377135867822,-6.9648021309201E-15,-23.4441347523521));
#8256=CARTESIAN_POINT('Origin',(-35.5372919459389,-6.9648021309201E-15,
-23.4441347523521));
#8257=CARTESIAN_POINT('',(-35.5372919459389,-6.9648021309201E-15,-23.4441347523521));
#8258=CARTESIAN_POINT('Origin',(-35.5372919459389,-6.96058196756627E-15,
-23.4096745034316));
#8259=CARTESIAN_POINT('',(-35.5372919459389,-6.96058196756627E-15,-23.4096745034316));
#8260=CARTESIAN_POINT('Origin',(-35.5422652758856,-6.96058196756627E-15,
-23.4096745034316));
#8261=CARTESIAN_POINT('',(-35.5422652758856,-6.96058196756627E-15,-23.4096745034316));
#8262=CARTESIAN_POINT('Origin',(-35.5422652758856,-5.24601112596906E-15,
-9.40914110236481));
#8263=CARTESIAN_POINT('',(-35.5422652758856,-5.24601112596906E-15,-9.40914110236481));
#8264=CARTESIAN_POINT('Origin',(-21.5417826749204,-5.24601112596906E-15,
-9.40914110236481));
#8265=CARTESIAN_POINT('',(-21.5417826749204,-5.24601112596906E-15,-9.40914110236481));
#8266=CARTESIAN_POINT('Origin',(-21.5417826749204,-5.25039117463017E-15,
-9.44490691389642));
#8267=CARTESIAN_POINT('',(-21.5417826749204,-5.25039117463017E-15,-9.44490691389642));
#8268=CARTESIAN_POINT('Origin',(-21.5377135867822,-5.25039117463018E-15,
-9.44490691389642));
#8269=CARTESIAN_POINT('Origin',(35.6122000530451,-2.91743435634083E-15,
9.60513118617977));
#8270=CARTESIAN_POINT('',(21.6128731543913,-2.91743435634083E-15,9.60513118617977));
#8271=CARTESIAN_POINT('',(35.6122000530451,-2.91743435634083E-15,9.60513118617977));
#8272=CARTESIAN_POINT('Origin',(35.612200053045,-4.63184531263076E-15,-4.3940966522759));
#8273=CARTESIAN_POINT('',(35.612200053045,-4.63184531263076E-15,-4.3940966522759));
#8274=CARTESIAN_POINT('Origin',(35.5948441983333,-4.63184531263076E-15,
-4.3940966522759));
#8275=CARTESIAN_POINT('',(35.5948441983333,-4.63184531263076E-15,-4.3940966522759));
#8276=CARTESIAN_POINT('Origin',(35.5948441983333,-4.64476460536862E-15,
-4.49959068326397));
#8277=CARTESIAN_POINT('',(35.5948441983333,-4.64476460536862E-15,-4.49959068326397));
#8278=CARTESIAN_POINT('Origin',(21.5943615973682,-4.64476460536862E-15,
-4.49959068326397));
#8279=CARTESIAN_POINT('',(21.5943615973682,-4.64476460536862E-15,-4.49959068326397));
#8280=CARTESIAN_POINT('Origin',(21.5943615973682,-2.93019376377142E-15,
9.50094271780284));
#8281=CARTESIAN_POINT('',(21.5943615973682,-2.93019376377142E-15,9.50094271780284));
#8282=CARTESIAN_POINT('Origin',(21.6128731543913,-2.93019376377142E-15,
9.50094271780284));
#8283=CARTESIAN_POINT('',(21.6128731543913,-2.93019376377142E-15,9.50094271780284));
#8284=CARTESIAN_POINT('Origin',(21.6128731543913,-2.91743435634083E-15,
9.60513118617977));
#8285=CARTESIAN_POINT('Origin',(16.5621619529689,-4.63184531263076E-15,
-4.3940966522759));
#8286=CARTESIAN_POINT('',(16.5621619529689,-2.91743435634083E-15,9.60513118617977));
#8287=CARTESIAN_POINT('',(16.5621619529689,-4.63184531263076E-15,-4.3940966522759));
#8288=CARTESIAN_POINT('Origin',(2.56283505431507,-4.63184531263076E-15,
-4.3940966522759));
#8289=CARTESIAN_POINT('',(2.56283505431507,-4.63184531263076E-15,-4.3940966522759));
#8290=CARTESIAN_POINT('Origin',(2.56283505431507,-4.62610095082231E-15,
-4.34719037846335));
#8291=CARTESIAN_POINT('',(2.56283505431507,-4.62610095082231E-15,-4.34719037846335));
#8292=CARTESIAN_POINT('Origin',(2.54432349729197,-4.62610095082231E-15,
-4.34719037846335));
#8293=CARTESIAN_POINT('',(2.54432349729197,-4.62610095082231E-15,-4.34719037846335));
#8294=CARTESIAN_POINT('Origin',(2.54432349729197,-2.9115301092251E-15,9.65334302260344));
#8295=CARTESIAN_POINT('',(2.54432349729197,-2.9115301092251E-15,9.65334302260344));
#8296=CARTESIAN_POINT('Origin',(16.5448060982572,-2.9115301092251E-15,9.65334302260344));
#8297=CARTESIAN_POINT('',(16.5448060982572,-2.9115301092251E-15,9.65334302260344));
#8298=CARTESIAN_POINT('Origin',(16.5448060982572,-2.91743435634083E-15,
9.60513118617977));
#8299=CARTESIAN_POINT('',(16.5448060982572,-2.91743435634083E-15,9.60513118617977));
#8300=CARTESIAN_POINT('Origin',(16.5621619529689,-2.91743435634083E-15,
9.60513118617977));
#8301=CARTESIAN_POINT('Origin',(-2.48787614710732,-1.71564928976908E-15,
19.4184509728193));
#8302=CARTESIAN_POINT('',(-2.48787614710732,-1.23833347914974E-18,33.417678811275));
#8303=CARTESIAN_POINT('',(-2.48787614710732,-1.71564928976908E-15,19.4184509728193));
#8304=CARTESIAN_POINT('Origin',(-16.4872030457611,-1.71564928976908E-15,
19.4184509728193));
#8305=CARTESIAN_POINT('',(-16.4872030457611,-1.71564928976908E-15,19.4184509728193));
#8306=CARTESIAN_POINT('Origin',(-16.4872030457611,-1.71457084159721E-15,
19.4272571704317));
#8307=CARTESIAN_POINT('',(-16.4872030457611,-1.71457084159721E-15,19.4272571704317));
#8308=CARTESIAN_POINT('Origin',(-16.5057146027842,-1.71457084159721E-15,
19.4272571704317));
#8309=CARTESIAN_POINT('',(-16.5057146027842,-1.71457084159721E-15,19.4272571704317));
#8310=CARTESIAN_POINT('Origin',(-16.5057146027842,0.,33.4277905714985));
#8311=CARTESIAN_POINT('',(-16.5057146027842,0.,33.4277905714985));
#8312=CARTESIAN_POINT('Origin',(-2.50523200181904,0.,33.4277905714985));
#8313=CARTESIAN_POINT('',(-2.50523200181904,0.,33.4277905714985));
#8314=CARTESIAN_POINT('Origin',(-2.50523200181904,-1.23833347914998E-18,
33.417678811275));
#8315=CARTESIAN_POINT('',(-2.50523200181904,-1.23833347914998E-18,33.417678811275));
#8316=CARTESIAN_POINT('Origin',(-2.48787614710732,-1.23833347914974E-18,
33.417678811275));
#8317=CARTESIAN_POINT('Origin',(21.6128731543913,-6.9648021309201E-15,-23.4441347523521));
#8318=CARTESIAN_POINT('',(35.612200053045,-6.9648021309201E-15,-23.4441347523521));
#8319=CARTESIAN_POINT('',(21.6128731543913,-6.9648021309201E-15,-23.4441347523521));
#8320=CARTESIAN_POINT('Origin',(21.6128731543913,-5.25039117463018E-15,
-9.44490691389642));
#8321=CARTESIAN_POINT('',(21.6128731543913,-5.25039117463018E-15,-9.44490691389642));
#8322=CARTESIAN_POINT('Origin',(21.6451616989684,-5.25039117463018E-15,
-9.44490691389642));
#8323=CARTESIAN_POINT('',(21.6451616989684,-5.25039117463017E-15,-9.44490691389642));
#8324=CARTESIAN_POINT('Origin',(21.6451616989684,-5.24448692751445E-15,
-9.39669507747276));
#8325=CARTESIAN_POINT('',(21.6451616989684,-5.24448692751445E-15,-9.39669507747276));
#8326=CARTESIAN_POINT('Origin',(35.6456442999335,-5.24448692751445E-15,
-9.39669507747276));
#8327=CARTESIAN_POINT('',(35.6456442999335,-5.24448692751445E-15,-9.39669507747276));
#8328=CARTESIAN_POINT('Origin',(35.6456442999335,-6.95905776911165E-15,
-23.3972284785395));
#8329=CARTESIAN_POINT('',(35.6456442999335,-6.95905776911165E-15,-23.3972284785395));
#8330=CARTESIAN_POINT('Origin',(35.612200053045,-6.95905776911165E-15,-23.3972284785395));
#8331=CARTESIAN_POINT('',(35.612200053045,-6.95905776911165E-15,-23.3972284785395));
#8332=CARTESIAN_POINT('Origin',(35.612200053045,-6.9648021309201E-15,-23.4441347523521));
#8333=CARTESIAN_POINT('Origin',(-2.48787614710732,-9.9162923687725E-15,
-47.5448815138456));
#8334=CARTESIAN_POINT('',(-16.4872030457611,-9.9162923687725E-15,-47.5448815138456));
#8335=CARTESIAN_POINT('',(-2.48787614710732,-9.9162923687725E-15,-47.5448815138456));
#8336=CARTESIAN_POINT('Origin',(-2.48787614710732,-1.16307366085797E-14,
-61.5443811328448));
#8337=CARTESIAN_POINT('',(-2.48787614710732,-1.16307366085797E-14,-61.5443811328448));
#8338=CARTESIAN_POINT('Origin',(-2.50523200181902,-1.16307366085797E-14,
-61.5443811328448));
#8339=CARTESIAN_POINT('',(-2.50523200181902,-1.16307366085797E-14,-61.5443811328448));
#8340=CARTESIAN_POINT('Origin',(-2.50523200181902,-1.16343032329635E-14,
-61.5735048310923));
#8341=CARTESIAN_POINT('',(-2.50523200181902,-1.16343032329635E-14,-61.5735048310923));
#8342=CARTESIAN_POINT('Origin',(-16.5057146027842,-1.16343032329635E-14,
-61.5735048310923));
#8343=CARTESIAN_POINT('',(-16.5057146027842,-1.16343032329635E-14,-61.5735048310923));
#8344=CARTESIAN_POINT('Origin',(-16.5057146027842,-9.91973239136629E-15,
-47.5729714300254));
#8345=CARTESIAN_POINT('',(-16.5057146027842,-9.91973239136629E-15,-47.5729714300254));
#8346=CARTESIAN_POINT('Origin',(-16.4872030457611,-9.91973239136629E-15,
-47.5729714300254));
#8347=CARTESIAN_POINT('',(-16.4872030457611,-9.91973239136629E-15,-47.5729714300254));
#8348=CARTESIAN_POINT('Origin',(-16.4872030457611,-9.9162923687725E-15,
-47.5448815138456));
#8349=CARTESIAN_POINT('Origin',(0.011930812506607,5.36297002779261E-16,
37.8069879298932));
#8350=CARTESIAN_POINT('',(-1.23807172749847,5.36297002779261E-16,37.8069879298932));
#8351=CARTESIAN_POINT('Origin',(-36.9881453876458,-2.26636178820582E-15,
14.921542159436));
#8352=CARTESIAN_POINT('',(-35.7381428476407,-2.26636178820582E-15,14.921542159436));
#8353=CARTESIAN_POINT('Origin',(-21.5377135867822,-1.23833347914974E-18,
33.417678811275));
#8354=CARTESIAN_POINT('',(-35.5372919459389,-1.23833347914974E-18,33.417678811275));
#8355=CARTESIAN_POINT('',(-21.5377135867822,-1.23833347914974E-18,33.417678811275));
#8356=CARTESIAN_POINT('Origin',(-21.5377135867822,-1.71564928976908E-15,
19.4184509728193));
#8357=CARTESIAN_POINT('',(-21.5377135867822,-1.71564928976908E-15,19.4184509728193));
#8358=CARTESIAN_POINT('Origin',(-21.6060702034954,-1.71564928976908E-15,
19.4184509728193));
#8359=CARTESIAN_POINT('',(-21.6060702034954,-1.71564928976907E-15,19.4184509728193));
#8360=CARTESIAN_POINT('Origin',(-21.6060702034954,-1.72079205977931E-15,
19.3764570688315));
#8361=CARTESIAN_POINT('',(-21.6060702034954,-1.72079205977931E-15,19.3764570688315));
#8362=CARTESIAN_POINT('Origin',(-35.6065528044606,-1.72079205977931E-15,
19.3764570688315));
#8363=CARTESIAN_POINT('',(-35.6065528044606,-1.72079205977931E-15,19.3764570688315));
#8364=CARTESIAN_POINT('Origin',(-35.6065528044606,-6.22121818210555E-18,
33.3769904698983));
#8365=CARTESIAN_POINT('',(-35.6065528044606,-6.22121818210555E-18,33.3769904698983));
#8366=CARTESIAN_POINT('Origin',(-35.5372919459389,-6.22121818210555E-18,
33.3769904698983));
#8367=CARTESIAN_POINT('',(-35.5372919459389,-6.22121818210555E-18,33.3769904698983));
#8368=CARTESIAN_POINT('Origin',(-35.5372919459389,-1.23833347914974E-18,
33.417678811275));
#8369=CARTESIAN_POINT('Origin',(-3.73757642650788,-3.49289703818553E-15,
4.90612178816098));
#8370=CARTESIAN_POINT('',(-3.73757642650788,-3.49289703818553E-15,4.90612178816098));
#8371=CARTESIAN_POINT('Origin',(-2.91217637570778,-3.49289703818553E-15,
4.90612178816098));
#8372=CARTESIAN_POINT('',(-2.91217637570778,-3.49289703818553E-15,4.90612178816098));
#8373=CARTESIAN_POINT('Origin',(-2.91217637570778,-3.83583546925589E-15,
2.10581698755137));
#8374=CARTESIAN_POINT('',(-2.91217637570778,-3.83583546925589E-15,2.10581698755137));
#8375=CARTESIAN_POINT('Origin',(-3.73757642650788,-3.83583546925589E-15,
2.10581698755137));
#8376=CARTESIAN_POINT('',(-3.73757642650788,-3.83583546925589E-15,2.10581698755137));
#8377=CARTESIAN_POINT('Origin',(-3.73757642650788,-4.60367843625037E-15,
-4.1640966522759));
#8378=CARTESIAN_POINT('',(-3.73757642650788,-4.60367843625037E-15,-4.1640966522759));
#8379=CARTESIAN_POINT('Origin',(-5.46287995711495,-4.60367843625037E-15,
-4.1640966522759));
#8380=CARTESIAN_POINT('',(-5.46287995711495,-4.60367843625037E-15,-4.1640966522759));
#8381=CARTESIAN_POINT('Origin',(-5.46287995711495,-4.72365711737953E-15,
-5.14379693167646));
#8382=CARTESIAN_POINT('',(-5.46287995711495,-4.72365711737953E-15,-5.14379693167646));
#8383=CARTESIAN_POINT('Origin',(-8.76198841533186,-4.72365711737953E-15,
-5.14379693167646));
#8384=CARTESIAN_POINT('',(-8.76198841533186,-4.72365711737953E-15,-5.14379693167646));
#8385=CARTESIAN_POINT('Origin',(-8.76198841533186,-4.60367843625037E-15,
-4.1640966522759));
#8386=CARTESIAN_POINT('',(-8.76198841533186,-4.60367843625037E-15,-4.1640966522759));
#8387=CARTESIAN_POINT('Origin',(-10.4872919459389,-4.60367843625037E-15,
-4.1640966522759));
#8388=CARTESIAN_POINT('Origin',(-32.5620950955452,-4.72365711737953E-15,
-5.14379693167646));
#8389=CARTESIAN_POINT('',(-32.5620950955452,-4.72365711737953E-15,-5.14379693167646));
#8390=CARTESIAN_POINT('Origin',(-32.5620950955452,-4.60367843625037E-15,
-4.1640966522759));
#8391=CARTESIAN_POINT('',(-32.5620950955452,-4.60367843625037E-15,-4.1640966522759));
#8392=CARTESIAN_POINT('Origin',(-34.2873884661319,-4.60367843625037E-15,
-4.1640966522759));
#8393=CARTESIAN_POINT('',(-34.2873884661319,-4.60367843625037E-15,-4.1640966522759));
#8394=CARTESIAN_POINT('Origin',(-34.287388466132,-3.83583546925589E-15,
2.10581698755137));
#8395=CARTESIAN_POINT('',(-34.287388466132,-3.83583546925589E-15,2.10581698755137));
#8396=CARTESIAN_POINT('Origin',(-35.112849477054,-3.83583546925589E-15,
2.10581698755137));
#8397=CARTESIAN_POINT('',(-35.112849477054,-3.83583546925589E-15,2.10581698755137));
#8398=CARTESIAN_POINT('Origin',(-35.112849477054,-3.49289703818553E-15,
4.90612178816098));
#8399=CARTESIAN_POINT('',(-35.112849477054,-3.49289703818553E-15,4.90612178816098));
#8400=CARTESIAN_POINT('Origin',(-34.2873884661319,-3.49289703818553E-15,
4.90612178816098));
#8401=CARTESIAN_POINT('',(-34.2873884661319,-3.49289703818553E-15,4.90612178816098));
#8402=CARTESIAN_POINT('Origin',(-34.2873884661319,-3.09732305750276E-15,
8.13622846837433));
#8403=CARTESIAN_POINT('',(-34.2873884661319,-3.09732305750276E-15,8.13622846837433));
#8404=CARTESIAN_POINT('Origin',(-32.5620950955452,-3.09732305750276E-15,
8.13622846837433));
#8405=CARTESIAN_POINT('',(-32.5620950955452,-3.09732305750276E-15,8.13622846837433));
#8406=CARTESIAN_POINT('Origin',(-32.5620950955452,-2.98474109373121E-15,
9.05552996697733));
#8407=CARTESIAN_POINT('',(-32.5620950955452,-2.98474109373121E-15,9.05552996697733));
#8408=CARTESIAN_POINT('Origin',(-29.2630780775112,-2.98474109373121E-15,
9.05552996697733));
#8409=CARTESIAN_POINT('',(-29.2630780775112,-2.98474109373121E-15,9.05552996697733));
#8410=CARTESIAN_POINT('Origin',(-29.2630780775112,-3.09732305750276E-15,
8.13622846837433));
#8411=CARTESIAN_POINT('',(-29.2630780775112,-3.09732305750276E-15,8.13622846837433));
#8412=CARTESIAN_POINT('Origin',(-27.5377262868076,-3.09732305750276E-15,
8.13622846837433));
#8413=CARTESIAN_POINT('',(-27.5377262868076,-3.09732305750276E-15,8.13622846837433));
#8414=CARTESIAN_POINT('Origin',(-27.5377262868076,-3.49289703818553E-15,
4.90612178816098));
#8415=CARTESIAN_POINT('',(-27.5377262868076,-3.49289703818553E-15,4.90612178816098));
#8416=CARTESIAN_POINT('Origin',(-26.0561337036224,-3.49289703818553E-15,
4.90612178816098));
#8417=CARTESIAN_POINT('',(-26.0561337036224,-3.49289703818553E-15,4.90612178816098));
#8418=CARTESIAN_POINT('Origin',(-26.0561337036224,-2.9115301092251E-15,
9.65334302260344));
#8419=CARTESIAN_POINT('Origin',(-37.0091496822287,0.,63.021542159436));
#8420=CARTESIAN_POINT('',(-38.2591496822287,0.,63.021542159436));
#8421=CARTESIAN_POINT('Origin',(35.612200053045,-8.74981395962783E-15,-38.0198624638075));
#8422=CARTESIAN_POINT('',(35.612200053045,-8.74981395962783E-15,-38.0198624638075));
#8423=CARTESIAN_POINT('Origin',(35.6122000530451,-1.04642619321659E-14,
-52.0193925628677));
#8424=CARTESIAN_POINT('',(35.6122000530451,4.8,-29.7446478333783));
#8425=CARTESIAN_POINT('',(35.6122000530451,-1.04642619321659E-14,-52.0193925628677));
#8426=CARTESIAN_POINT('Origin',(30.9131906550263,-1.04642619321659E-14,
-52.0193925628677));
#8427=CARTESIAN_POINT('',(30.9131906550263,-1.04642619321659E-14,-52.0193925628677));
#8428=CARTESIAN_POINT('Origin',(30.9131906550263,-1.06510820035655E-14,
-53.544894213871));
#8429=CARTESIAN_POINT('',(30.9131906550263,-1.06510820035655E-14,-53.544894213871));
#8430=CARTESIAN_POINT('Origin',(34.1431982750415,-1.06510820035655E-14,
-53.544894213871));
#8431=CARTESIAN_POINT('Origin',(35.0625988338426,-1.12663825671002E-14,
-58.5692046024918));
#8432=CARTESIAN_POINT('',(35.0625988338426,-1.12663825671002E-14,-58.5692046024918));
#8433=CARTESIAN_POINT('Origin',(34.1431982750415,-1.12663825671002E-14,
-58.5692046024918));
#8434=CARTESIAN_POINT('',(34.1431982750415,-1.12663825671002E-14,-58.5692046024918));
#8435=CARTESIAN_POINT('Origin',(34.1431982750415,-1.14776700674881E-14,
-60.2944979730785));
#8436=CARTESIAN_POINT('',(34.1431982750415,-1.14776700674881E-14,-60.2944979730785));
#8437=CARTESIAN_POINT('Origin',(30.9131906550263,-1.14776700674881E-14,
-60.2944979730785));
#8438=CARTESIAN_POINT('',(30.9131906550263,-1.14776700674881E-14,-60.2944979730785));
#8439=CARTESIAN_POINT('Origin',(30.9131906550263,-1.15785897356555E-14,
-61.1185696012218));
#8440=CARTESIAN_POINT('',(30.9131906550263,-1.15785897356555E-14,-61.1185696012218));
#8441=CARTESIAN_POINT('Origin',(28.1131855750161,-1.15785897356555E-14,
-61.1185696012218));
#8442=CARTESIAN_POINT('',(28.1131855750161,-1.15785897356555E-14,-61.1185696012218));
#8443=CARTESIAN_POINT('Origin',(28.1131855750161,-1.14776700674881E-14,
-60.2944979730785));
#8444=CARTESIAN_POINT('',(28.1131855750161,-1.14776700674881E-14,-60.2944979730785));
#8445=CARTESIAN_POINT('Origin',(21.8428731543913,-1.14776700674881E-14,
-60.2944979730785));
#8446=CARTESIAN_POINT('',(21.8428731543913,-1.14776700674881E-14,-60.2944979730785));
#8447=CARTESIAN_POINT('Origin',(21.8428731543913,-1.12663825671002E-14,
-58.5692046024918));
#8448=CARTESIAN_POINT('',(21.8428731543913,-1.12663825671002E-14,-58.5692046024918));
#8449=CARTESIAN_POINT('Origin',(20.8632719351888,-1.12663825671002E-14,
-58.5692046024918));
#8450=CARTESIAN_POINT('',(20.8632719351888,-1.12663825671002E-14,-58.5692046024918));
#8451=CARTESIAN_POINT('Origin',(20.8632719351888,-1.08621968651488E-14,
-55.2687778816384));
#8452=CARTESIAN_POINT('',(20.8632719351888,-1.08621968651488E-14,-55.2687778816384));
#8453=CARTESIAN_POINT('Origin',(21.8428731543913,-1.08621968651488E-14,
-55.2687778816384));
#8454=CARTESIAN_POINT('',(21.8428731543913,-1.08621968651488E-14,-55.2687778816384));
#8455=CARTESIAN_POINT('Origin',(21.8428731543913,-1.06510820035655E-14,
-53.544894213871));
#8456=CARTESIAN_POINT('Origin',(20.8632719351888,-7.94752193013267E-15,
-31.4686508813844));
#8457=CARTESIAN_POINT('',(20.8632719351888,-7.94752193013267E-15,-31.4686508813844));
#8458=CARTESIAN_POINT('Origin',(21.8428731543913,-7.94752193013267E-15,
-31.4686508813844));
#8459=CARTESIAN_POINT('',(21.8428731543913,-7.94752193013267E-15,-31.4686508813844));
#8460=CARTESIAN_POINT('Origin',(21.8428731543913,-7.73639244868657E-15,
-29.7446478333783));
#8461=CARTESIAN_POINT('',(21.8428731543913,-7.73639244868657E-15,-29.7446478333783));
#8462=CARTESIAN_POINT('Origin',(28.1131855750161,-7.73639244868657E-15,
-29.7446478333783));
#8463=CARTESIAN_POINT('',(28.1131855750161,-7.73639244868657E-15,-29.7446478333783));
#8464=CARTESIAN_POINT('Origin',(28.1131855750161,-7.63532191597828E-15,
-28.9193443027712));
#8465=CARTESIAN_POINT('',(28.1131855750161,-7.63532191597828E-15,-28.9193443027712));
#8466=CARTESIAN_POINT('Origin',(30.9131906550263,-7.63532191597828E-15,
-28.9193443027712));
#8467=CARTESIAN_POINT('',(30.9131906550263,-7.63532191597828E-15,-28.9193443027712));
#8468=CARTESIAN_POINT('Origin',(30.9131906550263,-7.73639244868657E-15,
-29.7446478333783));
#8469=CARTESIAN_POINT('',(30.9131906550263,-7.73639244868657E-15,-29.7446478333783));
#8470=CARTESIAN_POINT('Origin',(34.1431982750415,-7.73639244868657E-15,
-29.7446478333783));
#8471=CARTESIAN_POINT('',(34.1431982750415,-7.73639244868657E-15,-29.7446478333783));
#8472=CARTESIAN_POINT('Origin',(34.1431982750415,-7.94752193013267E-15,
-31.4686508813844));
#8473=CARTESIAN_POINT('',(34.1431982750415,-7.94752193013267E-15,-31.4686508813844));
#8474=CARTESIAN_POINT('Origin',(35.0625988338426,-7.94752193013267E-15,
-31.4686508813844));
#8475=CARTESIAN_POINT('',(35.0625988338426,-7.94752193013267E-15,-31.4686508813844));
#8476=CARTESIAN_POINT('Origin',(35.0625988338426,-8.35170514359675E-15,
-34.7690572821972));
#8477=CARTESIAN_POINT('Origin',(2.56283505431507,-1.16307366085797E-14,
-61.5443811328448));
#8478=CARTESIAN_POINT('',(16.5621619529689,-1.16307366085797E-14,-61.5443811328448));
#8479=CARTESIAN_POINT('',(2.56283505431507,-1.16307366085797E-14,-61.5443811328448));
#8480=CARTESIAN_POINT('Origin',(2.56283505431509,-9.9162923687725E-15,-47.5448815138456));
#8481=CARTESIAN_POINT('',(2.56283505431509,-9.9162923687725E-15,-47.5448815138456));
#8482=CARTESIAN_POINT('Origin',(2.59512359889218,-9.9162923687725E-15,-47.5448815138456));
#8483=CARTESIAN_POINT('',(2.59512359889218,-9.9162923687725E-15,-47.5448815138456));
#8484=CARTESIAN_POINT('Origin',(2.59512359889218,-9.91040056409314E-15,
-47.4967712776251));
#8485=CARTESIAN_POINT('',(2.59512359889218,-9.91040056409314E-15,-47.4967712776251));
#8486=CARTESIAN_POINT('Origin',(16.5956061998574,-9.91040056409314E-15,
-47.4967712776251));
#8487=CARTESIAN_POINT('',(16.5956061998574,-9.91040056409314E-15,-47.4967712776251));
#8488=CARTESIAN_POINT('Origin',(16.5956061998574,-1.16249714056903E-14,
-61.4973046786919));
#8489=CARTESIAN_POINT('',(16.5956061998574,-1.16249714056903E-14,-61.4973046786919));
#8490=CARTESIAN_POINT('Origin',(16.5621619529689,-1.16249714056903E-14,
-61.4973046786919));
#8491=CARTESIAN_POINT('',(16.5621619529689,-1.16249714056903E-14,-61.4973046786919));
#8492=CARTESIAN_POINT('Origin',(16.5621619529689,-1.16307366085797E-14,
-61.5443811328448));
#8493=CARTESIAN_POINT('Origin',(-21.5377135867822,-9.29778352302127E-15,
-42.4943735128296));
#8494=CARTESIAN_POINT('',(-21.5377135867822,-7.58334799291952E-15,-28.4949450139726));
#8495=CARTESIAN_POINT('',(-21.5377135867822,-9.29778352302127E-15,-42.4943735128296));
#8496=CARTESIAN_POINT('Origin',(-35.5372919459389,-9.29778352302127E-15,
-42.4943735128296));
#8497=CARTESIAN_POINT('',(-35.5372919459389,-9.29778352302127E-15,-42.4943735128296));
#8498=CARTESIAN_POINT('Origin',(-35.5372919459389,-9.2857933692189E-15,
-42.3964664770156));
#8499=CARTESIAN_POINT('',(-35.5372919459389,-9.28579336921889E-15,-42.3964664770156));
#8500=CARTESIAN_POINT('Origin',(-35.5557527028604,-9.28579336921889E-15,
-42.3964664770156));
#8501=CARTESIAN_POINT('',(-35.5557527028604,-9.28579336921889E-15,-42.3964664770156));
#8502=CARTESIAN_POINT('Origin',(-35.5557527028604,-7.57122252762169E-15,
-28.3959330759488));
#8503=CARTESIAN_POINT('',(-35.5557527028604,-7.57122252762169E-15,-28.3959330759488));
#8504=CARTESIAN_POINT('Origin',(-21.5552701018952,-7.57122252762169E-15,
-28.3959330759488));
#8505=CARTESIAN_POINT('',(-21.5552701018952,-7.57122252762169E-15,-28.3959330759488));
#8506=CARTESIAN_POINT('Origin',(-21.5552701018952,-7.58334799291952E-15,
-28.4949450139726));
#8507=CARTESIAN_POINT('',(-21.5552701018952,-7.58334799291952E-15,-28.4949450139726));
#8508=CARTESIAN_POINT('Origin',(-21.5377135867822,-7.58334799291952E-15,
-28.4949450139726));
#8509=CARTESIAN_POINT('Origin',(-16.4872030457611,-7.58334799291952E-15,
-28.4949450139726));
#8510=CARTESIAN_POINT('',(-16.4872030457611,-9.29778352302127E-15,-42.4943735128296));
#8511=CARTESIAN_POINT('',(-16.4872030457611,-7.58334799291952E-15,-28.4949450139726));
#8512=CARTESIAN_POINT('Origin',(-2.48787614710732,-7.58334799291952E-15,
-28.4949450139726));
#8513=CARTESIAN_POINT('',(-2.48787614710732,-7.58334799291952E-15,-28.4949450139726));
#8514=CARTESIAN_POINT('Origin',(-2.48787614710732,-7.5836649639859E-15,
-28.4975332791492));
#8515=CARTESIAN_POINT('',(-2.48787614710732,-7.5836649639859E-15,-28.4975332791492));
#8516=CARTESIAN_POINT('Origin',(-2.45443190021882,-7.5836649639859E-15,
-28.4975332791492));
#8517=CARTESIAN_POINT('',(-2.45443190021882,-7.5836649639859E-15,-28.4975332791492));
#8518=CARTESIAN_POINT('Origin',(-2.45443190021884,-9.29823580558311E-15,
-42.4980666802159));
#8519=CARTESIAN_POINT('',(-2.45443190021884,-9.29823580558311E-15,-42.4980666802159));
#8520=CARTESIAN_POINT('Origin',(-16.454914501184,-9.29823580558311E-15,
-42.4980666802159));
#8521=CARTESIAN_POINT('',(-16.454914501184,-9.29823580558311E-15,-42.4980666802159));
#8522=CARTESIAN_POINT('Origin',(-16.454914501184,-9.29778352302127E-15,
-42.4943735128296));
#8523=CARTESIAN_POINT('',(-16.454914501184,-9.29778352302127E-15,-42.4943735128296));
#8524=CARTESIAN_POINT('Origin',(-16.4872030457611,-9.29778352302127E-15,
-42.4943735128296));
#8525=CARTESIAN_POINT('Origin',(37.0120044726539,-2.26636178831219E-15,
14.9215421585674));
#8526=CARTESIAN_POINT('',(35.7620019326488,-2.26636178831219E-15,14.9215421585674));
#8527=CARTESIAN_POINT('Origin',(19.0119689125828,-8.54145260921186E-16,
26.4531652222478));
#8528=CARTESIAN_POINT('',(10.0119689125828,-8.54145260921186E-16,26.4531652222478));
#8529=CARTESIAN_POINT('Origin',(37.0126895403105,0.,63.021542159436));
#8530=CARTESIAN_POINT('',(35.7626895403105,0.,63.021542159436));
#8531=CARTESIAN_POINT('Origin',(16.5621619529689,-5.25039117463018E-15,
-9.44490691389642));
#8532=CARTESIAN_POINT('',(2.56283505431509,-5.25039117463018E-15,-9.44490691389642));
#8533=CARTESIAN_POINT('',(16.5621619529689,-5.25039117463018E-15,-9.44490691389642));
#8534=CARTESIAN_POINT('Origin',(16.5621619529689,-6.9648021309201E-15,-23.4441347523521));
#8535=CARTESIAN_POINT('',(16.5621619529689,-6.9648021309201E-15,-23.4441347523521));
#8536=CARTESIAN_POINT('Origin',(16.5448060982572,-6.9648021309201E-15,-23.4441347523521));
#8537=CARTESIAN_POINT('',(16.5448060982572,-6.9648021309201E-15,-23.4441347523521));
#8538=CARTESIAN_POINT('Origin',(16.5448060982572,-6.96527898729376E-15,
-23.4480285801398));
#8539=CARTESIAN_POINT('',(16.5448060982572,-6.96527898729376E-15,-23.4480285801398));
#8540=CARTESIAN_POINT('Origin',(2.54432349729197,-6.96527898729376E-15,
-23.4480285801398));
#8541=CARTESIAN_POINT('',(2.54432349729197,-6.96527898729376E-15,-23.4480285801398));
#8542=CARTESIAN_POINT('Origin',(2.54432349729197,-5.25070814569655E-15,
-9.44749517907296));
#8543=CARTESIAN_POINT('',(2.54432349729197,-5.25070814569655E-15,-9.44749517907296));
#8544=CARTESIAN_POINT('Origin',(2.56283505431508,-5.25070814569655E-15,
-9.44749517907296));
#8545=CARTESIAN_POINT('',(2.56283505431508,-5.25070814569655E-15,-9.44749517907296));
#8546=CARTESIAN_POINT('Origin',(2.56283505431509,-5.25039117463018E-15,
-9.44490691389642));
#8547=CARTESIAN_POINT('Origin',(16.5621619529689,-7.58334799291952E-15,
-28.4949450139726));
#8548=CARTESIAN_POINT('',(2.56283505431509,-7.58334799291952E-15,-28.4949450139726));
#8549=CARTESIAN_POINT('',(16.5621619529689,-7.58334799291952E-15,-28.4949450139726));
#8550=CARTESIAN_POINT('Origin',(16.5621619529689,-9.29778352302127E-15,
-42.4943735128296));
#8551=CARTESIAN_POINT('',(16.5621619529689,-9.29778352302127E-15,-42.4943735128296));
#8552=CARTESIAN_POINT('Origin',(16.5058779804009,-9.29778352302127E-15,
-42.4943735128296));
#8553=CARTESIAN_POINT('',(16.5058779804009,-9.29778352302127E-15,-42.4943735128296));
#8554=CARTESIAN_POINT('Origin',(16.5058779804009,-9.30088915513777E-15,
-42.5197329235484));
#8555=CARTESIAN_POINT('',(16.5058779804009,-9.30088915513777E-15,-42.5197329235484));
#8556=CARTESIAN_POINT('Origin',(2.50539537943573,-9.30088915513777E-15,
-42.5197329235484));
#8557=CARTESIAN_POINT('',(2.50539537943573,-9.30088915513777E-15,-42.5197329235484));
#8558=CARTESIAN_POINT('Origin',(2.50539537943574,-7.58631831354056E-15,
-28.5191995224816));
#8559=CARTESIAN_POINT('',(2.50539537943574,-7.58631831354056E-15,-28.5191995224816));
#8560=CARTESIAN_POINT('Origin',(2.56283505431508,-7.58631831354056E-15,
-28.5191995224816));
#8561=CARTESIAN_POINT('',(2.56283505431508,-7.58631831354056E-15,-28.5191995224816));
#8562=CARTESIAN_POINT('Origin',(2.56283505431509,-7.58334799291952E-15,
-28.4949450139726));
#8563=CARTESIAN_POINT('Origin',(6.20368954031008,0.,48.707786204221));
#8564=CARTESIAN_POINT('',(8.30368954031007,0.,48.707786204221));
#8565=CARTESIAN_POINT('',(6.20368954031008,0.,48.707786204221));
#8566=CARTESIAN_POINT('Origin',(6.20368954031008,0.,65.300384399214));
#8567=CARTESIAN_POINT('',(6.20368954031008,0.,65.300384399214));
#8568=CARTESIAN_POINT('Origin',(-25.1001496822285,3.90327409647172E-15,
65.300384399214));
#8569=CARTESIAN_POINT('',(-25.1001496822285,0.,65.300384399214));
#8570=CARTESIAN_POINT('Origin',(-25.1001496822285,0.,59.500384399214));
#8571=CARTESIAN_POINT('',(-25.1001496822285,0.,59.500384399214));
#8572=CARTESIAN_POINT('Origin',(-32.3001496822285,0.,59.500384399214));
#8573=CARTESIAN_POINT('',(-32.3001496822285,0.,59.500384399214));
#8574=CARTESIAN_POINT('Origin',(-32.3001496822285,0.,65.300384399214));
#8575=CARTESIAN_POINT('',(-32.3001496822285,0.,65.300384399214));
#8576=CARTESIAN_POINT('Origin',(-37.3001443880655,3.90327409647172E-15,
65.300384399214));
#8577=CARTESIAN_POINT('',(-37.3001443880655,3.90327093852314E-15,65.300384399214));
#8578=CARTESIAN_POINT('Origin',(-37.2994409161148,3.65825478015504E-15,
63.299675611803));
#8579=CARTESIAN_POINT('',(-39.3001496822285,3.65834411452043E-15,63.3004372496811));
#8580=CARTESIAN_POINT('Origin',(-39.3001496822287,-1.14921658512339E-14,
-60.412865093264));
#8581=CARTESIAN_POINT('',(-39.3001496822285,-4.09368552159732E-15,44.900384399214));
#8582=CARTESIAN_POINT('Origin',(-36.8001496822285,-1.72079205977931E-15,
44.900384399214));
#8583=CARTESIAN_POINT('',(-36.8001496822285,-1.72079205977931E-15,44.900384399214));
#8584=CARTESIAN_POINT('Origin',(-36.8001496822285,-1.72079205977931E-15,
22.900384399214));
#8585=CARTESIAN_POINT('',(-36.8001496822285,-1.72079205977931E-15,22.900384399214));
#8586=CARTESIAN_POINT('Origin',(-39.3001496822285,-1.72079205977931E-15,
22.900384399214));
#8587=CARTESIAN_POINT('Origin',(-39.3001496822287,-1.14921658512339E-14,
-60.412865093264));
#8588=CARTESIAN_POINT('',(-39.3001496822287,-3.03711610168124E-15,-60.412865093264));
#8589=CARTESIAN_POINT('Origin',(-35.5557527028604,-3.03711610168124E-15,
-60.412865093264));
#8590=CARTESIAN_POINT('',(-35.5557527028604,-3.03711610168124E-15,-60.412865093264));
#8591=CARTESIAN_POINT('Origin',(-35.5557527028604,-9.92284300045735E-15,
-47.5983714808255));
#8592=CARTESIAN_POINT('',(-35.5557527028604,-9.92284300045735E-15,-47.5983714808255));
#8593=CARTESIAN_POINT('Origin',(-35.5372919459389,-9.92284300045735E-15,
-47.5983714808255));
#8594=CARTESIAN_POINT('',(-35.5372919459389,-9.92284300045735E-15,-47.5983714808255));
#8595=CARTESIAN_POINT('Origin',(-35.5372919459389,-9.9162923687725E-15,
-47.5448815138456));
#8596=CARTESIAN_POINT('',(-35.5372919459389,-9.9162923687725E-15,-47.5448815138456));
#8597=CARTESIAN_POINT('Origin',(-21.5377135867822,-9.9162923687725E-15,
-47.5448815138456));
#8598=CARTESIAN_POINT('',(-21.5377135867822,-9.9162923687725E-15,-47.5448815138456));
#8599=CARTESIAN_POINT('Origin',(-21.5377135867822,-1.16307366085797E-14,
-61.5443811328448));
#8600=CARTESIAN_POINT('',(-21.5377135867822,-1.16307366085797E-14,-61.5443811328448));
#8601=CARTESIAN_POINT('Origin',(-21.5552701018952,-1.16307366085797E-14,
-61.5443811328448));
#8602=CARTESIAN_POINT('',(-21.5552701018952,-1.16307366085797E-14,-61.5443811328448));
#8603=CARTESIAN_POINT('Origin',(-21.5552701018952,-1.16374138420546E-14,
-61.5989048818923));
#8604=CARTESIAN_POINT('',(-21.5552701018952,-1.16374138420546E-14,-61.5989048818923));
#8605=CARTESIAN_POINT('Origin',(-34.3191216011995,-1.16374138420546E-14,
-61.5989048818923));
#8606=CARTESIAN_POINT('',(-34.3191216011995,6.10692336214226E-14,-61.5989048818923));
#8607=CARTESIAN_POINT('Origin',(-34.3191216011995,6.10692336214226E-14,
-65.2922137957796));
#8608=CARTESIAN_POINT('',(-34.3191216011995,6.10692336214226E-14,-65.2922137957796));
#8609=CARTESIAN_POINT('Origin',(34.5036895403105,-1.20906451396664E-14,
-65.2922137957791));
#8610=CARTESIAN_POINT('',(34.5036895403105,-5.41980562386529E-15,-65.2922137957791));
#8611=CARTESIAN_POINT('Origin',(34.5036895403105,0.,-60.5922137957791));
#8612=CARTESIAN_POINT('',(34.5036895403105,0.,-60.5922137957791));
#8613=CARTESIAN_POINT('Origin',(39.3036895403101,0.,-60.5922137957791));
#8614=CARTESIAN_POINT('',(39.3036895403101,0.,-60.5922137957791));
#8615=CARTESIAN_POINT('Origin',(39.3036895403104,-1.28923541492759E-15,
22.900384399214));
#8616=CARTESIAN_POINT('Origin',(36.8036895403105,-4.09368552159732E-15,
22.900384399214));
#8617=CARTESIAN_POINT('',(36.8036895403105,-4.09368552159732E-15,22.900384399214));
#8618=CARTESIAN_POINT('Origin',(36.8036895403105,0.,44.900384399214));
#8619=CARTESIAN_POINT('',(36.8036895403105,0.,44.900384399214));
#8620=CARTESIAN_POINT('Origin',(39.3036895403104,-4.09368552159732E-15,
44.900384399214));
#8621=CARTESIAN_POINT('',(39.3036895403104,-4.09368552159732E-15,44.900384399214));
#8622=CARTESIAN_POINT('Origin',(39.3036895403104,-1.28923541492759E-15,
22.900384399214));
#8623=CARTESIAN_POINT('',(39.3036895403105,3.65834411452043E-15,63.3004386601298));
#8624=CARTESIAN_POINT('Origin',(37.3049697389361,3.65825478015503E-15,63.3016691148613));
#8625=CARTESIAN_POINT('',(37.309393596997,3.90327409647172E-15,65.300384399214));
#8626=CARTESIAN_POINT('Origin',(8.30368954031007,3.90327409647172E-15,65.300384399214));
#8627=CARTESIAN_POINT('',(8.30368954031007,0.,65.300384399214));
#8628=CARTESIAN_POINT('Origin',(8.30368954031007,0.,48.707786204221));
#8629=UNCERTAINTY_MEASURE_WITH_UNIT(LENGTH_MEASURE(0.01),#8633,
'DISTANCE_ACCURACY_VALUE',
'Maximum model space distance between geometric entities at asserted c
onnectivities');
#8630=UNCERTAINTY_MEASURE_WITH_UNIT(LENGTH_MEASURE(0.01),#8633,
'DISTANCE_ACCURACY_VALUE',
'Maximum model space distance between geometric entities at asserted c
onnectivities');
#8631=(
GEOMETRIC_REPRESENTATION_CONTEXT(3)
GLOBAL_UNCERTAINTY_ASSIGNED_CONTEXT((#8629))
GLOBAL_UNIT_ASSIGNED_CONTEXT((#8633,#8635,#8636))
REPRESENTATION_CONTEXT('','3D')
);
#8632=(
GEOMETRIC_REPRESENTATION_CONTEXT(3)
GLOBAL_UNCERTAINTY_ASSIGNED_CONTEXT((#8630))
GLOBAL_UNIT_ASSIGNED_CONTEXT((#8633,#8635,#8636))
REPRESENTATION_CONTEXT('','3D')
);
#8633=(
LENGTH_UNIT()
NAMED_UNIT(*)
SI_UNIT(.MILLI.,.METRE.)
);
#8634=(
LENGTH_UNIT()
NAMED_UNIT(*)
SI_UNIT($,.METRE.)
);
#8635=(
NAMED_UNIT(*)
PLANE_ANGLE_UNIT()
SI_UNIT($,.RADIAN.)
);
#8636=(
NAMED_UNIT(*)
SI_UNIT($,.STERADIAN.)
SOLID_ANGLE_UNIT()
);
#8637=SHAPE_DEFINITION_REPRESENTATION(#8638,#8639);
#8638=PRODUCT_DEFINITION_SHAPE('',$,#8641);
#8639=SHAPE_REPRESENTATION('',(#5501),#8631);
#8640=PRODUCT_DEFINITION_CONTEXT('part definition',#8645,'design');
#8641=PRODUCT_DEFINITION('Plate','Plate v60',#8642,#8640);
#8642=PRODUCT_DEFINITION_FORMATION('',$,#8647);
#8643=PRODUCT_RELATED_PRODUCT_CATEGORY('Plate v60','Plate v60',(#8647));
#8644=APPLICATION_PROTOCOL_DEFINITION('international standard',
'automotive_design',2009,#8645);
#8645=APPLICATION_CONTEXT(
'Core Data for Automotive Mechanical Design Process');
#8646=PRODUCT_CONTEXT('part definition',#8645,'mechanical');
#8647=PRODUCT('Plate','Plate v60',$,(#8646));
#8648=PRESENTATION_STYLE_ASSIGNMENT((#8650));
#8649=PRESENTATION_STYLE_ASSIGNMENT((#8651));
#8650=SURFACE_STYLE_USAGE(.BOTH.,#8652);
#8651=SURFACE_STYLE_USAGE(.BOTH.,#8653);
#8652=SURFACE_SIDE_STYLE('',(#8654));
#8653=SURFACE_SIDE_STYLE('',(#8655));
#8654=SURFACE_STYLE_FILL_AREA(#8656);
#8655=SURFACE_STYLE_FILL_AREA(#8657);
#8656=FILL_AREA_STYLE('\X2\94A2\X0\ - \X2\7F0E5149\X0\',(#8658));
#8657=FILL_AREA_STYLE('\X2\73BB7483\X0\(\X2\900F660E\X0\)',(#8659));
#8658=FILL_AREA_STYLE_COLOUR('\X2\94A2\X0\ - \X2\7F0E5149\X0\',#8660);
#8659=FILL_AREA_STYLE_COLOUR('\X2\73BB7483\X0\(\X2\900F660E\X0\)',#8661);
#8660=COLOUR_RGB('\X2\94A2\X0\ - \X2\7F0E5149\X0\',0.627450980392157,0.627450980392157,
0.627450980392157);
#8661=COLOUR_RGB('\X2\73BB7483\X0\(\X2\900F660E\X0\)',0.964705882352941,
0.964705882352941,0.952941176470588);
ENDSEC;
END-ISO-10303-21;
