ISO-10303-21;
HEADER;
/* Generated by software containing ST-Developer
 * from STEP Tools, Inc. (www.steptools.com) 
 */

FILE_DESCRIPTION(
/* description */ (''),
/* implementation_level */ '2;1');

FILE_NAME(
/* name */ 'Top v132.step',
/* time_stamp */ '2025-10-18T18:28:00+08:00',
/* author */ (''),
/* organization */ (''),
/* preprocessor_version */ 'ST-DEVELOPER v20.1',
/* originating_system */ 'Autodesk Translation Framework v14.17.0.0',
/* authorisation */ '');

FILE_SCHEMA (('AUTOMOTIVE_DESIGN { 1 0 10303 214 3 1 1 }'));
ENDSEC;

DATA;
#10=MECHANICAL_DESIGN_GEOMETRIC_PRESENTATION_REPRESENTATION('',(#13),#3533);
#11=SHAPE_REPRESENTATION_RELATIONSHIP('SRR','None',#3540,#12);
#12=ADVANCED_BREP_SHAPE_REPRESENTATION('',(#14),#3532);
#13=STYLED_ITEM('',(#3550),#14);
#14=MANIFOLD_SOLID_BREP('\X2\5B9E4F53\X0\1',#2134);
#15=CONICAL_SURFACE('',#2240,8.5,0.785398163397448);
#16=CONICAL_SURFACE('',#2249,4.99999999999998,0.785398163397447);
#17=CONICAL_SURFACE('',#2252,4.99999999999997,0.785398163397448);
#18=CONICAL_SURFACE('',#2255,4.99999999999999,0.785398163397448);
#19=CONICAL_SURFACE('',#2258,4.99999999999999,0.785398163397448);
#20=FACE_BOUND('',#223,.T.);
#21=FACE_BOUND('',#226,.T.);
#22=FACE_BOUND('',#229,.T.);
#23=FACE_BOUND('',#232,.T.);
#24=FACE_BOUND('',#235,.T.);
#25=FACE_BOUND('',#236,.T.);
#26=FACE_BOUND('',#237,.T.);
#27=FACE_BOUND('',#238,.T.);
#28=FACE_BOUND('',#239,.T.);
#29=FACE_BOUND('',#240,.T.);
#30=FACE_BOUND('',#241,.T.);
#31=FACE_BOUND('',#242,.T.);
#32=FACE_BOUND('',#267,.T.);
#33=FACE_BOUND('',#268,.T.);
#34=FACE_BOUND('',#305,.T.);
#35=FACE_BOUND('',#308,.T.);
#36=FACE_BOUND('',#334,.T.);
#37=FACE_BOUND('',#335,.T.);
#38=FACE_BOUND('',#336,.T.);
#39=FACE_BOUND('',#337,.T.);
#40=FACE_BOUND('',#338,.T.);
#41=FACE_BOUND('',#339,.T.);
#42=PLANE('',#2154);
#43=PLANE('',#2159);
#44=PLANE('',#2163);
#45=PLANE('',#2168);
#46=PLANE('',#2172);
#47=PLANE('',#2186);
#48=PLANE('',#2188);
#49=PLANE('',#2190);
#50=PLANE('',#2191);
#51=PLANE('',#2192);
#52=PLANE('',#2194);
#53=PLANE('',#2196);
#54=PLANE('',#2197);
#55=PLANE('',#2198);
#56=PLANE('',#2200);
#57=PLANE('',#2201);
#58=PLANE('',#2203);
#59=PLANE('',#2204);
#60=PLANE('',#2206);
#61=PLANE('',#2208);
#62=PLANE('',#2209);
#63=PLANE('',#2210);
#64=PLANE('',#2213);
#65=PLANE('',#2216);
#66=PLANE('',#2217);
#67=PLANE('',#2220);
#68=PLANE('',#2225);
#69=PLANE('',#2228);
#70=PLANE('',#2229);
#71=PLANE('',#2230);
#72=PLANE('',#2231);
#73=PLANE('',#2232);
#74=PLANE('',#2233);
#75=PLANE('',#2234);
#76=PLANE('',#2235);
#77=PLANE('',#2236);
#78=PLANE('',#2237);
#79=PLANE('',#2238);
#80=PLANE('',#2239);
#81=PLANE('',#2248);
#82=PLANE('',#2251);
#83=PLANE('',#2254);
#84=PLANE('',#2257);
#85=PLANE('',#2262);
#86=PLANE('',#2265);
#87=PLANE('',#2272);
#88=PLANE('',#2273);
#89=PLANE('',#2276);
#90=PLANE('',#2277);
#91=PLANE('',#2280);
#92=PLANE('',#2283);
#93=PLANE('',#2284);
#94=PLANE('',#2286);
#95=PLANE('',#2287);
#96=PLANE('',#2288);
#97=PLANE('',#2290);
#98=PLANE('',#2291);
#99=PLANE('',#2292);
#100=PLANE('',#2293);
#101=PLANE('',#2294);
#102=PLANE('',#2296);
#103=PLANE('',#2300);
#104=PLANE('',#2302);
#105=PLANE('',#2305);
#106=PLANE('',#2307);
#107=PLANE('',#2310);
#108=PLANE('',#2318);
#109=PLANE('',#2320);
#110=PLANE('',#2323);
#111=PLANE('',#2325);
#112=FACE_OUTER_BOUND('',#220,.T.);
#113=FACE_OUTER_BOUND('',#221,.T.);
#114=FACE_OUTER_BOUND('',#222,.T.);
#115=FACE_OUTER_BOUND('',#224,.T.);
#116=FACE_OUTER_BOUND('',#225,.T.);
#117=FACE_OUTER_BOUND('',#227,.T.);
#118=FACE_OUTER_BOUND('',#228,.T.);
#119=FACE_OUTER_BOUND('',#230,.T.);
#120=FACE_OUTER_BOUND('',#231,.T.);
#121=FACE_OUTER_BOUND('',#233,.T.);
#122=FACE_OUTER_BOUND('',#234,.T.);
#123=FACE_OUTER_BOUND('',#243,.T.);
#124=FACE_OUTER_BOUND('',#244,.T.);
#125=FACE_OUTER_BOUND('',#245,.T.);
#126=FACE_OUTER_BOUND('',#246,.T.);
#127=FACE_OUTER_BOUND('',#247,.T.);
#128=FACE_OUTER_BOUND('',#248,.T.);
#129=FACE_OUTER_BOUND('',#249,.T.);
#130=FACE_OUTER_BOUND('',#250,.T.);
#131=FACE_OUTER_BOUND('',#251,.T.);
#132=FACE_OUTER_BOUND('',#252,.T.);
#133=FACE_OUTER_BOUND('',#253,.T.);
#134=FACE_OUTER_BOUND('',#254,.T.);
#135=FACE_OUTER_BOUND('',#255,.T.);
#136=FACE_OUTER_BOUND('',#256,.T.);
#137=FACE_OUTER_BOUND('',#257,.T.);
#138=FACE_OUTER_BOUND('',#258,.T.);
#139=FACE_OUTER_BOUND('',#259,.T.);
#140=FACE_OUTER_BOUND('',#260,.T.);
#141=FACE_OUTER_BOUND('',#261,.T.);
#142=FACE_OUTER_BOUND('',#262,.T.);
#143=FACE_OUTER_BOUND('',#263,.T.);
#144=FACE_OUTER_BOUND('',#264,.T.);
#145=FACE_OUTER_BOUND('',#265,.T.);
#146=FACE_OUTER_BOUND('',#266,.T.);
#147=FACE_OUTER_BOUND('',#269,.T.);
#148=FACE_OUTER_BOUND('',#270,.T.);
#149=FACE_OUTER_BOUND('',#271,.T.);
#150=FACE_OUTER_BOUND('',#272,.T.);
#151=FACE_OUTER_BOUND('',#273,.T.);
#152=FACE_OUTER_BOUND('',#274,.T.);
#153=FACE_OUTER_BOUND('',#275,.T.);
#154=FACE_OUTER_BOUND('',#276,.T.);
#155=FACE_OUTER_BOUND('',#277,.T.);
#156=FACE_OUTER_BOUND('',#278,.T.);
#157=FACE_OUTER_BOUND('',#279,.T.);
#158=FACE_OUTER_BOUND('',#280,.T.);
#159=FACE_OUTER_BOUND('',#281,.T.);
#160=FACE_OUTER_BOUND('',#282,.T.);
#161=FACE_OUTER_BOUND('',#283,.T.);
#162=FACE_OUTER_BOUND('',#284,.T.);
#163=FACE_OUTER_BOUND('',#285,.T.);
#164=FACE_OUTER_BOUND('',#286,.T.);
#165=FACE_OUTER_BOUND('',#287,.T.);
#166=FACE_OUTER_BOUND('',#288,.T.);
#167=FACE_OUTER_BOUND('',#289,.T.);
#168=FACE_OUTER_BOUND('',#290,.T.);
#169=FACE_OUTER_BOUND('',#291,.T.);
#170=FACE_OUTER_BOUND('',#292,.T.);
#171=FACE_OUTER_BOUND('',#293,.T.);
#172=FACE_OUTER_BOUND('',#294,.T.);
#173=FACE_OUTER_BOUND('',#295,.T.);
#174=FACE_OUTER_BOUND('',#296,.T.);
#175=FACE_OUTER_BOUND('',#297,.T.);
#176=FACE_OUTER_BOUND('',#298,.T.);
#177=FACE_OUTER_BOUND('',#299,.T.);
#178=FACE_OUTER_BOUND('',#300,.T.);
#179=FACE_OUTER_BOUND('',#301,.T.);
#180=FACE_OUTER_BOUND('',#302,.T.);
#181=FACE_OUTER_BOUND('',#303,.T.);
#182=FACE_OUTER_BOUND('',#304,.T.);
#183=FACE_OUTER_BOUND('',#306,.T.);
#184=FACE_OUTER_BOUND('',#307,.T.);
#185=FACE_OUTER_BOUND('',#309,.T.);
#186=FACE_OUTER_BOUND('',#310,.T.);
#187=FACE_OUTER_BOUND('',#311,.T.);
#188=FACE_OUTER_BOUND('',#312,.T.);
#189=FACE_OUTER_BOUND('',#313,.T.);
#190=FACE_OUTER_BOUND('',#314,.T.);
#191=FACE_OUTER_BOUND('',#315,.T.);
#192=FACE_OUTER_BOUND('',#316,.T.);
#193=FACE_OUTER_BOUND('',#317,.T.);
#194=FACE_OUTER_BOUND('',#318,.T.);
#195=FACE_OUTER_BOUND('',#319,.T.);
#196=FACE_OUTER_BOUND('',#320,.T.);
#197=FACE_OUTER_BOUND('',#321,.T.);
#198=FACE_OUTER_BOUND('',#322,.T.);
#199=FACE_OUTER_BOUND('',#323,.T.);
#200=FACE_OUTER_BOUND('',#324,.T.);
#201=FACE_OUTER_BOUND('',#325,.T.);
#202=FACE_OUTER_BOUND('',#326,.T.);
#203=FACE_OUTER_BOUND('',#327,.T.);
#204=FACE_OUTER_BOUND('',#328,.T.);
#205=FACE_OUTER_BOUND('',#329,.T.);
#206=FACE_OUTER_BOUND('',#330,.T.);
#207=FACE_OUTER_BOUND('',#331,.T.);
#208=FACE_OUTER_BOUND('',#332,.T.);
#209=FACE_OUTER_BOUND('',#333,.T.);
#210=FACE_OUTER_BOUND('',#340,.T.);
#211=FACE_OUTER_BOUND('',#341,.T.);
#212=FACE_OUTER_BOUND('',#342,.T.);
#213=FACE_OUTER_BOUND('',#343,.T.);
#214=FACE_OUTER_BOUND('',#344,.T.);
#215=FACE_OUTER_BOUND('',#345,.T.);
#216=FACE_OUTER_BOUND('',#346,.T.);
#217=FACE_OUTER_BOUND('',#347,.T.);
#218=FACE_OUTER_BOUND('',#348,.T.);
#219=FACE_OUTER_BOUND('',#349,.T.);
#220=EDGE_LOOP('',(#1387,#1388,#1389,#1390));
#221=EDGE_LOOP('',(#1391,#1392,#1393,#1394));
#222=EDGE_LOOP('',(#1395));
#223=EDGE_LOOP('',(#1396));
#224=EDGE_LOOP('',(#1397,#1398,#1399,#1400));
#225=EDGE_LOOP('',(#1401));
#226=EDGE_LOOP('',(#1402));
#227=EDGE_LOOP('',(#1403,#1404,#1405,#1406));
#228=EDGE_LOOP('',(#1407));
#229=EDGE_LOOP('',(#1408));
#230=EDGE_LOOP('',(#1409,#1410,#1411,#1412));
#231=EDGE_LOOP('',(#1413));
#232=EDGE_LOOP('',(#1414));
#233=EDGE_LOOP('',(#1415,#1416,#1417,#1418));
#234=EDGE_LOOP('',(#1419,#1420,#1421,#1422,#1423,#1424,#1425,#1426));
#235=EDGE_LOOP('',(#1427));
#236=EDGE_LOOP('',(#1428));
#237=EDGE_LOOP('',(#1429));
#238=EDGE_LOOP('',(#1430));
#239=EDGE_LOOP('',(#1431,#1432,#1433,#1434));
#240=EDGE_LOOP('',(#1435,#1436,#1437,#1438,#1439,#1440,#1441,#1442));
#241=EDGE_LOOP('',(#1443,#1444,#1445,#1446,#1447,#1448,#1449,#1450));
#242=EDGE_LOOP('',(#1451));
#243=EDGE_LOOP('',(#1452,#1453,#1454,#1455,#1456));
#244=EDGE_LOOP('',(#1457,#1458,#1459,#1460,#1461));
#245=EDGE_LOOP('',(#1462,#1463,#1464,#1465));
#246=EDGE_LOOP('',(#1466,#1467,#1468,#1469));
#247=EDGE_LOOP('',(#1470,#1471,#1472,#1473,#1474));
#248=EDGE_LOOP('',(#1475,#1476,#1477,#1478,#1479));
#249=EDGE_LOOP('',(#1480,#1481,#1482,#1483));
#250=EDGE_LOOP('',(#1484,#1485,#1486,#1487));
#251=EDGE_LOOP('',(#1488,#1489,#1490,#1491,#1492));
#252=EDGE_LOOP('',(#1493,#1494,#1495,#1496));
#253=EDGE_LOOP('',(#1497,#1498,#1499,#1500,#1501));
#254=EDGE_LOOP('',(#1502,#1503,#1504,#1505));
#255=EDGE_LOOP('',(#1506,#1507,#1508,#1509,#1510));
#256=EDGE_LOOP('',(#1511,#1512,#1513,#1514,#1515));
#257=EDGE_LOOP('',(#1516,#1517,#1518,#1519));
#258=EDGE_LOOP('',(#1520,#1521,#1522,#1523));
#259=EDGE_LOOP('',(#1524,#1525,#1526,#1527));
#260=EDGE_LOOP('',(#1528,#1529,#1530,#1531));
#261=EDGE_LOOP('',(#1532,#1533,#1534,#1535,#1536,#1537,#1538,#1539));
#262=EDGE_LOOP('',(#1540,#1541,#1542,#1543));
#263=EDGE_LOOP('',(#1544,#1545,#1546,#1547));
#264=EDGE_LOOP('',(#1548,#1549,#1550,#1551));
#265=EDGE_LOOP('',(#1552,#1553,#1554,#1555));
#266=EDGE_LOOP('',(#1556,#1557,#1558,#1559,#1560,#1561,#1562,#1563,#1564,
#1565,#1566,#1567,#1568,#1569,#1570,#1571,#1572,#1573,#1574,#1575));
#267=EDGE_LOOP('',(#1576));
#268=EDGE_LOOP('',(#1577));
#269=EDGE_LOOP('',(#1578,#1579,#1580,#1581));
#270=EDGE_LOOP('',(#1582,#1583,#1584,#1585));
#271=EDGE_LOOP('',(#1586,#1587,#1588,#1589));
#272=EDGE_LOOP('',(#1590,#1591,#1592,#1593,#1594,#1595,#1596,#1597));
#273=EDGE_LOOP('',(#1598,#1599,#1600,#1601,#1602,#1603,#1604,#1605,#1606,
#1607,#1608,#1609,#1610,#1611,#1612,#1613));
#274=EDGE_LOOP('',(#1614,#1615,#1616,#1617,#1618,#1619,#1620,#1621));
#275=EDGE_LOOP('',(#1622,#1623,#1624,#1625));
#276=EDGE_LOOP('',(#1626,#1627,#1628,#1629));
#277=EDGE_LOOP('',(#1630,#1631,#1632,#1633));
#278=EDGE_LOOP('',(#1634,#1635,#1636,#1637));
#279=EDGE_LOOP('',(#1638,#1639,#1640,#1641,#1642,#1643,#1644,#1645));
#280=EDGE_LOOP('',(#1646,#1647,#1648,#1649));
#281=EDGE_LOOP('',(#1650,#1651,#1652,#1653));
#282=EDGE_LOOP('',(#1654,#1655,#1656,#1657));
#283=EDGE_LOOP('',(#1658,#1659,#1660,#1661));
#284=EDGE_LOOP('',(#1662,#1663,#1664,#1665));
#285=EDGE_LOOP('',(#1666,#1667,#1668,#1669));
#286=EDGE_LOOP('',(#1670,#1671,#1672,#1673));
#287=EDGE_LOOP('',(#1674,#1675,#1676,#1677));
#288=EDGE_LOOP('',(#1678,#1679,#1680,#1681));
#289=EDGE_LOOP('',(#1682,#1683,#1684,#1685));
#290=EDGE_LOOP('',(#1686,#1687,#1688,#1689));
#291=EDGE_LOOP('',(#1690,#1691,#1692,#1693));
#292=EDGE_LOOP('',(#1694,#1695,#1696,#1697));
#293=EDGE_LOOP('',(#1698,#1699,#1700,#1701));
#294=EDGE_LOOP('',(#1702,#1703,#1704,#1705));
#295=EDGE_LOOP('',(#1706,#1707,#1708,#1709));
#296=EDGE_LOOP('',(#1710,#1711,#1712,#1713));
#297=EDGE_LOOP('',(#1714,#1715,#1716,#1717));
#298=EDGE_LOOP('',(#1718,#1719,#1720,#1721,#1722,#1723,#1724,#1725,#1726,
#1727,#1728,#1729,#1730,#1731,#1732,#1733));
#299=EDGE_LOOP('',(#1734,#1735,#1736,#1737));
#300=EDGE_LOOP('',(#1738,#1739,#1740,#1741,#1742,#1743,#1744,#1745,#1746,
#1747,#1748,#1749,#1750,#1751,#1752,#1753,#1754,#1755,#1756,#1757));
#301=EDGE_LOOP('',(#1758,#1759,#1760,#1761));
#302=EDGE_LOOP('',(#1762,#1763,#1764,#1765));
#303=EDGE_LOOP('',(#1766,#1767,#1768,#1769));
#304=EDGE_LOOP('',(#1770,#1771,#1772,#1773,#1774));
#305=EDGE_LOOP('',(#1775));
#306=EDGE_LOOP('',(#1776,#1777,#1778,#1779));
#307=EDGE_LOOP('',(#1780,#1781,#1782,#1783,#1784,#1785,#1786));
#308=EDGE_LOOP('',(#1787));
#309=EDGE_LOOP('',(#1788,#1789,#1790,#1791));
#310=EDGE_LOOP('',(#1792,#1793,#1794,#1795));
#311=EDGE_LOOP('',(#1796,#1797,#1798,#1799));
#312=EDGE_LOOP('',(#1800,#1801,#1802,#1803));
#313=EDGE_LOOP('',(#1804,#1805,#1806,#1807));
#314=EDGE_LOOP('',(#1808,#1809,#1810,#1811,#1812,#1813,#1814,#1815,#1816,
#1817,#1818,#1819,#1820,#1821,#1822,#1823));
#315=EDGE_LOOP('',(#1824,#1825,#1826,#1827,#1828,#1829,#1830,#1831));
#316=EDGE_LOOP('',(#1832,#1833,#1834,#1835,#1836,#1837,#1838,#1839));
#317=EDGE_LOOP('',(#1840,#1841,#1842,#1843));
#318=EDGE_LOOP('',(#1844,#1845,#1846,#1847));
#319=EDGE_LOOP('',(#1848,#1849,#1850,#1851,#1852,#1853,#1854,#1855));
#320=EDGE_LOOP('',(#1856,#1857,#1858,#1859));
#321=EDGE_LOOP('',(#1860,#1861,#1862,#1863,#1864,#1865,#1866,#1867));
#322=EDGE_LOOP('',(#1868,#1869,#1870,#1871));
#323=EDGE_LOOP('',(#1872,#1873,#1874,#1875));
#324=EDGE_LOOP('',(#1876,#1877,#1878,#1879));
#325=EDGE_LOOP('',(#1880,#1881,#1882,#1883));
#326=EDGE_LOOP('',(#1884,#1885,#1886,#1887,#1888,#1889,#1890,#1891));
#327=EDGE_LOOP('',(#1892,#1893,#1894,#1895));
#328=EDGE_LOOP('',(#1896,#1897,#1898,#1899));
#329=EDGE_LOOP('',(#1900,#1901,#1902,#1903));
#330=EDGE_LOOP('',(#1904,#1905,#1906,#1907));
#331=EDGE_LOOP('',(#1908,#1909,#1910,#1911,#1912,#1913,#1914,#1915,#1916,
#1917,#1918,#1919,#1920,#1921,#1922,#1923));
#332=EDGE_LOOP('',(#1924,#1925,#1926,#1927));
#333=EDGE_LOOP('',(#1928,#1929,#1930,#1931,#1932,#1933,#1934,#1935,#1936,
#1937,#1938,#1939,#1940,#1941,#1942,#1943));
#334=EDGE_LOOP('',(#1944));
#335=EDGE_LOOP('',(#1945));
#336=EDGE_LOOP('',(#1946,#1947,#1948,#1949));
#337=EDGE_LOOP('',(#1950));
#338=EDGE_LOOP('',(#1951));
#339=EDGE_LOOP('',(#1952));
#340=EDGE_LOOP('',(#1953,#1954,#1955,#1956));
#341=EDGE_LOOP('',(#1957,#1958,#1959,#1960));
#342=EDGE_LOOP('',(#1961,#1962,#1963,#1964));
#343=EDGE_LOOP('',(#1965,#1966,#1967,#1968));
#344=EDGE_LOOP('',(#1969,#1970,#1971,#1972));
#345=EDGE_LOOP('',(#1973,#1974,#1975,#1976));
#346=EDGE_LOOP('',(#1977,#1978,#1979,#1980));
#347=EDGE_LOOP('',(#1981,#1982,#1983,#1984));
#348=EDGE_LOOP('',(#1985,#1986,#1987,#1988));
#349=EDGE_LOOP('',(#1989,#1990,#1991,#1992));
#350=LINE('',#2924,#582);
#351=LINE('',#2930,#583);
#352=LINE('',#2939,#584);
#353=LINE('',#2946,#585);
#354=LINE('',#2955,#586);
#355=LINE('',#2962,#587);
#356=LINE('',#2967,#588);
#357=LINE('',#2971,#589);
#358=LINE('',#2975,#590);
#359=LINE('',#2979,#591);
#360=LINE('',#2983,#592);
#361=LINE('',#2985,#593);
#362=LINE('',#2987,#594);
#363=LINE('',#2988,#595);
#364=LINE('',#2993,#596);
#365=LINE('',#2997,#597);
#366=LINE('',#3001,#598);
#367=LINE('',#3004,#599);
#368=LINE('',#3009,#600);
#369=LINE('',#3013,#601);
#370=LINE('',#3017,#602);
#371=LINE('',#3020,#603);
#372=LINE('',#3028,#604);
#373=LINE('',#3030,#605);
#374=LINE('',#3032,#606);
#375=LINE('',#3033,#607);
#376=LINE('',#3037,#608);
#377=LINE('',#3039,#609);
#378=LINE('',#3041,#610);
#379=LINE('',#3043,#611);
#380=LINE('',#3047,#612);
#381=LINE('',#3049,#613);
#382=LINE('',#3050,#614);
#383=LINE('',#3053,#615);
#384=LINE('',#3055,#616);
#385=LINE('',#3056,#617);
#386=LINE('',#3060,#618);
#387=LINE('',#3064,#619);
#388=LINE('',#3066,#620);
#389=LINE('',#3067,#621);
#390=LINE('',#3071,#622);
#391=LINE('',#3073,#623);
#392=LINE('',#3075,#624);
#393=LINE('',#3077,#625);
#394=LINE('',#3081,#626);
#395=LINE('',#3083,#627);
#396=LINE('',#3084,#628);
#397=LINE('',#3087,#629);
#398=LINE('',#3089,#630);
#399=LINE('',#3090,#631);
#400=LINE('',#3096,#632);
#401=LINE('',#3098,#633);
#402=LINE('',#3100,#634);
#403=LINE('',#3101,#635);
#404=LINE('',#3105,#636);
#405=LINE('',#3107,#637);
#406=LINE('',#3109,#638);
#407=LINE('',#3110,#639);
#408=LINE('',#3114,#640);
#409=LINE('',#3117,#641);
#410=LINE('',#3118,#642);
#411=LINE('',#3121,#643);
#412=LINE('',#3123,#644);
#413=LINE('',#3124,#645);
#414=LINE('',#3128,#646);
#415=LINE('',#3132,#647);
#416=LINE('',#3134,#648);
#417=LINE('',#3135,#649);
#418=LINE('',#3139,#650);
#419=LINE('',#3141,#651);
#420=LINE('',#3143,#652);
#421=LINE('',#3145,#653);
#422=LINE('',#3149,#654);
#423=LINE('',#3151,#655);
#424=LINE('',#3152,#656);
#425=LINE('',#3155,#657);
#426=LINE('',#3157,#658);
#427=LINE('',#3158,#659);
#428=LINE('',#3161,#660);
#429=LINE('',#3163,#661);
#430=LINE('',#3164,#662);
#431=LINE('',#3167,#663);
#432=LINE('',#3171,#664);
#433=LINE('',#3172,#665);
#434=LINE('',#3173,#666);
#435=LINE('',#3176,#667);
#436=LINE('',#3180,#668);
#437=LINE('',#3181,#669);
#438=LINE('',#3184,#670);
#439=LINE('',#3186,#671);
#440=LINE('',#3187,#672);
#441=LINE('',#3190,#673);
#442=LINE('',#3194,#674);
#443=LINE('',#3196,#675);
#444=LINE('',#3198,#676);
#445=LINE('',#3200,#677);
#446=LINE('',#3202,#678);
#447=LINE('',#3204,#679);
#448=LINE('',#3206,#680);
#449=LINE('',#3208,#681);
#450=LINE('',#3209,#682);
#451=LINE('',#3211,#683);
#452=LINE('',#3213,#684);
#453=LINE('',#3217,#685);
#454=LINE('',#3220,#686);
#455=LINE('',#3227,#687);
#456=LINE('',#3229,#688);
#457=LINE('',#3230,#689);
#458=LINE('',#3233,#690);
#459=LINE('',#3237,#691);
#460=LINE('',#3239,#692);
#461=LINE('',#3240,#693);
#462=LINE('',#3243,#694);
#463=LINE('',#3244,#695);
#464=LINE('',#3245,#696);
#465=LINE('',#3247,#697);
#466=LINE('',#3249,#698);
#467=LINE('',#3251,#699);
#468=LINE('',#3252,#700);
#469=LINE('',#3254,#701);
#470=LINE('',#3256,#702);
#471=LINE('',#3258,#703);
#472=LINE('',#3259,#704);
#473=LINE('',#3260,#705);
#474=LINE('',#3264,#706);
#475=LINE('',#3266,#707);
#476=LINE('',#3268,#708);
#477=LINE('',#3270,#709);
#478=LINE('',#3272,#710);
#479=LINE('',#3273,#711);
#480=LINE('',#3274,#712);
#481=LINE('',#3277,#713);
#482=LINE('',#3279,#714);
#483=LINE('',#3280,#715);
#484=LINE('',#3282,#716);
#485=LINE('',#3285,#717);
#486=LINE('',#3287,#718);
#487=LINE('',#3288,#719);
#488=LINE('',#3291,#720);
#489=LINE('',#3292,#721);
#490=LINE('',#3295,#722);
#491=LINE('',#3296,#723);
#492=LINE('',#3297,#724);
#493=LINE('',#3300,#725);
#494=LINE('',#3304,#726);
#495=LINE('',#3306,#727);
#496=LINE('',#3308,#728);
#497=LINE('',#3309,#729);
#498=LINE('',#3312,#730);
#499=LINE('',#3316,#731);
#500=LINE('',#3321,#732);
#501=LINE('',#3325,#733);
#502=LINE('',#3328,#734);
#503=LINE('',#3330,#735);
#504=LINE('',#3331,#736);
#505=LINE('',#3334,#737);
#506=LINE('',#3338,#738);
#507=LINE('',#3339,#739);
#508=LINE('',#3342,#740);
#509=LINE('',#3346,#741);
#510=LINE('',#3347,#742);
#511=LINE('',#3350,#743);
#512=LINE('',#3354,#744);
#513=LINE('',#3355,#745);
#514=LINE('',#3360,#746);
#515=LINE('',#3363,#747);
#516=LINE('',#3366,#748);
#517=LINE('',#3367,#749);
#518=LINE('',#3370,#750);
#519=LINE('',#3373,#751);
#520=LINE('',#3375,#752);
#521=LINE('',#3379,#753);
#522=LINE('',#3383,#754);
#523=LINE('',#3384,#755);
#524=LINE('',#3386,#756);
#525=LINE('',#3391,#757);
#526=LINE('',#3394,#758);
#527=LINE('',#3395,#759);
#528=LINE('',#3396,#760);
#529=LINE('',#3398,#761);
#530=LINE('',#3399,#762);
#531=LINE('',#3401,#763);
#532=LINE('',#3403,#764);
#533=LINE('',#3404,#765);
#534=LINE('',#3406,#766);
#535=LINE('',#3408,#767);
#536=LINE('',#3409,#768);
#537=LINE('',#3412,#769);
#538=LINE('',#3414,#770);
#539=LINE('',#3415,#771);
#540=LINE('',#3419,#772);
#541=LINE('',#3421,#773);
#542=LINE('',#3425,#774);
#543=LINE('',#3427,#775);
#544=LINE('',#3432,#776);
#545=LINE('',#3434,#777);
#546=LINE('',#3436,#778);
#547=LINE('',#3438,#779);
#548=LINE('',#3439,#780);
#549=LINE('',#3443,#781);
#550=LINE('',#3444,#782);
#551=LINE('',#3446,#783);
#552=LINE('',#3448,#784);
#553=LINE('',#3450,#785);
#554=LINE('',#3453,#786);
#555=LINE('',#3457,#787);
#556=LINE('',#3458,#788);
#557=LINE('',#3460,#789);
#558=LINE('',#3462,#790);
#559=LINE('',#3465,#791);
#560=LINE('',#3466,#792);
#561=LINE('',#3468,#793);
#562=LINE('',#3472,#794);
#563=LINE('',#3473,#795);
#564=LINE('',#3478,#796);
#565=LINE('',#3480,#797);
#566=LINE('',#3482,#798);
#567=LINE('',#3485,#799);
#568=LINE('',#3487,#800);
#569=LINE('',#3489,#801);
#570=LINE('',#3497,#802);
#571=LINE('',#3502,#803);
#572=LINE('',#3506,#804);
#573=LINE('',#3510,#805);
#574=LINE('',#3513,#806);
#575=LINE('',#3515,#807);
#576=LINE('',#3518,#808);
#577=LINE('',#3519,#809);
#578=LINE('',#3522,#810);
#579=LINE('',#3524,#811);
#580=LINE('',#3526,#812);
#581=LINE('',#3528,#813);
#582=VECTOR('',#2333,1.25);
#583=VECTOR('',#2340,1.25);
#584=VECTOR('',#2351,1.75);
#585=VECTOR('',#2360,1.65);
#586=VECTOR('',#2371,1.75);
#587=VECTOR('',#2380,1.65);
#588=VECTOR('',#2385,10.);
#589=VECTOR('',#2388,10.);
#590=VECTOR('',#2391,10.);
#591=VECTOR('',#2394,10.);
#592=VECTOR('',#2397,10.);
#593=VECTOR('',#2398,10.);
#594=VECTOR('',#2399,10.);
#595=VECTOR('',#2400,10.);
#596=VECTOR('',#2403,10.);
#597=VECTOR('',#2406,10.);
#598=VECTOR('',#2409,10.);
#599=VECTOR('',#2412,10.);
#600=VECTOR('',#2415,10.);
#601=VECTOR('',#2418,10.);
#602=VECTOR('',#2421,10.);
#603=VECTOR('',#2424,10.);
#604=VECTOR('',#2431,10.);
#605=VECTOR('',#2432,10.);
#606=VECTOR('',#2433,10.);
#607=VECTOR('',#2434,10.);
#608=VECTOR('',#2437,10.);
#609=VECTOR('',#2438,10.);
#610=VECTOR('',#2439,10.);
#611=VECTOR('',#2440,10.);
#612=VECTOR('',#2445,10.);
#613=VECTOR('',#2446,10.);
#614=VECTOR('',#2447,10.);
#615=VECTOR('',#2450,10.);
#616=VECTOR('',#2451,10.);
#617=VECTOR('',#2452,10.);
#618=VECTOR('',#2455,10.);
#619=VECTOR('',#2458,10.);
#620=VECTOR('',#2459,10.);
#621=VECTOR('',#2460,10.);
#622=VECTOR('',#2463,10.);
#623=VECTOR('',#2464,10.);
#624=VECTOR('',#2465,10.);
#625=VECTOR('',#2466,10.);
#626=VECTOR('',#2471,10.);
#627=VECTOR('',#2472,10.);
#628=VECTOR('',#2473,10.);
#629=VECTOR('',#2476,10.);
#630=VECTOR('',#2477,10.);
#631=VECTOR('',#2478,10.);
#632=VECTOR('',#2483,10.);
#633=VECTOR('',#2484,10.);
#634=VECTOR('',#2485,10.);
#635=VECTOR('',#2486,10.);
#636=VECTOR('',#2489,10.);
#637=VECTOR('',#2490,10.);
#638=VECTOR('',#2491,10.);
#639=VECTOR('',#2492,10.);
#640=VECTOR('',#2495,10.);
#641=VECTOR('',#2498,10.);
#642=VECTOR('',#2499,10.);
#643=VECTOR('',#2502,10.);
#644=VECTOR('',#2503,10.);
#645=VECTOR('',#2504,10.);
#646=VECTOR('',#2507,10.);
#647=VECTOR('',#2510,10.);
#648=VECTOR('',#2511,10.);
#649=VECTOR('',#2512,10.);
#650=VECTOR('',#2515,10.);
#651=VECTOR('',#2516,10.);
#652=VECTOR('',#2517,10.);
#653=VECTOR('',#2518,10.);
#654=VECTOR('',#2523,10.);
#655=VECTOR('',#2524,10.);
#656=VECTOR('',#2525,10.);
#657=VECTOR('',#2528,10.);
#658=VECTOR('',#2529,10.);
#659=VECTOR('',#2530,10.);
#660=VECTOR('',#2533,10.);
#661=VECTOR('',#2534,10.);
#662=VECTOR('',#2535,10.);
#663=VECTOR('',#2538,10.);
#664=VECTOR('',#2543,10.);
#665=VECTOR('',#2544,10.);
#666=VECTOR('',#2545,10.);
#667=VECTOR('',#2548,10.);
#668=VECTOR('',#2553,10.);
#669=VECTOR('',#2554,10.);
#670=VECTOR('',#2557,10.);
#671=VECTOR('',#2558,10.);
#672=VECTOR('',#2559,10.);
#673=VECTOR('',#2562,10.);
#674=VECTOR('',#2567,10.);
#675=VECTOR('',#2568,10.);
#676=VECTOR('',#2569,10.);
#677=VECTOR('',#2570,10.);
#678=VECTOR('',#2571,10.);
#679=VECTOR('',#2572,10.);
#680=VECTOR('',#2573,10.);
#681=VECTOR('',#2574,10.);
#682=VECTOR('',#2575,10.);
#683=VECTOR('',#2576,10.);
#684=VECTOR('',#2577,10.);
#685=VECTOR('',#2580,10.);
#686=VECTOR('',#2583,10.);
#687=VECTOR('',#2590,10.);
#688=VECTOR('',#2591,10.);
#689=VECTOR('',#2592,10.);
#690=VECTOR('',#2595,10.);
#691=VECTOR('',#2600,10.);
#692=VECTOR('',#2601,10.);
#693=VECTOR('',#2602,10.);
#694=VECTOR('',#2605,10.);
#695=VECTOR('',#2606,10.);
#696=VECTOR('',#2607,10.);
#697=VECTOR('',#2610,10.);
#698=VECTOR('',#2611,10.);
#699=VECTOR('',#2612,10.);
#700=VECTOR('',#2613,10.);
#701=VECTOR('',#2614,10.);
#702=VECTOR('',#2615,10.);
#703=VECTOR('',#2616,10.);
#704=VECTOR('',#2617,10.);
#705=VECTOR('',#2618,10.);
#706=VECTOR('',#2621,10.);
#707=VECTOR('',#2622,10.);
#708=VECTOR('',#2623,10.);
#709=VECTOR('',#2624,10.);
#710=VECTOR('',#2625,10.);
#711=VECTOR('',#2626,10.);
#712=VECTOR('',#2627,10.);
#713=VECTOR('',#2630,10.);
#714=VECTOR('',#2631,10.);
#715=VECTOR('',#2632,10.);
#716=VECTOR('',#2635,10.);
#717=VECTOR('',#2638,10.);
#718=VECTOR('',#2639,10.);
#719=VECTOR('',#2640,10.);
#720=VECTOR('',#2643,10.);
#721=VECTOR('',#2644,10.);
#722=VECTOR('',#2647,10.);
#723=VECTOR('',#2648,10.);
#724=VECTOR('',#2649,10.);
#725=VECTOR('',#2654,10.);
#726=VECTOR('',#2657,10.);
#727=VECTOR('',#2658,10.);
#728=VECTOR('',#2659,10.);
#729=VECTOR('',#2660,10.);
#730=VECTOR('',#2663,8.5);
#731=VECTOR('',#2668,8.);
#732=VECTOR('',#2675,1.25);
#733=VECTOR('',#2680,1.25);
#734=VECTOR('',#2683,10.);
#735=VECTOR('',#2684,10.);
#736=VECTOR('',#2685,10.);
#737=VECTOR('',#2688,10.);
#738=VECTOR('',#2693,10.);
#739=VECTOR('',#2694,10.);
#740=VECTOR('',#2697,10.);
#741=VECTOR('',#2702,10.);
#742=VECTOR('',#2703,10.);
#743=VECTOR('',#2706,10.);
#744=VECTOR('',#2711,10.);
#745=VECTOR('',#2712,10.);
#746=VECTOR('',#2719,10.);
#747=VECTOR('',#2722,10.);
#748=VECTOR('',#2725,10.);
#749=VECTOR('',#2726,10.);
#750=VECTOR('',#2729,10.);
#751=VECTOR('',#2734,10.);
#752=VECTOR('',#2735,10.);
#753=VECTOR('',#2738,10.);
#754=VECTOR('',#2741,10.);
#755=VECTOR('',#2742,10.);
#756=VECTOR('',#2745,10.);
#757=VECTOR('',#2750,10.);
#758=VECTOR('',#2755,10.);
#759=VECTOR('',#2756,10.);
#760=VECTOR('',#2757,10.);
#761=VECTOR('',#2758,10.);
#762=VECTOR('',#2759,10.);
#763=VECTOR('',#2760,10.);
#764=VECTOR('',#2761,10.);
#765=VECTOR('',#2762,10.);
#766=VECTOR('',#2763,10.);
#767=VECTOR('',#2764,10.);
#768=VECTOR('',#2765,10.);
#769=VECTOR('',#2768,10.);
#770=VECTOR('',#2769,10.);
#771=VECTOR('',#2770,10.);
#772=VECTOR('',#2775,1.25);
#773=VECTOR('',#2778,10.);
#774=VECTOR('',#2783,10.);
#775=VECTOR('',#2786,10.);
#776=VECTOR('',#2791,10.);
#777=VECTOR('',#2792,10.);
#778=VECTOR('',#2793,10.);
#779=VECTOR('',#2794,10.);
#780=VECTOR('',#2795,10.);
#781=VECTOR('',#2800,10.);
#782=VECTOR('',#2801,10.);
#783=VECTOR('',#2804,10.);
#784=VECTOR('',#2807,1.25);
#785=VECTOR('',#2810,10.);
#786=VECTOR('',#2815,10.);
#787=VECTOR('',#2820,10.);
#788=VECTOR('',#2821,10.);
#789=VECTOR('',#2824,10.);
#790=VECTOR('',#2827,10.);
#791=VECTOR('',#2830,10.);
#792=VECTOR('',#2831,10.);
#793=VECTOR('',#2834,10.);
#794=VECTOR('',#2839,10.);
#795=VECTOR('',#2840,10.);
#796=VECTOR('',#2849,10.);
#797=VECTOR('',#2852,10.);
#798=VECTOR('',#2855,10.);
#799=VECTOR('',#2860,10.);
#800=VECTOR('',#2863,10.);
#801=VECTOR('',#2866,10.);
#802=VECTOR('',#2877,10.);
#803=VECTOR('',#2882,10.);
#804=VECTOR('',#2885,10.);
#805=VECTOR('',#2888,10.);
#806=VECTOR('',#2893,10.);
#807=VECTOR('',#2896,10.);
#808=VECTOR('',#2901,10.);
#809=VECTOR('',#2902,10.);
#810=VECTOR('',#2907,10.);
#811=VECTOR('',#2910,10.);
#812=VECTOR('',#2913,10.);
#813=VECTOR('',#2916,10.);
#814=CIRCLE('',#2149,1.25);
#815=CIRCLE('',#2150,1.25);
#816=CIRCLE('',#2152,1.25);
#817=CIRCLE('',#2153,1.25);
#818=CIRCLE('',#2155,1.75);
#819=CIRCLE('',#2156,1.25);
#820=CIRCLE('',#2158,1.75);
#821=CIRCLE('',#2160,1.65);
#822=CIRCLE('',#2162,1.65);
#823=CIRCLE('',#2164,1.75);
#824=CIRCLE('',#2165,1.25);
#825=CIRCLE('',#2167,1.75);
#826=CIRCLE('',#2169,1.65);
#827=CIRCLE('',#2171,1.65);
#828=CIRCLE('',#2173,3.99999999999998);
#829=CIRCLE('',#2174,3.99999999999998);
#830=CIRCLE('',#2175,3.99999999999999);
#831=CIRCLE('',#2176,4.);
#832=CIRCLE('',#2177,2.5);
#833=CIRCLE('',#2178,2.);
#834=CIRCLE('',#2179,2.);
#835=CIRCLE('',#2180,2.5);
#836=CIRCLE('',#2181,2.);
#837=CIRCLE('',#2182,2.);
#838=CIRCLE('',#2183,2.);
#839=CIRCLE('',#2184,2.);
#840=CIRCLE('',#2185,9.);
#841=CIRCLE('',#2187,2.00000000000003);
#842=CIRCLE('',#2189,2.);
#843=CIRCLE('',#2193,2.);
#844=CIRCLE('',#2195,2.00000000000001);
#845=CIRCLE('',#2199,2.00000000000003);
#846=CIRCLE('',#2202,2.);
#847=CIRCLE('',#2205,2.00000000000001);
#848=CIRCLE('',#2207,2.);
#849=CIRCLE('',#2212,2.);
#850=CIRCLE('',#2215,2.00000000000003);
#851=CIRCLE('',#2219,2.00000000000001);
#852=CIRCLE('',#2221,5.99999999999999);
#853=CIRCLE('',#2222,5.99999999999999);
#854=CIRCLE('',#2223,1.25);
#855=CIRCLE('',#2224,1.25);
#856=CIRCLE('',#2227,2.);
#857=CIRCLE('',#2241,8.);
#858=CIRCLE('',#2243,8.);
#859=CIRCLE('',#2245,1.25);
#860=CIRCLE('',#2247,1.25);
#861=CIRCLE('',#2250,5.99999999999998);
#862=CIRCLE('',#2253,5.99999999999997);
#863=CIRCLE('',#2256,5.99999999999999);
#864=CIRCLE('',#2259,5.99999999999999);
#865=CIRCLE('',#2261,5.99999999999997);
#866=CIRCLE('',#2264,5.99999999999998);
#867=CIRCLE('',#2266,2.00000000000003);
#868=CIRCLE('',#2267,2.);
#869=CIRCLE('',#2268,2.00000000000001);
#870=CIRCLE('',#2270,2.);
#871=CIRCLE('',#2271,2.);
#872=CIRCLE('',#2275,1.25);
#873=CIRCLE('',#2278,2.5);
#874=CIRCLE('',#2281,2.5);
#875=CIRCLE('',#2282,1.25);
#876=CIRCLE('',#2289,2.);
#877=CIRCLE('',#2299,2.);
#878=CIRCLE('',#2309,2.);
#879=CIRCLE('',#2311,2.);
#880=CIRCLE('',#2312,2.);
#881=CIRCLE('',#2313,2.);
#882=CIRCLE('',#2314,2.);
#883=CIRCLE('',#2315,2.);
#884=CIRCLE('',#2316,2.);
#885=VERTEX_POINT('',#2921);
#886=VERTEX_POINT('',#2923);
#887=VERTEX_POINT('',#2927);
#888=VERTEX_POINT('',#2929);
#889=VERTEX_POINT('',#2933);
#890=VERTEX_POINT('',#2935);
#891=VERTEX_POINT('',#2938);
#892=VERTEX_POINT('',#2942);
#893=VERTEX_POINT('',#2945);
#894=VERTEX_POINT('',#2949);
#895=VERTEX_POINT('',#2951);
#896=VERTEX_POINT('',#2954);
#897=VERTEX_POINT('',#2958);
#898=VERTEX_POINT('',#2961);
#899=VERTEX_POINT('',#2965);
#900=VERTEX_POINT('',#2966);
#901=VERTEX_POINT('',#2968);
#902=VERTEX_POINT('',#2970);
#903=VERTEX_POINT('',#2972);
#904=VERTEX_POINT('',#2974);
#905=VERTEX_POINT('',#2976);
#906=VERTEX_POINT('',#2978);
#907=VERTEX_POINT('',#2981);
#908=VERTEX_POINT('',#2982);
#909=VERTEX_POINT('',#2984);
#910=VERTEX_POINT('',#2986);
#911=VERTEX_POINT('',#2989);
#912=VERTEX_POINT('',#2990);
#913=VERTEX_POINT('',#2992);
#914=VERTEX_POINT('',#2994);
#915=VERTEX_POINT('',#2996);
#916=VERTEX_POINT('',#2998);
#917=VERTEX_POINT('',#3000);
#918=VERTEX_POINT('',#3002);
#919=VERTEX_POINT('',#3005);
#920=VERTEX_POINT('',#3006);
#921=VERTEX_POINT('',#3008);
#922=VERTEX_POINT('',#3010);
#923=VERTEX_POINT('',#3012);
#924=VERTEX_POINT('',#3014);
#925=VERTEX_POINT('',#3016);
#926=VERTEX_POINT('',#3018);
#927=VERTEX_POINT('',#3021);
#928=VERTEX_POINT('',#3024);
#929=VERTEX_POINT('',#3025);
#930=VERTEX_POINT('',#3027);
#931=VERTEX_POINT('',#3029);
#932=VERTEX_POINT('',#3031);
#933=VERTEX_POINT('',#3035);
#934=VERTEX_POINT('',#3036);
#935=VERTEX_POINT('',#3038);
#936=VERTEX_POINT('',#3040);
#937=VERTEX_POINT('',#3042);
#938=VERTEX_POINT('',#3046);
#939=VERTEX_POINT('',#3048);
#940=VERTEX_POINT('',#3052);
#941=VERTEX_POINT('',#3054);
#942=VERTEX_POINT('',#3058);
#943=VERTEX_POINT('',#3059);
#944=VERTEX_POINT('',#3061);
#945=VERTEX_POINT('',#3063);
#946=VERTEX_POINT('',#3065);
#947=VERTEX_POINT('',#3069);
#948=VERTEX_POINT('',#3070);
#949=VERTEX_POINT('',#3072);
#950=VERTEX_POINT('',#3074);
#951=VERTEX_POINT('',#3076);
#952=VERTEX_POINT('',#3080);
#953=VERTEX_POINT('',#3082);
#954=VERTEX_POINT('',#3086);
#955=VERTEX_POINT('',#3088);
#956=VERTEX_POINT('',#3092);
#957=VERTEX_POINT('',#3093);
#958=VERTEX_POINT('',#3095);
#959=VERTEX_POINT('',#3097);
#960=VERTEX_POINT('',#3099);
#961=VERTEX_POINT('',#3103);
#962=VERTEX_POINT('',#3104);
#963=VERTEX_POINT('',#3106);
#964=VERTEX_POINT('',#3108);
#965=VERTEX_POINT('',#3112);
#966=VERTEX_POINT('',#3113);
#967=VERTEX_POINT('',#3115);
#968=VERTEX_POINT('',#3120);
#969=VERTEX_POINT('',#3122);
#970=VERTEX_POINT('',#3126);
#971=VERTEX_POINT('',#3127);
#972=VERTEX_POINT('',#3129);
#973=VERTEX_POINT('',#3131);
#974=VERTEX_POINT('',#3133);
#975=VERTEX_POINT('',#3137);
#976=VERTEX_POINT('',#3138);
#977=VERTEX_POINT('',#3140);
#978=VERTEX_POINT('',#3142);
#979=VERTEX_POINT('',#3144);
#980=VERTEX_POINT('',#3148);
#981=VERTEX_POINT('',#3150);
#982=VERTEX_POINT('',#3154);
#983=VERTEX_POINT('',#3156);
#984=VERTEX_POINT('',#3160);
#985=VERTEX_POINT('',#3162);
#986=VERTEX_POINT('',#3166);
#987=VERTEX_POINT('',#3170);
#988=VERTEX_POINT('',#3175);
#989=VERTEX_POINT('',#3179);
#990=VERTEX_POINT('',#3183);
#991=VERTEX_POINT('',#3185);
#992=VERTEX_POINT('',#3189);
#993=VERTEX_POINT('',#3193);
#994=VERTEX_POINT('',#3195);
#995=VERTEX_POINT('',#3197);
#996=VERTEX_POINT('',#3199);
#997=VERTEX_POINT('',#3201);
#998=VERTEX_POINT('',#3203);
#999=VERTEX_POINT('',#3205);
#1000=VERTEX_POINT('',#3207);
#1001=VERTEX_POINT('',#3210);
#1002=VERTEX_POINT('',#3212);
#1003=VERTEX_POINT('',#3214);
#1004=VERTEX_POINT('',#3216);
#1005=VERTEX_POINT('',#3218);
#1006=VERTEX_POINT('',#3221);
#1007=VERTEX_POINT('',#3223);
#1008=VERTEX_POINT('',#3226);
#1009=VERTEX_POINT('',#3228);
#1010=VERTEX_POINT('',#3232);
#1011=VERTEX_POINT('',#3236);
#1012=VERTEX_POINT('',#3238);
#1013=VERTEX_POINT('',#3242);
#1014=VERTEX_POINT('',#3248);
#1015=VERTEX_POINT('',#3250);
#1016=VERTEX_POINT('',#3253);
#1017=VERTEX_POINT('',#3255);
#1018=VERTEX_POINT('',#3257);
#1019=VERTEX_POINT('',#3262);
#1020=VERTEX_POINT('',#3263);
#1021=VERTEX_POINT('',#3265);
#1022=VERTEX_POINT('',#3267);
#1023=VERTEX_POINT('',#3269);
#1024=VERTEX_POINT('',#3271);
#1025=VERTEX_POINT('',#3276);
#1026=VERTEX_POINT('',#3278);
#1027=VERTEX_POINT('',#3284);
#1028=VERTEX_POINT('',#3286);
#1029=VERTEX_POINT('',#3290);
#1030=VERTEX_POINT('',#3294);
#1031=VERTEX_POINT('',#3302);
#1032=VERTEX_POINT('',#3303);
#1033=VERTEX_POINT('',#3305);
#1034=VERTEX_POINT('',#3307);
#1035=VERTEX_POINT('',#3311);
#1036=VERTEX_POINT('',#3315);
#1037=VERTEX_POINT('',#3319);
#1038=VERTEX_POINT('',#3323);
#1039=VERTEX_POINT('',#3327);
#1040=VERTEX_POINT('',#3329);
#1041=VERTEX_POINT('',#3333);
#1042=VERTEX_POINT('',#3337);
#1043=VERTEX_POINT('',#3341);
#1044=VERTEX_POINT('',#3345);
#1045=VERTEX_POINT('',#3349);
#1046=VERTEX_POINT('',#3353);
#1047=VERTEX_POINT('',#3359);
#1048=VERTEX_POINT('',#3361);
#1049=VERTEX_POINT('',#3365);
#1050=VERTEX_POINT('',#3369);
#1051=VERTEX_POINT('',#3374);
#1052=VERTEX_POINT('',#3376);
#1053=VERTEX_POINT('',#3378);
#1054=VERTEX_POINT('',#3380);
#1055=VERTEX_POINT('',#3382);
#1056=VERTEX_POINT('',#3388);
#1057=VERTEX_POINT('',#3390);
#1058=VERTEX_POINT('',#3397);
#1059=VERTEX_POINT('',#3400);
#1060=VERTEX_POINT('',#3402);
#1061=VERTEX_POINT('',#3405);
#1062=VERTEX_POINT('',#3407);
#1063=VERTEX_POINT('',#3411);
#1064=VERTEX_POINT('',#3413);
#1065=VERTEX_POINT('',#3417);
#1066=VERTEX_POINT('',#3423);
#1067=VERTEX_POINT('',#3429);
#1068=VERTEX_POINT('',#3431);
#1069=VERTEX_POINT('',#3433);
#1070=VERTEX_POINT('',#3435);
#1071=VERTEX_POINT('',#3437);
#1072=VERTEX_POINT('',#3440);
#1073=VERTEX_POINT('',#3456);
#1074=VERTEX_POINT('',#3464);
#1075=VERTEX_POINT('',#3471);
#1076=VERTEX_POINT('',#3494);
#1077=VERTEX_POINT('',#3496);
#1078=VERTEX_POINT('',#3499);
#1079=VERTEX_POINT('',#3501);
#1080=VERTEX_POINT('',#3503);
#1081=VERTEX_POINT('',#3505);
#1082=VERTEX_POINT('',#3507);
#1083=VERTEX_POINT('',#3509);
#1084=EDGE_CURVE('',#885,#885,#814,.T.);
#1085=EDGE_CURVE('',#885,#886,#350,.T.);
#1086=EDGE_CURVE('',#886,#886,#815,.T.);
#1087=EDGE_CURVE('',#887,#887,#816,.T.);
#1088=EDGE_CURVE('',#887,#888,#351,.T.);
#1089=EDGE_CURVE('',#888,#888,#817,.T.);
#1090=EDGE_CURVE('',#889,#889,#818,.T.);
#1091=EDGE_CURVE('',#890,#890,#819,.T.);
#1092=EDGE_CURVE('',#889,#891,#352,.T.);
#1093=EDGE_CURVE('',#891,#891,#820,.T.);
#1094=EDGE_CURVE('',#892,#892,#821,.T.);
#1095=EDGE_CURVE('',#892,#893,#353,.T.);
#1096=EDGE_CURVE('',#893,#893,#822,.T.);
#1097=EDGE_CURVE('',#894,#894,#823,.T.);
#1098=EDGE_CURVE('',#895,#895,#824,.T.);
#1099=EDGE_CURVE('',#894,#896,#354,.T.);
#1100=EDGE_CURVE('',#896,#896,#825,.T.);
#1101=EDGE_CURVE('',#897,#897,#826,.T.);
#1102=EDGE_CURVE('',#897,#898,#355,.T.);
#1103=EDGE_CURVE('',#898,#898,#827,.T.);
#1104=EDGE_CURVE('',#899,#900,#356,.T.);
#1105=EDGE_CURVE('',#901,#899,#828,.T.);
#1106=EDGE_CURVE('',#902,#901,#357,.T.);
#1107=EDGE_CURVE('',#903,#902,#829,.T.);
#1108=EDGE_CURVE('',#904,#903,#358,.T.);
#1109=EDGE_CURVE('',#905,#904,#830,.T.);
#1110=EDGE_CURVE('',#906,#905,#359,.T.);
#1111=EDGE_CURVE('',#900,#906,#831,.T.);
#1112=EDGE_CURVE('',#907,#908,#360,.T.);
#1113=EDGE_CURVE('',#908,#909,#361,.T.);
#1114=EDGE_CURVE('',#909,#910,#362,.T.);
#1115=EDGE_CURVE('',#910,#907,#363,.T.);
#1116=EDGE_CURVE('',#911,#912,#832,.T.);
#1117=EDGE_CURVE('',#912,#913,#364,.T.);
#1118=EDGE_CURVE('',#913,#914,#833,.T.);
#1119=EDGE_CURVE('',#914,#915,#365,.T.);
#1120=EDGE_CURVE('',#915,#916,#834,.T.);
#1121=EDGE_CURVE('',#916,#917,#366,.T.);
#1122=EDGE_CURVE('',#917,#918,#835,.T.);
#1123=EDGE_CURVE('',#918,#911,#367,.T.);
#1124=EDGE_CURVE('',#919,#920,#836,.T.);
#1125=EDGE_CURVE('',#920,#921,#368,.T.);
#1126=EDGE_CURVE('',#921,#922,#837,.T.);
#1127=EDGE_CURVE('',#922,#923,#369,.T.);
#1128=EDGE_CURVE('',#923,#924,#838,.T.);
#1129=EDGE_CURVE('',#924,#925,#370,.T.);
#1130=EDGE_CURVE('',#925,#926,#839,.T.);
#1131=EDGE_CURVE('',#926,#919,#371,.T.);
#1132=EDGE_CURVE('',#927,#927,#840,.T.);
#1133=EDGE_CURVE('',#928,#929,#841,.T.);
#1134=EDGE_CURVE('',#928,#930,#372,.T.);
#1135=EDGE_CURVE('',#931,#930,#373,.T.);
#1136=EDGE_CURVE('',#932,#931,#374,.T.);
#1137=EDGE_CURVE('',#929,#932,#375,.T.);
#1138=EDGE_CURVE('',#933,#934,#376,.T.);
#1139=EDGE_CURVE('',#935,#933,#377,.T.);
#1140=EDGE_CURVE('',#935,#936,#378,.T.);
#1141=EDGE_CURVE('',#936,#937,#379,.T.);
#1142=EDGE_CURVE('',#934,#937,#842,.T.);
#1143=EDGE_CURVE('',#938,#935,#380,.T.);
#1144=EDGE_CURVE('',#939,#938,#381,.T.);
#1145=EDGE_CURVE('',#939,#936,#382,.T.);
#1146=EDGE_CURVE('',#931,#940,#383,.T.);
#1147=EDGE_CURVE('',#930,#941,#384,.T.);
#1148=EDGE_CURVE('',#940,#941,#385,.T.);
#1149=EDGE_CURVE('',#942,#943,#386,.T.);
#1150=EDGE_CURVE('',#944,#942,#843,.T.);
#1151=EDGE_CURVE('',#944,#945,#387,.T.);
#1152=EDGE_CURVE('',#946,#945,#388,.T.);
#1153=EDGE_CURVE('',#943,#946,#389,.T.);
#1154=EDGE_CURVE('',#947,#948,#390,.T.);
#1155=EDGE_CURVE('',#949,#947,#391,.T.);
#1156=EDGE_CURVE('',#949,#950,#392,.T.);
#1157=EDGE_CURVE('',#950,#951,#393,.T.);
#1158=EDGE_CURVE('',#948,#951,#844,.T.);
#1159=EDGE_CURVE('',#946,#952,#394,.T.);
#1160=EDGE_CURVE('',#945,#953,#395,.T.);
#1161=EDGE_CURVE('',#952,#953,#396,.T.);
#1162=EDGE_CURVE('',#954,#949,#397,.T.);
#1163=EDGE_CURVE('',#955,#954,#398,.T.);
#1164=EDGE_CURVE('',#955,#950,#399,.T.);
#1165=EDGE_CURVE('',#956,#957,#845,.T.);
#1166=EDGE_CURVE('',#958,#956,#400,.T.);
#1167=EDGE_CURVE('',#959,#958,#401,.T.);
#1168=EDGE_CURVE('',#959,#960,#402,.T.);
#1169=EDGE_CURVE('',#960,#957,#403,.T.);
#1170=EDGE_CURVE('',#961,#962,#404,.T.);
#1171=EDGE_CURVE('',#961,#963,#405,.T.);
#1172=EDGE_CURVE('',#963,#964,#406,.T.);
#1173=EDGE_CURVE('',#962,#964,#407,.T.);
#1174=EDGE_CURVE('',#965,#966,#408,.T.);
#1175=EDGE_CURVE('',#967,#965,#846,.T.);
#1176=EDGE_CURVE('',#967,#963,#409,.T.);
#1177=EDGE_CURVE('',#966,#961,#410,.T.);
#1178=EDGE_CURVE('',#968,#959,#411,.T.);
#1179=EDGE_CURVE('',#969,#968,#412,.T.);
#1180=EDGE_CURVE('',#969,#960,#413,.T.);
#1181=EDGE_CURVE('',#970,#971,#414,.T.);
#1182=EDGE_CURVE('',#972,#970,#847,.T.);
#1183=EDGE_CURVE('',#972,#973,#415,.T.);
#1184=EDGE_CURVE('',#974,#973,#416,.T.);
#1185=EDGE_CURVE('',#971,#974,#417,.T.);
#1186=EDGE_CURVE('',#975,#976,#418,.T.);
#1187=EDGE_CURVE('',#977,#975,#419,.T.);
#1188=EDGE_CURVE('',#977,#978,#420,.T.);
#1189=EDGE_CURVE('',#978,#979,#421,.T.);
#1190=EDGE_CURVE('',#976,#979,#848,.T.);
#1191=EDGE_CURVE('',#974,#980,#422,.T.);
#1192=EDGE_CURVE('',#973,#981,#423,.T.);
#1193=EDGE_CURVE('',#980,#981,#424,.T.);
#1194=EDGE_CURVE('',#982,#977,#425,.T.);
#1195=EDGE_CURVE('',#983,#982,#426,.T.);
#1196=EDGE_CURVE('',#983,#978,#427,.T.);
#1197=EDGE_CURVE('',#934,#984,#428,.T.);
#1198=EDGE_CURVE('',#985,#984,#429,.T.);
#1199=EDGE_CURVE('',#985,#933,#430,.T.);
#1200=EDGE_CURVE('',#937,#986,#431,.T.);
#1201=EDGE_CURVE('',#984,#986,#849,.T.);
#1202=EDGE_CURVE('',#928,#987,#432,.T.);
#1203=EDGE_CURVE('',#986,#987,#433,.T.);
#1204=EDGE_CURVE('',#941,#939,#434,.T.);
#1205=EDGE_CURVE('',#929,#988,#435,.T.);
#1206=EDGE_CURVE('',#987,#988,#850,.T.);
#1207=EDGE_CURVE('',#932,#989,#436,.T.);
#1208=EDGE_CURVE('',#988,#989,#437,.T.);
#1209=EDGE_CURVE('',#948,#990,#438,.T.);
#1210=EDGE_CURVE('',#991,#990,#439,.T.);
#1211=EDGE_CURVE('',#991,#947,#440,.T.);
#1212=EDGE_CURVE('',#951,#992,#441,.T.);
#1213=EDGE_CURVE('',#990,#992,#851,.T.);
#1214=EDGE_CURVE('',#993,#940,#442,.T.);
#1215=EDGE_CURVE('',#994,#993,#443,.T.);
#1216=EDGE_CURVE('',#995,#994,#444,.T.);
#1217=EDGE_CURVE('',#996,#995,#445,.T.);
#1218=EDGE_CURVE('',#997,#996,#446,.T.);
#1219=EDGE_CURVE('',#998,#997,#447,.T.);
#1220=EDGE_CURVE('',#999,#998,#448,.T.);
#1221=EDGE_CURVE('',#1000,#999,#449,.T.);
#1222=EDGE_CURVE('',#968,#1000,#450,.T.);
#1223=EDGE_CURVE('',#1001,#958,#451,.T.);
#1224=EDGE_CURVE('',#1002,#1001,#452,.T.);
#1225=EDGE_CURVE('',#1003,#1002,#852,.T.);
#1226=EDGE_CURVE('',#1004,#1003,#453,.T.);
#1227=EDGE_CURVE('',#1005,#1004,#853,.T.);
#1228=EDGE_CURVE('',#989,#1005,#454,.T.);
#1229=EDGE_CURVE('',#1006,#1006,#854,.T.);
#1230=EDGE_CURVE('',#1007,#1007,#855,.T.);
#1231=EDGE_CURVE('',#1008,#976,#455,.T.);
#1232=EDGE_CURVE('',#1009,#1008,#456,.T.);
#1233=EDGE_CURVE('',#1009,#975,#457,.T.);
#1234=EDGE_CURVE('',#1010,#979,#458,.T.);
#1235=EDGE_CURVE('',#1008,#1010,#856,.T.);
#1236=EDGE_CURVE('',#971,#1011,#459,.T.);
#1237=EDGE_CURVE('',#1012,#1011,#460,.T.);
#1238=EDGE_CURVE('',#1012,#970,#461,.T.);
#1239=EDGE_CURVE('',#1013,#972,#462,.T.);
#1240=EDGE_CURVE('',#1010,#1013,#463,.T.);
#1241=EDGE_CURVE('',#981,#983,#464,.T.);
#1242=EDGE_CURVE('',#964,#969,#465,.T.);
#1243=EDGE_CURVE('',#1000,#1014,#466,.T.);
#1244=EDGE_CURVE('',#1014,#1015,#467,.T.);
#1245=EDGE_CURVE('',#917,#1015,#468,.T.);
#1246=EDGE_CURVE('',#1016,#916,#469,.T.);
#1247=EDGE_CURVE('',#1016,#1017,#470,.T.);
#1248=EDGE_CURVE('',#1018,#1017,#471,.T.);
#1249=EDGE_CURVE('',#1018,#980,#472,.T.);
#1250=EDGE_CURVE('',#982,#962,#473,.T.);
#1251=EDGE_CURVE('',#1019,#1020,#474,.T.);
#1252=EDGE_CURVE('',#1021,#1019,#475,.T.);
#1253=EDGE_CURVE('',#1021,#1022,#476,.T.);
#1254=EDGE_CURVE('',#1023,#1022,#477,.T.);
#1255=EDGE_CURVE('',#1024,#1023,#478,.T.);
#1256=EDGE_CURVE('',#908,#1024,#479,.T.);
#1257=EDGE_CURVE('',#1020,#907,#480,.T.);
#1258=EDGE_CURVE('',#1025,#1020,#481,.T.);
#1259=EDGE_CURVE('',#1025,#1026,#482,.T.);
#1260=EDGE_CURVE('',#1026,#1019,#483,.T.);
#1261=EDGE_CURVE('',#910,#1025,#484,.T.);
#1262=EDGE_CURVE('',#1022,#1027,#485,.T.);
#1263=EDGE_CURVE('',#1027,#1028,#486,.T.);
#1264=EDGE_CURVE('',#1023,#1028,#487,.T.);
#1265=EDGE_CURVE('',#1024,#1029,#488,.T.);
#1266=EDGE_CURVE('',#1029,#909,#489,.T.);
#1267=EDGE_CURVE('',#1027,#1030,#490,.T.);
#1268=EDGE_CURVE('',#1026,#1030,#491,.T.);
#1269=EDGE_CURVE('',#1028,#1029,#492,.T.);
#1270=EDGE_CURVE('',#1030,#1021,#493,.T.);
#1271=EDGE_CURVE('',#1031,#1032,#494,.T.);
#1272=EDGE_CURVE('',#1033,#1032,#495,.T.);
#1273=EDGE_CURVE('',#1033,#1034,#496,.T.);
#1274=EDGE_CURVE('',#1031,#1034,#497,.T.);
#1275=EDGE_CURVE('',#927,#1035,#498,.T.);
#1276=EDGE_CURVE('',#1035,#1035,#857,.T.);
#1277=EDGE_CURVE('',#1035,#1036,#499,.T.);
#1278=EDGE_CURVE('',#1036,#1036,#858,.T.);
#1279=EDGE_CURVE('',#1037,#1037,#859,.T.);
#1280=EDGE_CURVE('',#1037,#890,#500,.T.);
#1281=EDGE_CURVE('',#1038,#1038,#860,.T.);
#1282=EDGE_CURVE('',#1038,#895,#501,.T.);
#1283=EDGE_CURVE('',#1039,#899,#502,.T.);
#1284=EDGE_CURVE('',#900,#1040,#503,.T.);
#1285=EDGE_CURVE('',#1040,#1039,#504,.T.);
#1286=EDGE_CURVE('',#1041,#901,#505,.T.);
#1287=EDGE_CURVE('',#1039,#1041,#861,.T.);
#1288=EDGE_CURVE('',#1042,#902,#506,.T.);
#1289=EDGE_CURVE('',#1041,#1042,#507,.T.);
#1290=EDGE_CURVE('',#1043,#903,#508,.T.);
#1291=EDGE_CURVE('',#1042,#1043,#862,.T.);
#1292=EDGE_CURVE('',#1044,#904,#509,.T.);
#1293=EDGE_CURVE('',#1043,#1044,#510,.T.);
#1294=EDGE_CURVE('',#1045,#905,#511,.T.);
#1295=EDGE_CURVE('',#1044,#1045,#863,.T.);
#1296=EDGE_CURVE('',#1046,#906,#512,.T.);
#1297=EDGE_CURVE('',#1045,#1046,#513,.T.);
#1298=EDGE_CURVE('',#1046,#1040,#864,.T.);
#1299=EDGE_CURVE('',#1047,#1042,#514,.T.);
#1300=EDGE_CURVE('',#1047,#1048,#865,.T.);
#1301=EDGE_CURVE('',#1048,#1043,#515,.T.);
#1302=EDGE_CURVE('',#1049,#1041,#516,.T.);
#1303=EDGE_CURVE('',#1049,#1047,#517,.T.);
#1304=EDGE_CURVE('',#1050,#1039,#518,.T.);
#1305=EDGE_CURVE('',#1050,#1049,#866,.T.);
#1306=EDGE_CURVE('',#1002,#1040,#519,.T.);
#1307=EDGE_CURVE('',#1001,#1051,#520,.T.);
#1308=EDGE_CURVE('',#1051,#1052,#867,.T.);
#1309=EDGE_CURVE('',#1052,#1053,#521,.T.);
#1310=EDGE_CURVE('',#1053,#1054,#868,.T.);
#1311=EDGE_CURVE('',#1054,#1055,#522,.T.);
#1312=EDGE_CURVE('',#1055,#1009,#523,.T.);
#1313=EDGE_CURVE('',#1013,#1012,#869,.T.);
#1314=EDGE_CURVE('',#1011,#1050,#524,.T.);
#1315=EDGE_CURVE('',#1032,#1056,#870,.T.);
#1316=EDGE_CURVE('',#1057,#1056,#525,.T.);
#1317=EDGE_CURVE('',#1057,#1033,#871,.T.);
#1318=EDGE_CURVE('',#938,#952,#526,.T.);
#1319=EDGE_CURVE('',#953,#955,#527,.T.);
#1320=EDGE_CURVE('',#954,#1057,#528,.T.);
#1321=EDGE_CURVE('',#1056,#1058,#529,.T.);
#1322=EDGE_CURVE('',#1058,#925,#530,.T.);
#1323=EDGE_CURVE('',#1059,#924,#531,.T.);
#1324=EDGE_CURVE('',#1059,#1060,#532,.T.);
#1325=EDGE_CURVE('',#1060,#913,#533,.T.);
#1326=EDGE_CURVE('',#1061,#912,#534,.T.);
#1327=EDGE_CURVE('',#1061,#1062,#535,.T.);
#1328=EDGE_CURVE('',#1062,#993,#536,.T.);
#1329=EDGE_CURVE('',#1063,#998,#537,.T.);
#1330=EDGE_CURVE('',#1064,#1063,#538,.T.);
#1331=EDGE_CURVE('',#999,#1064,#539,.T.);
#1332=EDGE_CURVE('',#1065,#1065,#872,.T.);
#1333=EDGE_CURVE('',#1065,#1007,#540,.T.);
#1334=EDGE_CURVE('',#1014,#1064,#541,.T.);
#1335=EDGE_CURVE('',#1015,#1066,#873,.T.);
#1336=EDGE_CURVE('',#1066,#1063,#542,.T.);
#1337=EDGE_CURVE('',#918,#1066,#543,.T.);
#1338=EDGE_CURVE('',#1067,#1061,#874,.T.);
#1339=EDGE_CURVE('',#1068,#1067,#544,.T.);
#1340=EDGE_CURVE('',#1068,#1069,#545,.T.);
#1341=EDGE_CURVE('',#1069,#1070,#546,.T.);
#1342=EDGE_CURVE('',#1070,#1071,#547,.T.);
#1343=EDGE_CURVE('',#1071,#1062,#548,.T.);
#1344=EDGE_CURVE('',#1072,#1072,#875,.T.);
#1345=EDGE_CURVE('',#996,#1069,#549,.T.);
#1346=EDGE_CURVE('',#997,#1068,#550,.T.);
#1347=EDGE_CURVE('',#995,#1070,#551,.T.);
#1348=EDGE_CURVE('',#1072,#1006,#552,.T.);
#1349=EDGE_CURVE('',#994,#1071,#553,.T.);
#1350=EDGE_CURVE('',#1048,#991,#554,.T.);
#1351=EDGE_CURVE('',#1034,#1018,#876,.T.);
#1352=EDGE_CURVE('',#1073,#985,#555,.T.);
#1353=EDGE_CURVE('',#943,#1073,#556,.T.);
#1354=EDGE_CURVE('',#966,#1055,#557,.T.);
#1355=EDGE_CURVE('',#1054,#965,#558,.T.);
#1356=EDGE_CURVE('',#1074,#1073,#559,.T.);
#1357=EDGE_CURVE('',#942,#1074,#560,.T.);
#1358=EDGE_CURVE('',#911,#1067,#561,.T.);
#1359=EDGE_CURVE('',#944,#1075,#562,.T.);
#1360=EDGE_CURVE('',#992,#1075,#563,.T.);
#1361=EDGE_CURVE('',#1075,#1074,#877,.T.);
#1362=EDGE_CURVE('',#1051,#956,#564,.T.);
#1363=EDGE_CURVE('',#1052,#957,#565,.T.);
#1364=EDGE_CURVE('',#1053,#967,#566,.T.);
#1365=EDGE_CURVE('',#1003,#1046,#567,.T.);
#1366=EDGE_CURVE('',#1004,#1045,#568,.T.);
#1367=EDGE_CURVE('',#1005,#1044,#569,.T.);
#1368=EDGE_CURVE('',#1017,#1031,#878,.T.);
#1369=EDGE_CURVE('',#1076,#1016,#879,.T.);
#1370=EDGE_CURVE('',#1077,#1076,#570,.T.);
#1371=EDGE_CURVE('',#1060,#1077,#880,.T.);
#1372=EDGE_CURVE('',#1078,#1059,#881,.T.);
#1373=EDGE_CURVE('',#1079,#1078,#571,.T.);
#1374=EDGE_CURVE('',#1080,#1079,#882,.T.);
#1375=EDGE_CURVE('',#1081,#1080,#572,.T.);
#1376=EDGE_CURVE('',#1082,#1081,#883,.T.);
#1377=EDGE_CURVE('',#1083,#1082,#573,.T.);
#1378=EDGE_CURVE('',#1058,#1083,#884,.T.);
#1379=EDGE_CURVE('',#1077,#914,#574,.T.);
#1380=EDGE_CURVE('',#1076,#915,#575,.T.);
#1381=EDGE_CURVE('',#1082,#919,#576,.T.);
#1382=EDGE_CURVE('',#1083,#926,#577,.T.);
#1383=EDGE_CURVE('',#1078,#923,#578,.T.);
#1384=EDGE_CURVE('',#1079,#922,#579,.T.);
#1385=EDGE_CURVE('',#1080,#921,#580,.T.);
#1386=EDGE_CURVE('',#1081,#920,#581,.T.);
#1387=ORIENTED_EDGE('',*,*,#1084,.F.);
#1388=ORIENTED_EDGE('',*,*,#1085,.T.);
#1389=ORIENTED_EDGE('',*,*,#1086,.F.);
#1390=ORIENTED_EDGE('',*,*,#1085,.F.);
#1391=ORIENTED_EDGE('',*,*,#1087,.F.);
#1392=ORIENTED_EDGE('',*,*,#1088,.T.);
#1393=ORIENTED_EDGE('',*,*,#1089,.F.);
#1394=ORIENTED_EDGE('',*,*,#1088,.F.);
#1395=ORIENTED_EDGE('',*,*,#1090,.T.);
#1396=ORIENTED_EDGE('',*,*,#1091,.F.);
#1397=ORIENTED_EDGE('',*,*,#1090,.F.);
#1398=ORIENTED_EDGE('',*,*,#1092,.T.);
#1399=ORIENTED_EDGE('',*,*,#1093,.F.);
#1400=ORIENTED_EDGE('',*,*,#1092,.F.);
#1401=ORIENTED_EDGE('',*,*,#1094,.T.);
#1402=ORIENTED_EDGE('',*,*,#1086,.T.);
#1403=ORIENTED_EDGE('',*,*,#1094,.F.);
#1404=ORIENTED_EDGE('',*,*,#1095,.T.);
#1405=ORIENTED_EDGE('',*,*,#1096,.F.);
#1406=ORIENTED_EDGE('',*,*,#1095,.F.);
#1407=ORIENTED_EDGE('',*,*,#1097,.T.);
#1408=ORIENTED_EDGE('',*,*,#1098,.F.);
#1409=ORIENTED_EDGE('',*,*,#1097,.F.);
#1410=ORIENTED_EDGE('',*,*,#1099,.T.);
#1411=ORIENTED_EDGE('',*,*,#1100,.F.);
#1412=ORIENTED_EDGE('',*,*,#1099,.F.);
#1413=ORIENTED_EDGE('',*,*,#1101,.T.);
#1414=ORIENTED_EDGE('',*,*,#1089,.T.);
#1415=ORIENTED_EDGE('',*,*,#1101,.F.);
#1416=ORIENTED_EDGE('',*,*,#1102,.T.);
#1417=ORIENTED_EDGE('',*,*,#1103,.F.);
#1418=ORIENTED_EDGE('',*,*,#1102,.F.);
#1419=ORIENTED_EDGE('',*,*,#1104,.F.);
#1420=ORIENTED_EDGE('',*,*,#1105,.F.);
#1421=ORIENTED_EDGE('',*,*,#1106,.F.);
#1422=ORIENTED_EDGE('',*,*,#1107,.F.);
#1423=ORIENTED_EDGE('',*,*,#1108,.F.);
#1424=ORIENTED_EDGE('',*,*,#1109,.F.);
#1425=ORIENTED_EDGE('',*,*,#1110,.F.);
#1426=ORIENTED_EDGE('',*,*,#1111,.F.);
#1427=ORIENTED_EDGE('',*,*,#1093,.T.);
#1428=ORIENTED_EDGE('',*,*,#1096,.T.);
#1429=ORIENTED_EDGE('',*,*,#1100,.T.);
#1430=ORIENTED_EDGE('',*,*,#1103,.T.);
#1431=ORIENTED_EDGE('',*,*,#1112,.T.);
#1432=ORIENTED_EDGE('',*,*,#1113,.T.);
#1433=ORIENTED_EDGE('',*,*,#1114,.T.);
#1434=ORIENTED_EDGE('',*,*,#1115,.T.);
#1435=ORIENTED_EDGE('',*,*,#1116,.T.);
#1436=ORIENTED_EDGE('',*,*,#1117,.T.);
#1437=ORIENTED_EDGE('',*,*,#1118,.T.);
#1438=ORIENTED_EDGE('',*,*,#1119,.T.);
#1439=ORIENTED_EDGE('',*,*,#1120,.T.);
#1440=ORIENTED_EDGE('',*,*,#1121,.T.);
#1441=ORIENTED_EDGE('',*,*,#1122,.T.);
#1442=ORIENTED_EDGE('',*,*,#1123,.T.);
#1443=ORIENTED_EDGE('',*,*,#1124,.T.);
#1444=ORIENTED_EDGE('',*,*,#1125,.T.);
#1445=ORIENTED_EDGE('',*,*,#1126,.T.);
#1446=ORIENTED_EDGE('',*,*,#1127,.T.);
#1447=ORIENTED_EDGE('',*,*,#1128,.T.);
#1448=ORIENTED_EDGE('',*,*,#1129,.T.);
#1449=ORIENTED_EDGE('',*,*,#1130,.T.);
#1450=ORIENTED_EDGE('',*,*,#1131,.T.);
#1451=ORIENTED_EDGE('',*,*,#1132,.F.);
#1452=ORIENTED_EDGE('',*,*,#1133,.F.);
#1453=ORIENTED_EDGE('',*,*,#1134,.T.);
#1454=ORIENTED_EDGE('',*,*,#1135,.F.);
#1455=ORIENTED_EDGE('',*,*,#1136,.F.);
#1456=ORIENTED_EDGE('',*,*,#1137,.F.);
#1457=ORIENTED_EDGE('',*,*,#1138,.F.);
#1458=ORIENTED_EDGE('',*,*,#1139,.F.);
#1459=ORIENTED_EDGE('',*,*,#1140,.T.);
#1460=ORIENTED_EDGE('',*,*,#1141,.T.);
#1461=ORIENTED_EDGE('',*,*,#1142,.F.);
#1462=ORIENTED_EDGE('',*,*,#1143,.F.);
#1463=ORIENTED_EDGE('',*,*,#1144,.F.);
#1464=ORIENTED_EDGE('',*,*,#1145,.T.);
#1465=ORIENTED_EDGE('',*,*,#1140,.F.);
#1466=ORIENTED_EDGE('',*,*,#1146,.F.);
#1467=ORIENTED_EDGE('',*,*,#1135,.T.);
#1468=ORIENTED_EDGE('',*,*,#1147,.T.);
#1469=ORIENTED_EDGE('',*,*,#1148,.F.);
#1470=ORIENTED_EDGE('',*,*,#1149,.F.);
#1471=ORIENTED_EDGE('',*,*,#1150,.F.);
#1472=ORIENTED_EDGE('',*,*,#1151,.T.);
#1473=ORIENTED_EDGE('',*,*,#1152,.F.);
#1474=ORIENTED_EDGE('',*,*,#1153,.F.);
#1475=ORIENTED_EDGE('',*,*,#1154,.F.);
#1476=ORIENTED_EDGE('',*,*,#1155,.F.);
#1477=ORIENTED_EDGE('',*,*,#1156,.T.);
#1478=ORIENTED_EDGE('',*,*,#1157,.T.);
#1479=ORIENTED_EDGE('',*,*,#1158,.F.);
#1480=ORIENTED_EDGE('',*,*,#1159,.F.);
#1481=ORIENTED_EDGE('',*,*,#1152,.T.);
#1482=ORIENTED_EDGE('',*,*,#1160,.T.);
#1483=ORIENTED_EDGE('',*,*,#1161,.F.);
#1484=ORIENTED_EDGE('',*,*,#1162,.F.);
#1485=ORIENTED_EDGE('',*,*,#1163,.F.);
#1486=ORIENTED_EDGE('',*,*,#1164,.T.);
#1487=ORIENTED_EDGE('',*,*,#1156,.F.);
#1488=ORIENTED_EDGE('',*,*,#1165,.F.);
#1489=ORIENTED_EDGE('',*,*,#1166,.F.);
#1490=ORIENTED_EDGE('',*,*,#1167,.F.);
#1491=ORIENTED_EDGE('',*,*,#1168,.T.);
#1492=ORIENTED_EDGE('',*,*,#1169,.T.);
#1493=ORIENTED_EDGE('',*,*,#1170,.F.);
#1494=ORIENTED_EDGE('',*,*,#1171,.T.);
#1495=ORIENTED_EDGE('',*,*,#1172,.T.);
#1496=ORIENTED_EDGE('',*,*,#1173,.F.);
#1497=ORIENTED_EDGE('',*,*,#1174,.F.);
#1498=ORIENTED_EDGE('',*,*,#1175,.F.);
#1499=ORIENTED_EDGE('',*,*,#1176,.T.);
#1500=ORIENTED_EDGE('',*,*,#1171,.F.);
#1501=ORIENTED_EDGE('',*,*,#1177,.F.);
#1502=ORIENTED_EDGE('',*,*,#1178,.F.);
#1503=ORIENTED_EDGE('',*,*,#1179,.F.);
#1504=ORIENTED_EDGE('',*,*,#1180,.T.);
#1505=ORIENTED_EDGE('',*,*,#1168,.F.);
#1506=ORIENTED_EDGE('',*,*,#1181,.F.);
#1507=ORIENTED_EDGE('',*,*,#1182,.F.);
#1508=ORIENTED_EDGE('',*,*,#1183,.T.);
#1509=ORIENTED_EDGE('',*,*,#1184,.F.);
#1510=ORIENTED_EDGE('',*,*,#1185,.F.);
#1511=ORIENTED_EDGE('',*,*,#1186,.F.);
#1512=ORIENTED_EDGE('',*,*,#1187,.F.);
#1513=ORIENTED_EDGE('',*,*,#1188,.T.);
#1514=ORIENTED_EDGE('',*,*,#1189,.T.);
#1515=ORIENTED_EDGE('',*,*,#1190,.F.);
#1516=ORIENTED_EDGE('',*,*,#1191,.F.);
#1517=ORIENTED_EDGE('',*,*,#1184,.T.);
#1518=ORIENTED_EDGE('',*,*,#1192,.T.);
#1519=ORIENTED_EDGE('',*,*,#1193,.F.);
#1520=ORIENTED_EDGE('',*,*,#1194,.F.);
#1521=ORIENTED_EDGE('',*,*,#1195,.F.);
#1522=ORIENTED_EDGE('',*,*,#1196,.T.);
#1523=ORIENTED_EDGE('',*,*,#1188,.F.);
#1524=ORIENTED_EDGE('',*,*,#1138,.T.);
#1525=ORIENTED_EDGE('',*,*,#1197,.T.);
#1526=ORIENTED_EDGE('',*,*,#1198,.F.);
#1527=ORIENTED_EDGE('',*,*,#1199,.T.);
#1528=ORIENTED_EDGE('',*,*,#1142,.T.);
#1529=ORIENTED_EDGE('',*,*,#1200,.T.);
#1530=ORIENTED_EDGE('',*,*,#1201,.F.);
#1531=ORIENTED_EDGE('',*,*,#1197,.F.);
#1532=ORIENTED_EDGE('',*,*,#1202,.T.);
#1533=ORIENTED_EDGE('',*,*,#1203,.F.);
#1534=ORIENTED_EDGE('',*,*,#1200,.F.);
#1535=ORIENTED_EDGE('',*,*,#1141,.F.);
#1536=ORIENTED_EDGE('',*,*,#1145,.F.);
#1537=ORIENTED_EDGE('',*,*,#1204,.F.);
#1538=ORIENTED_EDGE('',*,*,#1147,.F.);
#1539=ORIENTED_EDGE('',*,*,#1134,.F.);
#1540=ORIENTED_EDGE('',*,*,#1133,.T.);
#1541=ORIENTED_EDGE('',*,*,#1205,.T.);
#1542=ORIENTED_EDGE('',*,*,#1206,.F.);
#1543=ORIENTED_EDGE('',*,*,#1202,.F.);
#1544=ORIENTED_EDGE('',*,*,#1137,.T.);
#1545=ORIENTED_EDGE('',*,*,#1207,.T.);
#1546=ORIENTED_EDGE('',*,*,#1208,.F.);
#1547=ORIENTED_EDGE('',*,*,#1205,.F.);
#1548=ORIENTED_EDGE('',*,*,#1154,.T.);
#1549=ORIENTED_EDGE('',*,*,#1209,.T.);
#1550=ORIENTED_EDGE('',*,*,#1210,.F.);
#1551=ORIENTED_EDGE('',*,*,#1211,.T.);
#1552=ORIENTED_EDGE('',*,*,#1158,.T.);
#1553=ORIENTED_EDGE('',*,*,#1212,.T.);
#1554=ORIENTED_EDGE('',*,*,#1213,.F.);
#1555=ORIENTED_EDGE('',*,*,#1209,.F.);
#1556=ORIENTED_EDGE('',*,*,#1136,.T.);
#1557=ORIENTED_EDGE('',*,*,#1146,.T.);
#1558=ORIENTED_EDGE('',*,*,#1214,.F.);
#1559=ORIENTED_EDGE('',*,*,#1215,.F.);
#1560=ORIENTED_EDGE('',*,*,#1216,.F.);
#1561=ORIENTED_EDGE('',*,*,#1217,.F.);
#1562=ORIENTED_EDGE('',*,*,#1218,.F.);
#1563=ORIENTED_EDGE('',*,*,#1219,.F.);
#1564=ORIENTED_EDGE('',*,*,#1220,.F.);
#1565=ORIENTED_EDGE('',*,*,#1221,.F.);
#1566=ORIENTED_EDGE('',*,*,#1222,.F.);
#1567=ORIENTED_EDGE('',*,*,#1178,.T.);
#1568=ORIENTED_EDGE('',*,*,#1167,.T.);
#1569=ORIENTED_EDGE('',*,*,#1223,.F.);
#1570=ORIENTED_EDGE('',*,*,#1224,.F.);
#1571=ORIENTED_EDGE('',*,*,#1225,.F.);
#1572=ORIENTED_EDGE('',*,*,#1226,.F.);
#1573=ORIENTED_EDGE('',*,*,#1227,.F.);
#1574=ORIENTED_EDGE('',*,*,#1228,.F.);
#1575=ORIENTED_EDGE('',*,*,#1207,.F.);
#1576=ORIENTED_EDGE('',*,*,#1229,.F.);
#1577=ORIENTED_EDGE('',*,*,#1230,.F.);
#1578=ORIENTED_EDGE('',*,*,#1186,.T.);
#1579=ORIENTED_EDGE('',*,*,#1231,.F.);
#1580=ORIENTED_EDGE('',*,*,#1232,.F.);
#1581=ORIENTED_EDGE('',*,*,#1233,.T.);
#1582=ORIENTED_EDGE('',*,*,#1190,.T.);
#1583=ORIENTED_EDGE('',*,*,#1234,.F.);
#1584=ORIENTED_EDGE('',*,*,#1235,.F.);
#1585=ORIENTED_EDGE('',*,*,#1231,.T.);
#1586=ORIENTED_EDGE('',*,*,#1181,.T.);
#1587=ORIENTED_EDGE('',*,*,#1236,.T.);
#1588=ORIENTED_EDGE('',*,*,#1237,.F.);
#1589=ORIENTED_EDGE('',*,*,#1238,.T.);
#1590=ORIENTED_EDGE('',*,*,#1239,.F.);
#1591=ORIENTED_EDGE('',*,*,#1240,.F.);
#1592=ORIENTED_EDGE('',*,*,#1234,.T.);
#1593=ORIENTED_EDGE('',*,*,#1189,.F.);
#1594=ORIENTED_EDGE('',*,*,#1196,.F.);
#1595=ORIENTED_EDGE('',*,*,#1241,.F.);
#1596=ORIENTED_EDGE('',*,*,#1192,.F.);
#1597=ORIENTED_EDGE('',*,*,#1183,.F.);
#1598=ORIENTED_EDGE('',*,*,#1173,.T.);
#1599=ORIENTED_EDGE('',*,*,#1242,.T.);
#1600=ORIENTED_EDGE('',*,*,#1179,.T.);
#1601=ORIENTED_EDGE('',*,*,#1222,.T.);
#1602=ORIENTED_EDGE('',*,*,#1243,.T.);
#1603=ORIENTED_EDGE('',*,*,#1244,.T.);
#1604=ORIENTED_EDGE('',*,*,#1245,.F.);
#1605=ORIENTED_EDGE('',*,*,#1121,.F.);
#1606=ORIENTED_EDGE('',*,*,#1246,.F.);
#1607=ORIENTED_EDGE('',*,*,#1247,.T.);
#1608=ORIENTED_EDGE('',*,*,#1248,.F.);
#1609=ORIENTED_EDGE('',*,*,#1249,.T.);
#1610=ORIENTED_EDGE('',*,*,#1193,.T.);
#1611=ORIENTED_EDGE('',*,*,#1241,.T.);
#1612=ORIENTED_EDGE('',*,*,#1195,.T.);
#1613=ORIENTED_EDGE('',*,*,#1250,.T.);
#1614=ORIENTED_EDGE('',*,*,#1251,.F.);
#1615=ORIENTED_EDGE('',*,*,#1252,.F.);
#1616=ORIENTED_EDGE('',*,*,#1253,.T.);
#1617=ORIENTED_EDGE('',*,*,#1254,.F.);
#1618=ORIENTED_EDGE('',*,*,#1255,.F.);
#1619=ORIENTED_EDGE('',*,*,#1256,.F.);
#1620=ORIENTED_EDGE('',*,*,#1112,.F.);
#1621=ORIENTED_EDGE('',*,*,#1257,.F.);
#1622=ORIENTED_EDGE('',*,*,#1251,.T.);
#1623=ORIENTED_EDGE('',*,*,#1258,.F.);
#1624=ORIENTED_EDGE('',*,*,#1259,.T.);
#1625=ORIENTED_EDGE('',*,*,#1260,.T.);
#1626=ORIENTED_EDGE('',*,*,#1257,.T.);
#1627=ORIENTED_EDGE('',*,*,#1115,.F.);
#1628=ORIENTED_EDGE('',*,*,#1261,.T.);
#1629=ORIENTED_EDGE('',*,*,#1258,.T.);
#1630=ORIENTED_EDGE('',*,*,#1254,.T.);
#1631=ORIENTED_EDGE('',*,*,#1262,.T.);
#1632=ORIENTED_EDGE('',*,*,#1263,.T.);
#1633=ORIENTED_EDGE('',*,*,#1264,.F.);
#1634=ORIENTED_EDGE('',*,*,#1256,.T.);
#1635=ORIENTED_EDGE('',*,*,#1265,.T.);
#1636=ORIENTED_EDGE('',*,*,#1266,.T.);
#1637=ORIENTED_EDGE('',*,*,#1113,.F.);
#1638=ORIENTED_EDGE('',*,*,#1263,.F.);
#1639=ORIENTED_EDGE('',*,*,#1267,.T.);
#1640=ORIENTED_EDGE('',*,*,#1268,.F.);
#1641=ORIENTED_EDGE('',*,*,#1259,.F.);
#1642=ORIENTED_EDGE('',*,*,#1261,.F.);
#1643=ORIENTED_EDGE('',*,*,#1114,.F.);
#1644=ORIENTED_EDGE('',*,*,#1266,.F.);
#1645=ORIENTED_EDGE('',*,*,#1269,.F.);
#1646=ORIENTED_EDGE('',*,*,#1255,.T.);
#1647=ORIENTED_EDGE('',*,*,#1264,.T.);
#1648=ORIENTED_EDGE('',*,*,#1269,.T.);
#1649=ORIENTED_EDGE('',*,*,#1265,.F.);
#1650=ORIENTED_EDGE('',*,*,#1252,.T.);
#1651=ORIENTED_EDGE('',*,*,#1260,.F.);
#1652=ORIENTED_EDGE('',*,*,#1268,.T.);
#1653=ORIENTED_EDGE('',*,*,#1270,.T.);
#1654=ORIENTED_EDGE('',*,*,#1271,.T.);
#1655=ORIENTED_EDGE('',*,*,#1272,.F.);
#1656=ORIENTED_EDGE('',*,*,#1273,.T.);
#1657=ORIENTED_EDGE('',*,*,#1274,.F.);
#1658=ORIENTED_EDGE('',*,*,#1132,.T.);
#1659=ORIENTED_EDGE('',*,*,#1275,.T.);
#1660=ORIENTED_EDGE('',*,*,#1276,.T.);
#1661=ORIENTED_EDGE('',*,*,#1275,.F.);
#1662=ORIENTED_EDGE('',*,*,#1276,.F.);
#1663=ORIENTED_EDGE('',*,*,#1277,.T.);
#1664=ORIENTED_EDGE('',*,*,#1278,.T.);
#1665=ORIENTED_EDGE('',*,*,#1277,.F.);
#1666=ORIENTED_EDGE('',*,*,#1279,.F.);
#1667=ORIENTED_EDGE('',*,*,#1280,.T.);
#1668=ORIENTED_EDGE('',*,*,#1091,.T.);
#1669=ORIENTED_EDGE('',*,*,#1280,.F.);
#1670=ORIENTED_EDGE('',*,*,#1281,.F.);
#1671=ORIENTED_EDGE('',*,*,#1282,.T.);
#1672=ORIENTED_EDGE('',*,*,#1098,.T.);
#1673=ORIENTED_EDGE('',*,*,#1282,.F.);
#1674=ORIENTED_EDGE('',*,*,#1283,.T.);
#1675=ORIENTED_EDGE('',*,*,#1104,.T.);
#1676=ORIENTED_EDGE('',*,*,#1284,.T.);
#1677=ORIENTED_EDGE('',*,*,#1285,.T.);
#1678=ORIENTED_EDGE('',*,*,#1286,.T.);
#1679=ORIENTED_EDGE('',*,*,#1105,.T.);
#1680=ORIENTED_EDGE('',*,*,#1283,.F.);
#1681=ORIENTED_EDGE('',*,*,#1287,.T.);
#1682=ORIENTED_EDGE('',*,*,#1288,.T.);
#1683=ORIENTED_EDGE('',*,*,#1106,.T.);
#1684=ORIENTED_EDGE('',*,*,#1286,.F.);
#1685=ORIENTED_EDGE('',*,*,#1289,.T.);
#1686=ORIENTED_EDGE('',*,*,#1290,.T.);
#1687=ORIENTED_EDGE('',*,*,#1107,.T.);
#1688=ORIENTED_EDGE('',*,*,#1288,.F.);
#1689=ORIENTED_EDGE('',*,*,#1291,.T.);
#1690=ORIENTED_EDGE('',*,*,#1292,.T.);
#1691=ORIENTED_EDGE('',*,*,#1108,.T.);
#1692=ORIENTED_EDGE('',*,*,#1290,.F.);
#1693=ORIENTED_EDGE('',*,*,#1293,.T.);
#1694=ORIENTED_EDGE('',*,*,#1294,.T.);
#1695=ORIENTED_EDGE('',*,*,#1109,.T.);
#1696=ORIENTED_EDGE('',*,*,#1292,.F.);
#1697=ORIENTED_EDGE('',*,*,#1295,.T.);
#1698=ORIENTED_EDGE('',*,*,#1296,.T.);
#1699=ORIENTED_EDGE('',*,*,#1110,.T.);
#1700=ORIENTED_EDGE('',*,*,#1294,.F.);
#1701=ORIENTED_EDGE('',*,*,#1297,.T.);
#1702=ORIENTED_EDGE('',*,*,#1284,.F.);
#1703=ORIENTED_EDGE('',*,*,#1111,.T.);
#1704=ORIENTED_EDGE('',*,*,#1296,.F.);
#1705=ORIENTED_EDGE('',*,*,#1298,.T.);
#1706=ORIENTED_EDGE('',*,*,#1291,.F.);
#1707=ORIENTED_EDGE('',*,*,#1299,.F.);
#1708=ORIENTED_EDGE('',*,*,#1300,.T.);
#1709=ORIENTED_EDGE('',*,*,#1301,.T.);
#1710=ORIENTED_EDGE('',*,*,#1289,.F.);
#1711=ORIENTED_EDGE('',*,*,#1302,.F.);
#1712=ORIENTED_EDGE('',*,*,#1303,.T.);
#1713=ORIENTED_EDGE('',*,*,#1299,.T.);
#1714=ORIENTED_EDGE('',*,*,#1287,.F.);
#1715=ORIENTED_EDGE('',*,*,#1304,.F.);
#1716=ORIENTED_EDGE('',*,*,#1305,.T.);
#1717=ORIENTED_EDGE('',*,*,#1302,.T.);
#1718=ORIENTED_EDGE('',*,*,#1285,.F.);
#1719=ORIENTED_EDGE('',*,*,#1306,.F.);
#1720=ORIENTED_EDGE('',*,*,#1224,.T.);
#1721=ORIENTED_EDGE('',*,*,#1307,.T.);
#1722=ORIENTED_EDGE('',*,*,#1308,.T.);
#1723=ORIENTED_EDGE('',*,*,#1309,.T.);
#1724=ORIENTED_EDGE('',*,*,#1310,.T.);
#1725=ORIENTED_EDGE('',*,*,#1311,.T.);
#1726=ORIENTED_EDGE('',*,*,#1312,.T.);
#1727=ORIENTED_EDGE('',*,*,#1232,.T.);
#1728=ORIENTED_EDGE('',*,*,#1235,.T.);
#1729=ORIENTED_EDGE('',*,*,#1240,.T.);
#1730=ORIENTED_EDGE('',*,*,#1313,.T.);
#1731=ORIENTED_EDGE('',*,*,#1237,.T.);
#1732=ORIENTED_EDGE('',*,*,#1314,.T.);
#1733=ORIENTED_EDGE('',*,*,#1304,.T.);
#1734=ORIENTED_EDGE('',*,*,#1315,.T.);
#1735=ORIENTED_EDGE('',*,*,#1316,.F.);
#1736=ORIENTED_EDGE('',*,*,#1317,.T.);
#1737=ORIENTED_EDGE('',*,*,#1272,.T.);
#1738=ORIENTED_EDGE('',*,*,#1144,.T.);
#1739=ORIENTED_EDGE('',*,*,#1318,.T.);
#1740=ORIENTED_EDGE('',*,*,#1161,.T.);
#1741=ORIENTED_EDGE('',*,*,#1319,.T.);
#1742=ORIENTED_EDGE('',*,*,#1163,.T.);
#1743=ORIENTED_EDGE('',*,*,#1320,.T.);
#1744=ORIENTED_EDGE('',*,*,#1316,.T.);
#1745=ORIENTED_EDGE('',*,*,#1321,.T.);
#1746=ORIENTED_EDGE('',*,*,#1322,.T.);
#1747=ORIENTED_EDGE('',*,*,#1129,.F.);
#1748=ORIENTED_EDGE('',*,*,#1323,.F.);
#1749=ORIENTED_EDGE('',*,*,#1324,.T.);
#1750=ORIENTED_EDGE('',*,*,#1325,.T.);
#1751=ORIENTED_EDGE('',*,*,#1117,.F.);
#1752=ORIENTED_EDGE('',*,*,#1326,.F.);
#1753=ORIENTED_EDGE('',*,*,#1327,.T.);
#1754=ORIENTED_EDGE('',*,*,#1328,.T.);
#1755=ORIENTED_EDGE('',*,*,#1214,.T.);
#1756=ORIENTED_EDGE('',*,*,#1148,.T.);
#1757=ORIENTED_EDGE('',*,*,#1204,.T.);
#1758=ORIENTED_EDGE('',*,*,#1220,.T.);
#1759=ORIENTED_EDGE('',*,*,#1329,.F.);
#1760=ORIENTED_EDGE('',*,*,#1330,.F.);
#1761=ORIENTED_EDGE('',*,*,#1331,.F.);
#1762=ORIENTED_EDGE('',*,*,#1332,.F.);
#1763=ORIENTED_EDGE('',*,*,#1333,.T.);
#1764=ORIENTED_EDGE('',*,*,#1230,.T.);
#1765=ORIENTED_EDGE('',*,*,#1333,.F.);
#1766=ORIENTED_EDGE('',*,*,#1221,.T.);
#1767=ORIENTED_EDGE('',*,*,#1331,.T.);
#1768=ORIENTED_EDGE('',*,*,#1334,.F.);
#1769=ORIENTED_EDGE('',*,*,#1243,.F.);
#1770=ORIENTED_EDGE('',*,*,#1335,.F.);
#1771=ORIENTED_EDGE('',*,*,#1244,.F.);
#1772=ORIENTED_EDGE('',*,*,#1334,.T.);
#1773=ORIENTED_EDGE('',*,*,#1330,.T.);
#1774=ORIENTED_EDGE('',*,*,#1336,.F.);
#1775=ORIENTED_EDGE('',*,*,#1332,.T.);
#1776=ORIENTED_EDGE('',*,*,#1335,.T.);
#1777=ORIENTED_EDGE('',*,*,#1337,.F.);
#1778=ORIENTED_EDGE('',*,*,#1122,.F.);
#1779=ORIENTED_EDGE('',*,*,#1245,.T.);
#1780=ORIENTED_EDGE('',*,*,#1338,.F.);
#1781=ORIENTED_EDGE('',*,*,#1339,.F.);
#1782=ORIENTED_EDGE('',*,*,#1340,.T.);
#1783=ORIENTED_EDGE('',*,*,#1341,.T.);
#1784=ORIENTED_EDGE('',*,*,#1342,.T.);
#1785=ORIENTED_EDGE('',*,*,#1343,.T.);
#1786=ORIENTED_EDGE('',*,*,#1327,.F.);
#1787=ORIENTED_EDGE('',*,*,#1344,.T.);
#1788=ORIENTED_EDGE('',*,*,#1218,.T.);
#1789=ORIENTED_EDGE('',*,*,#1345,.T.);
#1790=ORIENTED_EDGE('',*,*,#1340,.F.);
#1791=ORIENTED_EDGE('',*,*,#1346,.F.);
#1792=ORIENTED_EDGE('',*,*,#1217,.T.);
#1793=ORIENTED_EDGE('',*,*,#1347,.T.);
#1794=ORIENTED_EDGE('',*,*,#1341,.F.);
#1795=ORIENTED_EDGE('',*,*,#1345,.F.);
#1796=ORIENTED_EDGE('',*,*,#1344,.F.);
#1797=ORIENTED_EDGE('',*,*,#1348,.T.);
#1798=ORIENTED_EDGE('',*,*,#1229,.T.);
#1799=ORIENTED_EDGE('',*,*,#1348,.F.);
#1800=ORIENTED_EDGE('',*,*,#1215,.T.);
#1801=ORIENTED_EDGE('',*,*,#1328,.F.);
#1802=ORIENTED_EDGE('',*,*,#1343,.F.);
#1803=ORIENTED_EDGE('',*,*,#1349,.F.);
#1804=ORIENTED_EDGE('',*,*,#1216,.T.);
#1805=ORIENTED_EDGE('',*,*,#1349,.T.);
#1806=ORIENTED_EDGE('',*,*,#1342,.F.);
#1807=ORIENTED_EDGE('',*,*,#1347,.F.);
#1808=ORIENTED_EDGE('',*,*,#1155,.T.);
#1809=ORIENTED_EDGE('',*,*,#1211,.F.);
#1810=ORIENTED_EDGE('',*,*,#1350,.F.);
#1811=ORIENTED_EDGE('',*,*,#1300,.F.);
#1812=ORIENTED_EDGE('',*,*,#1303,.F.);
#1813=ORIENTED_EDGE('',*,*,#1305,.F.);
#1814=ORIENTED_EDGE('',*,*,#1314,.F.);
#1815=ORIENTED_EDGE('',*,*,#1236,.F.);
#1816=ORIENTED_EDGE('',*,*,#1185,.T.);
#1817=ORIENTED_EDGE('',*,*,#1191,.T.);
#1818=ORIENTED_EDGE('',*,*,#1249,.F.);
#1819=ORIENTED_EDGE('',*,*,#1351,.F.);
#1820=ORIENTED_EDGE('',*,*,#1273,.F.);
#1821=ORIENTED_EDGE('',*,*,#1317,.F.);
#1822=ORIENTED_EDGE('',*,*,#1320,.F.);
#1823=ORIENTED_EDGE('',*,*,#1162,.T.);
#1824=ORIENTED_EDGE('',*,*,#1139,.T.);
#1825=ORIENTED_EDGE('',*,*,#1199,.F.);
#1826=ORIENTED_EDGE('',*,*,#1352,.F.);
#1827=ORIENTED_EDGE('',*,*,#1353,.F.);
#1828=ORIENTED_EDGE('',*,*,#1153,.T.);
#1829=ORIENTED_EDGE('',*,*,#1159,.T.);
#1830=ORIENTED_EDGE('',*,*,#1318,.F.);
#1831=ORIENTED_EDGE('',*,*,#1143,.T.);
#1832=ORIENTED_EDGE('',*,*,#1170,.T.);
#1833=ORIENTED_EDGE('',*,*,#1250,.F.);
#1834=ORIENTED_EDGE('',*,*,#1194,.T.);
#1835=ORIENTED_EDGE('',*,*,#1187,.T.);
#1836=ORIENTED_EDGE('',*,*,#1233,.F.);
#1837=ORIENTED_EDGE('',*,*,#1312,.F.);
#1838=ORIENTED_EDGE('',*,*,#1354,.F.);
#1839=ORIENTED_EDGE('',*,*,#1177,.T.);
#1840=ORIENTED_EDGE('',*,*,#1174,.T.);
#1841=ORIENTED_EDGE('',*,*,#1354,.T.);
#1842=ORIENTED_EDGE('',*,*,#1311,.F.);
#1843=ORIENTED_EDGE('',*,*,#1355,.T.);
#1844=ORIENTED_EDGE('',*,*,#1149,.T.);
#1845=ORIENTED_EDGE('',*,*,#1353,.T.);
#1846=ORIENTED_EDGE('',*,*,#1356,.F.);
#1847=ORIENTED_EDGE('',*,*,#1357,.F.);
#1848=ORIENTED_EDGE('',*,*,#1329,.T.);
#1849=ORIENTED_EDGE('',*,*,#1219,.T.);
#1850=ORIENTED_EDGE('',*,*,#1346,.T.);
#1851=ORIENTED_EDGE('',*,*,#1339,.T.);
#1852=ORIENTED_EDGE('',*,*,#1358,.F.);
#1853=ORIENTED_EDGE('',*,*,#1123,.F.);
#1854=ORIENTED_EDGE('',*,*,#1337,.T.);
#1855=ORIENTED_EDGE('',*,*,#1336,.T.);
#1856=ORIENTED_EDGE('',*,*,#1338,.T.);
#1857=ORIENTED_EDGE('',*,*,#1326,.T.);
#1858=ORIENTED_EDGE('',*,*,#1116,.F.);
#1859=ORIENTED_EDGE('',*,*,#1358,.T.);
#1860=ORIENTED_EDGE('',*,*,#1359,.T.);
#1861=ORIENTED_EDGE('',*,*,#1360,.F.);
#1862=ORIENTED_EDGE('',*,*,#1212,.F.);
#1863=ORIENTED_EDGE('',*,*,#1157,.F.);
#1864=ORIENTED_EDGE('',*,*,#1164,.F.);
#1865=ORIENTED_EDGE('',*,*,#1319,.F.);
#1866=ORIENTED_EDGE('',*,*,#1160,.F.);
#1867=ORIENTED_EDGE('',*,*,#1151,.F.);
#1868=ORIENTED_EDGE('',*,*,#1182,.T.);
#1869=ORIENTED_EDGE('',*,*,#1238,.F.);
#1870=ORIENTED_EDGE('',*,*,#1313,.F.);
#1871=ORIENTED_EDGE('',*,*,#1239,.T.);
#1872=ORIENTED_EDGE('',*,*,#1150,.T.);
#1873=ORIENTED_EDGE('',*,*,#1357,.T.);
#1874=ORIENTED_EDGE('',*,*,#1361,.F.);
#1875=ORIENTED_EDGE('',*,*,#1359,.F.);
#1876=ORIENTED_EDGE('',*,*,#1166,.T.);
#1877=ORIENTED_EDGE('',*,*,#1362,.F.);
#1878=ORIENTED_EDGE('',*,*,#1307,.F.);
#1879=ORIENTED_EDGE('',*,*,#1223,.T.);
#1880=ORIENTED_EDGE('',*,*,#1165,.T.);
#1881=ORIENTED_EDGE('',*,*,#1363,.F.);
#1882=ORIENTED_EDGE('',*,*,#1308,.F.);
#1883=ORIENTED_EDGE('',*,*,#1362,.T.);
#1884=ORIENTED_EDGE('',*,*,#1364,.F.);
#1885=ORIENTED_EDGE('',*,*,#1309,.F.);
#1886=ORIENTED_EDGE('',*,*,#1363,.T.);
#1887=ORIENTED_EDGE('',*,*,#1169,.F.);
#1888=ORIENTED_EDGE('',*,*,#1180,.F.);
#1889=ORIENTED_EDGE('',*,*,#1242,.F.);
#1890=ORIENTED_EDGE('',*,*,#1172,.F.);
#1891=ORIENTED_EDGE('',*,*,#1176,.F.);
#1892=ORIENTED_EDGE('',*,*,#1175,.T.);
#1893=ORIENTED_EDGE('',*,*,#1355,.F.);
#1894=ORIENTED_EDGE('',*,*,#1310,.F.);
#1895=ORIENTED_EDGE('',*,*,#1364,.T.);
#1896=ORIENTED_EDGE('',*,*,#1298,.F.);
#1897=ORIENTED_EDGE('',*,*,#1365,.F.);
#1898=ORIENTED_EDGE('',*,*,#1225,.T.);
#1899=ORIENTED_EDGE('',*,*,#1306,.T.);
#1900=ORIENTED_EDGE('',*,*,#1297,.F.);
#1901=ORIENTED_EDGE('',*,*,#1366,.F.);
#1902=ORIENTED_EDGE('',*,*,#1226,.T.);
#1903=ORIENTED_EDGE('',*,*,#1365,.T.);
#1904=ORIENTED_EDGE('',*,*,#1295,.F.);
#1905=ORIENTED_EDGE('',*,*,#1367,.F.);
#1906=ORIENTED_EDGE('',*,*,#1227,.T.);
#1907=ORIENTED_EDGE('',*,*,#1366,.T.);
#1908=ORIENTED_EDGE('',*,*,#1293,.F.);
#1909=ORIENTED_EDGE('',*,*,#1301,.F.);
#1910=ORIENTED_EDGE('',*,*,#1350,.T.);
#1911=ORIENTED_EDGE('',*,*,#1210,.T.);
#1912=ORIENTED_EDGE('',*,*,#1213,.T.);
#1913=ORIENTED_EDGE('',*,*,#1360,.T.);
#1914=ORIENTED_EDGE('',*,*,#1361,.T.);
#1915=ORIENTED_EDGE('',*,*,#1356,.T.);
#1916=ORIENTED_EDGE('',*,*,#1352,.T.);
#1917=ORIENTED_EDGE('',*,*,#1198,.T.);
#1918=ORIENTED_EDGE('',*,*,#1201,.T.);
#1919=ORIENTED_EDGE('',*,*,#1203,.T.);
#1920=ORIENTED_EDGE('',*,*,#1206,.T.);
#1921=ORIENTED_EDGE('',*,*,#1208,.T.);
#1922=ORIENTED_EDGE('',*,*,#1228,.T.);
#1923=ORIENTED_EDGE('',*,*,#1367,.T.);
#1924=ORIENTED_EDGE('',*,*,#1368,.T.);
#1925=ORIENTED_EDGE('',*,*,#1274,.T.);
#1926=ORIENTED_EDGE('',*,*,#1351,.T.);
#1927=ORIENTED_EDGE('',*,*,#1248,.T.);
#1928=ORIENTED_EDGE('',*,*,#1271,.F.);
#1929=ORIENTED_EDGE('',*,*,#1368,.F.);
#1930=ORIENTED_EDGE('',*,*,#1247,.F.);
#1931=ORIENTED_EDGE('',*,*,#1369,.F.);
#1932=ORIENTED_EDGE('',*,*,#1370,.F.);
#1933=ORIENTED_EDGE('',*,*,#1371,.F.);
#1934=ORIENTED_EDGE('',*,*,#1324,.F.);
#1935=ORIENTED_EDGE('',*,*,#1372,.F.);
#1936=ORIENTED_EDGE('',*,*,#1373,.F.);
#1937=ORIENTED_EDGE('',*,*,#1374,.F.);
#1938=ORIENTED_EDGE('',*,*,#1375,.F.);
#1939=ORIENTED_EDGE('',*,*,#1376,.F.);
#1940=ORIENTED_EDGE('',*,*,#1377,.F.);
#1941=ORIENTED_EDGE('',*,*,#1378,.F.);
#1942=ORIENTED_EDGE('',*,*,#1321,.F.);
#1943=ORIENTED_EDGE('',*,*,#1315,.F.);
#1944=ORIENTED_EDGE('',*,*,#1084,.T.);
#1945=ORIENTED_EDGE('',*,*,#1087,.T.);
#1946=ORIENTED_EDGE('',*,*,#1270,.F.);
#1947=ORIENTED_EDGE('',*,*,#1267,.F.);
#1948=ORIENTED_EDGE('',*,*,#1262,.F.);
#1949=ORIENTED_EDGE('',*,*,#1253,.F.);
#1950=ORIENTED_EDGE('',*,*,#1279,.T.);
#1951=ORIENTED_EDGE('',*,*,#1281,.T.);
#1952=ORIENTED_EDGE('',*,*,#1278,.F.);
#1953=ORIENTED_EDGE('',*,*,#1371,.T.);
#1954=ORIENTED_EDGE('',*,*,#1379,.T.);
#1955=ORIENTED_EDGE('',*,*,#1118,.F.);
#1956=ORIENTED_EDGE('',*,*,#1325,.F.);
#1957=ORIENTED_EDGE('',*,*,#1370,.T.);
#1958=ORIENTED_EDGE('',*,*,#1380,.T.);
#1959=ORIENTED_EDGE('',*,*,#1119,.F.);
#1960=ORIENTED_EDGE('',*,*,#1379,.F.);
#1961=ORIENTED_EDGE('',*,*,#1369,.T.);
#1962=ORIENTED_EDGE('',*,*,#1246,.T.);
#1963=ORIENTED_EDGE('',*,*,#1120,.F.);
#1964=ORIENTED_EDGE('',*,*,#1380,.F.);
#1965=ORIENTED_EDGE('',*,*,#1377,.T.);
#1966=ORIENTED_EDGE('',*,*,#1381,.T.);
#1967=ORIENTED_EDGE('',*,*,#1131,.F.);
#1968=ORIENTED_EDGE('',*,*,#1382,.F.);
#1969=ORIENTED_EDGE('',*,*,#1378,.T.);
#1970=ORIENTED_EDGE('',*,*,#1382,.T.);
#1971=ORIENTED_EDGE('',*,*,#1130,.F.);
#1972=ORIENTED_EDGE('',*,*,#1322,.F.);
#1973=ORIENTED_EDGE('',*,*,#1372,.T.);
#1974=ORIENTED_EDGE('',*,*,#1323,.T.);
#1975=ORIENTED_EDGE('',*,*,#1128,.F.);
#1976=ORIENTED_EDGE('',*,*,#1383,.F.);
#1977=ORIENTED_EDGE('',*,*,#1373,.T.);
#1978=ORIENTED_EDGE('',*,*,#1383,.T.);
#1979=ORIENTED_EDGE('',*,*,#1127,.F.);
#1980=ORIENTED_EDGE('',*,*,#1384,.F.);
#1981=ORIENTED_EDGE('',*,*,#1374,.T.);
#1982=ORIENTED_EDGE('',*,*,#1384,.T.);
#1983=ORIENTED_EDGE('',*,*,#1126,.F.);
#1984=ORIENTED_EDGE('',*,*,#1385,.F.);
#1985=ORIENTED_EDGE('',*,*,#1375,.T.);
#1986=ORIENTED_EDGE('',*,*,#1385,.T.);
#1987=ORIENTED_EDGE('',*,*,#1125,.F.);
#1988=ORIENTED_EDGE('',*,*,#1386,.F.);
#1989=ORIENTED_EDGE('',*,*,#1376,.T.);
#1990=ORIENTED_EDGE('',*,*,#1386,.T.);
#1991=ORIENTED_EDGE('',*,*,#1124,.F.);
#1992=ORIENTED_EDGE('',*,*,#1381,.F.);
#1993=CYLINDRICAL_SURFACE('',#2148,1.25);
#1994=CYLINDRICAL_SURFACE('',#2151,1.25);
#1995=CYLINDRICAL_SURFACE('',#2157,1.75);
#1996=CYLINDRICAL_SURFACE('',#2161,1.65);
#1997=CYLINDRICAL_SURFACE('',#2166,1.75);
#1998=CYLINDRICAL_SURFACE('',#2170,1.65);
#1999=CYLINDRICAL_SURFACE('',#2211,2.);
#2000=CYLINDRICAL_SURFACE('',#2214,2.00000000000003);
#2001=CYLINDRICAL_SURFACE('',#2218,2.00000000000001);
#2002=CYLINDRICAL_SURFACE('',#2226,2.);
#2003=CYLINDRICAL_SURFACE('',#2242,8.);
#2004=CYLINDRICAL_SURFACE('',#2244,1.25);
#2005=CYLINDRICAL_SURFACE('',#2246,1.25);
#2006=CYLINDRICAL_SURFACE('',#2260,5.99999999999997);
#2007=CYLINDRICAL_SURFACE('',#2263,5.99999999999998);
#2008=CYLINDRICAL_SURFACE('',#2269,2.);
#2009=CYLINDRICAL_SURFACE('',#2274,1.25);
#2010=CYLINDRICAL_SURFACE('',#2279,2.5);
#2011=CYLINDRICAL_SURFACE('',#2285,1.25);
#2012=CYLINDRICAL_SURFACE('',#2295,2.5);
#2013=CYLINDRICAL_SURFACE('',#2297,2.00000000000001);
#2014=CYLINDRICAL_SURFACE('',#2298,2.);
#2015=CYLINDRICAL_SURFACE('',#2301,2.00000000000003);
#2016=CYLINDRICAL_SURFACE('',#2303,2.);
#2017=CYLINDRICAL_SURFACE('',#2304,5.99999999999999);
#2018=CYLINDRICAL_SURFACE('',#2306,5.99999999999999);
#2019=CYLINDRICAL_SURFACE('',#2308,2.);
#2020=CYLINDRICAL_SURFACE('',#2317,2.);
#2021=CYLINDRICAL_SURFACE('',#2319,2.);
#2022=CYLINDRICAL_SURFACE('',#2321,2.);
#2023=CYLINDRICAL_SURFACE('',#2322,2.);
#2024=CYLINDRICAL_SURFACE('',#2324,2.);
#2025=CYLINDRICAL_SURFACE('',#2326,2.);
#2026=ADVANCED_FACE('',(#112),#1993,.F.);
#2027=ADVANCED_FACE('',(#113),#1994,.F.);
#2028=ADVANCED_FACE('',(#114,#20),#42,.F.);
#2029=ADVANCED_FACE('',(#115),#1995,.F.);
#2030=ADVANCED_FACE('',(#116,#21),#43,.F.);
#2031=ADVANCED_FACE('',(#117),#1996,.F.);
#2032=ADVANCED_FACE('',(#118,#22),#44,.F.);
#2033=ADVANCED_FACE('',(#119),#1997,.F.);
#2034=ADVANCED_FACE('',(#120,#23),#45,.F.);
#2035=ADVANCED_FACE('',(#121),#1998,.F.);
#2036=ADVANCED_FACE('',(#122,#24,#25,#26,#27,#28,#29,#30,#31),#46,.F.);
#2037=ADVANCED_FACE('',(#123),#47,.F.);
#2038=ADVANCED_FACE('',(#124),#48,.F.);
#2039=ADVANCED_FACE('',(#125),#49,.F.);
#2040=ADVANCED_FACE('',(#126),#50,.F.);
#2041=ADVANCED_FACE('',(#127),#51,.F.);
#2042=ADVANCED_FACE('',(#128),#52,.F.);
#2043=ADVANCED_FACE('',(#129),#53,.F.);
#2044=ADVANCED_FACE('',(#130),#54,.F.);
#2045=ADVANCED_FACE('',(#131),#55,.F.);
#2046=ADVANCED_FACE('',(#132),#56,.F.);
#2047=ADVANCED_FACE('',(#133),#57,.F.);
#2048=ADVANCED_FACE('',(#134),#58,.F.);
#2049=ADVANCED_FACE('',(#135),#59,.F.);
#2050=ADVANCED_FACE('',(#136),#60,.F.);
#2051=ADVANCED_FACE('',(#137),#61,.F.);
#2052=ADVANCED_FACE('',(#138),#62,.F.);
#2053=ADVANCED_FACE('',(#139),#63,.F.);
#2054=ADVANCED_FACE('',(#140),#1999,.F.);
#2055=ADVANCED_FACE('',(#141),#64,.F.);
#2056=ADVANCED_FACE('',(#142),#2000,.F.);
#2057=ADVANCED_FACE('',(#143),#65,.F.);
#2058=ADVANCED_FACE('',(#144),#66,.F.);
#2059=ADVANCED_FACE('',(#145),#2001,.F.);
#2060=ADVANCED_FACE('',(#146,#32,#33),#67,.F.);
#2061=ADVANCED_FACE('',(#147),#68,.F.);
#2062=ADVANCED_FACE('',(#148),#2002,.F.);
#2063=ADVANCED_FACE('',(#149),#69,.F.);
#2064=ADVANCED_FACE('',(#150),#70,.F.);
#2065=ADVANCED_FACE('',(#151),#71,.T.);
#2066=ADVANCED_FACE('',(#152),#72,.T.);
#2067=ADVANCED_FACE('',(#153),#73,.T.);
#2068=ADVANCED_FACE('',(#154),#74,.F.);
#2069=ADVANCED_FACE('',(#155),#75,.T.);
#2070=ADVANCED_FACE('',(#156),#76,.T.);
#2071=ADVANCED_FACE('',(#157),#77,.T.);
#2072=ADVANCED_FACE('',(#158),#78,.T.);
#2073=ADVANCED_FACE('',(#159),#79,.T.);
#2074=ADVANCED_FACE('',(#160),#80,.T.);
#2075=ADVANCED_FACE('',(#161),#15,.F.);
#2076=ADVANCED_FACE('',(#162),#2003,.F.);
#2077=ADVANCED_FACE('',(#163),#2004,.F.);
#2078=ADVANCED_FACE('',(#164),#2005,.F.);
#2079=ADVANCED_FACE('',(#165),#81,.T.);
#2080=ADVANCED_FACE('',(#166),#16,.T.);
#2081=ADVANCED_FACE('',(#167),#82,.T.);
#2082=ADVANCED_FACE('',(#168),#17,.T.);
#2083=ADVANCED_FACE('',(#169),#83,.T.);
#2084=ADVANCED_FACE('',(#170),#18,.T.);
#2085=ADVANCED_FACE('',(#171),#84,.T.);
#2086=ADVANCED_FACE('',(#172),#19,.T.);
#2087=ADVANCED_FACE('',(#173),#2006,.T.);
#2088=ADVANCED_FACE('',(#174),#85,.T.);
#2089=ADVANCED_FACE('',(#175),#2007,.T.);
#2090=ADVANCED_FACE('',(#176),#86,.T.);
#2091=ADVANCED_FACE('',(#177),#2008,.F.);
#2092=ADVANCED_FACE('',(#178),#87,.T.);
#2093=ADVANCED_FACE('',(#179),#88,.T.);
#2094=ADVANCED_FACE('',(#180),#2009,.F.);
#2095=ADVANCED_FACE('',(#181),#89,.T.);
#2096=ADVANCED_FACE('',(#182,#34),#90,.F.);
#2097=ADVANCED_FACE('',(#183),#2010,.F.);
#2098=ADVANCED_FACE('',(#184,#35),#91,.F.);
#2099=ADVANCED_FACE('',(#185),#92,.T.);
#2100=ADVANCED_FACE('',(#186),#93,.T.);
#2101=ADVANCED_FACE('',(#187),#2011,.F.);
#2102=ADVANCED_FACE('',(#188),#94,.T.);
#2103=ADVANCED_FACE('',(#189),#95,.T.);
#2104=ADVANCED_FACE('',(#190),#96,.F.);
#2105=ADVANCED_FACE('',(#191),#97,.F.);
#2106=ADVANCED_FACE('',(#192),#98,.F.);
#2107=ADVANCED_FACE('',(#193),#99,.F.);
#2108=ADVANCED_FACE('',(#194),#100,.F.);
#2109=ADVANCED_FACE('',(#195),#101,.T.);
#2110=ADVANCED_FACE('',(#196),#2012,.F.);
#2111=ADVANCED_FACE('',(#197),#102,.F.);
#2112=ADVANCED_FACE('',(#198),#2013,.F.);
#2113=ADVANCED_FACE('',(#199),#2014,.F.);
#2114=ADVANCED_FACE('',(#200),#103,.F.);
#2115=ADVANCED_FACE('',(#201),#2015,.F.);
#2116=ADVANCED_FACE('',(#202),#104,.F.);
#2117=ADVANCED_FACE('',(#203),#2016,.F.);
#2118=ADVANCED_FACE('',(#204),#2017,.T.);
#2119=ADVANCED_FACE('',(#205),#105,.T.);
#2120=ADVANCED_FACE('',(#206),#2018,.T.);
#2121=ADVANCED_FACE('',(#207),#106,.T.);
#2122=ADVANCED_FACE('',(#208),#2019,.F.);
#2123=ADVANCED_FACE('',(#209,#36,#37,#38,#39,#40,#41),#107,.T.);
#2124=ADVANCED_FACE('',(#210),#2020,.F.);
#2125=ADVANCED_FACE('',(#211),#108,.T.);
#2126=ADVANCED_FACE('',(#212),#2021,.F.);
#2127=ADVANCED_FACE('',(#213),#109,.T.);
#2128=ADVANCED_FACE('',(#214),#2022,.F.);
#2129=ADVANCED_FACE('',(#215),#2023,.F.);
#2130=ADVANCED_FACE('',(#216),#110,.T.);
#2131=ADVANCED_FACE('',(#217),#2024,.F.);
#2132=ADVANCED_FACE('',(#218),#111,.T.);
#2133=ADVANCED_FACE('',(#219),#2025,.F.);
#2134=CLOSED_SHELL('',(#2026,#2027,#2028,#2029,#2030,#2031,#2032,#2033,
#2034,#2035,#2036,#2037,#2038,#2039,#2040,#2041,#2042,#2043,#2044,#2045,
#2046,#2047,#2048,#2049,#2050,#2051,#2052,#2053,#2054,#2055,#2056,#2057,
#2058,#2059,#2060,#2061,#2062,#2063,#2064,#2065,#2066,#2067,#2068,#2069,
#2070,#2071,#2072,#2073,#2074,#2075,#2076,#2077,#2078,#2079,#2080,#2081,
#2082,#2083,#2084,#2085,#2086,#2087,#2088,#2089,#2090,#2091,#2092,#2093,
#2094,#2095,#2096,#2097,#2098,#2099,#2100,#2101,#2102,#2103,#2104,#2105,
#2106,#2107,#2108,#2109,#2110,#2111,#2112,#2113,#2114,#2115,#2116,#2117,
#2118,#2119,#2120,#2121,#2122,#2123,#2124,#2125,#2126,#2127,#2128,#2129,
#2130,#2131,#2132,#2133));
#2135=DERIVED_UNIT_ELEMENT(#2137,1.);
#2136=DERIVED_UNIT_ELEMENT(#3535,-3.);
#2137=(
MASS_UNIT()
NAMED_UNIT(*)
SI_UNIT(.KILO.,.GRAM.)
);
#2138=DERIVED_UNIT((#2135,#2136));
#2139=MEASURE_REPRESENTATION_ITEM('density measure',
POSITIVE_RATIO_MEASURE(3400.),#2138);
#2140=PROPERTY_DEFINITION_REPRESENTATION(#2145,#2142);
#2141=PROPERTY_DEFINITION_REPRESENTATION(#2146,#2143);
#2142=REPRESENTATION('material name',(#2144),#3532);
#2143=REPRESENTATION('density',(#2139),#3532);
#2144=DESCRIPTIVE_REPRESENTATION_ITEM('\X2\74F75668FF0C73BB7483\X0\',
'\X2\74F75668FF0C73BB7483\X0\');
#2145=PROPERTY_DEFINITION('material property','material name',#3542);
#2146=PROPERTY_DEFINITION('material property','density of part',#3542);
#2147=AXIS2_PLACEMENT_3D('',#2919,#2327,#2328);
#2148=AXIS2_PLACEMENT_3D('',#2920,#2329,#2330);
#2149=AXIS2_PLACEMENT_3D('',#2922,#2331,#2332);
#2150=AXIS2_PLACEMENT_3D('',#2925,#2334,#2335);
#2151=AXIS2_PLACEMENT_3D('',#2926,#2336,#2337);
#2152=AXIS2_PLACEMENT_3D('',#2928,#2338,#2339);
#2153=AXIS2_PLACEMENT_3D('',#2931,#2341,#2342);
#2154=AXIS2_PLACEMENT_3D('',#2932,#2343,#2344);
#2155=AXIS2_PLACEMENT_3D('',#2934,#2345,#2346);
#2156=AXIS2_PLACEMENT_3D('',#2936,#2347,#2348);
#2157=AXIS2_PLACEMENT_3D('',#2937,#2349,#2350);
#2158=AXIS2_PLACEMENT_3D('',#2940,#2352,#2353);
#2159=AXIS2_PLACEMENT_3D('',#2941,#2354,#2355);
#2160=AXIS2_PLACEMENT_3D('',#2943,#2356,#2357);
#2161=AXIS2_PLACEMENT_3D('',#2944,#2358,#2359);
#2162=AXIS2_PLACEMENT_3D('',#2947,#2361,#2362);
#2163=AXIS2_PLACEMENT_3D('',#2948,#2363,#2364);
#2164=AXIS2_PLACEMENT_3D('',#2950,#2365,#2366);
#2165=AXIS2_PLACEMENT_3D('',#2952,#2367,#2368);
#2166=AXIS2_PLACEMENT_3D('',#2953,#2369,#2370);
#2167=AXIS2_PLACEMENT_3D('',#2956,#2372,#2373);
#2168=AXIS2_PLACEMENT_3D('',#2957,#2374,#2375);
#2169=AXIS2_PLACEMENT_3D('',#2959,#2376,#2377);
#2170=AXIS2_PLACEMENT_3D('',#2960,#2378,#2379);
#2171=AXIS2_PLACEMENT_3D('',#2963,#2381,#2382);
#2172=AXIS2_PLACEMENT_3D('',#2964,#2383,#2384);
#2173=AXIS2_PLACEMENT_3D('',#2969,#2386,#2387);
#2174=AXIS2_PLACEMENT_3D('',#2973,#2389,#2390);
#2175=AXIS2_PLACEMENT_3D('',#2977,#2392,#2393);
#2176=AXIS2_PLACEMENT_3D('',#2980,#2395,#2396);
#2177=AXIS2_PLACEMENT_3D('',#2991,#2401,#2402);
#2178=AXIS2_PLACEMENT_3D('',#2995,#2404,#2405);
#2179=AXIS2_PLACEMENT_3D('',#2999,#2407,#2408);
#2180=AXIS2_PLACEMENT_3D('',#3003,#2410,#2411);
#2181=AXIS2_PLACEMENT_3D('',#3007,#2413,#2414);
#2182=AXIS2_PLACEMENT_3D('',#3011,#2416,#2417);
#2183=AXIS2_PLACEMENT_3D('',#3015,#2419,#2420);
#2184=AXIS2_PLACEMENT_3D('',#3019,#2422,#2423);
#2185=AXIS2_PLACEMENT_3D('',#3022,#2425,#2426);
#2186=AXIS2_PLACEMENT_3D('',#3023,#2427,#2428);
#2187=AXIS2_PLACEMENT_3D('',#3026,#2429,#2430);
#2188=AXIS2_PLACEMENT_3D('',#3034,#2435,#2436);
#2189=AXIS2_PLACEMENT_3D('',#3044,#2441,#2442);
#2190=AXIS2_PLACEMENT_3D('',#3045,#2443,#2444);
#2191=AXIS2_PLACEMENT_3D('',#3051,#2448,#2449);
#2192=AXIS2_PLACEMENT_3D('',#3057,#2453,#2454);
#2193=AXIS2_PLACEMENT_3D('',#3062,#2456,#2457);
#2194=AXIS2_PLACEMENT_3D('',#3068,#2461,#2462);
#2195=AXIS2_PLACEMENT_3D('',#3078,#2467,#2468);
#2196=AXIS2_PLACEMENT_3D('',#3079,#2469,#2470);
#2197=AXIS2_PLACEMENT_3D('',#3085,#2474,#2475);
#2198=AXIS2_PLACEMENT_3D('',#3091,#2479,#2480);
#2199=AXIS2_PLACEMENT_3D('',#3094,#2481,#2482);
#2200=AXIS2_PLACEMENT_3D('',#3102,#2487,#2488);
#2201=AXIS2_PLACEMENT_3D('',#3111,#2493,#2494);
#2202=AXIS2_PLACEMENT_3D('',#3116,#2496,#2497);
#2203=AXIS2_PLACEMENT_3D('',#3119,#2500,#2501);
#2204=AXIS2_PLACEMENT_3D('',#3125,#2505,#2506);
#2205=AXIS2_PLACEMENT_3D('',#3130,#2508,#2509);
#2206=AXIS2_PLACEMENT_3D('',#3136,#2513,#2514);
#2207=AXIS2_PLACEMENT_3D('',#3146,#2519,#2520);
#2208=AXIS2_PLACEMENT_3D('',#3147,#2521,#2522);
#2209=AXIS2_PLACEMENT_3D('',#3153,#2526,#2527);
#2210=AXIS2_PLACEMENT_3D('',#3159,#2531,#2532);
#2211=AXIS2_PLACEMENT_3D('',#3165,#2536,#2537);
#2212=AXIS2_PLACEMENT_3D('',#3168,#2539,#2540);
#2213=AXIS2_PLACEMENT_3D('',#3169,#2541,#2542);
#2214=AXIS2_PLACEMENT_3D('',#3174,#2546,#2547);
#2215=AXIS2_PLACEMENT_3D('',#3177,#2549,#2550);
#2216=AXIS2_PLACEMENT_3D('',#3178,#2551,#2552);
#2217=AXIS2_PLACEMENT_3D('',#3182,#2555,#2556);
#2218=AXIS2_PLACEMENT_3D('',#3188,#2560,#2561);
#2219=AXIS2_PLACEMENT_3D('',#3191,#2563,#2564);
#2220=AXIS2_PLACEMENT_3D('',#3192,#2565,#2566);
#2221=AXIS2_PLACEMENT_3D('',#3215,#2578,#2579);
#2222=AXIS2_PLACEMENT_3D('',#3219,#2581,#2582);
#2223=AXIS2_PLACEMENT_3D('',#3222,#2584,#2585);
#2224=AXIS2_PLACEMENT_3D('',#3224,#2586,#2587);
#2225=AXIS2_PLACEMENT_3D('',#3225,#2588,#2589);
#2226=AXIS2_PLACEMENT_3D('',#3231,#2593,#2594);
#2227=AXIS2_PLACEMENT_3D('',#3234,#2596,#2597);
#2228=AXIS2_PLACEMENT_3D('',#3235,#2598,#2599);
#2229=AXIS2_PLACEMENT_3D('',#3241,#2603,#2604);
#2230=AXIS2_PLACEMENT_3D('',#3246,#2608,#2609);
#2231=AXIS2_PLACEMENT_3D('',#3261,#2619,#2620);
#2232=AXIS2_PLACEMENT_3D('',#3275,#2628,#2629);
#2233=AXIS2_PLACEMENT_3D('',#3281,#2633,#2634);
#2234=AXIS2_PLACEMENT_3D('',#3283,#2636,#2637);
#2235=AXIS2_PLACEMENT_3D('',#3289,#2641,#2642);
#2236=AXIS2_PLACEMENT_3D('',#3293,#2645,#2646);
#2237=AXIS2_PLACEMENT_3D('',#3298,#2650,#2651);
#2238=AXIS2_PLACEMENT_3D('',#3299,#2652,#2653);
#2239=AXIS2_PLACEMENT_3D('',#3301,#2655,#2656);
#2240=AXIS2_PLACEMENT_3D('',#3310,#2661,#2662);
#2241=AXIS2_PLACEMENT_3D('',#3313,#2664,#2665);
#2242=AXIS2_PLACEMENT_3D('',#3314,#2666,#2667);
#2243=AXIS2_PLACEMENT_3D('',#3317,#2669,#2670);
#2244=AXIS2_PLACEMENT_3D('',#3318,#2671,#2672);
#2245=AXIS2_PLACEMENT_3D('',#3320,#2673,#2674);
#2246=AXIS2_PLACEMENT_3D('',#3322,#2676,#2677);
#2247=AXIS2_PLACEMENT_3D('',#3324,#2678,#2679);
#2248=AXIS2_PLACEMENT_3D('',#3326,#2681,#2682);
#2249=AXIS2_PLACEMENT_3D('',#3332,#2686,#2687);
#2250=AXIS2_PLACEMENT_3D('',#3335,#2689,#2690);
#2251=AXIS2_PLACEMENT_3D('',#3336,#2691,#2692);
#2252=AXIS2_PLACEMENT_3D('',#3340,#2695,#2696);
#2253=AXIS2_PLACEMENT_3D('',#3343,#2698,#2699);
#2254=AXIS2_PLACEMENT_3D('',#3344,#2700,#2701);
#2255=AXIS2_PLACEMENT_3D('',#3348,#2704,#2705);
#2256=AXIS2_PLACEMENT_3D('',#3351,#2707,#2708);
#2257=AXIS2_PLACEMENT_3D('',#3352,#2709,#2710);
#2258=AXIS2_PLACEMENT_3D('',#3356,#2713,#2714);
#2259=AXIS2_PLACEMENT_3D('',#3357,#2715,#2716);
#2260=AXIS2_PLACEMENT_3D('',#3358,#2717,#2718);
#2261=AXIS2_PLACEMENT_3D('',#3362,#2720,#2721);
#2262=AXIS2_PLACEMENT_3D('',#3364,#2723,#2724);
#2263=AXIS2_PLACEMENT_3D('',#3368,#2727,#2728);
#2264=AXIS2_PLACEMENT_3D('',#3371,#2730,#2731);
#2265=AXIS2_PLACEMENT_3D('',#3372,#2732,#2733);
#2266=AXIS2_PLACEMENT_3D('',#3377,#2736,#2737);
#2267=AXIS2_PLACEMENT_3D('',#3381,#2739,#2740);
#2268=AXIS2_PLACEMENT_3D('',#3385,#2743,#2744);
#2269=AXIS2_PLACEMENT_3D('',#3387,#2746,#2747);
#2270=AXIS2_PLACEMENT_3D('',#3389,#2748,#2749);
#2271=AXIS2_PLACEMENT_3D('',#3392,#2751,#2752);
#2272=AXIS2_PLACEMENT_3D('',#3393,#2753,#2754);
#2273=AXIS2_PLACEMENT_3D('',#3410,#2766,#2767);
#2274=AXIS2_PLACEMENT_3D('',#3416,#2771,#2772);
#2275=AXIS2_PLACEMENT_3D('',#3418,#2773,#2774);
#2276=AXIS2_PLACEMENT_3D('',#3420,#2776,#2777);
#2277=AXIS2_PLACEMENT_3D('',#3422,#2779,#2780);
#2278=AXIS2_PLACEMENT_3D('',#3424,#2781,#2782);
#2279=AXIS2_PLACEMENT_3D('',#3426,#2784,#2785);
#2280=AXIS2_PLACEMENT_3D('',#3428,#2787,#2788);
#2281=AXIS2_PLACEMENT_3D('',#3430,#2789,#2790);
#2282=AXIS2_PLACEMENT_3D('',#3441,#2796,#2797);
#2283=AXIS2_PLACEMENT_3D('',#3442,#2798,#2799);
#2284=AXIS2_PLACEMENT_3D('',#3445,#2802,#2803);
#2285=AXIS2_PLACEMENT_3D('',#3447,#2805,#2806);
#2286=AXIS2_PLACEMENT_3D('',#3449,#2808,#2809);
#2287=AXIS2_PLACEMENT_3D('',#3451,#2811,#2812);
#2288=AXIS2_PLACEMENT_3D('',#3452,#2813,#2814);
#2289=AXIS2_PLACEMENT_3D('',#3454,#2816,#2817);
#2290=AXIS2_PLACEMENT_3D('',#3455,#2818,#2819);
#2291=AXIS2_PLACEMENT_3D('',#3459,#2822,#2823);
#2292=AXIS2_PLACEMENT_3D('',#3461,#2825,#2826);
#2293=AXIS2_PLACEMENT_3D('',#3463,#2828,#2829);
#2294=AXIS2_PLACEMENT_3D('',#3467,#2832,#2833);
#2295=AXIS2_PLACEMENT_3D('',#3469,#2835,#2836);
#2296=AXIS2_PLACEMENT_3D('',#3470,#2837,#2838);
#2297=AXIS2_PLACEMENT_3D('',#3474,#2841,#2842);
#2298=AXIS2_PLACEMENT_3D('',#3475,#2843,#2844);
#2299=AXIS2_PLACEMENT_3D('',#3476,#2845,#2846);
#2300=AXIS2_PLACEMENT_3D('',#3477,#2847,#2848);
#2301=AXIS2_PLACEMENT_3D('',#3479,#2850,#2851);
#2302=AXIS2_PLACEMENT_3D('',#3481,#2853,#2854);
#2303=AXIS2_PLACEMENT_3D('',#3483,#2856,#2857);
#2304=AXIS2_PLACEMENT_3D('',#3484,#2858,#2859);
#2305=AXIS2_PLACEMENT_3D('',#3486,#2861,#2862);
#2306=AXIS2_PLACEMENT_3D('',#3488,#2864,#2865);
#2307=AXIS2_PLACEMENT_3D('',#3490,#2867,#2868);
#2308=AXIS2_PLACEMENT_3D('',#3491,#2869,#2870);
#2309=AXIS2_PLACEMENT_3D('',#3492,#2871,#2872);
#2310=AXIS2_PLACEMENT_3D('',#3493,#2873,#2874);
#2311=AXIS2_PLACEMENT_3D('',#3495,#2875,#2876);
#2312=AXIS2_PLACEMENT_3D('',#3498,#2878,#2879);
#2313=AXIS2_PLACEMENT_3D('',#3500,#2880,#2881);
#2314=AXIS2_PLACEMENT_3D('',#3504,#2883,#2884);
#2315=AXIS2_PLACEMENT_3D('',#3508,#2886,#2887);
#2316=AXIS2_PLACEMENT_3D('',#3511,#2889,#2890);
#2317=AXIS2_PLACEMENT_3D('',#3512,#2891,#2892);
#2318=AXIS2_PLACEMENT_3D('',#3514,#2894,#2895);
#2319=AXIS2_PLACEMENT_3D('',#3516,#2897,#2898);
#2320=AXIS2_PLACEMENT_3D('',#3517,#2899,#2900);
#2321=AXIS2_PLACEMENT_3D('',#3520,#2903,#2904);
#2322=AXIS2_PLACEMENT_3D('',#3521,#2905,#2906);
#2323=AXIS2_PLACEMENT_3D('',#3523,#2908,#2909);
#2324=AXIS2_PLACEMENT_3D('',#3525,#2911,#2912);
#2325=AXIS2_PLACEMENT_3D('',#3527,#2914,#2915);
#2326=AXIS2_PLACEMENT_3D('',#3529,#2917,#2918);
#2327=DIRECTION('axis',(0.,0.,1.));
#2328=DIRECTION('refdir',(1.,0.,0.));
#2329=DIRECTION('center_axis',(0.,-1.,0.));
#2330=DIRECTION('ref_axis',(1.,0.,0.));
#2331=DIRECTION('center_axis',(0.,-1.,0.));
#2332=DIRECTION('ref_axis',(1.,0.,0.));
#2333=DIRECTION('',(0.,-1.,0.));
#2334=DIRECTION('center_axis',(0.,1.,0.));
#2335=DIRECTION('ref_axis',(1.,0.,0.));
#2336=DIRECTION('center_axis',(0.,-1.,0.));
#2337=DIRECTION('ref_axis',(1.,0.,0.));
#2338=DIRECTION('center_axis',(0.,-1.,0.));
#2339=DIRECTION('ref_axis',(1.,0.,0.));
#2340=DIRECTION('',(0.,-1.,0.));
#2341=DIRECTION('center_axis',(0.,1.,0.));
#2342=DIRECTION('ref_axis',(1.,0.,0.));
#2343=DIRECTION('center_axis',(0.,1.,0.));
#2344=DIRECTION('ref_axis',(1.,0.,0.));
#2345=DIRECTION('center_axis',(0.,-1.,0.));
#2346=DIRECTION('ref_axis',(1.,0.,0.));
#2347=DIRECTION('center_axis',(0.,-1.,0.));
#2348=DIRECTION('ref_axis',(1.,0.,0.));
#2349=DIRECTION('center_axis',(0.,-1.,0.));
#2350=DIRECTION('ref_axis',(1.,0.,0.));
#2351=DIRECTION('',(0.,-1.,0.));
#2352=DIRECTION('center_axis',(0.,1.,0.));
#2353=DIRECTION('ref_axis',(1.,0.,0.));
#2354=DIRECTION('center_axis',(0.,1.,0.));
#2355=DIRECTION('ref_axis',(1.,0.,0.));
#2356=DIRECTION('center_axis',(0.,-1.,0.));
#2357=DIRECTION('ref_axis',(1.,0.,0.));
#2358=DIRECTION('center_axis',(0.,-1.,0.));
#2359=DIRECTION('ref_axis',(1.,0.,0.));
#2360=DIRECTION('',(0.,-1.,0.));
#2361=DIRECTION('center_axis',(0.,1.,0.));
#2362=DIRECTION('ref_axis',(1.,0.,0.));
#2363=DIRECTION('center_axis',(0.,1.,0.));
#2364=DIRECTION('ref_axis',(1.,0.,0.));
#2365=DIRECTION('center_axis',(0.,-1.,0.));
#2366=DIRECTION('ref_axis',(1.,0.,0.));
#2367=DIRECTION('center_axis',(0.,-1.,0.));
#2368=DIRECTION('ref_axis',(1.,0.,0.));
#2369=DIRECTION('center_axis',(0.,-1.,0.));
#2370=DIRECTION('ref_axis',(1.,0.,0.));
#2371=DIRECTION('',(0.,-1.,0.));
#2372=DIRECTION('center_axis',(0.,1.,0.));
#2373=DIRECTION('ref_axis',(1.,0.,0.));
#2374=DIRECTION('center_axis',(0.,1.,0.));
#2375=DIRECTION('ref_axis',(1.,0.,0.));
#2376=DIRECTION('center_axis',(0.,-1.,0.));
#2377=DIRECTION('ref_axis',(1.,0.,0.));
#2378=DIRECTION('center_axis',(0.,-1.,0.));
#2379=DIRECTION('ref_axis',(1.,0.,0.));
#2380=DIRECTION('',(0.,-1.,0.));
#2381=DIRECTION('center_axis',(0.,1.,0.));
#2382=DIRECTION('ref_axis',(1.,0.,0.));
#2383=DIRECTION('center_axis',(0.,1.,0.));
#2384=DIRECTION('ref_axis',(1.,0.,0.));
#2385=DIRECTION('',(0.,0.,-1.));
#2386=DIRECTION('center_axis',(0.,1.,0.));
#2387=DIRECTION('ref_axis',(0.,0.,1.));
#2388=DIRECTION('',(1.,0.,0.));
#2389=DIRECTION('center_axis',(0.,1.,0.));
#2390=DIRECTION('ref_axis',(-1.,0.,0.));
#2391=DIRECTION('',(0.,0.,1.));
#2392=DIRECTION('center_axis',(0.,1.,0.));
#2393=DIRECTION('ref_axis',(0.,0.,-1.));
#2394=DIRECTION('',(-1.,0.,0.));
#2395=DIRECTION('center_axis',(0.,1.,0.));
#2396=DIRECTION('ref_axis',(1.,0.,0.));
#2397=DIRECTION('',(-1.,0.,0.));
#2398=DIRECTION('',(0.,0.,1.));
#2399=DIRECTION('',(1.,0.,0.));
#2400=DIRECTION('',(0.,0.,-1.));
#2401=DIRECTION('center_axis',(0.,1.,0.));
#2402=DIRECTION('ref_axis',(0.,0.,-1.));
#2403=DIRECTION('',(0.,1.2091457554007E-16,1.));
#2404=DIRECTION('center_axis',(0.,1.,0.));
#2405=DIRECTION('ref_axis',(-1.,0.,0.));
#2406=DIRECTION('',(1.,0.,0.));
#2407=DIRECTION('center_axis',(0.,1.,0.));
#2408=DIRECTION('ref_axis',(0.,0.,1.));
#2409=DIRECTION('',(0.,-1.2091457554007E-16,-1.));
#2410=DIRECTION('center_axis',(0.,1.,0.));
#2411=DIRECTION('ref_axis',(1.,0.,0.));
#2412=DIRECTION('',(-1.,0.,0.));
#2413=DIRECTION('center_axis',(-3.30302773964363E-16,1.,-3.96663426820461E-15));
#2414=DIRECTION('ref_axis',(0.,3.96663426820461E-15,1.));
#2415=DIRECTION('',(2.39123458767548E-16,0.,-1.));
#2416=DIRECTION('center_axis',(0.,1.,0.));
#2417=DIRECTION('ref_axis',(1.,0.,0.));
#2418=DIRECTION('',(-1.,0.,0.));
#2419=DIRECTION('center_axis',(0.,1.,0.));
#2420=DIRECTION('ref_axis',(0.,0.,-1.));
#2421=DIRECTION('',(0.,0.,1.));
#2422=DIRECTION('center_axis',(0.,1.,0.));
#2423=DIRECTION('ref_axis',(-1.,0.,0.));
#2424=DIRECTION('',(1.,-3.62740407058534E-31,0.));
#2425=DIRECTION('center_axis',(0.,-1.,0.));
#2426=DIRECTION('ref_axis',(1.,0.,0.));
#2427=DIRECTION('center_axis',(-1.,0.,0.));
#2428=DIRECTION('ref_axis',(0.,0.,-1.));
#2429=DIRECTION('center_axis',(1.,0.,0.));
#2430=DIRECTION('ref_axis',(0.,-1.,0.));
#2431=DIRECTION('',(0.,0.,-1.));
#2432=DIRECTION('',(0.,-1.,0.));
#2433=DIRECTION('',(0.,0.,-1.));
#2434=DIRECTION('',(0.,1.,0.));
#2435=DIRECTION('center_axis',(-1.,0.,0.));
#2436=DIRECTION('ref_axis',(0.,0.,-1.));
#2437=DIRECTION('',(0.,-1.,0.));
#2438=DIRECTION('',(0.,0.,-1.));
#2439=DIRECTION('',(0.,-1.,0.));
#2440=DIRECTION('',(0.,0.,-1.));
#2441=DIRECTION('center_axis',(1.,0.,0.));
#2442=DIRECTION('ref_axis',(0.,0.,1.));
#2443=DIRECTION('center_axis',(0.,0.,1.));
#2444=DIRECTION('ref_axis',(-1.,0.,0.));
#2445=DIRECTION('',(-1.,0.,0.));
#2446=DIRECTION('',(0.,1.,0.));
#2447=DIRECTION('',(-1.,0.,0.));
#2448=DIRECTION('center_axis',(0.,0.,-1.));
#2449=DIRECTION('ref_axis',(1.,0.,0.));
#2450=DIRECTION('',(1.,0.,0.));
#2451=DIRECTION('',(1.,0.,0.));
#2452=DIRECTION('',(0.,-1.,0.));
#2453=DIRECTION('center_axis',(-1.,0.,0.));
#2454=DIRECTION('ref_axis',(0.,0.,-1.));
#2455=DIRECTION('',(0.,1.,0.));
#2456=DIRECTION('center_axis',(1.,0.,0.));
#2457=DIRECTION('ref_axis',(0.,-1.,0.));
#2458=DIRECTION('',(0.,0.,-1.));
#2459=DIRECTION('',(0.,-1.,0.));
#2460=DIRECTION('',(0.,0.,-1.));
#2461=DIRECTION('center_axis',(-1.,0.,0.));
#2462=DIRECTION('ref_axis',(0.,0.,-1.));
#2463=DIRECTION('',(0.,-1.,0.));
#2464=DIRECTION('',(0.,0.,-1.));
#2465=DIRECTION('',(0.,-1.,0.));
#2466=DIRECTION('',(0.,0.,-1.));
#2467=DIRECTION('center_axis',(1.,0.,0.));
#2468=DIRECTION('ref_axis',(0.,0.,1.));
#2469=DIRECTION('center_axis',(0.,0.,-1.));
#2470=DIRECTION('ref_axis',(1.,0.,0.));
#2471=DIRECTION('',(1.,0.,0.));
#2472=DIRECTION('',(1.,0.,0.));
#2473=DIRECTION('',(0.,-1.,0.));
#2474=DIRECTION('center_axis',(0.,0.,1.));
#2475=DIRECTION('ref_axis',(-1.,0.,0.));
#2476=DIRECTION('',(-1.,0.,0.));
#2477=DIRECTION('',(0.,1.,0.));
#2478=DIRECTION('',(-1.,0.,0.));
#2479=DIRECTION('center_axis',(1.,0.,0.));
#2480=DIRECTION('ref_axis',(0.,0.,1.));
#2481=DIRECTION('center_axis',(-1.,0.,0.));
#2482=DIRECTION('ref_axis',(0.,-1.,0.));
#2483=DIRECTION('',(0.,-1.,0.));
#2484=DIRECTION('',(0.,0.,1.));
#2485=DIRECTION('',(0.,-1.,0.));
#2486=DIRECTION('',(0.,0.,1.));
#2487=DIRECTION('center_axis',(0.,0.,1.));
#2488=DIRECTION('ref_axis',(-1.,0.,0.));
#2489=DIRECTION('',(-1.,0.,0.));
#2490=DIRECTION('',(0.,-1.,0.));
#2491=DIRECTION('',(-1.,0.,0.));
#2492=DIRECTION('',(0.,-1.,0.));
#2493=DIRECTION('center_axis',(1.,0.,0.));
#2494=DIRECTION('ref_axis',(0.,0.,1.));
#2495=DIRECTION('',(0.,1.,0.));
#2496=DIRECTION('center_axis',(-1.,0.,0.));
#2497=DIRECTION('ref_axis',(0.,0.,1.));
#2498=DIRECTION('',(0.,0.,1.));
#2499=DIRECTION('',(0.,0.,1.));
#2500=DIRECTION('center_axis',(0.,0.,-1.));
#2501=DIRECTION('ref_axis',(1.,0.,0.));
#2502=DIRECTION('',(1.,0.,0.));
#2503=DIRECTION('',(0.,1.,0.));
#2504=DIRECTION('',(1.,0.,0.));
#2505=DIRECTION('center_axis',(1.,0.,0.));
#2506=DIRECTION('ref_axis',(0.,0.,1.));
#2507=DIRECTION('',(0.,1.,0.));
#2508=DIRECTION('center_axis',(-1.,0.,0.));
#2509=DIRECTION('ref_axis',(0.,0.,1.));
#2510=DIRECTION('',(0.,0.,1.));
#2511=DIRECTION('',(0.,-1.,0.));
#2512=DIRECTION('',(0.,0.,1.));
#2513=DIRECTION('center_axis',(1.,0.,0.));
#2514=DIRECTION('ref_axis',(0.,0.,1.));
#2515=DIRECTION('',(0.,-1.,0.));
#2516=DIRECTION('',(0.,0.,1.));
#2517=DIRECTION('',(0.,-1.,0.));
#2518=DIRECTION('',(0.,0.,1.));
#2519=DIRECTION('center_axis',(-1.,0.,0.));
#2520=DIRECTION('ref_axis',(0.,-1.,0.));
#2521=DIRECTION('center_axis',(0.,0.,1.));
#2522=DIRECTION('ref_axis',(-1.,0.,0.));
#2523=DIRECTION('',(-1.,0.,0.));
#2524=DIRECTION('',(-1.,0.,0.));
#2525=DIRECTION('',(0.,-1.,0.));
#2526=DIRECTION('center_axis',(0.,0.,-1.));
#2527=DIRECTION('ref_axis',(1.,0.,0.));
#2528=DIRECTION('',(1.,0.,0.));
#2529=DIRECTION('',(0.,1.,0.));
#2530=DIRECTION('',(1.,0.,0.));
#2531=DIRECTION('center_axis',(0.,0.,1.));
#2532=DIRECTION('ref_axis',(0.,1.,0.));
#2533=DIRECTION('',(-1.,0.,0.));
#2534=DIRECTION('',(0.,-1.,0.));
#2535=DIRECTION('',(1.,0.,0.));
#2536=DIRECTION('center_axis',(-1.,0.,0.));
#2537=DIRECTION('ref_axis',(0.,0.,1.));
#2538=DIRECTION('',(-1.,0.,0.));
#2539=DIRECTION('center_axis',(1.,0.,0.));
#2540=DIRECTION('ref_axis',(0.,0.,1.));
#2541=DIRECTION('center_axis',(0.,-1.,-1.07009448156642E-15));
#2542=DIRECTION('ref_axis',(0.,-1.07009448156642E-15,1.));
#2543=DIRECTION('',(-1.,0.,0.));
#2544=DIRECTION('',(0.,1.07009448156642E-15,-1.));
#2545=DIRECTION('',(0.,0.,1.));
#2546=DIRECTION('center_axis',(-1.,0.,0.));
#2547=DIRECTION('ref_axis',(0.,-1.,0.));
#2548=DIRECTION('',(-1.,0.,0.));
#2549=DIRECTION('center_axis',(1.,0.,0.));
#2550=DIRECTION('ref_axis',(0.,-1.,0.));
#2551=DIRECTION('center_axis',(0.,0.,-1.));
#2552=DIRECTION('ref_axis',(0.,-1.,0.));
#2553=DIRECTION('',(-1.,0.,0.));
#2554=DIRECTION('',(0.,1.,0.));
#2555=DIRECTION('center_axis',(0.,0.,1.));
#2556=DIRECTION('ref_axis',(0.,1.,0.));
#2557=DIRECTION('',(-1.,0.,0.));
#2558=DIRECTION('',(0.,-1.,0.));
#2559=DIRECTION('',(1.,0.,0.));
#2560=DIRECTION('center_axis',(-1.,0.,0.));
#2561=DIRECTION('ref_axis',(0.,0.,1.));
#2562=DIRECTION('',(-1.,0.,0.));
#2563=DIRECTION('center_axis',(1.,0.,0.));
#2564=DIRECTION('ref_axis',(0.,0.,1.));
#2565=DIRECTION('center_axis',(0.,-1.,0.));
#2566=DIRECTION('ref_axis',(-1.,0.,0.));
#2567=DIRECTION('',(0.,0.,1.));
#2568=DIRECTION('',(-1.,0.,0.));
#2569=DIRECTION('',(0.,0.,1.));
#2570=DIRECTION('',(-1.,0.,0.));
#2571=DIRECTION('',(0.,0.,1.));
#2572=DIRECTION('',(-1.,0.,0.));
#2573=DIRECTION('',(0.,0.,-1.));
#2574=DIRECTION('',(-1.,0.,0.));
#2575=DIRECTION('',(0.,0.,-1.));
#2576=DIRECTION('',(-1.,0.,0.));
#2577=DIRECTION('',(0.,0.,1.));
#2578=DIRECTION('center_axis',(0.,-1.,0.));
#2579=DIRECTION('ref_axis',(1.,0.,0.));
#2580=DIRECTION('',(1.,0.,0.));
#2581=DIRECTION('center_axis',(0.,-1.,0.));
#2582=DIRECTION('ref_axis',(0.,0.,-1.));
#2583=DIRECTION('',(0.,0.,-1.));
#2584=DIRECTION('center_axis',(0.,1.,0.));
#2585=DIRECTION('ref_axis',(1.,0.,0.));
#2586=DIRECTION('center_axis',(0.,1.,0.));
#2587=DIRECTION('ref_axis',(1.,0.,0.));
#2588=DIRECTION('center_axis',(0.,0.,-1.));
#2589=DIRECTION('ref_axis',(0.,-1.,0.));
#2590=DIRECTION('',(-1.,0.,0.));
#2591=DIRECTION('',(0.,-1.,0.));
#2592=DIRECTION('',(-1.,0.,0.));
#2593=DIRECTION('center_axis',(-1.,0.,0.));
#2594=DIRECTION('ref_axis',(0.,-1.,0.));
#2595=DIRECTION('',(-1.,0.,0.));
#2596=DIRECTION('center_axis',(-1.,0.,0.));
#2597=DIRECTION('ref_axis',(0.,-1.,0.));
#2598=DIRECTION('center_axis',(0.,0.,1.));
#2599=DIRECTION('ref_axis',(0.,1.,0.));
#2600=DIRECTION('',(1.,0.,0.));
#2601=DIRECTION('',(0.,1.,0.));
#2602=DIRECTION('',(-1.,0.,0.));
#2603=DIRECTION('center_axis',(0.,-1.,0.));
#2604=DIRECTION('ref_axis',(0.,0.,1.));
#2605=DIRECTION('',(-1.,0.,0.));
#2606=DIRECTION('',(0.,0.,1.));
#2607=DIRECTION('',(0.,0.,-1.));
#2608=DIRECTION('center_axis',(-1.,0.,0.));
#2609=DIRECTION('ref_axis',(0.,-1.2091457554007E-16,-1.));
#2610=DIRECTION('',(0.,0.,-1.));
#2611=DIRECTION('',(0.,-1.,0.));
#2612=DIRECTION('',(0.,0.,-1.));
#2613=DIRECTION('',(0.,1.,0.));
#2614=DIRECTION('',(0.,-1.,0.));
#2615=DIRECTION('',(0.,0.,1.));
#2616=DIRECTION('',(0.,-1.,0.));
#2617=DIRECTION('',(0.,0.,-1.));
#2618=DIRECTION('',(0.,0.,-1.));
#2619=DIRECTION('center_axis',(0.,0.,1.));
#2620=DIRECTION('ref_axis',(-1.,0.,0.));
#2621=DIRECTION('',(1.,0.,0.));
#2622=DIRECTION('',(0.,-1.,0.));
#2623=DIRECTION('',(-1.,0.,0.));
#2624=DIRECTION('',(0.,1.,0.));
#2625=DIRECTION('',(1.,0.,0.));
#2626=DIRECTION('',(0.,1.,0.));
#2627=DIRECTION('',(0.,-1.,0.));
#2628=DIRECTION('center_axis',(0.,-1.,0.));
#2629=DIRECTION('ref_axis',(0.,0.,-1.));
#2630=DIRECTION('',(0.,0.,-1.));
#2631=DIRECTION('',(-1.,0.,0.));
#2632=DIRECTION('',(0.,0.,-1.));
#2633=DIRECTION('center_axis',(1.,0.,0.));
#2634=DIRECTION('ref_axis',(0.,0.,1.));
#2635=DIRECTION('',(0.,1.,0.));
#2636=DIRECTION('center_axis',(1.,0.,1.73066925553053E-16));
#2637=DIRECTION('ref_axis',(-1.73066925553053E-16,0.,1.));
#2638=DIRECTION('',(-1.73066925553053E-16,0.,1.));
#2639=DIRECTION('',(0.,-1.,0.));
#2640=DIRECTION('',(-1.73066925553053E-16,0.,1.));
#2641=DIRECTION('center_axis',(1.,0.,0.));
#2642=DIRECTION('ref_axis',(0.,0.,1.));
#2643=DIRECTION('',(0.,0.,1.));
#2644=DIRECTION('',(0.,-1.,0.));
#2645=DIRECTION('center_axis',(0.,0.,-1.));
#2646=DIRECTION('ref_axis',(1.,0.,0.));
#2647=DIRECTION('',(1.,0.,0.));
#2648=DIRECTION('',(0.,1.,0.));
#2649=DIRECTION('',(-1.,0.,0.));
#2650=DIRECTION('center_axis',(0.,-1.,0.));
#2651=DIRECTION('ref_axis',(0.,0.,-1.));
#2652=DIRECTION('center_axis',(-1.,0.,0.));
#2653=DIRECTION('ref_axis',(0.,0.,-1.));
#2654=DIRECTION('',(0.,0.,-1.));
#2655=DIRECTION('center_axis',(0.,0.,-1.));
#2656=DIRECTION('ref_axis',(1.,0.,0.));
#2657=DIRECTION('',(-1.,0.,0.));
#2658=DIRECTION('',(0.,-1.,0.));
#2659=DIRECTION('',(1.,0.,0.));
#2660=DIRECTION('',(0.,1.,0.));
#2661=DIRECTION('center_axis',(0.,-1.,0.));
#2662=DIRECTION('ref_axis',(1.,0.,0.));
#2663=DIRECTION('',(0.707106781186548,0.707106781186548,8.65956056235493E-17));
#2664=DIRECTION('center_axis',(0.,1.,0.));
#2665=DIRECTION('ref_axis',(1.,0.,0.));
#2666=DIRECTION('center_axis',(0.,-1.,0.));
#2667=DIRECTION('ref_axis',(1.,0.,0.));
#2668=DIRECTION('',(0.,1.,0.));
#2669=DIRECTION('center_axis',(0.,1.,0.));
#2670=DIRECTION('ref_axis',(1.,0.,0.));
#2671=DIRECTION('center_axis',(0.,-1.,0.));
#2672=DIRECTION('ref_axis',(1.,0.,0.));
#2673=DIRECTION('center_axis',(0.,-1.,0.));
#2674=DIRECTION('ref_axis',(1.,0.,0.));
#2675=DIRECTION('',(0.,-1.,0.));
#2676=DIRECTION('center_axis',(0.,-1.,0.));
#2677=DIRECTION('ref_axis',(1.,0.,0.));
#2678=DIRECTION('center_axis',(0.,-1.,0.));
#2679=DIRECTION('ref_axis',(1.,0.,0.));
#2680=DIRECTION('',(0.,-1.,0.));
#2681=DIRECTION('center_axis',(0.707106781186547,-0.707106781186548,0.));
#2682=DIRECTION('ref_axis',(0.,0.,-1.));
#2683=DIRECTION('',(-0.707106781186548,-0.707106781186547,3.14018491736755E-15));
#2684=DIRECTION('',(0.707106781186548,0.707106781186547,0.));
#2685=DIRECTION('',(0.,0.,1.));
#2686=DIRECTION('center_axis',(0.,1.,0.));
#2687=DIRECTION('ref_axis',(0.,0.,1.));
#2688=DIRECTION('',(0.,-0.707106781186549,-0.707106781186546));
#2689=DIRECTION('center_axis',(0.,-1.,0.));
#2690=DIRECTION('ref_axis',(0.,0.,1.));
#2691=DIRECTION('center_axis',(0.,-0.707106781186548,0.707106781186547));
#2692=DIRECTION('ref_axis',(1.,0.,0.));
#2693=DIRECTION('',(-1.57009245868377E-15,-0.707106781186547,-0.707106781186548));
#2694=DIRECTION('',(-1.,0.,0.));
#2695=DIRECTION('center_axis',(0.,1.,0.));
#2696=DIRECTION('ref_axis',(-1.,0.,0.));
#2697=DIRECTION('',(0.707106781186548,-0.707106781186547,0.));
#2698=DIRECTION('center_axis',(0.,-1.,0.));
#2699=DIRECTION('ref_axis',(-1.,0.,0.));
#2700=DIRECTION('center_axis',(-0.707106781186547,-0.707106781186548,0.));
#2701=DIRECTION('ref_axis',(0.,0.,1.));
#2702=DIRECTION('',(0.707106781186548,-0.707106781186547,3.14018491736755E-15));
#2703=DIRECTION('',(0.,0.,-1.));
#2704=DIRECTION('center_axis',(0.,1.,0.));
#2705=DIRECTION('ref_axis',(0.,0.,-1.));
#2706=DIRECTION('',(0.,-0.707106781186547,0.707106781186548));
#2707=DIRECTION('center_axis',(0.,-1.,0.));
#2708=DIRECTION('ref_axis',(0.,0.,-1.));
#2709=DIRECTION('center_axis',(0.,-0.707106781186548,-0.707106781186547));
#2710=DIRECTION('ref_axis',(-1.,0.,0.));
#2711=DIRECTION('',(1.57009245868378E-15,-0.70710678118655,0.707106781186545));
#2712=DIRECTION('',(1.,0.,0.));
#2713=DIRECTION('center_axis',(0.,1.,0.));
#2714=DIRECTION('ref_axis',(1.,0.,0.));
#2715=DIRECTION('center_axis',(0.,-1.,0.));
#2716=DIRECTION('ref_axis',(1.,0.,0.));
#2717=DIRECTION('center_axis',(0.,-1.,0.));
#2718=DIRECTION('ref_axis',(-1.,0.,0.));
#2719=DIRECTION('',(0.,-1.,0.));
#2720=DIRECTION('center_axis',(0.,-1.,0.));
#2721=DIRECTION('ref_axis',(-1.,0.,0.));
#2722=DIRECTION('',(0.,-1.,0.));
#2723=DIRECTION('center_axis',(0.,0.,1.));
#2724=DIRECTION('ref_axis',(-1.,0.,0.));
#2725=DIRECTION('',(0.,-1.,0.));
#2726=DIRECTION('',(-1.,0.,0.));
#2727=DIRECTION('center_axis',(0.,-1.,0.));
#2728=DIRECTION('ref_axis',(0.,0.,1.));
#2729=DIRECTION('',(0.,-1.,0.));
#2730=DIRECTION('center_axis',(0.,-1.,0.));
#2731=DIRECTION('ref_axis',(0.,0.,1.));
#2732=DIRECTION('center_axis',(1.,0.,0.));
#2733=DIRECTION('ref_axis',(0.,0.,1.));
#2734=DIRECTION('',(0.,-1.,0.));
#2735=DIRECTION('',(0.,-1.,0.));
#2736=DIRECTION('center_axis',(-1.,0.,0.));
#2737=DIRECTION('ref_axis',(0.,-1.,0.));
#2738=DIRECTION('',(0.,-1.07009448156642E-15,1.));
#2739=DIRECTION('center_axis',(-1.,0.,0.));
#2740=DIRECTION('ref_axis',(0.,0.,1.));
#2741=DIRECTION('',(0.,1.,0.));
#2742=DIRECTION('',(0.,0.,1.));
#2743=DIRECTION('center_axis',(-1.,0.,0.));
#2744=DIRECTION('ref_axis',(0.,0.,1.));
#2745=DIRECTION('',(0.,0.,1.));
#2746=DIRECTION('center_axis',(0.,-1.,0.));
#2747=DIRECTION('ref_axis',(-1.,0.,0.));
#2748=DIRECTION('center_axis',(0.,-1.,0.));
#2749=DIRECTION('ref_axis',(-1.,0.,0.));
#2750=DIRECTION('',(0.,-1.,0.));
#2751=DIRECTION('center_axis',(0.,1.,0.));
#2752=DIRECTION('ref_axis',(-1.,0.,0.));
#2753=DIRECTION('center_axis',(1.,0.,0.));
#2754=DIRECTION('ref_axis',(0.,0.,1.));
#2755=DIRECTION('',(0.,0.,1.));
#2756=DIRECTION('',(0.,0.,1.));
#2757=DIRECTION('',(0.,0.,1.));
#2758=DIRECTION('',(0.,0.,-1.));
#2759=DIRECTION('',(0.,-1.,0.));
#2760=DIRECTION('',(0.,-1.,0.));
#2761=DIRECTION('',(0.,-1.2091457554007E-16,-1.));
#2762=DIRECTION('',(0.,-1.,0.));
#2763=DIRECTION('',(0.,-1.,0.));
#2764=DIRECTION('',(0.,0.,1.));
#2765=DIRECTION('',(0.,1.,0.));
#2766=DIRECTION('center_axis',(-1.,0.,0.));
#2767=DIRECTION('ref_axis',(0.,0.,-1.));
#2768=DIRECTION('',(0.,1.,0.));
#2769=DIRECTION('',(0.,0.,-1.));
#2770=DIRECTION('',(0.,-1.,0.));
#2771=DIRECTION('center_axis',(0.,-1.,0.));
#2772=DIRECTION('ref_axis',(1.,0.,0.));
#2773=DIRECTION('center_axis',(0.,1.,0.));
#2774=DIRECTION('ref_axis',(1.,0.,0.));
#2775=DIRECTION('',(0.,1.,0.));
#2776=DIRECTION('center_axis',(0.,0.,1.));
#2777=DIRECTION('ref_axis',(-1.,0.,0.));
#2778=DIRECTION('',(-1.,0.,0.));
#2779=DIRECTION('center_axis',(0.,1.,0.));
#2780=DIRECTION('ref_axis',(1.,0.,0.));
#2781=DIRECTION('center_axis',(0.,1.,0.));
#2782=DIRECTION('ref_axis',(1.,0.,0.));
#2783=DIRECTION('',(-1.,0.,0.));
#2784=DIRECTION('center_axis',(0.,-1.,0.));
#2785=DIRECTION('ref_axis',(1.,0.,0.));
#2786=DIRECTION('',(0.,1.,0.));
#2787=DIRECTION('center_axis',(0.,1.,0.));
#2788=DIRECTION('ref_axis',(1.,0.,0.));
#2789=DIRECTION('center_axis',(0.,1.,0.));
#2790=DIRECTION('ref_axis',(0.,0.,-1.));
#2791=DIRECTION('',(-1.,0.,0.));
#2792=DIRECTION('',(0.,0.,1.));
#2793=DIRECTION('',(-1.,-1.30954639219836E-14,0.));
#2794=DIRECTION('',(0.,0.,1.));
#2795=DIRECTION('',(-1.,0.,0.));
#2796=DIRECTION('center_axis',(0.,1.,0.));
#2797=DIRECTION('ref_axis',(1.,0.,0.));
#2798=DIRECTION('center_axis',(1.,0.,0.));
#2799=DIRECTION('ref_axis',(0.,0.,1.));
#2800=DIRECTION('',(0.,-1.,0.));
#2801=DIRECTION('',(0.,-1.,0.));
#2802=DIRECTION('center_axis',(0.,0.,1.));
#2803=DIRECTION('ref_axis',(-1.,-1.30954639219836E-14,0.));
#2804=DIRECTION('',(0.,-1.,0.));
#2805=DIRECTION('center_axis',(0.,-1.,0.));
#2806=DIRECTION('ref_axis',(1.,0.,0.));
#2807=DIRECTION('',(0.,1.,0.));
#2808=DIRECTION('center_axis',(0.,0.,1.));
#2809=DIRECTION('ref_axis',(-1.,0.,0.));
#2810=DIRECTION('',(0.,-1.,0.));
#2811=DIRECTION('center_axis',(1.,0.,0.));
#2812=DIRECTION('ref_axis',(0.,0.,1.));
#2813=DIRECTION('center_axis',(0.,-1.,0.));
#2814=DIRECTION('ref_axis',(-1.,0.,0.));
#2815=DIRECTION('',(0.,0.,-1.));
#2816=DIRECTION('center_axis',(0.,1.,0.));
#2817=DIRECTION('ref_axis',(0.,0.,1.));
#2818=DIRECTION('center_axis',(0.,-1.,0.));
#2819=DIRECTION('ref_axis',(-1.,0.,0.));
#2820=DIRECTION('',(0.,0.,-1.));
#2821=DIRECTION('',(-1.,0.,0.));
#2822=DIRECTION('center_axis',(0.,-1.,0.));
#2823=DIRECTION('ref_axis',(-1.,0.,0.));
#2824=DIRECTION('',(1.,0.,0.));
#2825=DIRECTION('center_axis',(0.,0.,1.));
#2826=DIRECTION('ref_axis',(0.,1.,0.));
#2827=DIRECTION('',(-1.,0.,0.));
#2828=DIRECTION('center_axis',(0.,0.,-1.));
#2829=DIRECTION('ref_axis',(0.,-1.,0.));
#2830=DIRECTION('',(0.,1.,0.));
#2831=DIRECTION('',(-1.,0.,0.));
#2832=DIRECTION('center_axis',(0.,0.,1.));
#2833=DIRECTION('ref_axis',(-1.,0.,0.));
#2834=DIRECTION('',(0.,1.,0.));
#2835=DIRECTION('center_axis',(0.,-1.,0.));
#2836=DIRECTION('ref_axis',(0.,0.,-1.));
#2837=DIRECTION('center_axis',(0.,-1.,0.));
#2838=DIRECTION('ref_axis',(0.,0.,1.));
#2839=DIRECTION('',(-1.,0.,0.));
#2840=DIRECTION('',(0.,0.,-1.));
#2841=DIRECTION('center_axis',(-1.,0.,0.));
#2842=DIRECTION('ref_axis',(0.,0.,1.));
#2843=DIRECTION('center_axis',(-1.,0.,0.));
#2844=DIRECTION('ref_axis',(0.,-1.,0.));
#2845=DIRECTION('center_axis',(1.,0.,0.));
#2846=DIRECTION('ref_axis',(0.,-1.,0.));
#2847=DIRECTION('center_axis',(0.,0.,-1.));
#2848=DIRECTION('ref_axis',(0.,-1.,0.));
#2849=DIRECTION('',(-1.,0.,0.));
#2850=DIRECTION('center_axis',(-1.,0.,0.));
#2851=DIRECTION('ref_axis',(0.,-1.,0.));
#2852=DIRECTION('',(-1.,0.,0.));
#2853=DIRECTION('center_axis',(0.,-1.,-1.07009448156642E-15));
#2854=DIRECTION('ref_axis',(0.,-1.07009448156642E-15,1.));
#2855=DIRECTION('',(-1.,0.,0.));
#2856=DIRECTION('center_axis',(-1.,0.,0.));
#2857=DIRECTION('ref_axis',(0.,0.,1.));
#2858=DIRECTION('center_axis',(0.,-1.,0.));
#2859=DIRECTION('ref_axis',(1.,0.,0.));
#2860=DIRECTION('',(0.,-1.,0.));
#2861=DIRECTION('center_axis',(0.,0.,-1.));
#2862=DIRECTION('ref_axis',(1.,0.,0.));
#2863=DIRECTION('',(0.,-1.,0.));
#2864=DIRECTION('center_axis',(0.,-1.,0.));
#2865=DIRECTION('ref_axis',(0.,0.,-1.));
#2866=DIRECTION('',(0.,-1.,0.));
#2867=DIRECTION('center_axis',(-1.,0.,0.));
#2868=DIRECTION('ref_axis',(0.,0.,-1.));
#2869=DIRECTION('center_axis',(0.,-1.,0.));
#2870=DIRECTION('ref_axis',(0.,0.,1.));
#2871=DIRECTION('center_axis',(0.,-1.,0.));
#2872=DIRECTION('ref_axis',(0.,0.,1.));
#2873=DIRECTION('center_axis',(0.,1.,0.));
#2874=DIRECTION('ref_axis',(1.,0.,0.));
#2875=DIRECTION('center_axis',(0.,1.,0.));
#2876=DIRECTION('ref_axis',(0.,0.,1.));
#2877=DIRECTION('',(1.,0.,0.));
#2878=DIRECTION('center_axis',(0.,1.,0.));
#2879=DIRECTION('ref_axis',(-1.,0.,0.));
#2880=DIRECTION('center_axis',(0.,1.,0.));
#2881=DIRECTION('ref_axis',(0.,0.,-1.));
#2882=DIRECTION('',(-1.,0.,0.));
#2883=DIRECTION('center_axis',(0.,1.,0.));
#2884=DIRECTION('ref_axis',(1.,0.,0.));
#2885=DIRECTION('',(2.39123458767548E-16,0.,-1.));
#2886=DIRECTION('center_axis',(0.,1.,0.));
#2887=DIRECTION('ref_axis',(0.,0.,1.));
#2888=DIRECTION('',(1.,0.,0.));
#2889=DIRECTION('center_axis',(0.,1.,0.));
#2890=DIRECTION('ref_axis',(-1.,0.,0.));
#2891=DIRECTION('center_axis',(0.,-1.,0.));
#2892=DIRECTION('ref_axis',(-1.,0.,0.));
#2893=DIRECTION('',(0.,-1.,0.));
#2894=DIRECTION('center_axis',(0.,0.,-1.));
#2895=DIRECTION('ref_axis',(1.,0.,0.));
#2896=DIRECTION('',(0.,-1.,0.));
#2897=DIRECTION('center_axis',(0.,-1.,0.));
#2898=DIRECTION('ref_axis',(0.,0.,1.));
#2899=DIRECTION('center_axis',(0.,0.,-1.));
#2900=DIRECTION('ref_axis',(1.,-3.62740407058534E-31,0.));
#2901=DIRECTION('',(0.,-1.,0.));
#2902=DIRECTION('',(0.,-1.,0.));
#2903=DIRECTION('center_axis',(0.,-1.,0.));
#2904=DIRECTION('ref_axis',(-1.,0.,0.));
#2905=DIRECTION('center_axis',(0.,-1.,0.));
#2906=DIRECTION('ref_axis',(0.,0.,-1.));
#2907=DIRECTION('',(0.,-1.,0.));
#2908=DIRECTION('center_axis',(0.,0.,1.));
#2909=DIRECTION('ref_axis',(-1.,0.,0.));
#2910=DIRECTION('',(0.,-1.,0.));
#2911=DIRECTION('center_axis',(0.,-1.,0.));
#2912=DIRECTION('ref_axis',(1.,0.,0.));
#2913=DIRECTION('',(0.,-1.,0.));
#2914=DIRECTION('center_axis',(-1.,0.,-2.39123458767548E-16));
#2915=DIRECTION('ref_axis',(2.39123458767548E-16,0.,-1.));
#2916=DIRECTION('',(0.,-1.,0.));
#2917=DIRECTION('center_axis',(0.,-1.,0.));
#2918=DIRECTION('ref_axis',(0.,0.,1.));
#2919=CARTESIAN_POINT('',(0.,0.,0.));
#2920=CARTESIAN_POINT('Origin',(37.,0.,14.9));
#2921=CARTESIAN_POINT('',(35.75,-11.9,14.9));
#2922=CARTESIAN_POINT('Origin',(37.,-11.9,14.9));
#2923=CARTESIAN_POINT('',(35.75,-15.,14.9));
#2924=CARTESIAN_POINT('',(35.75,0.,14.9));
#2925=CARTESIAN_POINT('Origin',(37.,-15.,14.9));
#2926=CARTESIAN_POINT('Origin',(-37.,0.,14.9));
#2927=CARTESIAN_POINT('',(-38.25,-11.9,14.9));
#2928=CARTESIAN_POINT('Origin',(-37.,-11.9,14.9));
#2929=CARTESIAN_POINT('',(-38.25,-15.,14.9));
#2930=CARTESIAN_POINT('',(-38.25,0.,14.9));
#2931=CARTESIAN_POINT('Origin',(-37.,-15.,14.9));
#2932=CARTESIAN_POINT('Origin',(-37.,-15.,63.));
#2933=CARTESIAN_POINT('',(-38.75,-15.,63.));
#2934=CARTESIAN_POINT('Origin',(-37.,-15.,63.));
#2935=CARTESIAN_POINT('',(-38.25,-15.,63.));
#2936=CARTESIAN_POINT('Origin',(-37.,-15.,63.));
#2937=CARTESIAN_POINT('Origin',(-37.,0.,63.));
#2938=CARTESIAN_POINT('',(-38.75,-18.,63.));
#2939=CARTESIAN_POINT('',(-38.75,0.,63.));
#2940=CARTESIAN_POINT('Origin',(-37.,-18.,63.));
#2941=CARTESIAN_POINT('Origin',(37.,-15.,14.9));
#2942=CARTESIAN_POINT('',(35.35,-15.,14.9));
#2943=CARTESIAN_POINT('Origin',(37.,-15.,14.9));
#2944=CARTESIAN_POINT('Origin',(37.,0.,14.9));
#2945=CARTESIAN_POINT('',(35.35,-18.,14.9));
#2946=CARTESIAN_POINT('',(35.35,0.,14.9));
#2947=CARTESIAN_POINT('Origin',(37.,-18.,14.9));
#2948=CARTESIAN_POINT('Origin',(37.,-15.,63.));
#2949=CARTESIAN_POINT('',(35.25,-15.,63.));
#2950=CARTESIAN_POINT('Origin',(37.,-15.,63.));
#2951=CARTESIAN_POINT('',(35.75,-15.,63.));
#2952=CARTESIAN_POINT('Origin',(37.,-15.,63.));
#2953=CARTESIAN_POINT('Origin',(37.,0.,63.));
#2954=CARTESIAN_POINT('',(35.25,-18.,63.));
#2955=CARTESIAN_POINT('',(35.25,0.,63.));
#2956=CARTESIAN_POINT('Origin',(37.,-18.,63.));
#2957=CARTESIAN_POINT('Origin',(-37.,-15.,14.9));
#2958=CARTESIAN_POINT('',(-38.65,-15.,14.9));
#2959=CARTESIAN_POINT('Origin',(-37.,-15.,14.9));
#2960=CARTESIAN_POINT('Origin',(-37.,0.,14.9));
#2961=CARTESIAN_POINT('',(-38.65,-18.,14.9));
#2962=CARTESIAN_POINT('',(-38.65,0.,14.9));
#2963=CARTESIAN_POINT('Origin',(-37.,-18.,14.9));
#2964=CARTESIAN_POINT('Origin',(0.,-18.,0.));
#2965=CARTESIAN_POINT('',(41.,-18.,63.));
#2966=CARTESIAN_POINT('',(41.,-18.,-63.));
#2967=CARTESIAN_POINT('',(41.,-18.,-31.5));
#2968=CARTESIAN_POINT('',(37.,-18.,67.));
#2969=CARTESIAN_POINT('Origin',(37.,-18.,63.));
#2970=CARTESIAN_POINT('',(-37.,-18.,67.));
#2971=CARTESIAN_POINT('',(18.5,-18.,67.));
#2972=CARTESIAN_POINT('',(-41.,-18.,63.));
#2973=CARTESIAN_POINT('Origin',(-37.,-18.,63.));
#2974=CARTESIAN_POINT('',(-41.,-18.,-63.));
#2975=CARTESIAN_POINT('',(-41.,-18.,31.5));
#2976=CARTESIAN_POINT('',(-37.,-18.,-67.));
#2977=CARTESIAN_POINT('Origin',(-37.,-18.,-63.));
#2978=CARTESIAN_POINT('',(37.,-18.,-67.));
#2979=CARTESIAN_POINT('',(-18.5,-18.,-67.));
#2980=CARTESIAN_POINT('Origin',(37.,-18.,-63.));
#2981=CARTESIAN_POINT('',(35.,-18.,40.45));
#2982=CARTESIAN_POINT('',(-35.,-18.,40.45));
#2983=CARTESIAN_POINT('',(35.,-18.,40.45));
#2984=CARTESIAN_POINT('',(-35.,-18.,64.95));
#2985=CARTESIAN_POINT('',(-35.,-18.,46.2550225831309));
#2986=CARTESIAN_POINT('',(35.,-18.,64.95));
#2987=CARTESIAN_POINT('',(-35.,-18.,64.95));
#2988=CARTESIAN_POINT('',(35.,-18.,46.2550225831309));
#2989=CARTESIAN_POINT('',(-37.,-18.,-65.5));
#2990=CARTESIAN_POINT('',(-39.5,-18.,-63.));
#2991=CARTESIAN_POINT('Origin',(-37.,-18.,-63.));
#2992=CARTESIAN_POINT('',(-39.5,-18.,10.3485690784767));
#2993=CARTESIAN_POINT('',(-39.5,-18.,-65.4540237352142));
#2994=CARTESIAN_POINT('',(-37.5,-18.,12.3485690784767));
#2995=CARTESIAN_POINT('Origin',(-37.5,-18.,10.3485690784767));
#2996=CARTESIAN_POINT('',(37.5,-18.,12.3485690784767));
#2997=CARTESIAN_POINT('',(-37.5,-18.,12.3485690784767));
#2998=CARTESIAN_POINT('',(39.5,-18.,10.3485690784767));
#2999=CARTESIAN_POINT('Origin',(37.5,-18.,10.3485690784767));
#3000=CARTESIAN_POINT('',(39.5,-18.,-63.));
#3001=CARTESIAN_POINT('',(39.5,-18.,35.8400301108412));
#3002=CARTESIAN_POINT('',(37.,-18.,-65.5));
#3003=CARTESIAN_POINT('Origin',(37.,-18.,-63.));
#3004=CARTESIAN_POINT('',(37.,-18.,-65.5));
#3005=CARTESIAN_POINT('',(-1.44229930623624,-18.,35.8400301108412));
#3006=CARTESIAN_POINT('',(0.557700693763765,-18.,33.8400301108412));
#3007=CARTESIAN_POINT('Origin',(-1.44229930623624,-18.,33.8400301108412));
#3008=CARTESIAN_POINT('',(0.55770069376377,-18.,19.0408301108412));
#3009=CARTESIAN_POINT('',(0.557700693763765,-18.,33.8400301108412));
#3010=CARTESIAN_POINT('',(-1.44229930623623,-18.,17.0408301108412));
#3011=CARTESIAN_POINT('Origin',(-1.44229930623623,-18.,19.0408301108412));
#3012=CARTESIAN_POINT('',(-37.5,-18.,17.0408301108412));
#3013=CARTESIAN_POINT('',(-1.44229930623623,-18.,17.0408301108412));
#3014=CARTESIAN_POINT('',(-39.5,-18.,19.0408301108412));
#3015=CARTESIAN_POINT('Origin',(-37.5,-18.,19.0408301108412));
#3016=CARTESIAN_POINT('',(-39.5,-18.,33.8400301108412));
#3017=CARTESIAN_POINT('',(-39.5,-18.,19.0408301108412));
#3018=CARTESIAN_POINT('',(-37.5,-18.,35.8400301108412));
#3019=CARTESIAN_POINT('Origin',(-37.5,-18.,33.8400301108412));
#3020=CARTESIAN_POINT('',(-39.5,-18.,35.8400301108412));
#3021=CARTESIAN_POINT('',(10.,-18.,26.4341301108412));
#3022=CARTESIAN_POINT('Origin',(19.,-18.,26.4341301108412));
#3023=CARTESIAN_POINT('Origin',(-41.5,-9.1,-23.2));
#3024=CARTESIAN_POINT('',(-41.5,-11.2,-42.8));
#3025=CARTESIAN_POINT('',(-41.5,-9.19999999999996,-44.8));
#3026=CARTESIAN_POINT('Origin',(-41.5,-9.19999999999996,-42.8));
#3027=CARTESIAN_POINT('',(-41.5,-11.2,-45.8));
#3028=CARTESIAN_POINT('',(-41.5,-11.2,63.1));
#3029=CARTESIAN_POINT('',(-41.5,-9.1,-45.8));
#3030=CARTESIAN_POINT('',(-41.5,-9.1,-45.8));
#3031=CARTESIAN_POINT('',(-41.5,-9.1,-44.8));
#3032=CARTESIAN_POINT('',(-41.5,-9.1,22.4));
#3033=CARTESIAN_POINT('',(-41.5,-9.04999999999999,-44.8));
#3034=CARTESIAN_POINT('Origin',(-41.5,-9.1,-23.2));
#3035=CARTESIAN_POINT('',(-41.5,-9.1,-24.2));
#3036=CARTESIAN_POINT('',(-41.5,-9.2,-24.2));
#3037=CARTESIAN_POINT('',(-41.5,-9.15,-24.2));
#3038=CARTESIAN_POINT('',(-41.5,-9.1,-23.2));
#3039=CARTESIAN_POINT('',(-41.5,-9.1,22.4));
#3040=CARTESIAN_POINT('',(-41.5,-11.2,-23.2));
#3041=CARTESIAN_POINT('',(-41.5,-9.1,-23.2));
#3042=CARTESIAN_POINT('',(-41.5,-11.2,-26.2));
#3043=CARTESIAN_POINT('',(-41.5,-11.2,63.1));
#3044=CARTESIAN_POINT('Origin',(-41.5,-9.2,-26.2));
#3045=CARTESIAN_POINT('Origin',(-39.5,-9.1,-23.2));
#3046=CARTESIAN_POINT('',(-39.5,-9.1,-23.2));
#3047=CARTESIAN_POINT('',(-18.3,-9.1,-23.2));
#3048=CARTESIAN_POINT('',(-39.5,-11.2,-23.2));
#3049=CARTESIAN_POINT('',(-39.5,-4.55,-23.2));
#3050=CARTESIAN_POINT('',(-39.5,-11.2,-23.2));
#3051=CARTESIAN_POINT('Origin',(-41.5,-9.1,-45.8));
#3052=CARTESIAN_POINT('',(-39.5,-9.1,-45.8));
#3053=CARTESIAN_POINT('',(-19.3,-9.1,-45.8));
#3054=CARTESIAN_POINT('',(-39.5,-11.2,-45.8));
#3055=CARTESIAN_POINT('',(-39.5,-11.2,-45.8));
#3056=CARTESIAN_POINT('',(-39.5,-4.55,-45.8));
#3057=CARTESIAN_POINT('Origin',(-41.5,-9.1,45.8));
#3058=CARTESIAN_POINT('',(-41.5,-9.2,24.2));
#3059=CARTESIAN_POINT('',(-41.5,-9.1,24.2));
#3060=CARTESIAN_POINT('',(-41.5,-9.05,24.2));
#3061=CARTESIAN_POINT('',(-41.5,-11.2,26.2));
#3062=CARTESIAN_POINT('Origin',(-41.5,-9.2,26.2));
#3063=CARTESIAN_POINT('',(-41.5,-11.2,23.2));
#3064=CARTESIAN_POINT('',(-41.5,-11.2,63.1));
#3065=CARTESIAN_POINT('',(-41.5,-9.1,23.2));
#3066=CARTESIAN_POINT('',(-41.5,-9.1,23.2));
#3067=CARTESIAN_POINT('',(-41.5,-9.1,56.9));
#3068=CARTESIAN_POINT('Origin',(-41.5,-9.1,45.8));
#3069=CARTESIAN_POINT('',(-41.5,-9.1,44.8));
#3070=CARTESIAN_POINT('',(-41.5,-9.19999999999999,44.8));
#3071=CARTESIAN_POINT('',(-41.5,-9.15,44.8));
#3072=CARTESIAN_POINT('',(-41.5,-9.1,45.8));
#3073=CARTESIAN_POINT('',(-41.5,-9.1,56.9));
#3074=CARTESIAN_POINT('',(-41.5,-11.2,45.8));
#3075=CARTESIAN_POINT('',(-41.5,-9.1,45.8));
#3076=CARTESIAN_POINT('',(-41.5,-11.2,42.8));
#3077=CARTESIAN_POINT('',(-41.5,-11.2,63.1));
#3078=CARTESIAN_POINT('Origin',(-41.5,-9.19999999999999,42.8));
#3079=CARTESIAN_POINT('Origin',(-41.5,-9.1,23.2));
#3080=CARTESIAN_POINT('',(-39.5,-9.1,23.2));
#3081=CARTESIAN_POINT('',(-19.3,-9.1,23.2));
#3082=CARTESIAN_POINT('',(-39.5,-11.2,23.2));
#3083=CARTESIAN_POINT('',(-39.5,-11.2,23.2));
#3084=CARTESIAN_POINT('',(-39.5,-4.55,23.2));
#3085=CARTESIAN_POINT('Origin',(-39.5,-9.1,45.8));
#3086=CARTESIAN_POINT('',(-39.5,-9.1,45.8));
#3087=CARTESIAN_POINT('',(-18.3,-9.1,45.8));
#3088=CARTESIAN_POINT('',(-39.5,-11.2,45.8));
#3089=CARTESIAN_POINT('',(-39.5,-4.55,45.8));
#3090=CARTESIAN_POINT('',(-39.5,-11.2,45.8));
#3091=CARTESIAN_POINT('Origin',(41.5,-9.1,-45.8));
#3092=CARTESIAN_POINT('',(41.5,-9.19999999999996,-44.8));
#3093=CARTESIAN_POINT('',(41.5,-11.2,-42.8));
#3094=CARTESIAN_POINT('Origin',(41.5,-9.19999999999996,-42.8));
#3095=CARTESIAN_POINT('',(41.5,-9.1,-44.8));
#3096=CARTESIAN_POINT('',(41.5,-9.04999999999999,-44.8));
#3097=CARTESIAN_POINT('',(41.5,-9.1,-45.8));
#3098=CARTESIAN_POINT('',(41.5,-9.1,11.1));
#3099=CARTESIAN_POINT('',(41.5,-11.2,-45.8));
#3100=CARTESIAN_POINT('',(41.5,-9.1,-45.8));
#3101=CARTESIAN_POINT('',(41.5,-11.2,-63.1));
#3102=CARTESIAN_POINT('Origin',(41.5,-9.1,-23.2));
#3103=CARTESIAN_POINT('',(41.5,-9.1,-23.2));
#3104=CARTESIAN_POINT('',(39.5,-9.1,-23.2));
#3105=CARTESIAN_POINT('',(22.2,-9.1,-23.2));
#3106=CARTESIAN_POINT('',(41.5,-11.2,-23.2));
#3107=CARTESIAN_POINT('',(41.5,-9.1,-23.2));
#3108=CARTESIAN_POINT('',(39.5,-11.2,-23.2));
#3109=CARTESIAN_POINT('',(39.5,-11.2,-23.2));
#3110=CARTESIAN_POINT('',(39.5,-4.55,-23.2));
#3111=CARTESIAN_POINT('Origin',(41.5,-9.1,-45.8));
#3112=CARTESIAN_POINT('',(41.5,-9.2,-24.2));
#3113=CARTESIAN_POINT('',(41.5,-9.1,-24.2));
#3114=CARTESIAN_POINT('',(41.5,-9.15,-24.2));
#3115=CARTESIAN_POINT('',(41.5,-11.2,-26.2));
#3116=CARTESIAN_POINT('Origin',(41.5,-9.2,-26.2));
#3117=CARTESIAN_POINT('',(41.5,-11.2,-63.1));
#3118=CARTESIAN_POINT('',(41.5,-9.1,11.1));
#3119=CARTESIAN_POINT('Origin',(39.5,-9.1,-45.8));
#3120=CARTESIAN_POINT('',(39.5,-9.1,-45.8));
#3121=CARTESIAN_POINT('',(21.2,-9.1,-45.8));
#3122=CARTESIAN_POINT('',(39.5,-11.2,-45.8));
#3123=CARTESIAN_POINT('',(39.5,-4.55,-45.8));
#3124=CARTESIAN_POINT('',(39.5,-11.2,-45.8));
#3125=CARTESIAN_POINT('Origin',(41.5,-9.1,23.2));
#3126=CARTESIAN_POINT('',(41.5,-9.19999999999999,44.8));
#3127=CARTESIAN_POINT('',(41.5,-9.1,44.8));
#3128=CARTESIAN_POINT('',(41.5,-9.15,44.8));
#3129=CARTESIAN_POINT('',(41.5,-11.2,42.8));
#3130=CARTESIAN_POINT('Origin',(41.5,-9.19999999999999,42.8));
#3131=CARTESIAN_POINT('',(41.5,-11.2,45.8));
#3132=CARTESIAN_POINT('',(41.5,-11.2,-63.1));
#3133=CARTESIAN_POINT('',(41.5,-9.1,45.8));
#3134=CARTESIAN_POINT('',(41.5,-9.1,45.8));
#3135=CARTESIAN_POINT('',(41.5,-9.1,45.6));
#3136=CARTESIAN_POINT('Origin',(41.5,-9.1,23.2));
#3137=CARTESIAN_POINT('',(41.5,-9.1,24.2));
#3138=CARTESIAN_POINT('',(41.5,-9.2,24.2));
#3139=CARTESIAN_POINT('',(41.5,-9.05,24.2));
#3140=CARTESIAN_POINT('',(41.5,-9.1,23.2));
#3141=CARTESIAN_POINT('',(41.5,-9.1,45.6));
#3142=CARTESIAN_POINT('',(41.5,-11.2,23.2));
#3143=CARTESIAN_POINT('',(41.5,-9.1,23.2));
#3144=CARTESIAN_POINT('',(41.5,-11.2,26.2));
#3145=CARTESIAN_POINT('',(41.5,-11.2,-63.1));
#3146=CARTESIAN_POINT('Origin',(41.5,-9.2,26.2));
#3147=CARTESIAN_POINT('Origin',(41.5,-9.1,45.8));
#3148=CARTESIAN_POINT('',(39.5,-9.1,45.8));
#3149=CARTESIAN_POINT('',(22.2,-9.1,45.8));
#3150=CARTESIAN_POINT('',(39.5,-11.2,45.8));
#3151=CARTESIAN_POINT('',(39.5,-11.2,45.8));
#3152=CARTESIAN_POINT('',(39.5,-4.55,45.8));
#3153=CARTESIAN_POINT('Origin',(39.5,-9.1,23.2));
#3154=CARTESIAN_POINT('',(39.5,-9.1,23.2));
#3155=CARTESIAN_POINT('',(21.2,-9.1,23.2));
#3156=CARTESIAN_POINT('',(39.5,-11.2,23.2));
#3157=CARTESIAN_POINT('',(39.5,-4.55,23.2));
#3158=CARTESIAN_POINT('',(39.5,-11.2,23.2));
#3159=CARTESIAN_POINT('Origin',(43.,-9.2,-24.2));
#3160=CARTESIAN_POINT('',(-43.,-9.2,-24.2));
#3161=CARTESIAN_POINT('',(43.,-9.2,-24.2));
#3162=CARTESIAN_POINT('',(-43.,-9.1,-24.2));
#3163=CARTESIAN_POINT('',(-43.,-4.6,-24.2));
#3164=CARTESIAN_POINT('',(22.95,-9.1,-24.2));
#3165=CARTESIAN_POINT('Origin',(43.,-9.2,-26.2));
#3166=CARTESIAN_POINT('',(-43.,-11.2,-26.2));
#3167=CARTESIAN_POINT('',(43.,-11.2,-26.2));
#3168=CARTESIAN_POINT('Origin',(-43.,-9.2,-26.2));
#3169=CARTESIAN_POINT('Origin',(43.,-11.2,-42.8));
#3170=CARTESIAN_POINT('',(-43.,-11.2,-42.8));
#3171=CARTESIAN_POINT('',(43.,-11.2,-42.8));
#3172=CARTESIAN_POINT('',(-43.,-11.2,10.1));
#3173=CARTESIAN_POINT('',(-39.5,-11.2,-7.72958494457938));
#3174=CARTESIAN_POINT('Origin',(43.,-9.19999999999996,-42.8));
#3175=CARTESIAN_POINT('',(-43.,-9.19999999999996,-44.8));
#3176=CARTESIAN_POINT('',(43.,-9.19999999999996,-44.8));
#3177=CARTESIAN_POINT('Origin',(-43.,-9.19999999999996,-42.8));
#3178=CARTESIAN_POINT('Origin',(43.,-8.99999999999999,-44.8));
#3179=CARTESIAN_POINT('',(-43.,-9.1,-44.8));
#3180=CARTESIAN_POINT('',(22.95,-9.1,-44.8));
#3181=CARTESIAN_POINT('',(-43.,-4.49999999999999,-44.8));
#3182=CARTESIAN_POINT('Origin',(43.,-9.19999999999999,44.8));
#3183=CARTESIAN_POINT('',(-43.,-9.19999999999999,44.8));
#3184=CARTESIAN_POINT('',(43.,-9.19999999999999,44.8));
#3185=CARTESIAN_POINT('',(-43.,-9.1,44.8));
#3186=CARTESIAN_POINT('',(-43.,-4.6,44.8));
#3187=CARTESIAN_POINT('',(22.95,-9.1,44.8));
#3188=CARTESIAN_POINT('Origin',(43.,-9.19999999999999,42.8));
#3189=CARTESIAN_POINT('',(-43.,-11.2,42.8));
#3190=CARTESIAN_POINT('',(43.,-11.2,42.8));
#3191=CARTESIAN_POINT('Origin',(-43.,-9.19999999999999,42.8));
#3192=CARTESIAN_POINT('Origin',(2.9,-9.1,68.));
#3193=CARTESIAN_POINT('',(-39.5,-9.1,-60.6));
#3194=CARTESIAN_POINT('',(-39.5,-9.1,43.5204150554206));
#3195=CARTESIAN_POINT('',(-35.5728664557302,-9.1,-60.6));
#3196=CARTESIAN_POINT('',(-36.2864332278651,-9.1,-60.6));
#3197=CARTESIAN_POINT('',(-35.5728664557302,-9.1,-61.6));
#3198=CARTESIAN_POINT('',(-35.5728664557302,-9.1,-62.325));
#3199=CARTESIAN_POINT('',(-34.5,-9.09999999999994,-61.6));
#3200=CARTESIAN_POINT('',(-35.75,-9.1,-61.6));
#3201=CARTESIAN_POINT('',(-34.5,-9.09999999999994,-65.5));
#3202=CARTESIAN_POINT('',(-34.5,-9.1,-64.275));
#3203=CARTESIAN_POINT('',(34.5,-9.1,-65.5));
#3204=CARTESIAN_POINT('',(19.95,-9.1,-65.5));
#3205=CARTESIAN_POINT('',(34.5,-9.1,-60.6));
#3206=CARTESIAN_POINT('',(34.5,-9.1,-61.825));
#3207=CARTESIAN_POINT('',(39.5,-9.1,-60.6));
#3208=CARTESIAN_POINT('',(38.25,-9.1,-60.6));
#3209=CARTESIAN_POINT('',(39.5,-9.1,39.1742845392383));
#3210=CARTESIAN_POINT('',(43.,-9.1,-44.8));
#3211=CARTESIAN_POINT('',(22.95,-9.1,-44.8));
#3212=CARTESIAN_POINT('',(43.,-9.1,-63.));
#3213=CARTESIAN_POINT('',(43.,-9.1,2.50000000000001));
#3214=CARTESIAN_POINT('',(37.,-9.1,-69.));
#3215=CARTESIAN_POINT('Origin',(37.,-9.1,-63.));
#3216=CARTESIAN_POINT('',(-37.,-9.1,-69.));
#3217=CARTESIAN_POINT('',(-17.05,-9.1,-69.));
#3218=CARTESIAN_POINT('',(-43.,-9.1,-63.));
#3219=CARTESIAN_POINT('Origin',(-37.,-9.1,-63.));
#3220=CARTESIAN_POINT('',(-43.,-9.1,65.5));
#3221=CARTESIAN_POINT('',(-38.25,-9.1,-63.));
#3222=CARTESIAN_POINT('Origin',(-37.,-9.1,-63.));
#3223=CARTESIAN_POINT('',(35.75,-9.1,-63.));
#3224=CARTESIAN_POINT('Origin',(37.,-9.1,-63.));
#3225=CARTESIAN_POINT('Origin',(43.,-9.00000000000001,24.2));
#3226=CARTESIAN_POINT('',(43.,-9.2,24.2));
#3227=CARTESIAN_POINT('',(43.,-9.2,24.2));
#3228=CARTESIAN_POINT('',(43.,-9.1,24.2));
#3229=CARTESIAN_POINT('',(43.,-4.5,24.2));
#3230=CARTESIAN_POINT('',(22.95,-9.1,24.2));
#3231=CARTESIAN_POINT('Origin',(43.,-9.2,26.2));
#3232=CARTESIAN_POINT('',(43.,-11.2,26.2));
#3233=CARTESIAN_POINT('',(43.,-11.2,26.2));
#3234=CARTESIAN_POINT('Origin',(43.,-9.2,26.2));
#3235=CARTESIAN_POINT('Origin',(43.,-9.19999999999999,44.8));
#3236=CARTESIAN_POINT('',(43.,-9.1,44.8));
#3237=CARTESIAN_POINT('',(22.95,-9.1,44.8));
#3238=CARTESIAN_POINT('',(43.,-9.19999999999999,44.8));
#3239=CARTESIAN_POINT('',(43.,-4.6,44.8));
#3240=CARTESIAN_POINT('',(43.,-9.19999999999999,44.8));
#3241=CARTESIAN_POINT('Origin',(43.,-11.2,26.2));
#3242=CARTESIAN_POINT('',(43.,-11.2,42.8));
#3243=CARTESIAN_POINT('',(43.,-11.2,42.8));
#3244=CARTESIAN_POINT('',(43.,-11.2,-18.4));
#3245=CARTESIAN_POINT('',(39.5,-11.2,22.4242845392383));
#3246=CARTESIAN_POINT('Origin',(39.5,4.19037379785591E-15,10.3485690784767));
#3247=CARTESIAN_POINT('',(39.5,-11.2,-12.0757154607617));
#3248=CARTESIAN_POINT('',(39.5,-12.,-60.6));
#3249=CARTESIAN_POINT('',(39.5,2.09518689892795E-15,-60.6));
#3250=CARTESIAN_POINT('',(39.5,-12.,-63.));
#3251=CARTESIAN_POINT('',(39.5,-12.,-26.3507154607617));
#3252=CARTESIAN_POINT('',(39.5,-4.67853729873958E-15,-63.));
#3253=CARTESIAN_POINT('',(39.5,-11.9,10.3485690784767));
#3254=CARTESIAN_POINT('',(39.5,4.19037379785591E-15,10.3485690784767));
#3255=CARTESIAN_POINT('',(39.5,-11.9,63.5));
#3256=CARTESIAN_POINT('',(39.5,-11.9,31.5092920669486));
#3257=CARTESIAN_POINT('',(39.5,-9.1,63.5));
#3258=CARTESIAN_POINT('',(39.5,0.,63.5));
#3259=CARTESIAN_POINT('',(39.5,-9.1,39.1742845392383));
#3260=CARTESIAN_POINT('',(39.5,-9.1,39.1742845392383));
#3261=CARTESIAN_POINT('Origin',(35.,0.,40.45));
#3262=CARTESIAN_POINT('',(32.,-16.,40.45));
#3263=CARTESIAN_POINT('',(35.,-16.,40.45));
#3264=CARTESIAN_POINT('',(34.25,-16.,40.45));
#3265=CARTESIAN_POINT('',(32.,-11.9,40.45));
#3266=CARTESIAN_POINT('',(32.,0.,40.45));
#3267=CARTESIAN_POINT('',(-32.,-11.9,40.45));
#3268=CARTESIAN_POINT('',(17.5,-11.9,40.45));
#3269=CARTESIAN_POINT('',(-32.,-16.,40.45));
#3270=CARTESIAN_POINT('',(-32.,0.,40.45));
#3271=CARTESIAN_POINT('',(-35.,-16.,40.45));
#3272=CARTESIAN_POINT('',(-0.187499999999998,-16.,40.45));
#3273=CARTESIAN_POINT('',(-35.,0.,40.45));
#3274=CARTESIAN_POINT('',(35.,0.,40.45));
#3275=CARTESIAN_POINT('Origin',(33.5,-16.,52.6700150554206));
#3276=CARTESIAN_POINT('',(35.,-16.,64.95));
#3277=CARTESIAN_POINT('',(35.,-16.,46.2550225831309));
#3278=CARTESIAN_POINT('',(32.,-16.,64.95));
#3279=CARTESIAN_POINT('',(-0.75,-16.,64.95));
#3280=CARTESIAN_POINT('',(32.,-16.,59.0850075277103));
#3281=CARTESIAN_POINT('Origin',(35.,0.,39.8400301108412));
#3282=CARTESIAN_POINT('',(35.,0.,64.95));
#3283=CARTESIAN_POINT('Origin',(-32.,0.,39.8400301108412));
#3284=CARTESIAN_POINT('',(-32.,-11.9,64.95));
#3285=CARTESIAN_POINT('',(-32.,-11.9,46.2550225831309));
#3286=CARTESIAN_POINT('',(-32.,-16.,64.95));
#3287=CARTESIAN_POINT('',(-32.,0.,64.95));
#3288=CARTESIAN_POINT('',(-32.,-16.,65.5));
#3289=CARTESIAN_POINT('Origin',(-35.,0.,39.8400301108412));
#3290=CARTESIAN_POINT('',(-35.,-16.,64.95));
#3291=CARTESIAN_POINT('',(-35.,-16.,46.2550225831309));
#3292=CARTESIAN_POINT('',(-35.,0.,64.95));
#3293=CARTESIAN_POINT('Origin',(-35.,0.,64.95));
#3294=CARTESIAN_POINT('',(32.,-11.9,64.95));
#3295=CARTESIAN_POINT('',(-17.5,-11.9,64.95));
#3296=CARTESIAN_POINT('',(32.,0.,64.95));
#3297=CARTESIAN_POINT('',(-35.1875,-16.,64.95));
#3298=CARTESIAN_POINT('Origin',(-35.375,-16.,52.6700150554206));
#3299=CARTESIAN_POINT('Origin',(32.,0.,65.5));
#3300=CARTESIAN_POINT('',(32.,-11.9,59.0850075277103));
#3301=CARTESIAN_POINT('Origin',(-37.5,0.,65.5));
#3302=CARTESIAN_POINT('',(37.5,-11.9,65.5));
#3303=CARTESIAN_POINT('',(-37.5,-11.9,65.5));
#3304=CARTESIAN_POINT('',(-36.875,-11.9,65.5));
#3305=CARTESIAN_POINT('',(-37.5,-9.1,65.5));
#3306=CARTESIAN_POINT('',(-37.5,0.,65.5));
#3307=CARTESIAN_POINT('',(37.5,-9.1,65.5));
#3308=CARTESIAN_POINT('',(-17.3,-9.1,65.5));
#3309=CARTESIAN_POINT('',(37.5,0.,65.5));
#3310=CARTESIAN_POINT('Origin',(19.,-17.5,26.4341301108412));
#3311=CARTESIAN_POINT('',(11.,-17.,26.4341301108412));
#3312=CARTESIAN_POINT('',(10.5,-17.5,26.4341301108412));
#3313=CARTESIAN_POINT('Origin',(19.,-17.,26.4341301108412));
#3314=CARTESIAN_POINT('Origin',(19.,0.,26.4341301108412));
#3315=CARTESIAN_POINT('',(11.,-11.9,26.4341301108412));
#3316=CARTESIAN_POINT('',(11.,0.,26.4341301108412));
#3317=CARTESIAN_POINT('Origin',(19.,-11.9,26.4341301108412));
#3318=CARTESIAN_POINT('Origin',(-37.,0.,63.));
#3319=CARTESIAN_POINT('',(-38.25,-11.9,63.));
#3320=CARTESIAN_POINT('Origin',(-37.,-11.9,63.));
#3321=CARTESIAN_POINT('',(-38.25,0.,63.));
#3322=CARTESIAN_POINT('Origin',(37.,0.,63.));
#3323=CARTESIAN_POINT('',(35.75,-11.9,63.));
#3324=CARTESIAN_POINT('Origin',(37.,-11.9,63.));
#3325=CARTESIAN_POINT('',(35.75,0.,63.));
#3326=CARTESIAN_POINT('Origin',(42.,-17.,-31.5));
#3327=CARTESIAN_POINT('',(43.,-16.,63.));
#3328=CARTESIAN_POINT('',(43.,-16.,63.));
#3329=CARTESIAN_POINT('',(43.,-16.,-63.));
#3330=CARTESIAN_POINT('',(41.,-18.,-63.));
#3331=CARTESIAN_POINT('',(43.,-16.,-31.5));
#3332=CARTESIAN_POINT('Origin',(37.,-17.,63.));
#3333=CARTESIAN_POINT('',(37.,-16.,69.));
#3334=CARTESIAN_POINT('',(37.,-16.,69.));
#3335=CARTESIAN_POINT('Origin',(37.,-16.,63.));
#3336=CARTESIAN_POINT('Origin',(18.5,-17.,68.));
#3337=CARTESIAN_POINT('',(-37.,-16.,69.));
#3338=CARTESIAN_POINT('',(-37.,-16.,69.));
#3339=CARTESIAN_POINT('',(18.5,-16.,69.));
#3340=CARTESIAN_POINT('Origin',(-37.,-17.,63.));
#3341=CARTESIAN_POINT('',(-43.,-16.,63.));
#3342=CARTESIAN_POINT('',(-43.,-16.,63.));
#3343=CARTESIAN_POINT('Origin',(-37.,-16.,63.));
#3344=CARTESIAN_POINT('Origin',(-42.,-17.,31.5));
#3345=CARTESIAN_POINT('',(-43.,-16.,-63.));
#3346=CARTESIAN_POINT('',(-43.,-16.,-63.));
#3347=CARTESIAN_POINT('',(-43.,-16.,31.5));
#3348=CARTESIAN_POINT('Origin',(-37.,-17.,-63.));
#3349=CARTESIAN_POINT('',(-37.,-16.,-69.));
#3350=CARTESIAN_POINT('',(-37.,-16.,-69.));
#3351=CARTESIAN_POINT('Origin',(-37.,-16.,-63.));
#3352=CARTESIAN_POINT('Origin',(-18.5,-17.,-68.));
#3353=CARTESIAN_POINT('',(37.,-16.,-69.));
#3354=CARTESIAN_POINT('',(37.,-16.,-69.));
#3355=CARTESIAN_POINT('',(-18.5,-16.,-69.));
#3356=CARTESIAN_POINT('Origin',(37.,-17.,-63.));
#3357=CARTESIAN_POINT('Origin',(37.,-16.,-63.));
#3358=CARTESIAN_POINT('Origin',(-37.,0.,63.));
#3359=CARTESIAN_POINT('',(-37.,-9.1,69.));
#3360=CARTESIAN_POINT('',(-37.,0.,69.));
#3361=CARTESIAN_POINT('',(-43.,-9.1,63.));
#3362=CARTESIAN_POINT('Origin',(-37.,-9.1,63.));
#3363=CARTESIAN_POINT('',(-43.,0.,63.));
#3364=CARTESIAN_POINT('Origin',(37.,0.,69.));
#3365=CARTESIAN_POINT('',(37.,-9.1,69.));
#3366=CARTESIAN_POINT('',(37.,0.,69.));
#3367=CARTESIAN_POINT('',(19.95,-9.1,69.));
#3368=CARTESIAN_POINT('Origin',(37.,0.,63.));
#3369=CARTESIAN_POINT('',(43.,-9.1,63.));
#3370=CARTESIAN_POINT('',(43.,0.,63.));
#3371=CARTESIAN_POINT('Origin',(37.,-9.1,63.));
#3372=CARTESIAN_POINT('Origin',(43.,0.,-63.));
#3373=CARTESIAN_POINT('',(43.,0.,-63.));
#3374=CARTESIAN_POINT('',(43.,-9.19999999999996,-44.8));
#3375=CARTESIAN_POINT('',(43.,-4.49999999999999,-44.8));
#3376=CARTESIAN_POINT('',(43.,-11.2,-42.8));
#3377=CARTESIAN_POINT('Origin',(43.,-9.19999999999996,-42.8));
#3378=CARTESIAN_POINT('',(43.,-11.2,-26.2));
#3379=CARTESIAN_POINT('',(43.,-11.2,-52.9));
#3380=CARTESIAN_POINT('',(43.,-9.2,-24.2));
#3381=CARTESIAN_POINT('Origin',(43.,-9.2,-26.2));
#3382=CARTESIAN_POINT('',(43.,-9.1,-24.2));
#3383=CARTESIAN_POINT('',(43.,-4.6,-24.2));
#3384=CARTESIAN_POINT('',(43.,-9.1,2.50000000000001));
#3385=CARTESIAN_POINT('Origin',(43.,-9.19999999999999,42.8));
#3386=CARTESIAN_POINT('',(43.,-9.1,2.50000000000001));
#3387=CARTESIAN_POINT('Origin',(-37.5,0.,63.5));
#3388=CARTESIAN_POINT('',(-39.5,-11.9,63.5));
#3389=CARTESIAN_POINT('Origin',(-37.5,-11.9,63.5));
#3390=CARTESIAN_POINT('',(-39.5,-9.1,63.5));
#3391=CARTESIAN_POINT('',(-39.5,0.,63.5));
#3392=CARTESIAN_POINT('Origin',(-37.5,-9.1,63.5));
#3393=CARTESIAN_POINT('Origin',(-39.5,0.,19.0408301108412));
#3394=CARTESIAN_POINT('',(-39.5,-9.1,43.5204150554206));
#3395=CARTESIAN_POINT('',(-39.5,-11.2,26.7704150554206));
#3396=CARTESIAN_POINT('',(-39.5,-9.1,43.5204150554206));
#3397=CARTESIAN_POINT('',(-39.5,-11.9,33.8400301108412));
#3398=CARTESIAN_POINT('',(-39.5,-11.9,35.8554225831309));
#3399=CARTESIAN_POINT('',(-39.5,0.,33.8400301108412));
#3400=CARTESIAN_POINT('',(-39.5,-11.9,19.0408301108412));
#3401=CARTESIAN_POINT('',(-39.5,0.,19.0408301108412));
#3402=CARTESIAN_POINT('',(-39.5,-11.9,10.3485690784767));
#3403=CARTESIAN_POINT('',(-39.5,-11.9,-65.4540237352142));
#3404=CARTESIAN_POINT('',(-39.5,4.1903737978559E-15,10.3485690784767));
#3405=CARTESIAN_POINT('',(-39.5,-12.,-63.));
#3406=CARTESIAN_POINT('',(-39.5,-4.67853729873958E-15,-63.));
#3407=CARTESIAN_POINT('',(-39.5,-12.,-60.6));
#3408=CARTESIAN_POINT('',(-39.5,-12.,-22.0045849445794));
#3409=CARTESIAN_POINT('',(-39.5,-1.51855805084062E-15,-60.6));
#3410=CARTESIAN_POINT('Origin',(34.5,-5.41980562386529E-15,-60.6));
#3411=CARTESIAN_POINT('',(34.5,-12.,-65.5));
#3412=CARTESIAN_POINT('',(34.5,-2.70990281193265E-15,-65.5));
#3413=CARTESIAN_POINT('',(34.5,-12.,-60.6));
#3414=CARTESIAN_POINT('',(34.5,-12.,-61.6));
#3415=CARTESIAN_POINT('',(34.5,0.,-60.6));
#3416=CARTESIAN_POINT('Origin',(37.,0.,-63.));
#3417=CARTESIAN_POINT('',(35.75,-12.,-63.));
#3418=CARTESIAN_POINT('Origin',(37.,-12.,-63.));
#3419=CARTESIAN_POINT('',(35.75,0.,-63.));
#3420=CARTESIAN_POINT('Origin',(39.5,0.,-60.6));
#3421=CARTESIAN_POINT('',(39.5,-12.,-60.6));
#3422=CARTESIAN_POINT('Origin',(37.,-12.,-63.05));
#3423=CARTESIAN_POINT('',(37.,-12.,-65.5));
#3424=CARTESIAN_POINT('Origin',(37.,-12.,-63.));
#3425=CARTESIAN_POINT('',(37.,-12.,-65.5));
#3426=CARTESIAN_POINT('Origin',(37.,0.,-63.));
#3427=CARTESIAN_POINT('',(37.,0.,-65.5));
#3428=CARTESIAN_POINT('Origin',(-37.,-12.,-63.05));
#3429=CARTESIAN_POINT('',(-37.,-11.9999999999999,-65.5));
#3430=CARTESIAN_POINT('Origin',(-37.,-12.,-63.));
#3431=CARTESIAN_POINT('',(-34.5,-11.9999999999999,-65.5));
#3432=CARTESIAN_POINT('',(0.,-12.,-65.5));
#3433=CARTESIAN_POINT('',(-34.5,-11.9999999999999,-61.6));
#3434=CARTESIAN_POINT('',(-34.5,-11.9999999999999,-61.6));
#3435=CARTESIAN_POINT('',(-35.5728664557302,-12.,-61.6));
#3436=CARTESIAN_POINT('',(-39.5,-12.,-61.6));
#3437=CARTESIAN_POINT('',(-35.5728664557302,-12.,-60.6));
#3438=CARTESIAN_POINT('',(-35.5728664557302,-12.,-61.6));
#3439=CARTESIAN_POINT('',(-35.5728664557302,-12.,-60.6));
#3440=CARTESIAN_POINT('',(-38.25,-12.,-63.));
#3441=CARTESIAN_POINT('Origin',(-37.,-12.,-63.));
#3442=CARTESIAN_POINT('Origin',(-34.5,6.10692336214226E-14,-65.5));
#3443=CARTESIAN_POINT('',(-34.5,6.10692336214226E-14,-61.6));
#3444=CARTESIAN_POINT('',(-34.5,3.05346168107113E-14,-65.5));
#3445=CARTESIAN_POINT('Origin',(-34.5,6.10692336214226E-14,-61.6));
#3446=CARTESIAN_POINT('',(-35.5728664557302,-3.03711610168124E-15,-61.6));
#3447=CARTESIAN_POINT('Origin',(-37.,0.,-63.));
#3448=CARTESIAN_POINT('',(-38.25,0.,-63.));
#3449=CARTESIAN_POINT('Origin',(-35.5728664557302,-3.03711610168124E-15,
-60.6));
#3450=CARTESIAN_POINT('',(-35.5728664557302,-3.03711610168124E-15,-60.6));
#3451=CARTESIAN_POINT('Origin',(-35.5728664557302,-3.03711610168124E-15,
-61.6));
#3452=CARTESIAN_POINT('Origin',(2.9,-9.1,68.));
#3453=CARTESIAN_POINT('',(-43.,-9.1,65.5));
#3454=CARTESIAN_POINT('Origin',(37.5,-9.1,63.5));
#3455=CARTESIAN_POINT('Origin',(2.9,-9.1,68.));
#3456=CARTESIAN_POINT('',(-43.,-9.1,24.2));
#3457=CARTESIAN_POINT('',(-43.,-9.1,65.5));
#3458=CARTESIAN_POINT('',(22.95,-9.1,24.2));
#3459=CARTESIAN_POINT('Origin',(2.9,-9.1,68.));
#3460=CARTESIAN_POINT('',(22.95,-9.1,-24.2));
#3461=CARTESIAN_POINT('Origin',(43.,-9.2,-24.2));
#3462=CARTESIAN_POINT('',(43.,-9.2,-24.2));
#3463=CARTESIAN_POINT('Origin',(43.,-9.00000000000001,24.2));
#3464=CARTESIAN_POINT('',(-43.,-9.2,24.2));
#3465=CARTESIAN_POINT('',(-43.,-4.5,24.2));
#3466=CARTESIAN_POINT('',(43.,-9.2,24.2));
#3467=CARTESIAN_POINT('Origin',(37.,0.,-65.5));
#3468=CARTESIAN_POINT('',(-37.,0.,-65.5));
#3469=CARTESIAN_POINT('Origin',(-37.,0.,-63.));
#3470=CARTESIAN_POINT('Origin',(43.,-11.2,26.2));
#3471=CARTESIAN_POINT('',(-43.,-11.2,26.2));
#3472=CARTESIAN_POINT('',(43.,-11.2,26.2));
#3473=CARTESIAN_POINT('',(-43.,-11.2,44.6));
#3474=CARTESIAN_POINT('Origin',(43.,-9.19999999999999,42.8));
#3475=CARTESIAN_POINT('Origin',(43.,-9.2,26.2));
#3476=CARTESIAN_POINT('Origin',(-43.,-9.2,26.2));
#3477=CARTESIAN_POINT('Origin',(43.,-8.99999999999999,-44.8));
#3478=CARTESIAN_POINT('',(43.,-9.19999999999996,-44.8));
#3479=CARTESIAN_POINT('Origin',(43.,-9.19999999999996,-42.8));
#3480=CARTESIAN_POINT('',(43.,-11.2,-42.8));
#3481=CARTESIAN_POINT('Origin',(43.,-11.2,-42.8));
#3482=CARTESIAN_POINT('',(43.,-11.2,-26.2));
#3483=CARTESIAN_POINT('Origin',(43.,-9.2,-26.2));
#3484=CARTESIAN_POINT('Origin',(37.,0.,-63.));
#3485=CARTESIAN_POINT('',(37.,0.,-69.));
#3486=CARTESIAN_POINT('Origin',(-37.,0.,-69.));
#3487=CARTESIAN_POINT('',(-37.,0.,-69.));
#3488=CARTESIAN_POINT('Origin',(-37.,0.,-63.));
#3489=CARTESIAN_POINT('',(-43.,0.,-63.));
#3490=CARTESIAN_POINT('Origin',(-43.,0.,63.));
#3491=CARTESIAN_POINT('Origin',(37.5,0.,63.5));
#3492=CARTESIAN_POINT('Origin',(37.5,-11.9,63.5));
#3493=CARTESIAN_POINT('Origin',(0.,-11.9,37.9242845392383));
#3494=CARTESIAN_POINT('',(37.5,-11.9,12.3485690784767));
#3495=CARTESIAN_POINT('Origin',(37.5,-11.9,10.3485690784767));
#3496=CARTESIAN_POINT('',(-37.5,-11.9,12.3485690784767));
#3497=CARTESIAN_POINT('',(-18.75,-11.9,12.3485690784767));
#3498=CARTESIAN_POINT('Origin',(-37.5,-11.9,10.3485690784767));
#3499=CARTESIAN_POINT('',(-37.5,-11.9,17.0408301108412));
#3500=CARTESIAN_POINT('Origin',(-37.5,-11.9,19.0408301108412));
#3501=CARTESIAN_POINT('',(-1.44229930623623,-11.9,17.0408301108412));
#3502=CARTESIAN_POINT('',(-0.721149653118114,-11.9,17.0408301108412));
#3503=CARTESIAN_POINT('',(0.55770069376377,-11.9,19.0408301108412));
#3504=CARTESIAN_POINT('Origin',(-1.44229930623623,-11.9,19.0408301108412));
#3505=CARTESIAN_POINT('',(0.557700693763765,-11.9,33.8400301108412));
#3506=CARTESIAN_POINT('',(0.557700693763765,-11.9,35.8821573250398));
#3507=CARTESIAN_POINT('',(-1.44229930623624,-11.9,35.8400301108412));
#3508=CARTESIAN_POINT('Origin',(-1.44229930623624,-11.9,33.8400301108412));
#3509=CARTESIAN_POINT('',(-37.5,-11.9,35.8400301108412));
#3510=CARTESIAN_POINT('',(-18.75,-11.9,35.8400301108412));
#3511=CARTESIAN_POINT('Origin',(-37.5,-11.9,33.8400301108412));
#3512=CARTESIAN_POINT('Origin',(-37.5,0.,10.3485690784767));
#3513=CARTESIAN_POINT('',(-37.5,0.,12.3485690784767));
#3514=CARTESIAN_POINT('Origin',(-37.5,0.,12.3485690784767));
#3515=CARTESIAN_POINT('',(37.5,0.,12.3485690784767));
#3516=CARTESIAN_POINT('Origin',(37.5,0.,10.3485690784767));
#3517=CARTESIAN_POINT('Origin',(-37.5,7.27266298848049E-15,35.8400301108412));
#3518=CARTESIAN_POINT('',(-1.44229930623624,7.27266298848048E-15,35.8400301108412));
#3519=CARTESIAN_POINT('',(-37.5,7.27266298848049E-15,35.8400301108412));
#3520=CARTESIAN_POINT('Origin',(-37.5,0.,33.8400301108412));
#3521=CARTESIAN_POINT('Origin',(-37.5,0.,19.0408301108412));
#3522=CARTESIAN_POINT('',(-37.5,0.,17.0408301108412));
#3523=CARTESIAN_POINT('Origin',(-1.44229930623623,0.,17.0408301108412));
#3524=CARTESIAN_POINT('',(-1.44229930623623,0.,17.0408301108412));
#3525=CARTESIAN_POINT('Origin',(-1.44229930623623,0.,19.0408301108412));
#3526=CARTESIAN_POINT('',(0.557700693763769,0.,19.0408301108412));
#3527=CARTESIAN_POINT('Origin',(0.557700693763765,0.,33.8400301108412));
#3528=CARTESIAN_POINT('',(0.557700693763765,-1.77493703674728E-29,33.8400301108412));
#3529=CARTESIAN_POINT('Origin',(-1.44229930623624,-6.60605547928744E-16,
33.8400301108412));
#3530=UNCERTAINTY_MEASURE_WITH_UNIT(LENGTH_MEASURE(0.01),#3534,
'DISTANCE_ACCURACY_VALUE',
'Maximum model space distance between geometric entities at asserted c
onnectivities');
#3531=UNCERTAINTY_MEASURE_WITH_UNIT(LENGTH_MEASURE(0.01),#3534,
'DISTANCE_ACCURACY_VALUE',
'Maximum model space distance between geometric entities at asserted c
onnectivities');
#3532=(
GEOMETRIC_REPRESENTATION_CONTEXT(3)
GLOBAL_UNCERTAINTY_ASSIGNED_CONTEXT((#3530))
GLOBAL_UNIT_ASSIGNED_CONTEXT((#3534,#3536,#3537))
REPRESENTATION_CONTEXT('','3D')
);
#3533=(
GEOMETRIC_REPRESENTATION_CONTEXT(3)
GLOBAL_UNCERTAINTY_ASSIGNED_CONTEXT((#3531))
GLOBAL_UNIT_ASSIGNED_CONTEXT((#3534,#3536,#3537))
REPRESENTATION_CONTEXT('','3D')
);
#3534=(
LENGTH_UNIT()
NAMED_UNIT(*)
SI_UNIT(.MILLI.,.METRE.)
);
#3535=(
LENGTH_UNIT()
NAMED_UNIT(*)
SI_UNIT($,.METRE.)
);
#3536=(
NAMED_UNIT(*)
PLANE_ANGLE_UNIT()
SI_UNIT($,.RADIAN.)
);
#3537=(
NAMED_UNIT(*)
SI_UNIT($,.STERADIAN.)
SOLID_ANGLE_UNIT()
);
#3538=SHAPE_DEFINITION_REPRESENTATION(#3539,#3540);
#3539=PRODUCT_DEFINITION_SHAPE('',$,#3542);
#3540=SHAPE_REPRESENTATION('',(#2147),#3532);
#3541=PRODUCT_DEFINITION_CONTEXT('part definition',#3546,'design');
#3542=PRODUCT_DEFINITION('Top','Top v132',#3543,#3541);
#3543=PRODUCT_DEFINITION_FORMATION('',$,#3548);
#3544=PRODUCT_RELATED_PRODUCT_CATEGORY('Top v132','Top v132',(#3548));
#3545=APPLICATION_PROTOCOL_DEFINITION('international standard',
'automotive_design',2009,#3546);
#3546=APPLICATION_CONTEXT(
'Core Data for Automotive Mechanical Design Process');
#3547=PRODUCT_CONTEXT('part definition',#3546,'mechanical');
#3548=PRODUCT('Top','Top v132',$,(#3547));
#3549=PRESENTATION_STYLE_ASSIGNMENT((#3551));
#3550=PRESENTATION_STYLE_ASSIGNMENT((#3552));
#3551=SURFACE_STYLE_USAGE(.BOTH.,#3553);
#3552=SURFACE_STYLE_USAGE(.BOTH.,#3554);
#3553=SURFACE_SIDE_STYLE('',(#3555));
#3554=SURFACE_SIDE_STYLE('',(#3556));
#3555=SURFACE_STYLE_FILL_AREA(#3557);
#3556=SURFACE_STYLE_FILL_AREA(#3558);
#3557=FILL_AREA_STYLE('\X2\6D826599\X0\ - \X2\74F791C9670951496CFD\X0\(
\X2\767D8272\X0\)',(#3559));
#3558=FILL_AREA_STYLE('\X2\73BB7483\X0\(\X2\900F660E\X0\)',(#3560));
#3559=FILL_AREA_STYLE_COLOUR('\X2\6D826599\X0\ - \X2\74F791C9670951496CFD\X0\(
\X2\767D8272\X0\)',#3561);
#3560=FILL_AREA_STYLE_COLOUR('\X2\73BB7483\X0\(\X2\900F660E\X0\)',#3562);
#3561=COLOUR_RGB('\X2\6D826599\X0\ - \X2\74F791C9670951496CFD\X0\(\X2\767D8272\X0\)',
0.964705882352941,0.964705882352941,0.952941176470588);
#3562=COLOUR_RGB('\X2\73BB7483\X0\(\X2\900F660E\X0\)',0.964705882352941,
0.964705882352941,0.952941176470588);
ENDSEC;
END-ISO-10303-21;
